Provinsi,Kota,Kecamatan,Desa
Banten,Pandeglang,Pagelaran,Bama
Banten,Pandeglang,Pagelaran,Bulagor
Banten,Pandeglang,Pagelaran,Harapankarya
Banten,Pandeglang,Pagelaran,Kertasana
Banten,Pandeglang,Pagelaran,Margagiri
Banten,Pandeglang,Pagelaran,Margasana
Banten,Pandeglang,Pagelaran,Montor
Banten,Pandeglang,Pagelaran,Pagelaran
Banten,Pandeglang,Pagelaran,Senangsari
Banten,Pandeglang,Pagelaran,Sindanglaya
Banten,Pandeglang,Pagelaran,Sukadame
Banten,Pandeglang,Pagelaran,Surakarta
Banten,Pandeglang,Pagelaran,Tegalpapak
Banten,Pandeglang,Angsana,Angsana
Banten,Pandeglang,Jiput,Babadsari
Banten,Pandeglang,Patia,Babakankeusik
Banten,Pandeglang,Cikedal,Babakanlor
Banten,Pandeglang,Cikedal,Bangkuyung
Banten,Pandeglang,Carita,Banjarmasin
Banten,Pandeglang,Cigeulis,Banyuasih
Banten,Pandeglang,Labuan,Banyubiru
Banten,Pandeglang,Labuan,Banyumekar
Banten,Pandeglang,Jiput,Banyuresmi
Banten,Pandeglang,Cimanggu,Batuhideung
Banten,Pandeglang,Sobang,Bojen
Banten,Pandeglang,Sobang,Bojenwetan
Banten,Pandeglang,Labuan,Caringin
Banten,Pandeglang,Carita,Carita
Banten,Pandeglang,Cikedal,Cening
Banten,Pandeglang,Patia,Ciawi
Banten,Pandeglang,Cimanggu,Cibadak
Banten,Pandeglang,Cibaliung,Cibaliung
Banten,Pandeglang,Cibaliung,Cibingbin
Banten,Pandeglang,Munjul,Cibitung
Banten,Pandeglang,Sukaresmi,Cibungur
Banten,Pandeglang,Cimanggu,Ciburial
Banten,Pandeglang,Cigeulis,Cigeulis
Banten,Pandeglang,Labuan,Cigondang
Banten,Pandeglang,Sumur,Cigorondong
Banten,Pandeglang,Cibaliung,Cihanjuang
Banten,Pandeglang,Cimanggu,Cijaralang
Banten,Pandeglang,Cibitung,Cikadu
Banten,Pandeglang,Cibitung,Cikalong
Banten,Pandeglang,Angsana,Cikayas
Banten,Pandeglang,Cikeusik,Cikeusik
Banten,Pandeglang,Cibitung,Cikiruh
Banten,Pandeglang,Cikeusik,Cikiruhwetan
Banten,Pandeglang,Sukaresmi,Cikuya
Banten,Pandeglang,Cimanggu,Cimanggu
Banten,Pandeglang,Sobang,Cimanis
Banten,Pandeglang,Angsana,Cipinang
Banten,Pandeglang,Cigeulis,Ciseureuheun
Banten,Pandeglang,Cibitung,Citeluk
Banten,Pandeglang,Panimbang,Citeureup
Banten,Pandeglang,Cibaliung,Curug
Banten,Pandeglang,Cikeusik,Curugciung
Banten,Pandeglang,Cikedal,Dahu
Banten,Pandeglang,Panimbang,Gombong
Banten,Pandeglang,Patia,Idaman
Banten,Pandeglang,Jiput,Janaka
Banten,Pandeglang,Jiput,Jayamekar
Banten,Pandeglang,Jiput,Jiput
Banten,Pandeglang,Angsana,Kadubadak
Banten,Pandeglang,Labuan,Kalanganyar
Banten,Pandeglang,Cigeulis,Karangbolong
Banten,Pandeglang,Angsana,Karangsari
Banten,Pandeglang,Cigeulis,Karyabuana
Banten,Pandeglang,Sukaresmi,Karyasari
Banten,Pandeglang,Cikedal,Karyautama
Banten,Pandeglang,Cigeulis,Katumbiri
Banten,Pandeglang,Carita,Kawoyang
Banten,Pandeglang,Sumur,Kertajaya
Banten,Pandeglang,Sumur,Kertamukti
Banten,Pandeglang,Sobang,Kertaraharja
Banten,Pandeglang,Cibitung,Kiarajangkung
Banten,Pandeglang,Cibitung,Kiarapayung
Banten,Pandeglang,Cimanggu,Kramatjaya
Banten,Pandeglang,Angsana,Kramatmanik
Banten,Pandeglang,Sukaresmi,Kubangkampil
Banten,Pandeglang,Cibitung,Kutakarang
Banten,Pandeglang,Sobang,Kutamekar
Banten,Pandeglang,Labuan,Labuan
Banten,Pandeglang,Munjul,Lebak
Banten,Pandeglang,Cikeusik,Leuwibalang
Banten,Pandeglang,Cibaliung,Mahendra
Banten,Pandeglang,Cibitung,Malangnengah
Banten,Pandeglang,Cimanggu,Mangkualam
Banten,Pandeglang,Cibitung,Manglid
Banten,Pandeglang,Panimbang,Mekar Jaya
Banten,Pandeglang,Panimbang,Mekarjaya
Banten,Pandeglang,Cikedal,Mekarjaya
Banten,Pandeglang,Cibaliung,Mendung
Banten,Pandeglang,Cikeusik,Nanggala
Banten,Pandeglang,Cikedal,Padahayu
Banten,Pandeglang,Angsana,Padaherang
Banten,Pandeglang,Angsana,Padamulya
Banten,Pandeglang,Cimanggu,Padasuka
Banten,Pandeglang,Jiput,Pamarayan
Banten,Pandeglang,Sobang,Pangkalan
Banten,Pandeglang,Panimbang,Panimbangjaya
Banten,Pandeglang,Cikeusik,Parungkokosan
Banten,Pandeglang,Sukaresmi,Pasirkadu
Banten,Pandeglang,Sindangresmi,Pasirloa
Banten,Pandeglang,Patia,Patia
Banten,Pandeglang,Carita,Pejamben
Banten,Pandeglang,Sukaresmi,Perdana
Banten,Pandeglang,Patia,Rahayu
Banten,Pandeglang,Cikeusik,Rancaseneng
Banten,Pandeglang,Labuan,Rancateureup
Banten,Pandeglang,Jiput,Salapraya
Banten,Pandeglang,Sukaresmi,Seuseupan
Banten,Pandeglang,Sukaresmi,Sidamukti
Banten,Pandeglang,Patia,Simpangtiga
Banten,Pandeglang,Cigeulis,Sinarjaya
Banten,Pandeglang,Cibitung,Sindangkerta
Banten,Pandeglang,Carita,Sindanglaut
Banten,Pandeglang,Sobang,Sobang
Banten,Pandeglang,Cibaliung,Sorongan
Banten,Pandeglang,Cibaliung,Sudimanik
Banten,Pandeglang,Jiput,Sukacai
Banten,Pandeglang,Cibaliung,Sukajadi
Banten,Pandeglang,Carita,Sukajadi
Banten,Pandeglang,Labuan,Sukamaju
Banten,Pandeglang,Cikeusik,Sukamulya
Banten,Pandeglang,Carita,Sukanegara
Banten,Pandeglang,Carita,Sukarame
Banten,Pandeglang,Sukaresmi,Sukaresmi
Banten,Pandeglang,Cikeusik,Sukaseneng
Banten,Pandeglang,Cikeusik,Sukawaris
Banten,Pandeglang,Sumur,Sumberjaya
Banten,Pandeglang,Cikeusik,Sumurbatu
Banten,Pandeglang,Angsana,Sumurlaban
Banten,Pandeglang,Patia,Surianeun
Banten,Pandeglang,Sumur,Tamanjaya
Banten,Pandeglang,Cimanggu,Tangkil Sari
Banten,Pandeglang,Panimbang,Tanjungjaya
Banten,Pandeglang,Cigeulis,Tarumanagara
Banten,Pandeglang,Labuan,Teluk
Banten,Pandeglang,Sobang,Teluklada
Banten,Pandeglang,Carita,Tembong
Banten,Pandeglang,Jiput,Tenjolahang
Banten,Pandeglang,Cimanggu,Tugu
Banten,Pandeglang,Sumur,Tunggaljaya
Banten,Pandeglang,Patia,Turus
Banten,Pandeglang,Sumur,Ujungjaya
Banten,Pandeglang,Cikeusik,Umbulan
Banten,Pandeglang,Cimanggu,Waringin Kurung
Banten,Pandeglang,Cigeulis,Waringinjaya
Banten,Pandeglang,Sukaresmi,Weru
Banten,Serang,Cinangka,Umbul Tanjung
Banten,Serang,Cinangka,Pasauran
Banten,Serang,Cinangka,Bantar Wangi
Banten,Serang,Cinangka,Bulakan
Banten,Serang,Cinangka,Karang Suraga
Banten,Serang,Cinangka,Cinangka
Banten,Serang,Cinangka,Sindang Laya
Banten,Serang,Anyar,Tambang Ayam
Banten,Lebak,Wanasalam,Cipedang
Banten,Lebak,Cilograng,Pasirbungur
Banten,Lebak,Bayah,Bayah Barat
Banten,Tangerang,Jambe,Ancol Pasir
Banten,Lebak,Cikulur,Anggalan
Banten,Pandeglang,Koroncong,Awilega
Banten,Tangerang,Legok,Babakan
Banten,Tangerang Selatan,Setu,Babakan
Banten,Tangerang,Teluknaga,Babakan Asem
Banten,Pandeglang,Pandeglang,Babakan Kalanganyar
Banten,Tangerang,Legok,Babat
Banten,Tangerang,Sindang Jaya,Badak Anom
Banten,Cilegon,Cilegon,Bagendung
Banten,Tangerang Selatan,Setu,Bakti Jaya
Banten,Tangerang,Kronjo,Bakung
Banten,Tangerang,Balaraja,Balaraja
Banten,Tangerang Selatan,Pamulang,Bambuapus
Banten,Pandeglang,Banjar,Bandung
Banten,Pandeglang,Koroncong,Bangkonol
Banten,Pandeglang,Banjar,Banjar
Banten,Serang,Cipocok Jaya,Banjar Agung
Banten,Cilegon,Ciwandan,Banjar Negara
Banten,Pandeglang,Pulosari,Banjarnegara
Banten,Pandeglang,Kaduhejo,Banjarsari
Banten,Serang,Cipocok Jaya,Banjarsari
Banten,Pandeglang,Pulosari,Banjarwangi
Banten,Tangerang,Tigaraksa,Bantar Panjang
Banten,Tangerang,Mauk,Banyu Asih
Banten,Pandeglang,Bojong,Banyumas
Banten,Pandeglang,Kaduhejo,Banyumundu
Banten,Pandeglang,Cimanuk,Batubantar
Banten,Pandeglang,Cipeucang,Baturanjang
Banten,Tangerang,Kosambi,Belimbing
Banten,Tangerang,Kelapa Dua,Bencongan
Banten,Tangerang,Kelapa Dua,Bencongan Indah
Banten,Tangerang,Sukamulya,Benda
Banten,Tangerang Selatan,Pamulang,Benda Baru
Banten,Serang,Kasemen,Bendung
Banten,Cilegon,Cilegon,Bendungan
Banten,Tangerang,Curug,Binong
Banten,Tangerang,Cikupa,Bitung Jaya
Banten,Tangerang,Kronjo,Blukbuk
Banten,Pandeglang,Bojong,Bojong
Banten,Tangerang,Cikupa,Bojong
Banten,Tangerang,Cisoka,Bojong Loa
Banten,Tangerang,Kelapa Dua,Bojong Nangka
Banten,Tangerang,Teluknaga,Bojong Renged
Banten,Tangerang,Legok,Bojongkamal
Banten,Tangerang,Pakuhaji,Bonasari
Banten,Tangerang Selatan,Serpong,Buaran
Banten,Tangerang,Pakuhaji,Buaran Bambu
Banten,Tangerang,Sukadiri,Buaran Jati
Banten,Tangerang,Pakuhaji,Buaran Mangga
Banten,Tangerang,Cikupa,Budi Mulya
Banten,Cilegon,Cibeber,Bulakan
Banten,Tangerang,Sukamulya,Bunar
Banten,Tangerang,Cikupa,Bunder
Banten,Pandeglang,Picung,Bungurcopong
Banten,Tangerang,Sukamulya,Buniayu
Banten,Pandeglang,Cadasari,Cadasari
Banten,Pandeglang,Bojong,Cahayamekar
Banten,Pandeglang,Kaduhejo,Campaka
Banten,Tangerang,Balaraja,Cangkudu
Banten,Tangerang,Cisoka,Carenang
Banten,Tangerang,Cisoka,Caringin
Banten,Tangerang,Legok,Caringin
Banten,Tangerang,Cisoka,Cempaka
Banten,Tangerang Selatan,Ciputat Timur,Cempaka Putih
Banten,Tangerang,Kosambi,Cengklong
Banten,Tangerang,Panongan,Ciakar
Banten,Pandeglang,Saketi,Ciandur
Banten,Tangerang,Legok,Ciangir
Banten,Tangerang Selatan,Serpong,Ciater
Banten,Tangerang,Cikupa,Cibadak
Banten,Pandeglang,Cisata,Cibarani
Banten,Cilegon,Cibeber,Cibeber
Banten,Tangerang,Gunung Kaler,Cibetok
Banten,Pandeglang,Banjar,Cibeureum
Banten,Pandeglang,Banjar,Cibodas
Banten,Tangerang,Cisauk,Cibogo
Banten,Tangerang,Cisoka,Cibugel
Banten,Tangerang,Pagedangan,Cicalengka
Banten,Pandeglang,Karang Tanjung,Cigadung
Banten,Pandeglang,Menes,Cigandeng
Banten,Serang,Walantaka,Cigoong
Banten,Lebak,Cikulur,Cigoong Selatan
Banten,Lebak,Cikulur,Cigoong Utara
Banten,Pandeglang,Picung,Ciherang
Banten,Pandeglang,Cisata,Ciherangjaya
Banten,Tangerang,Pagedangan,Cihuni
Banten,Pandeglang,Cadasari,Ciinjuk
Banten,Pandeglang,Bojong,Cijakan
Banten,Tangerang,Pagedangan,Cijantra
Banten,Tangerang,Mekar Baru,Cijeruk
Banten,Pandeglang,Cipeucang,Cikadueun
Banten,Tangerang,Jayanti,Cikande
Banten,Tangerang,Solear,Cikareo
Banten,Tangerang,Solear,Cikasungka
Banten,Pandeglang,Cadasari,Cikentrung
Banten,Cilegon,Cibeber,Cikerai
Banten,Pandeglang,Mandalawangi,Cikoneng
Banten,Lebak,Cikulur,Cikulur
Banten,Pandeglang,Mandalawangi,Cikumbuen
Banten,Tangerang,Cikupa,Cikupa
Banten,Tangerang,Solear,Cikuya
Banten,Pandeglang,Menes,Cilabanbulan
Banten,Pandeglang,Majasari,Cilaja
Banten,Serang,Curug,Cilaku
Banten,Tangerang,Tigaraksa,Cileles
Banten,Tangerang Selatan,Serpong,Cilenggang
Banten,Pandeglang,Pulosari,Cilentung
Banten,Pandeglang,Picung,Cililitan
Banten,Serang,Taktakan,Cilowong
Banten,Pandeglang,Cimanuk,Cimanuk
Banten,Serang,Serang,Cimuncang
Banten,Pandeglang,Sindangresmi,Ciodeng
Banten,Tangerang,Gunung Kaler,Cipaeh
Banten,Serang,Serang,Cipare
Banten,Tangerang Selatan,Ciputat,Cipayung
Banten,Serang,Curug,Cipete
Banten,Serang,Cipocok Jaya,Cipocok Jaya
Banten,Tangerang Selatan,Ciputat,Ciputat
Banten,Pandeglang,Kaduhejo,Ciputri
Banten,Tangerang,Legok,Cirarab
Banten,Tangerang,Solear,Cireundeu
Banten,Tangerang Selatan,Ciputat Timur,Cireundeu
Banten,Tangerang,Kronjo,Cirumpak
Banten,Tangerang,Cisauk,Cisauk
Banten,Tangerang,Tigaraksa,Cisereh
Banten,Tangerang,Cisoka,Cisoka
Banten,Pandeglang,Banjar,Citalahab
Banten,Cilegon,Citangkil,Citangkil
Banten,Pandeglang,Bojong,Citumenggung
Banten,Cilegon,Cilegon,Ciwaduk
Banten,Cilegon,Cilegon,Ciwedus
Banten,Tangerang,Curug,Cukanggalih
Banten,Serang,Curug,Curug
Banten,Tangerang,Curug,Curug Kulon
Banten,Serang,Curug,Curug Manis
Banten,Tangerang,Kelapa Dua,Curug Sangereng
Banten,Tangerang,Curug,Curug Wetan
Banten,Pandeglang,Cipeucang,Curugbarang
Banten,Pandeglang,Mandalawangi,Curuglemo
Banten,Lebak,Cikulur,Curugpanjang
Banten,Tangerang,Kosambi,Dadap
Banten,Pandeglang,Cimanuk,Dalembalar
Banten,Serang,Cipocok Jaya,Dalung
Banten,Tangerang,Cisauk,Dangdang
Banten,Tangerang,Jayanti,Dangdeur
Banten,Tangerang,Rajeg,Daon
Banten,Tangerang,Jambe,Daru
Banten,Serang,Taktakan,Drangong
Banten,Cilegon,Citangkil,Dringo
Banten,Tangerang,Cikupa,Dukuh
Banten,Tangerang,Pakuhaji,Gaga
Banten,Tangerang,Mekar Baru,Gandaria
Banten,Cilegon,Jombang,Gedong Dalem
Banten,Serang,Cipocok Jaya,Gelam
Banten,Tangerang,Pasar Kemis,Gelam Jaya
Banten,Tangerang,Balaraja,Gembong
Banten,Tangerang,Sepatan Timur,Gempol Sari
Banten,Pandeglang,Bojong,Geredug
Banten,Cilegon,Gerogol,Gerem
Banten,Pandeglang,Koroncong,Gerendong
Banten,Tangerang,Sukadiri,Gintung
Banten,Pandeglang,Saketi,Girijaya
Banten,Pandeglang,Mandalawangi,Giripawana
Banten,Cilegon,Gerogol,Grogol
Banten,Tangerang,Gunung Kaler,Gunung Kaler
Banten,Tangerang,Mauk,Gunung Sari
Banten,Pandeglang,Cimanuk,Gunungcupu
Banten,Pandeglang,Cimanuk,Gunungdatar
Banten,Pandeglang,Banjar,Gunungputri
Banten,Pandeglang,Mandalawangi,Gunungsari
Banten,Tangerang,Jambe,Jambe
Banten,Tangerang,Rajeg,Jambu Karya
Banten,Tangerang,Pagedangan,Jatake
Banten,Tangerang,Kosambi,Jati Mulya
Banten,Tangerang,Sepatan Timur,Jati Mulya
Banten,Tangerang,Mauk,Jatiwaringin
Banten,Tangerang,Jayanti,Jayanti
Banten,Tangerang Selatan,Serpong Utara,Jelupang
Banten,Tangerang,Mekar Baru,Jenggot
Banten,Tangerang,Kresek,Jengkol
Banten,Tangerang,Cisoka,Jeungjing
Banten,Tangerang Selatan,Ciputat,Jombang
Banten,Cilegon,Jombang,Jombang Wetan
Banten,Pandeglang,Karang Tanjung,Juhut
Banten,Tangerang Selatan,Pondok Aren,Jurangmangu Barat
Banten,Tangerang Selatan,Pondok Aren,Jurangmangu Timur
Banten,Pandeglang,Pandeglang,Kabayan
Banten,Tangerang Selatan,Setu,Kademangan
Banten,Pandeglang,Pandeglang,Kadomas
Banten,Tangerang,Curug,Kadu
Banten,Tangerang,Tigaraksa,Kadu Agung
Banten,Tangerang,Curug,Kadu Jaya
Banten,Tangerang,Pagedangan,Kadu Sirung
Banten,Pandeglang,Banjar,Kadubale
Banten,Pandeglang,Mekarjaya,Kadubelang
Banten,Pandeglang,Cimanuk,Kadubungbang
Banten,Pandeglang,Saketi,Kadudampit
Banten,Pandeglang,Cimanuk,Kadudodol
Banten,Pandeglang,Cadasari,Kaduela
Banten,Pandeglang,Cadasari,Kaduengang
Banten,Pandeglang,Cipeucang,Kadugadung
Banten,Pandeglang,Kaduhejo,Kadugemblo
Banten,Pandeglang,Pulosari,Kaduhejo
Banten,Pandeglang,Mekarjaya,Kadujangkung
Banten,Pandeglang,Banjar,Kadulimus
Banten,Pandeglang,Cimanuk,Kadumadang
Banten,Pandeglang,Banjar,Kadumaneuh
Banten,Pandeglang,Karang Tanjung,Kadumerak
Banten,Pandeglang,Picung,Kadupandak
Banten,Pandeglang,Cisata,Kaduronyok
Banten,Serang,Serang,Kagungan
Banten,Serang,Taktakan,Kalanganyar
Banten,Pandeglang,Cipeucang,Kalanggunung
Banten,Tangerang,Sukamulya,Kaliasin
Banten,Tangerang,Pakuhaji,Kalibaru
Banten,Serang,Serang,Kaligandu
Banten,Cilegon,Cibeber,Kalitimbang
Banten,Serang,Walantaka,Kalodran
Banten,Tangerang,Teluknaga,Kampung Besar
Banten,Tangerang,Sepatan Timur,Kampung Kelor
Banten,Tangerang,Teluknaga,Kmp Melayu Brt
Banten,Tangerang,Teluknaga,Kmp Melayu Tim
Banten,Pandeglang,Menes,Kananga
Banten,Tangerang,Gunung Kaler,Kandawati
Banten,Serang,Walantaka,Kapuren
Banten,Tangerang,Kemiri,Karang Anyar
Banten,Cilegon,Cibeber,Karang Asem
Banten,Tangerang,Cisoka,Karang Harja
Banten,Tangerang,Sukadiri,Karang Serang
Banten,Tangerang,Pagedangan,Karang Tengah
Banten,Pandeglang,Koroncong,Karangsetra
Banten,Pandeglang,Majasari,Karaton
Banten,Tangerang,Sepatan,Karet
Banten,Serang,Cipocok Jaya,Karundang
Banten,Pandeglang,Pulosari,Karyawangi
Banten,Serang,Kasemen,Kasemen
Banten,Serang,Kasemen,Kasunyatan
Banten,Pandeglang,Cadasari,Kaungcaang
Banten,Tangerang,Sepatan,Kayu Agung
Banten,Tangerang,Sepatan,Kayu Bongkok
Banten,Cilegon,Purwakarta,Kebon Dalem
Banten,Tangerang,Teluknaga,Keboncau
Banten,Cilegon,Citangkil,Kebonsari
Banten,Cilegon,Cibeber,Kedaleman
Banten,Tangerang,Mekar Baru,Kedaung
Banten,Tangerang Selatan,Pamulang,Kedaung
Banten,Tangerang,Sepatan Timur,Kedaung Barat
Banten,Tangerang,Gunung Kaler,Kedung
Banten,Tangerang,Mauk,Kedung Dalem
Banten,Tangerang,Kelapa Dua,Kelapa Dua
Banten,Serang,Curug,Kemanisan
Banten,Tangerang,Kemiri,Kemiri
Banten,Tangerang,Kresek,Kemuning
Banten,Tangerang,Legok,Kemuning
Banten,Tangerang Selatan,Setu,Keranggan
Banten,Tangerang,Mauk,Ketapang
Banten,Cilegon,Cilegon,Ketileng
Banten,Serang,Walantaka,Kiara
Banten,Tangerang,Pakuhaji,Kiara Payung
Banten,Serang,Kasemen,Kilasah
Banten,Tangerang,Kemiri,Klebet
Banten,Tangerang,Mekar Baru,Klutuk
Banten,Tangerang,Pakuhaji,Kohod
Banten,Pandeglang,Picung,Kolelet
Banten,Pandeglang,Cipeucang,Koncang
Banten,Tangerang,Kresek,Koper
Banten,Pandeglang,Cadasari,Koranji
Banten,Pandeglang,Pulosari,Koranji
Banten,Pandeglang,Koroncong,Koroncong
Banten,Tangerang,Sukadiri,Kosambi
Banten,Tangerang,Kosambi,Kosambi Barat
Banten,Tangerang,Mekar Baru,Kosambi Dalam
Banten,Tangerang,Kosambi,Kosambi Timur
Banten,Serang,Serang,Kota Baru
Banten,Cilegon,Purwakarta,Kotabumi
Banten,Cilegon,Gerogol,Kotasari
Banten,Tangerang,Pakuhaji,Kramat
Banten,Tangerang,Kresek,Kresek
Banten,Tangerang,Kronjo,Kronjo
Banten,Tangerang,Sukamulya,Kubang
Banten,Cilegon,Ciwandan,Kubangsari
Banten,Pandeglang,Cimanuk,Kupahandap
Banten,Serang,Taktakan,Kuranji
Banten,Pandeglang,Cadasari,Kurungdahu
Banten,Pandeglang,Mandalawangi,Kurungkambing
Banten,Tangerang,Pasar Kemis,Kuta Baru
Banten,Tangerang,Pasar Kemis,Kuta Jaya
Banten,Tangerang,Pasar Kemis,Kutabumi
Banten,Tangerang,Jambe,Kutruk
Banten,Tangerang,Pakuhaji,Laksana
Banten,Pandeglang,Saketi,Langensari
Banten,Cilegon,Citangkil,Lebak Denok
Banten,Tangerang,Sepatan Timur,Lebak Wangi
Banten,Serang,Walantaka,Lebakwangi
Banten,Tangerang,Legok,Legok
Banten,Tangerang,Kemiri,Legok Suka Maju
Banten,Tangerang,Rajeg,Lembangsari
Banten,Tangerang,Teluknaga,Lemo
Banten,Tangerang Selatan,Serpong,Lengkong Gudang
Banten,Tangerang Selatan,Serpong,Lengkong Gudang Timur
Banten,Tangerang Selatan,Serpong Utara,Lengkong Karya
Banten,Tangerang,Pagedangan,Lengkong Kulon
Banten,Tangerang Selatan,Serpong,Lengkong Wetan
Banten,Serang,Taktakan,Lialang
Banten,Tangerang,Kemiri,Lontar
Banten,Serang,Serang,Lontarbaru
Banten,Serang,Serang,Lopang
Banten,Pandeglang,Saketi,Majau
Banten,Tangerang,Pagedangan,Malang Nengah
Banten,Pandeglang,Mandalawangi,Mandalasari
Banten,Pandeglang,Kaduhejo,Mandalasari
Banten,Pandeglang,Mandalawangi,Mandalawangi
Banten,Pandeglang,Bojong,Manggungjaya
Banten,Tangerang,Mauk,Marga Mulya
Banten,Serang,Kasemen,Margaluyu
Banten,Tangerang,Tigaraksa,Margasari
Banten,Cilegon,Jombang,Masigit
Banten,Tangerang,Tigaraksa,Matagara
Banten,Tangerang,Mauk,Mauk Barat
Banten,Tangerang,Mauk,Mauk Timur
Banten,Pandeglang,Saketi,Medalsari
Banten,Tangerang,Pagedangan,Medang
Banten,Pandeglang,Mekarjaya,Medong
Banten,Tangerang,Panongan,Mekar Bakti
Banten,Tangerang,Mekar Baru,Mekar Baru
Banten,Tangerang,Sepatan,Mekar Jaya
Banten,Tangerang,Panongan,Mekar Jaya
Banten,Tangerang,Sukadiri,Mekar Kondang
Banten,Tangerang,Cisauk,Mekar Wangi
Banten,Pandeglang,Mekarjaya,Mekarjaya
Banten,Tangerang,Jambe,Mekarsari
Banten,Tangerang,Rajeg,Mekarsari
Banten,Cilegon,Pulomerak,Mekarsari
Banten,Pandeglang,Bojong,Mekarsari
Banten,Pandeglang,Saketi,Mekarwangi
Banten,Pandeglang,Menes,Menes
Banten,Tangerang,Sukamulya,Merak
Banten,Serang,Kasemen,Mesjid Priyayi
Banten,Pandeglang,Banjar,Mogana
Banten,Tangerang,Teluknaga,Muara
Banten,Lebak,Cikulur,Muaradua
Banten,Lebak,Cikulur,Muncangkopong
Banten,Tangerang Selatan,Setu,Muncul
Banten,Tangerang,Kronjo,Muncung
Banten,Tangerang,Solear,Munjul
Banten,Pandeglang,Mandalawangi,Nembol
Banten,Serang,Walantaka,Nyapah
Banten,Tangerang,Gunung Kaler,Onyam
Banten,Cilegon,Purwakarta,Pabean
Banten,Tangerang,Jayanti,Pabuaran
Banten,Serang,Walantaka,Pabuaran
Banten,Pandeglang,Karang Tanjung,Pagadungan
Banten,Tangerang,Pagedangan,Pagedangan
Banten,Tangerang,Kronjo,Pagedangan Ilir
Banten,Tangerang,Kronjo,Pagedangan Udik
Banten,Tangerang,Kronjo,Pagenjahan
Banten,Serang,Walantaka,Pager Agung
Banten,Pandeglang,Majasari,Pagerbatu
Banten,Tangerang,Pakuhaji,Paku Alam
Banten,Tangerang Selatan,Serpong Utara,Pakujaya
Banten,Tangerang,Pakuhaji,Pakuhaji
Banten,Tangerang Selatan,Serpong Utara,Pakulonan
Banten,Tangerang,Kelapa Dua,Pakulonan Barat
Banten,Pandeglang,Koroncong,Pakuluran
Banten,Pandeglang,Cipeucang,Palanyar
Banten,Tangerang,Legok,Palasari
Banten,Pandeglang,Cisata,Palembang
Banten,Pandeglang,Kaduhejo,Palurahan
Banten,Tangerang Selatan,Pamulang,Pamulang Barat
Banten,Tangerang Selatan,Pamulang,Pamulang Timur
Banten,Serang,Cipocok Jaya,Panancangan
Banten,Serang,Curug,Pancalaksana
Banten,Serang,Taktakan,Pancur
Banten,Pandeglang,Mandalawangi,Pandat
Banten,Pandeglang,Pandeglang,Pandeglang
Banten,Tangerang,Pasar Kemis,Pangadegan
Banten,Serang,Walantaka,Pangampelan
Banten,Tangerang,Rajeg,Pangarengan
Banten,Cilegon,Jombang,Panggung Rawi
Banten,Serang,Taktakan,Panggungjati
Banten,Tangerang,Teluknaga,Pangkalan
Banten,Tangerang,Jayanti,Pangkat
Banten,Pandeglang,Koroncong,Paniis
Banten,Pandeglang,Mandalawangi,Panjangjaya
Banten,Tangerang,Panongan,Panongan
Banten,Lebak,Cikulur,Parage
Banten,Tangerang,Sukamulya,Parahu
Banten,Pandeglang,Mekarjaya,Pareang
Banten,Pandeglang,Mandalawangi,Pari
Banten,Pandeglang,Saketi,Parigi
Banten,Tangerang Selatan,Pondok Aren,Parigi
Banten,Tangerang Selatan,Pondok Aren,Parigi Baru
Banten,Pandeglang,Cipeucang,Parumasan
Banten,Tangerang,Solear,Pasanggrahan
Banten,Tangerang,Pasar Kemis,Pasar Kemis
Banten,Tangerang,Kronjo,Pasilian
Banten,Tangerang,Kronjo,Pasir
Banten,Tangerang,Kresek,Pasir Ampo
Banten,Tangerang,Jambe,Pasir Barat
Banten,Tangerang,Tigaraksa,Pasir Bolang
Banten,Tangerang,Cikupa,Pasir Gadung
Banten,Tangerang,Jayanti,Pasir Gintung
Banten,Tangerang,Cikupa,Pasir Jaya
Banten,Tangerang,Jayanti,Pasir Muncang
Banten,Tangerang,Tigaraksa,Pasir Nangka
Banten,Pandeglang,Banjar,Pasirawi
Banten,Pandeglang,Sindangresmi,Pasirdurung
Banten,Pandeglang,Cipeucang,Pasireurih
Banten,Pandeglang,Cisata,Pasireurih
Banten,Lebak,Cikulur,Pasirgintung
Banten,Pandeglang,Koroncong,Pasirjaksa
Banten,Pandeglang,Koroncong,Pasirkarag
Banten,Pandeglang,Cipeucang,Pasirmae
Banten,Pandeglang,Cadasari,Pasirpeuteuy
Banten,Pandeglang,Picung,Pasirsedang
Banten,Pandeglang,Sindangresmi,Pasirtenjo
Banten,Serang,Walantaka,Pasuluhan
Banten,Tangerang,Kemiri,Patramanggala
Banten,Tangerang,Kresek,Patrasana
Banten,Tangerang,Sukadiri,Pekayon
Banten,Tangerang,Tigaraksa,Pematang
Banten,Tangerang,Tigaraksa,Pete
Banten,Tangerang,Panongan,Peusar
Banten,Serang,Walantaka,Pipitan
Banten,Tangerang Selatan,Ciputat Timur,Pisangan
Banten,Tangerang,Sepatan,Pisangan Jaya
Banten,Tangerang Selatan,Pondok Aren,Pondok Aren
Banten,Tangerang Selatan,Pamulang,Pondok Benda
Banten,Tangerang Selatan,Pondok Aren,Pondok Betung
Banten,Tangerang Selatan,Pamulang,Pondok Cabe Ilir
Banten,Tangerang Selatan,Pamulang,Pondok Cabe Udik
Banten,Tangerang Selatan,Serpong Utara,Pondok Jagung
Banten,Tangerang Selatan,Serpong Utara,Pondok Jagung Timur
Banten,Tangerang,Sepatan,Pondok Jaya
Banten,Tangerang Selatan,Pondok Aren,Pondok Jaya
Banten,Tangerang Selatan,Pondok Aren,Pondok Kacang Barat
Banten,Tangerang Selatan,Pondok Aren,Pondok Kacang Timur
Banten,Tangerang Selatan,Pondok Aren,Pondok Karya
Banten,Tangerang,Sepatan Timur,Pondok Kelor
Banten,Tangerang Selatan,Pondok Aren,Pondok Pucung
Banten,Tangerang Selatan,Ciputat Timur,Pondok Ranji
Banten,Cilegon,Purwakarta,Purwakarta
Banten,Pandeglang,Menes,Purwaraja
Banten,Tangerang,Rajeg,Rajeg
Banten,Tangerang,Rajeg,Rajeg Mulya
Banten,Cilegon,Purwakarta,Ramanuju
Banten,Pandeglang,Menes,Ramaya
Banten,Pandeglang,Mandalawangi,Ramea
Banten,Tangerang,Rajeg,Ranca Bango
Banten,Tangerang,Jambe,Ranca Buaya
Banten,Tangerang,Panongan,Ranca Iyuh
Banten,Tangerang,Panongan,Ranca Kalapa
Banten,Tangerang,Kemiri,Ranca Labuh
Banten,Pandeglang,Mekarjaya,Rancabugel
Banten,Tangerang,Gunung Kaler,Rancagede
Banten,Tangerang,Legok,Rancagong
Banten,Tangerang,Kresek,Rancailat
Banten,Cilegon,Ciwandan,Randakari
Banten,Tangerang,Kosambi,Ranga Rengas
Banten,Cilegon,Gerogol,Rawa Arum
Banten,Tangerang,Pakuhaji,Rawa Boni
Banten,Tangerang,Kosambi,Rawa Burung
Banten,Tangerang,Sukadiri,Rawa Kidang
Banten,Tangerang Selatan,Serpong,Rawa Mekarjaya
Banten,Tangerang Selatan,Serpong,Rawabuntu
Banten,Pandeglang,Cisata,Rawasari
Banten,Tangerang Selatan,Ciputat Timur,Rempoa
Banten,Tangerang Selatan,Ciputat Timur,Rengas
Banten,Tangerang,Kresek,Renged
Banten,Pandeglang,Cimanuk,Rocek
Banten,Tangerang,Balaraja,Saga
Banten,Pandeglang,Saketi,Saketi
Banten,Tangerang,Kosambi,Salembaran Jati
Banten,Tangerang,Kosambi,Salembaran Jaya
Banten,Cilegon,Citangkil,Samangraya
Banten,Tangerang,Cisauk,Sampora
Banten,Pandeglang,Pulosari,Sanghiangdengdek
Banten,Tangerang,Sepatan Timur,Sangiang
Banten,Pandeglang,Kaduhejo,Saninten
Banten,Tangerang,Sepatan,Sarakan
Banten,Pandeglang,Majasari,Saruni
Banten,Tangerang,Mauk,Sasak
Banten,Tangerang Selatan,Ciputat,Sawah Baru
Banten,Tangerang Selatan,Ciputat,Sawah Lama
Banten,Serang,Kasemen,Sawah Luhur
Banten,Serang,Taktakan,Sayar
Banten,Pandeglang,Cimanuk,Sekong
Banten,Tangerang,Cisoka,Selapajang
Banten,Tangerang,Balaraja,Sentul
Banten,Tangerang,Balaraja,Sentul Jaya
Banten,Serang,Taktakan,Sepang
Banten,Tangerang,Sepatan,Sepatan
Banten,Serang,Serang,Serang
Banten,Tangerang,Panongan,Serdang Kulon
Banten,Tangerang,Legok,Serdang Wetan
Banten,Tangerang Selatan,Serpong,Serpong
Banten,Tangerang Selatan,Ciputat,Serua
Banten,Tangerang Selatan,Ciputat,Serua Indah
Banten,Pandeglang,Koroncong,Setrajaya
Banten,Tangerang Selatan,Setu,Setu
Banten,Pandeglang,Sindangresmi,Sindangresmi
Banten,Tangerang,Gunung Kaler,Sidoko
Banten,Pandeglang,Mandalawangi,Sinarjaya
Banten,Tangerang,Sindang Jaya,Sindang Jaya
Banten,Tangerang,Sindang Jaya,Sindangasih
Banten,Pandeglang,Saketi,Sindanghayu
Banten,Pandeglang,Menes,Sindangkarya
Banten,Tangerang,Sindang Jaya,Sindangpanon
Banten,Tangerang,Pasar Kemis,Sindangsari
Banten,Tangerang,Sindang Jaya,Sindangsono
Banten,Pandeglang,Mandalawangi,Sirnagalih
Banten,Tangerang,Pagedangan,Situ Gadung
Banten,Pandeglang,Saketi,Sodong
Banten,Tangerang,Tigaraksa,Sodong
Banten,Tangerang,Solear,Solear
Banten,Tangerang,Pasar Kemis,Suka Asih
Banten,Tangerang,Curug,Sukabakti
Banten,Tangerang,Cikupa,Sukadamai
Banten,Lebak,Cikulur,Sukadaya
Banten,Tangerang,Sukadiri,Sukadiri
Banten,Lebak,Cikulur,Sukaharja
Banten,Tangerang,Sindang Jaya,Sukaharja
Banten,Pandeglang,Koroncong,Sukajaya
Banten,Serang,Curug,Sukajaya
Banten,Serang,Curug,Sukalaksana
Banten,Pandeglang,Saketi,Sukalangu
Banten,Pandeglang,Menes,Sukamanah
Banten,Pandeglang,Kaduhejo,Sukamanah
Banten,Tangerang,Jambe,Sukamanah
Banten,Tangerang,Rajeg,Sukamanah
Banten,Tangerang,Pasar Kemis,Sukamantri
Banten,Pandeglang,Mekarjaya,Sukamulya
Banten,Tangerang,Cikupa,Sukamulya
Banten,Tangerang,Sukamulya,Sukamulya
Banten,Tangerang,Balaraja,Sukamurni
Banten,Tangerang,Cikupa,Sukanagara
Banten,Pandeglang,Majasari,Sukaratu
Banten,Pandeglang,Munjul,Sukasaba
Banten,Pandeglang,Kaduhejo,Sukasari
Banten,Pandeglang,Pulosari,Sukasari
Banten,Tangerang,Rajeg,Sukasari
Banten,Tangerang,Cisoka,Sukatani
Banten,Tangerang,Rajeg,Sukatani
Banten,Tangerang,Pakuhaji,Sukawali
Banten,Serang,Serang,Sukawana
Banten,Serang,Curug,Sukawana
Banten,Cilegon,Jombang,Sukmajaya
Banten,Tangerang,Jayanti,Sumur Bandung
Banten,Serang,Serang,Sumur Pecung
Banten,Tangerang,Cisauk,Suradita
Banten,Tangerang,Pakuhaji,Surya Bahari
Banten,Tangerang,Jambe,Taban
Banten,Serang,Taktakan,Taktakan
Banten,Tangerang,Cikupa,Talaga
Banten,Pandeglang,Saketi,Talagasari
Banten,Tangerang,Balaraja,Talagasari
Banten,Tangerang,Cikupa,Talagasari
Banten,Tangerang,Kresek,Talok
Banten,Cilegon,Citangkil,Taman Baru
Banten,Serang,Taktakan,Taman Baru
Banten,Lebak,Cikulur,Tamanjaya
Banten,Tangerang,Gunung Kaler,Tamiang
Banten,Pandeglang,Cadasari,Tanagara
Banten,Tangerang,Sepatan Timur,Tanah Merah
Banten,Tangerang,Rajeg,Tanjakan
Banten,Tangerang,Rajeg,Tanjakan Mekar
Banten,Tangerang,Mauk,Tanjung Anom
Banten,Tangerang,Teluknaga,Tanjung Burung
Banten,Tangerang,Teluknaga,Tanjung Pasir
Banten,Pandeglang,Cadasari,Tapos
Banten,Tangerang,Tigaraksa,Tapos
Banten,Tangerang,Teluknaga,Tegal Angus
Banten,Cilegon,Purwakarta,Tegal Bunder
Banten,Tangerang,Mauk,Tegal Kunir Kidul
Banten,Tangerang,Mauk,Tegal Kunir Lor
Banten,Cilegon,Ciwandan,Tegal Ratu
Banten,Pandeglang,Koroncong,Tegalongok
Banten,Tangerang,Tigaraksa,Tegalsari
Banten,Serang,Walantaka,Tegalsari
Banten,Pandeglang,Menes,Tegalwangi
Banten,Tangerang,Teluknaga,Teluknaga
Banten,Serang,Cipocok Jaya,Tembong
Banten,Serang,Walantaka,Teritih
Banten,Serang,Serang,Terondol
Banten,Serang,Kasemen,Terumbu
Banten,Tangerang,Tigaraksa,Tigaraksa
Banten,Serang,Curug,Tinggar
Banten,Tangerang,Jambe,Tipar Raya
Banten,Tangerang,Balaraja,Tobat
Banten,Serang,Taktakan,Umbul Tengah
Banten,Serang,Serang,Unyur
Banten,Serang,Walantaka,Walantaka
Banten,Tangerang,Mekar Baru,Waliwis
Banten,Pandeglang,Saketi,Wanagiri
Banten,Tangerang,Sindang Jaya,Wanakerta
Banten,Pandeglang,Mekarjaya,Warasinga
Banten,Cilegon,Citangkil,Warnasari
Banten,Serang,Kasemen,Warung Jaud
Banten,Cilegon,Ciwandan,Gunung Sugih
Banten,Cilegon,Ciwandan,Kepuh
Banten,Serang,Kasemen,Banten
Banten,Serang,Kopo,Kopo
Banten,Serang,Kopo,Mekarbaru
Banten,Serang,Jawilan,Cemplang
Banten,Serang,Kopo,Nanggung
Banten,Serang,Jawilan,Bojot
Banten,Serang,Kopo,Garut
Banten,Serang,Pamarayan,Wirana
Banten,Serang,Tunjung Teja,Bojong Menteng
Banten,Serang,Kopo,Rancasumur
Banten,Serang,Pamarayan,Keboncau
Banten,Serang,Jawilan,Pagintungan
Banten,Serang,Tunjung Teja,Bojong Pandan
Banten,Serang,Tunjung Teja,Pancaregang
Banten,Serang,Pamarayan,Damping
Banten,Serang,Jawilan,Pasirbuyut
Banten,Serang,Tunjung Teja,Sukasari
Banten,Serang,Pamarayan,Pudar
Banten,Serang,Tunjung Teja,Panunggulan
Banten,Serang,Jawilan,Jawilan
Banten,Serang,Kopo,Cidahu
Banten,Serang,Tunjung Teja,Kemuning
Banten,Serang,Tunjung Teja,Tanjung Teja
Banten,Serang,Pamarayan,Sangiang
Banten,Serang,Pamarayan,Pasir Kembang
Banten,Serang,Jawilan,Majasari
Banten,Serang,Pamarayan,Pamarayan
Banten,Serang,Petir,Kadugenep
Banten,Serang,Petir,Kubang Jaya
Banten,Serang,Tunjung Teja,Bojong Catang
Banten,Serang,Tunjung Teja,Malanggah
Banten,Serang,Kopo,Nyompok
Banten,Serang,Jawilan,Parakan
Banten,Serang,Petir,Padasuka
Banten,Serang,Petir,Cirendeu
Banten,Serang,Ciomas,Ujungtebu
Banten,Serang,Pamarayan,Pasirlimus
Banten,Serang,Pamarayan,Binong
Banten,Serang,Petir,Seuat Jaya
Banten,Serang,Baros,Sukamenak
Banten,Serang,Petir,Sindangsari
Banten,Serang,Baros,Suka Indah
Banten,Serang,Cikeusal,Panyabrangan
Banten,Serang,Petir,Bojong Nangka
Banten,Serang,Jawilan,Kareo
Banten,Serang,Kopo,Babakanjaya
Banten,Serang,Pamarayan,Kampung Baru
Banten,Serang,Ciomas,Cisitu
Banten,Serang,Jawilan,Junti
Banten,Serang,Bandung,Pangawinan
Banten,Serang,Cikeusal,Dahu
Banten,Serang,Baros,Sukacai
Banten,Serang,Baros,Tejamari
Banten,Serang,Petir,Sanding
Banten,Serang,Petir,Seuat
Banten,Serang,Ciomas,Cemplang
Banten,Serang,Ciomas,Sukarena
Banten,Serang,Petir,Cirangkong
Banten,Serang,Ciomas,Citaman
Banten,Serang,Petir,Tambiluk
Banten,Serang,Baros,Panyirapan
Banten,Serang,Padarincang,Kadu Kempong
Banten,Serang,Cikeusal,Bantar Panjang
Banten,Serang,Ciomas,Siketug
Banten,Serang,Ciomas,Panyaungan Jaya
Banten,Serang,Kopo,Gabus
Banten,Serang,Petir,Mekar Baru
Banten,Serang,Cikeusal,Katulisan
Banten,Serang,Bandung,Mander
Banten,Serang,Bandung,Penamping
Banten,Serang,Baros,Tamansari
Banten,Serang,Ciomas,Lebak
Banten,Serang,Kopo,Carenang Udik
Banten,Serang,Baros,Sinarmukti
Banten,Serang,Ciomas,Sukabares
Banten,Serang,Ciomas,Pondok Kaharu
Banten,Serang,Baros,Sukamanah
Banten,Serang,Baros,Padasuka
Banten,Serang,Petir,Nagarapadang
Banten,Serang,Petir,Petir
Banten,Serang,Cikeusal,Sukaratu
Banten,Serang,Petir,Kampung Baru
Banten,Serang,Padarincang,Padarincang
Banten,Serang,Cikande,Cikande Permai
Banten,Serang,Padarincang,Kadubeureum
Banten,Serang,Bandung,Malabar
Banten,Serang,Cikeusal,Cikeusal
Banten,Serang,Pabuaran,Tanjungsari
Banten,Serang,Bandung,Bandung
Banten,Serang,Baros,Curugagung
Banten,Serang,Pabuaran,Talaga Warna
Banten,Serang,Cikande,Situterate
Banten,Serang,Baros,Sindangmandi
Banten,Serang,Padarincang,Cisaat
Banten,Serang,Cikeusal,Sukaraja
Banten,Serang,Baros,Sidamukti
Banten,Serang,Cikande,Cikande
Banten,Serang,Cikeusal,Sukamaju
Banten,Serang,Baros,Baros
Banten,Serang,Cikeusal,Sukamenak
Banten,Serang,Padarincang,Kramatlaban
Banten,Serang,Cikeusal,Panosogan
Banten,Serang,Baros,Cisalam
Banten,Serang,Ciomas,Sukadana
Banten,Serang,Cikande,Nambo Udik
Banten,Serang,Cikeusal,Cimaung
Banten,Serang,Padarincang,Curug Goong
Banten,Serang,Cikeusal,Harundang
Banten,Serang,Bandung,Babakan
Banten,Serang,Padarincang,Ciomas
Banten,Serang,Cikeusal,Cilayang
Banten,Serang,Cikande,Leuwi Limus
Banten,Serang,Cikeusal,Cilayang Guha
Banten,Serang,Cikande,Sukatani
Banten,Serang,Bandung,Blokang
Banten,Serang,Pabuaran,Kadubeureum
Banten,Serang,Pabuaran,Pasanggrahan
Banten,Serang,Cikeusal,Sukarame
Banten,Serang,Cikande,Parigi
Banten,Serang,Bandung,Pringwulung
Banten,Serang,Kibin,Barengkok
Banten,Serang,Pabuaran,Pabuaran
Banten,Serang,Padarincang,Kelumpang
Banten,Serang,Padarincang,Bugel
Banten,Serang,Pabuaran,Pancanegara
Banten,Serang,Cikande,Songgomjaya
Banten,Serang,Cikeusal,Mongpok
Banten,Serang,Padarincang,Cipayung
Banten,Serang,Kragilan,Sukajadi
Banten,Serang,Cikeusal,Gandayasa
Banten,Serang,Kibin,Nagara
Banten,Serang,Pabuaran,Sindangsari
Banten,Serang,Kibin,Nambo Ilir
Banten,Serang,Gunung Sari,Ciherang
Banten,Serang,Cikande,Bakung
Banten,Serang,Pabuaran,Sindangheula
Banten,Serang,Padarincang,Citasuk
Banten,Serang,Cikande,Julang
Banten,Serang,Kragilan,Silebu
Banten,Serang,Kragilan,Kramatjati
Banten,Serang,Padarincang,Batu Kuwung
Banten,Serang,Padarincang,Barugbug
Banten,Serang,Kibin,Cijeruk
Banten,Serang,Kragilan,Pematang
Banten,Serang,Cikande,Kamurang
Banten,Serang,Kragilan,Dukuh
Banten,Serang,Kibin,Tambak
Banten,Serang,Cikande,Gembor Udik
Banten,Serang,Gunung Sari,Gunungsari
Banten,Serang,Cikande,Koper
Banten,Serang,Gunung Sari,Sukalaba
Banten,Serang,Kragilan,Kendayakan
Banten,Serang,Kibin,Ciagel
Banten,Serang,Kragilan,Undar Andir
Banten,Serang,Kibin,Kibin
Banten,Serang,Gunung Sari,Tamiang
Banten,Serang,Kragilan,Cisait
Banten,Serang,Binuang,Gembor
Banten,Serang,Binuang,Renged
Banten,Serang,Kragilan,Sentul
Banten,Serang,Mancak,Cikedung
Banten,Serang,Gunung Sari,Curug Sulanjana
Banten,Serang,Kragilan,Kragilan
Banten,Serang,Ciruas,Kaserangan
Banten,Serang,Binuang,Lamaran
Banten,Serang,Ciruas,Pelawad
Banten,Serang,Gunung Sari,Kadu Agung
Banten,Serang,Kibin,Ketos
Banten,Serang,Ciruas,Citerep
Banten,Serang,Binuang,Warakas
Banten,Serang,Kibin,Sukamaju
Banten,Serang,Kragilan,Tegalmaja
Banten,Serang,Ciruas,Singamerta
Banten,Serang,Ciruas,Ranjeng
Banten,Serang,Waringinkurung,Cokopsulanjana
Banten,Serang,Mancak,Ciwarna
Banten,Serang,Gunung Sari,Luwuk
Banten,Serang,Binuang,Cakung
Banten,Serang,Ciruas,Beberan
Banten,Serang,Kragilan,Jeruk Tipis
Banten,Serang,Binuang,Binuang
Banten,Serang,Waringinkurung,Sasahan
Banten,Serang,Ciruas,Ciruas
Banten,Serang,Ciruas,Kadikaran
Banten,Serang,Ciruas,Pulo
Banten,Serang,Binuang,Sukamampir
Banten,Serang,Carenang,Mandaya
Banten,Serang,Carenang,Teras
Banten,Serang,Waringinkurung,Talaga Luhur
Banten,Serang,Mancak,Bale Kencana
Banten,Serang,Lebak Wangi,Kamaruton
Banten,Serang,Mancak,Angsana
Banten,Serang,Mancak,Sangiang
Banten,Serang,Ciruas,Gosara
Banten,Serang,Mancak,Talaga
Banten,Serang,Lebak Wangi,Kebonratu
Banten,Serang,Mancak,Pasirwaru
Banten,Serang,Waringinkurung,Binangun
Banten,Serang,Ciruas,Kepandean
Banten,Serang,Anyar,Sindang Mandi
Banten,Serang,Carenang,Mekarsari
Banten,Serang,Carenang,Panenjoan
Banten,Serang,Lebak Wangi,Teras Bendung
Banten,Serang,Waringinkurung,Kemuning
Banten,Serang,Waringinkurung,Sampir
Banten,Serang,Mancak,Bale Kambang
Banten,Serang,Ciruas,Bumijaya
Banten,Serang,Carenang,Walikukun
Banten,Serang,Anyar,Banjarsari
Banten,Serang,Mancak,Labuan
Banten,Serang,Carenang,Pamanuk
Banten,Serang,Ciruas,Pamong
Banten,Serang,Lebak Wangi,Tirem
Banten,Serang,Mancak,Mancak
Banten,Serang,Waringinkurung,Melati
Banten,Serang,Kramatwatu,Pelamunan
Banten,Serang,Lebak Wangi,Lebak Wangi
Banten,Serang,Lebak Wangi,Purwadadi
Banten,Serang,Mancak,Waringin
Banten,Serang,Anyar,Bunihara
Banten,Serang,Waringinkurung,Sambilawang
Banten,Serang,Ciruas,Penggalang
Banten,Serang,Anyar,Tanjung Manis
Banten,Serang,Waringinkurung,Sukabares
Banten,Serang,Kramatwatu,Kramatwatu
Banten,Serang,Kramatwatu,Lebakwana
Banten,Serang,Carenang,Ragasmasigit
Banten,Serang,Carenang,Carenang
Banten,Serang,Anyar,Grogol Indah
Banten,Serang,Kramatwatu,Margasana
Banten,Serang,Lebak Wangi,Lebak Kepuh
Banten,Serang,Lebak Wangi,Bolang
Banten,Serang,Mancak,Winong
Banten,Serang,Pontang,Sukanegara
Banten,Serang,Waringinkurung,Waringinkurung
Banten,Serang,Lebak Wangi,Kencana Harapan
Banten,Serang,Anyar,Kosambironyok
Banten,Serang,Tanara,Siremen
Banten,Serang,Waringinkurung,Suka Dalem
Banten,Serang,Tanara,Bendung
Banten,Serang,Kramatwatu,Margatani
Banten,Serang,Ciruas,Cigelam
Banten,Serang,Mancak,Sigedong
Banten,Serang,Kramatwatu,Pegadingan
Banten,Serang,Kramatwatu,Harjatani
Banten,Serang,Pontang,Pulokencana
Banten,Serang,Mancak,Batukuda
Banten,Serang,Lebak Wangi,Pegandikan
Banten,Serang,Tanara,Cibodas
Banten,Serang,Kramatwatu,Pejaten
Banten,Serang,Kramatwatu,Wanayasa
Banten,Serang,Pontang,Kelapian
Banten,Serang,Kramatwatu,Toyomerto
Banten,Serang,Tanara,Lempuyang
Banten,Serang,Pontang,Kaserangan
Banten,Serang,Tirtayasa,Laban
Banten,Serang,Tirtayasa,Puser
Banten,Serang,Tanara,Sukamanah
Banten,Serang,Kramatwatu,Serdang
Banten,Serang,Tanara,Cerukcuk
Banten,Serang,Kramatwatu,Pamengkang
Banten,Serang,Pontang,Singarajan
Banten,Serang,Tanara,Pedaleman
Banten,Serang,Kramatwatu,Tonjong
Banten,Serang,Pontang,Suka Jaya
Banten,Serang,Tirtayasa,Samparwadi
Banten,Serang,Tirtayasa,Kebuyutan
Banten,Serang,Tirtayasa,Pontang Legon
Banten,Serang,Pontang,Pontang
Banten,Serang,Tirtayasa,Kamanisan
Banten,Serang,Pontang,Linduk
Banten,Serang,Tirtayasa,Tirtayasa
Banten,Serang,Kramatwatu,Teluk Terate
Banten,Serang,Pontang,Kubang Puji
Banten,Serang,Tanara,Tanara
Banten,Serang,Pontang,Wanayasa
Banten,Serang,Tirtayasa,Kebon
Banten,Serang,Bojonegara,Kertasana
Banten,Serang,Kramatwatu,Terate
Banten,Serang,Bojonegara,Mangkunegara
Banten,Serang,Tirtayasa,Sujung
Banten,Serang,Tirtayasa,Alang-alang
Banten,Serang,Bojonegara,Wanakarta
Banten,Serang,Bojonegara,Karang Kepuh
Banten,Serang,Tirtayasa,Lontar
Banten,Serang,Tanara,Tenjoayu
Banten,Serang,Bojonegara,Bojonegara
Banten,Serang,Pontang,Domas
Banten,Serang,Tirtayasa,Tengkurak
Banten,Serang,Bojonegara,Lambangsari
Banten,Serang,Tirtayasa,Susukan
Banten,Serang,Bojonegara,Margagiri
Banten,Serang,Bojonegara,Ukirsari
Banten,Serang,Bojonegara,Pangarengan
Banten,Serang,Pulo Ampel,Argawana
Banten,Serang,Pulo Ampel,Banyuwangi
Banten,Lebak,Cihara,Karangkamulyan
Banten,Lebak,Cibeber,Cibeber
Banten,Lebak,Bayah,Pasirgombong
Banten,Lebak,Panggarangan,Sindangratu
Banten,Lebak,Cilograng,Girimukti
Banten,Lebak,Cihara,Cihara
Banten,Lebak,Cibeber,Cikotok
Banten,Lebak,Cibeber,Ciherang
Banten,Lebak,Cibeber,Mekarsari
Banten,Lebak,Panggarangan,Mekarjaya
Banten,Lebak,Panggarangan,Cimandiri
Banten,Lebak,Cibeber,Warungbanten
Banten,Lebak,Cihara,Ciparahu
Banten,Lebak,Cibeber,Cikadu
Banten,Lebak,Cihara,Barunai
Banten,Lebak,Cihara,Mekarsari
Banten,Lebak,Cibeber,Neglasari
Banten,Lebak,Bayah,Cisuren
Banten,Lebak,Malingping,Cilangkahan
Banten,Lebak,Malingping,Sukamanah
Banten,Lebak,Panggarangan,Cibarengkok
Banten,Lebak,Cibeber,Kujangjaya
Banten,Lebak,Wanasalam,Sukatani
Banten,Lebak,Malingping,Pagelaran
Banten,Lebak,Cihara,Pondokpanjang
Banten,Lebak,Panggarangan,Sogong
Banten,Lebak,Cibeber,Gunungwangun
Banten,Lebak,Malingping,Sukaraja
Banten,Lebak,Cibeber,Sukamulya
Banten,Lebak,Cibeber,Cihambali
Banten,Lebak,Malingping,Malingping Selatan
Banten,Lebak,Cibeber,Wanasari
Banten,Lebak,Cihara,Lebakpeundeuy
Banten,Lebak,Malingping,Kersaratu
Banten,Lebak,Panggarangan,Jatake
Banten,Lebak,Malingping,Rahong
Banten,Lebak,Cigemlong,Cikadongdong
Banten,Lebak,Cihara,Citeupuseun
Banten,Lebak,Malingping,Bolang
Banten,Lebak,Cibeber,Hegarmanah
Banten,Lebak,Cibeber,Cisungsang
Banten,Lebak,Cibeber,Sirnagalih
Banten,Lebak,Wanasalam,Bejod
Banten,Lebak,Malingping,Sangiang
Banten,Lebak,Cijaku,Cimenga
Banten,Lebak,Malingping,Malingping Utara
Banten,Lebak,Cigemlong,Mugijaya
Banten,Lebak,Malingping,Kadujajar
Banten,Lebak,Wanasalam,Cikeusik
Banten,Lebak,Wanasalam,Cipeucang
Banten,Lebak,Malingping,Sumberwaras
Banten,Lebak,Cigemlong,Cikaret
Banten,Lebak,Cijaku,Ciapus
Banten,Lebak,Cibeber,Kujangsari
Banten,Lebak,Wanasalam,Parungsari
Banten,Lebak,Panggarangan,Gununggede
Banten,Lebak,Cibeber,Situmulya
Banten,Lebak,Cijaku,Cikaratuan
Banten,Lebak,Cigemlong,Cikate
Banten,Lebak,Cijaku,Sukasenang
Banten,Lebak,Cibeber,Citorek Kidul
Banten,Lebak,Cigemlong,Peucangpari
Banten,Lebak,Cijaku,Cihujan
Banten,Lebak,Cigemlong,Cigemblong
Banten,Lebak,Malingping,Cipeundeuy
Banten,Lebak,Cijaku,Kandangsapi
Banten,Lebak,Cigemlong,Cibungur
Banten,Lebak,Cijaku,Kapunduhan
Banten,Lebak,Cijaku,Cijaku
Banten,Lebak,Malingping,Senanghati
Banten,Lebak,Cibeber,Citorek Sabrang
Banten,Lebak,Wanasalam,Karangpamindangan
Banten,Lebak,Cibeber,Citorek Tengah
Banten,Lebak,Cigemlong,Wangunjaya
Banten,Lebak,Wanasalam,Cilangkap
Banten,Lebak,Cibeber,Citorek Barat
Banten,Lebak,Cijaku,Cibeureum
Banten,Lebak,Cibeber,Citorek Timur
Banten,Lebak,Cijaku,Mekarjaya
Banten,Lebak,Banjarsari,Kerta
Banten,Lebak,Cijaku,Cipalabuh
Banten,Lebak,Cirinten,Nanggerang
Banten,Lebak,Sobang,Cirompang
Banten,Lebak,Cirinten,Cibarani
Banten,Lebak,Sobang,Sukamaju
Banten,Lebak,Gunungkencana,Tanjungsari Indah
Banten,Lebak,Banjarsari,Kertarahayu
Banten,Lebak,Banjarsari,Kertaraharja
Banten,Lebak,Gunungkencana,Gunungkendeng
Banten,Lebak,Cirinten,Karangnunggal
Banten,Lebak,Sobang,Sukajaya
Banten,Lebak,Cirinten,Karoya
Banten,Lebak,Sobang,Sinar Jaya
Banten,Lebak,Sobang,Sindanglaya
Banten,Lebak,Gunungkencana,Cimanyangray
Banten,Lebak,Cirinten,Datarcae
Banten,Lebak,Sobang,Majasari
Banten,Lebak,Banjarsari,Bojongjuruh
Banten,Lebak,Banjarsari,Umbuljaya
Banten,Lebak,Sobang,Ciparasi
Banten,Lebak,Sobang,Sukaresmi
Banten,Lebak,Bojongmanik,Keboncau
Banten,Lebak,Gunungkencana,Bulakan
Banten,Lebak,Lebakgedong,Lebaksitu
Banten,Lebak,Cirinten,Kadudamas
Banten,Lebak,Sobang,Hariang
Banten,Lebak,Cirinten,Cirinten
Banten,Lebak,Banjarsari,Tamansari
Banten,Lebak,Cirinten,Parakanlima
Banten,Lebak,Lebakgedong,Ciladaeun
Banten,Lebak,Gunungkencana,Kramatjaya
Banten,Lebak,Lebakgedong,Lebakgedong
Banten,Lebak,Bojongmanik,Cimayang
Banten,Lebak,Leuwidamar,Kanekes
Banten,Lebak,Banjarsari,Lebakkeusik
Banten,Lebak,Sobang,Sobang
Banten,Lebak,Banjarsari,Leuwiipuh
Banten,Lebak,Lebakgedong,Banjarsari
Banten,Lebak,Banjarsari,Labanjaya
Banten,Lebak,Gunungkencana,Cicaringin
Banten,Lebak,Muncang,Pasireurih
Banten,Lebak,Cirinten,Cempaka
Banten,Lebak,Muncang,Jagaraksa
Banten,Lebak,Bojongmanik,Parakanbeusi
Banten,Lebak,Gunungkencana,Ciakar
Banten,Lebak,Banjarsari,Cilegongilir
Banten,Lebak,Bojongmanik,Bojongmanik
Banten,Lebak,Bojongmanik,Mekarmanik
Banten,Lebak,Gunungkencana,Cisampang
Banten,Lebak,Muncang,Cikarang
Banten,Lebak,Cipanas,Pasirhaur
Banten,Lebak,Leuwidamar,Nayagati
Banten,Lebak,Banjarsari,Cisampih
Banten,Lebak,Muncang,Pasirnangka
Banten,Lebak,Lebakgedong,Lebaksangka
Banten,Lebak,Leuwidamar,Bojongmenteng
Banten,Lebak,Sajira,Maraya
Banten,Lebak,Cirinten,Badur
Banten,Lebak,Lebakgedong,Banjaririgasi
Banten,Lebak,Cipanas,Girilaya
Banten,Lebak,Leuwidamar,Cisimeut Raya
Banten,Lebak,Cipanas,Giriharja
Banten,Lebak,Banjarsari,Jalupanggirang
Banten,Lebak,Gunungkencana,Bojongkoneng
Banten,Lebak,Cipanas,Jayapura
Banten,Lebak,Muncang,Tanjungwangi
Banten,Lebak,Muncang,Leuwicoo
Banten,Lebak,Bojongmanik,Kadurahayu
Banten,Lebak,Cipanas,Cipanas
Banten,Lebak,Gunungkencana,Gunungkencana
Banten,Lebak,Banjarsari,Cidahu
Banten,Lebak,Cipanas,Harumsari
Banten,Lebak,Leuwidamar,Margawangi
Banten,Lebak,Muncang,Ciminyak
Banten,Lebak,Sajira,Margaluyu
Banten,Lebak,Gunungkencana,Sukanegara
Banten,Lebak,Cipanas,Malangsari
Banten,Lebak,Leuwidamar,Cisimeut
Banten,Lebak,Cipanas,Bintangsari
Banten,Lebak,Leuwidamar,Sangkanwangi
Banten,Lebak,Gunungkencana,Ciginggang
Banten,Lebak,Banjarsari,Keusik
Banten,Lebak,Cipanas,Sipayung
Banten,Lebak,Bojongmanik,Harjawana
Banten,Lebak,Muncang,Muncang
Banten,Lebak,Bojongmanik,Mekar Rahayu
Banten,Lebak,Cipanas,Bintangresmi
Banten,Lebak,Cipanas,Talagahiyang
Banten,Lebak,Cipanas,Luhurjaya
Banten,Lebak,Muncang,Sukanagara
Banten,Lebak,Banjarsari,Ciruji
Banten,Lebak,Sajira,Sukamarga
Banten,Lebak,Muncang,Girijagabaya
Banten,Lebak,Cipanas,Sukasari
Banten,Lebak,Leuwidamar,Cibungur
Banten,Lebak,Cipanas,Haurgajrug
Banten,Lebak,Leuwidamar,Leuwidamar
Banten,Lebak,Muncang,Mekarwangi
Banten,Lebak,Leuwidamar,Jalupangmulya
Banten,Lebak,Cileles,Mekarjaya
Banten,Lebak,Banjarsari,Kaduhauk
Banten,Lebak,Banjarsari,Cibaturkeusik
Banten,Lebak,Cileles,Kujangsari
Banten,Lebak,Leuwidamar,Lebakparahiang
Banten,Lebak,Sajira,Sajira Mekar
Banten,Lebak,Bojongmanik,Pasirbitung
Banten,Lebak,Cileles,Parungkujang
Banten,Lebak,Cileles,Pasindangan
Banten,Lebak,Sajira,Sindangsari
Banten,Lebak,Muncang,Sindangwangi
Banten,Lebak,Sajira,Sajira
Banten,Lebak,Leuwidamar,Wantisari
Banten,Lebak,Banjarsari,Bendungan
Banten,Lebak,Curug Bitung,Guradog
Banten,Lebak,Cileles,Cileles
Banten,Lebak,Cileles,Cikareo
Banten,Lebak,Cimarga,Sangkanmanik
Banten,Lebak,Cimarga,Jayamanik
Banten,Lebak,Sajira,Sukajaya
Banten,Lebak,Cimarga,Sudamanik
Banten,Lebak,Sajira,Calungbungur
Banten,Lebak,Banjarsari,Gunungsari
Banten,Lebak,Sajira,Sukarame
Banten,Lebak,Banjarsari,Kumpay
Banten,Lebak,Cileles,Cipadang
Banten,Lebak,Cimarga,Sarageni
Banten,Lebak,Cimarga,Girimukti
Banten,Lebak,Cimarga,Sangiangjaya
Banten,Lebak,Cileles,Margamulya
Banten,Lebak,Sajira,Bungurmekar
Banten,Lebak,Cimarga,Margaluyu
Banten,Lebak,Cileles,Daroyon
Banten,Lebak,Cimarga,Jayasari
Banten,Lebak,Sajira,Paja
Banten,Lebak,Curug Bitung,Lebakasih
Banten,Lebak,Curug Bitung,Candi
Banten,Lebak,Cimarga,Mekarmulya
Banten,Lebak,Cimarga,Cimarga
Banten,Lebak,Curug Bitung,Sekarwangi
Banten,Lebak,Cimarga,Margatirta
Banten,Lebak,Cileles,Banjarsari
Banten,Lebak,Cimarga,Gununganten
Banten,Lebak,Cileles,Gumuruh
Banten,Lebak,Curug Bitung,Ciburuy
Banten,Lebak,Cimarga,Tambak
Banten,Lebak,Sajira,Mekarsari
Banten,Lebak,Cileles,Prabugantungan
Banten,Lebak,Cimarga,Margajaya
Banten,Lebak,Curug Bitung,Mayak
Banten,Lebak,Cimarga,Intenjaya
Banten,Lebak,Sajira,Ciuyah
Banten,Lebak,Cimarga,Mekarjaya
Banten,Lebak,Sajira,Pajagan
Banten,Lebak,Curug Bitung,Curugbitung
Banten,Lebak,Curug Bitung,Cilayang
Banten,Lebak,Rangkasbitung,Pasirtanjung
Banten,Lebak,Kalanganyar,Sangiangtanjung
Banten,Lebak,Curug Bitung,Cidadap
Banten,Lebak,Cimarga,Karyajaya
Banten,Lebak,Maja,Buyut Mekar
Banten,Lebak,Sajira,Parungsari
Banten,Lebak,Kalanganyar,Kalanganyar
Banten,Lebak,Kalanganyar,Sukamekarsari
Banten,Lebak,Maja,Cilangkap
Banten,Lebak,Kalanganyar,Pasirkupa
Banten,Lebak,Maja,Pasirkecapi
Banten,Lebak,Rangkasbitung,Rangkasbitung Timur
Banten,Lebak,Maja,Sindangmulya
Banten,Lebak,Curug Bitung,Cipining
Banten,Lebak,Rangkasbitung,Rangkasbitung Barat
Banten,Lebak,Kalanganyar,Aweh
Banten,Lebak,Cibadak,Tambakbaya
Banten,Lebak,Maja,Mekarsari
Banten,Lebak,Maja,Binong
Banten,Lebak,Kalanganyar,Cilangkap
Banten,Lebak,Maja,Padasuka
Banten,Lebak,Rangkasbitung,Muara Ciujung Barat
Banten,Lebak,Rangkasbitung,Muara Ciujung Timur
Banten,Lebak,Kalanganyar,Cikatapis
Banten,Lebak,Maja,Tanjungsari
Banten,Lebak,Cibadak,Bojong Leles
Banten,Lebak,Rangkasbitung,Jatimulya
Banten,Lebak,Rangkasbitung,Narimbang Mulia
Banten,Lebak,Rangkasbitung,Cijoro Lebak
Banten,Lebak,Rangkasbitung,Cimangeunteung
Banten,Lebak,Maja,Maja Baru
Banten,Lebak,Maja,Sangiang
Banten,Lebak,Cibadak,Kaduagung Timur
Banten,Lebak,Cibadak,Kaduagung Tengah
Banten,Lebak,Maja,Gubugan Cibeureum
Banten,Lebak,Cibadak,Mekar Agung
Banten,Lebak,Warunggunung,Sukarendah
Banten,Lebak,Warunggunung,Selaraja
Banten,Lebak,Cibadak,Kaduagung Barat
Banten,Lebak,Maja,Pasirkembang
Banten,Lebak,Maja,Curugbadak
Banten,Lebak,Maja,Maja
Banten,Lebak,Rangkasbitung,Mekarsari
Banten,Lebak,Warunggunung,Cibuah
Banten,Lebak,Rangkasbitung,Cijoro Pasir
Banten,Lebak,Warunggunung,Warunggunung
Banten,Lebak,Warunggunung,Pasir Tangkil
Banten,Lebak,Warunggunung,Baros
Banten,Lebak,Cibadak,Cibadak
Banten,Lebak,Cibadak,Malabar
Banten,Lebak,Warunggunung,Cempaka
Banten,Lebak,Cibadak,Pasar Keong
Banten,Lebak,Rangkasbitung,Citeras
Banten,Lebak,Warunggunung,Sindangsari
Banten,Lebak,Rangkasbitung,Pabuaran
Banten,Lebak,Warunggunung,Banjarsari
Banten,Lebak,Rangkasbitung,Sukamanah
Banten,Lebak,Cibadak,Asem Margaluyu
Banten,Lebak,Rangkasbitung,Nameng
Banten,Lebak,Cibadak,Cimenteng Jaya
Banten,Lebak,Cibadak,Panancangan
Banten,Lebak,Rangkasbitung,Kolelet Wetan
Banten,Lebak,Warunggunung,Padasuka
Banten,Lebak,Cibadak,Asem
Banten,Lebak,Cibadak,Bojongcae
Banten,Lebak,Cibadak,Cisangu
Banten,Lebak,Warunggunung,Sukaraja
Banten,Lebak,Warunggunung,Jagabaya
Banten,Lebak,Cikulur,Sumurbandung
Banten,Lebak,Bayah,Bayah Timur
Banten,Lebak,Panggarangan,Hegarmanah
Banten,Lebak,Panggarangan,Panggarangan
Banten,Lebak,Cilograng,Cikamunding
Banten,Lebak,Panggarangan,Sukajadi
Banten,Lebak,Panggarangan,Situregen
Banten,Lebak,Cilograng,Cikatomas
Banten,Lebak,Bayah,Cimancak
Banten,Lebak,Bayah,Suwakan
Banten,Lebak,Cihara,Panyaungan
Banten,Lebak,Cilograng,Cijengkol
Banten,Lebak,Bayah,Cidikit
Banten,Cilegon,Pulomerak,Lebakgede
Banten,Cilegon,Pulomerak,Suralaya
Banten,Cilegon,Pulomerak,Tamansari
Banten,Serang,Pulo Ampel,Pulo Panjang
Banten,Serang,Bojonegara,Pakuncen
Banten,Serang,Bojonegara,Mekar Jaya
Banten,Serang,Pulo Ampel,Margasari
Banten,Serang,Pulo Ampel,Pulo Ampel
Banten,Serang,Pulo Ampel,Gedung Soka
Banten,Serang,Pulo Ampel,Sumuranja
Banten,Serang,Taktakan,Cibendung
Banten,Serang,Pulo Ampel,Mangunreja
Banten,Serang,Pulo Ampel,Salira
Banten,Serang,Tirtayasa,Wargasara
Banten,Tangerang Selatan,Serpong Utara,Pakualam
Banten,Pandeglang,Cikeusik,Tanjungan
Banten,Pandeglang,Cimanggu,Rancapinang
Banten,Lebak,Cilograng,Cireundeu
Banten,Lebak,Bayah,Sawarna Timur
Banten,Lebak,Cilograng,Cibareno
Banten,Lebak,Cilograng,Cilograng
Banten,Lebak,Bayah,Sawarna
Banten,Lebak,Cilograng,Lebaktipar
Banten,Lebak,Cilograng,Gunungbatu
Banten,Lebak,Bayah,Darmasari
Banten,Lebak,Bayah,Pamubulan
Banten,Pandeglang,Menes,Alaswangi
Banten,Pandeglang,Sindangresmi,Bojongmanik
Banten,Pandeglang,Sindangresmi,Campakawarna
Banten,Pandeglang,Cikeusik,Cikadongdong
Banten,Pandeglang,Patia,Cimoyan
Banten,Pandeglang,Carita,Cinoyong
Banten,Pandeglang,Cikedal,Cipicung
Banten,Pandeglang,Cisata,Cisereh
Banten,Pandeglang,Jiput,Citaman
Banten,Pandeglang,Munjul,Curuglanglang
Banten,Pandeglang,Picung,Ganggaeng
Banten,Pandeglang,Munjul,Gunungbatu
Banten,Pandeglang,Picung,Kadubera
Banten,Pandeglang,Sindangresmi,Kadumalati
Banten,Pandeglang,Menes,Kadupayung
Banten,Pandeglang,Cikedal,Karyasari
Banten,Pandeglang,Cisata,Kondangjaya
Banten,Pandeglang,Munjul,Kotadukuh
Banten,Pandeglang,Cisata,Kubangkondang
Banten,Pandeglang,Munjul,Munjul
Banten,Pandeglang,Menes,Muruy
Banten,Pandeglang,Munjul,Panacaran
Banten,Pandeglang,Munjul,Pasanggrahan
Banten,Pandeglang,Patia,Pasirgadung
Banten,Pandeglang,Sindangresmi,Pasirlancar
Banten,Pandeglang,Picung,Pasirpanjang
Banten,Pandeglang,Jiput,Sampang Bitung
Banten,Pandeglang,Jiput,Sikulan
Banten,Pandeglang,Jiput,Sukamanah
Banten,Pandeglang,Pulosari,Sukaraja
Banten,Pandeglang,Cikedal,Tegal
Banten,Serang,Padarincang,Cibojong
Banten,Serang,Cinangka,Ranca Sanggal
Banten,Serang,Cinangka,Bantar Waru
Banten,Serang,Cinangka,Kubang Baros
Banten,Serang,Cinangka,Baros Jaya
Banten,Serang,Cinangka,Cikolelet
Banten,Serang,Cinangka,Mekarsari
Banten,Serang,Cinangka,Kamasan
Banten,Serang,Anyar,Bandulu
Banten,Serang,Anyar,Sindangkarya
Banten,Serang,Anyar,Cikoneng
Banten,Serang,Anyar,Mekarsari
Banten,Serang,Anyar,Anyar
Banten,Lebak,Wanasalam,Muara
Banten,Lebak,Wanasalam,Wanasalam
Banten,Lebak,Wanasalam,Cisarap
Banten,Lebak,Wanasalam,Parungpanjang
Banten,Lebak,Wanasalam,Katapang
Banten,Tangerang,Tangerang,Sukarasa
Banten,Tangerang,Tangerang,Sukaasih
Banten,Tangerang,Tangerang,Tanah Tinggi
Banten,Tangerang,Tangerang,Buaran Indah
Banten,Tangerang,Tangerang,Cikokol
Banten,Tangerang,Tangerang,Kelapa Indah
Banten,Tangerang,Tangerang,Sukasari
Banten,Tangerang,Tangerang,Babakan
Banten,Tangerang,Jatiuwung,Keroncong
Banten,Tangerang,Jatiuwung,Jatake
Banten,Tangerang,Jatiuwung,Pasir Jaya
Banten,Tangerang,Jatiuwung,Gandasari
Banten,Tangerang,Jatiuwung,Manis Jaya
Banten,Tangerang,Jatiuwung,Alam Jaya
Banten,Tangerang,Batuceper,Batuceper
Banten,Tangerang,Batuceper,Batujaya
Banten,Tangerang,Batuceper,Poris Gaga
Banten,Tangerang,Batuceper,Poris Gaga Baru
Banten,Tangerang,Batuceper,Kebon Besar
Banten,Tangerang,Batuceper,Batusari
Banten,Tangerang,Batuceper,Poris Jaya
Banten,Tangerang,Benda,Belendung
Banten,Tangerang,Benda,Jurumudi
Banten,Tangerang,Benda,Benda
Banten,Tangerang,Benda,Pajang
Banten,Tangerang,Benda,Jurumudi Baru
Banten,Tangerang,Cipondoh,Cipondoh
Banten,Tangerang,Cipondoh,Cipondoh Makmur
Banten,Tangerang,Cipondoh,Cipondoh Indah
Banten,Tangerang,Cipondoh,Gondrong
Banten,Tangerang,Cipondoh,Kenanga
Banten,Tangerang,Cipondoh,Petir
Banten,Tangerang,Cipondoh,Ketapang
Banten,Tangerang,Cipondoh,Poris Plawad
Banten,Tangerang,Cipondoh,Poris Plawad Utara
Banten,Tangerang,Cipondoh,Poris Plawad Indah
Banten,Tangerang,Ciledug,Paninggilan
Banten,Tangerang,Ciledug,Sudimara Barat
Banten,Tangerang,Ciledug,Sudimara Timur
Banten,Tangerang,Ciledug,Tajur
Banten,Tangerang,Ciledug,Parung Serab
Banten,Tangerang,Ciledug,Sudimara Jaya
Banten,Tangerang,Ciledug,Sudimara Selatan
Banten,Tangerang,Ciledug,Paninggilan Utara
Banten,Tangerang,Karawaci,Karawaci
Banten,Tangerang,Karawaci,Bojong Jaya
Banten,Tangerang,Karawaci,Karawaci Baru
Banten,Tangerang,Karawaci,Nusa Jaya
Banten,Tangerang,Karawaci,Cimone
Banten,Tangerang,Karawaci,Cimone Jaya
Banten,Tangerang,Karawaci,Pabuaran
Banten,Tangerang,Karawaci,Sumur Pacing
Banten,Tangerang,Karawaci,Bugel
Banten,Tangerang,Karawaci,Margasari
Banten,Tangerang,Karawaci,Pabuaran Tumpeng
Banten,Tangerang,Karawaci,Nambo Jaya
Banten,Tangerang,Karawaci,Gerendeng
Banten,Tangerang,Karawaci,Sukajadi
Banten,Tangerang,Karawaci,Pasar Baru
Banten,Tangerang,Karawaci,Koang Jaya
Banten,Tangerang,Periuk,Periuk
Banten,Tangerang,Periuk,Gembor
Banten,Tangerang,Periuk,Gebang Raya
Banten,Tangerang,Periuk,Sangiang Jaya
Banten,Tangerang,Periuk,Periuk Jaya
Banten,Tangerang,Cibodas,Cibodas
Banten,Tangerang,Cibodas,Cibodasari
Banten,Tangerang,Cibodas,Cibodas Baru
Banten,Tangerang,Cibodas,Panunggangan Barat
Banten,Tangerang,Cibodas,Uwung Jaya
Banten,Tangerang,Cibodas,Jatiuwung
Banten,Tangerang,Neglasari,Neglasari
Banten,Tangerang,Neglasari,Karang Sari
Banten,Tangerang,Neglasari,Selapajang Jaya
Banten,Tangerang,Neglasari,Kedaung Wetan
Banten,Tangerang,Neglasari,Mekarsari
Banten,Tangerang,Neglasari,Karang Anyar
Banten,Tangerang,Neglasari,Kedaung Baru
Banten,Tangerang,Pinang,Pinang
Banten,Tangerang,Pinang,Sudimara Pinang
Banten,Tangerang,Pinang,Nerogtog
Banten,Tangerang,Pinang,Kunciran
Banten,Tangerang,Pinang,Kunciran Indah
Banten,Tangerang,Pinang,Kunciran Jaya
Banten,Tangerang,Pinang,Cipete
Banten,Tangerang,Pinang,Pakojan
Banten,Tangerang,Pinang,Panunggangan
Banten,Tangerang,Pinang,Panunggangan Utara
Banten,Tangerang,Pinang,Panunggangan Timur
Banten,Tangerang,Karang Tengah,Karang Tengah
Banten,Tangerang,Karang Tengah,Karang Mulya
Banten,Tangerang,Karang Tengah,Pondok Bahar
Banten,Tangerang,Karang Tengah,Pondok Pucung
Banten,Tangerang,Karang Tengah,Karang Timur
Banten,Tangerang,Karang Tengah,Pedurenan
Banten,Tangerang,Karang Tengah,Parung Jaya
Banten,Tangerang,Larangan,Larangan Utara
Banten,Tangerang,Larangan,Larangan Selatan
Banten,Tangerang,Larangan,Cipadu
Banten,Tangerang,Larangan,Kreo
Banten,Tangerang,Larangan,Larangan Indah
Banten,Tangerang,Larangan,Gaga
Banten,Tangerang,Larangan,Cipadu Jaya
Banten,Tangerang,Larangan,Kreo Selatan
Daerah Istimewa Yogyakarta,Bantul,Sedayu,Argodadi
Daerah Istimewa Yogyakarta,Bantul,Sedayu,Argomulyo
Daerah Istimewa Yogyakarta,Bantul,Sedayu,Argorejo
Daerah Istimewa Yogyakarta,Bantul,Sedayu,Argosari
Daerah Istimewa Yogyakarta,Yogyakarta,Gondokusuman,Baciro
Daerah Istimewa Yogyakarta,Kulon Progo,Galur,Banaran
Daerah Istimewa Yogyakarta,Kulon Progo,Sentolo,Banguncipto
Daerah Istimewa Yogyakarta,Bantul,Sewon,Bangunharjo
Daerah Istimewa Yogyakarta,Bantul,Kasihan,Bangunjiwo
Daerah Istimewa Yogyakarta,Bantul,Banguntapan,Banguntapan
Daerah Istimewa Yogyakarta,Kulon Progo,Kalibawang,Banjararum
Daerah Istimewa Yogyakarta,Kulon Progo,Kalibawang,Banjarasri
Daerah Istimewa Yogyakarta,Kulon Progo,Kalibawang,Banjarharjo
Daerah Istimewa Yogyakarta,Kulon Progo,Kalibawang,Banjaroyo
Daerah Istimewa Yogyakarta,Kulon Progo,Samigaluh,Banjarsari
Daerah Istimewa Yogyakarta,Bantul,Bantul,Bantul
Daerah Istimewa Yogyakarta,Kulon Progo,Nanggulan,Banyuroto
Daerah Istimewa Yogyakarta,Bantul,Banguntapan,Baturetno
Daerah Istimewa Yogyakarta,Yogyakarta,Danurejan,Bausasran
Daerah Istimewa Yogyakarta,Bantul,Pleret,Bawuran
Daerah Istimewa Yogyakarta,Kulon Progo,Wates,Bendungan
Daerah Istimewa Yogyakarta,Yogyakarta,Tegalrejo,Bener
Daerah Istimewa Yogyakarta,Kulon Progo,Panjatan,Bojong
Daerah Istimewa Yogyakarta,Yogyakarta,Mergangsan,Brontokusuman
Daerah Istimewa Yogyakarta,Kulon Progo,Galur,Brosot
Daerah Istimewa Yogyakarta,Kulon Progo,Panjatan,Bugel
Daerah Istimewa Yogyakarta,Yogyakarta,Jetis,Bumijo
Daerah Istimewa Yogyakarta,Kulon Progo,Lendah,Bumirejo
Daerah Istimewa Yogyakarta,Bantul,Jetis,Canden
Daerah Istimewa Yogyakarta,Bantul,Pandak,Caturharjo
Daerah Istimewa Yogyakarta,Kulon Progo,Panjatan,Cerme
Daerah Istimewa Yogyakarta,Yogyakarta,Jetis,Cokrodiningratan
Daerah Istimewa Yogyakarta,Yogyakarta,Gondokusuman,Demangan
Daerah Istimewa Yogyakarta,Kulon Progo,Sentolo,Demangrejo
Daerah Istimewa Yogyakarta,Kulon Progo,Temon,Demen
Daerah Istimewa Yogyakarta,Kulon Progo,Panjatan,Depok
Daerah Istimewa Yogyakarta,Bantul,Dlingo,Dlingo
Daerah Istimewa Yogyakarta,Kulon Progo,Nanggulan,Donomulyo
Daerah Istimewa Yogyakarta,Bantul,Kretek,Donotirto
Daerah Istimewa Yogyakarta,Bantul,Sanden,Gadingharjo
Daerah Istimewa Yogyakarta,Bantul,Sanden,Gadingsari
Daerah Istimewa Yogyakarta,Kulon Progo,Panjatan,Garongan
Daerah Istimewa Yogyakarta,Yogyakarta,Mantrijeron,Gedongkiwo
Daerah Istimewa Yogyakarta,Kulon Progo,Samigaluh,Gerbosari
Daerah Istimewa Yogyakarta,Bantul,Pandak,Gilangharjo
Daerah Istimewa Yogyakarta,Kulon Progo,Wates,Giripeni
Daerah Istimewa Yogyakarta,Kulon Progo,Girimulyo,Giripurwo
Daerah Istimewa Yogyakarta,Bantul,Imogiri,Girirejo
Daerah Istimewa Yogyakarta,Yogyakarta,Umbulharjo,Giwangan
Daerah Istimewa Yogyakarta,Kulon Progo,Temon,Glagah
Daerah Istimewa Yogyakarta,Kulon Progo,Panjatan,Gotakan
Daerah Istimewa Yogyakarta,Yogyakarta,Jetis,Gowongan
Daerah Istimewa Yogyakarta,Kulon Progo,Lendah,Gulurejo
Daerah Istimewa Yogyakarta,Yogyakarta,Pakualaman,Gunungketur
Daerah Istimewa Yogyakarta,Bantul,Pajangan,Guwosari
Daerah Istimewa Yogyakarta,Kulon Progo,Kokap,Hargomulyo
Daerah Istimewa Yogyakarta,Kulon Progo,Kokap,Hargorejo
Daerah Istimewa Yogyakarta,Kulon Progo,Kokap,Hargotirto
Daerah Istimewa Yogyakarta,Kulon Progo,Kokap,Hargowilis
Daerah Istimewa Yogyakarta,Bantul,Imogiri,Imogiri
Daerah Istimewa Yogyakarta,Bantul,Banguntapan,Jagalan
Daerah Istimewa Yogyakarta,Bantul,Banguntapan,Jambidan
Daerah Istimewa Yogyakarta,Kulon Progo,Temon,Jangkaran
Daerah Istimewa Yogyakarta,Kulon Progo,Temon,Janten
Daerah Istimewa Yogyakarta,Kulon Progo,Girimulyo,Jatimulyo
Daerah Istimewa Yogyakarta,Bantul,Dlingo,Jatimulyo
Daerah Istimewa Yogyakarta,Kulon Progo,Lendah,Jatirejo
Daerah Istimewa Yogyakarta,Kulon Progo,Nanggulan,Jatisarono
Daerah Istimewa Yogyakarta,Yogyakarta,Kraton,Kadipaten
Daerah Istimewa Yogyakarta,Kulon Progo,Sentolo,Kaliagung
Daerah Istimewa Yogyakarta,Kulon Progo,Temon,Kalidengen
Daerah Istimewa Yogyakarta,Kulon Progo,Temon,Kaligintung
Daerah Istimewa Yogyakarta,Kulon Progo,Kokap,Kalirejo
Daerah Istimewa Yogyakarta,Kulon Progo,Panjatan,Kanoman
Daerah Istimewa Yogyakarta,Kulon Progo,Pengasih,Karangsari
Daerah Istimewa Yogyakarta,Kulon Progo,Galur,Karangsewu
Daerah Istimewa Yogyakarta,Bantul,Imogiri,Karangtalun
Daerah Istimewa Yogyakarta,Bantul,Imogiri,Karangtengah
Daerah Istimewa Yogyakarta,Yogyakarta,Tegalrejo,Karangwaru
Daerah Istimewa Yogyakarta,Kulon Progo,Temon,Karangwuluh
Daerah Istimewa Yogyakarta,Kulon Progo,Wates,Karangwuni
Daerah Istimewa Yogyakarta,Bantul,Imogiri,Kebonagung
Daerah Istimewa Yogyakarta,Kulon Progo,Samigaluh,Kebonharjo
Daerah Istimewa Yogyakarta,Kulon Progo,Temon,Kebonrejo
Daerah Istimewa Yogyakarta,Kulon Progo,Temon,Kedundang
Daerah Istimewa Yogyakarta,Kulon Progo,Pengasih,Kedungsari
Daerah Istimewa Yogyakarta,Kulon Progo,Nanggulan,Kembang
Daerah Istimewa Yogyakarta,Yogyakarta,Mergangsan,Keparakan
Daerah Istimewa Yogyakarta,Yogyakarta,Gondokusuman,Klitren
Daerah Istimewa Yogyakarta,Yogyakarta,Gondokusuman,Kotabaru
Daerah Istimewa Yogyakarta,Kulon Progo,Galur,Kranggan
Daerah Istimewa Yogyakarta,Kulon Progo,Panjatan,Krembangan
Daerah Istimewa Yogyakarta,Yogyakarta,Tegalrejo,Kricak
Daerah Istimewa Yogyakarta,Kulon Progo,Temon,Kulur
Daerah Istimewa Yogyakarta,Kulon Progo,Wates,Kulwaru
Daerah Istimewa Yogyakarta,Bantul,Dlingo,Mangunan
Daerah Istimewa Yogyakarta,Yogyakarta,Mantrijeron,Mantrijeron
Daerah Istimewa Yogyakarta,Kulon Progo,Pengasih,Margosari
Daerah Istimewa Yogyakarta,Yogyakarta,Umbulharjo,Muja Muju
Daerah Istimewa Yogyakarta,Bantul,Bambanglipuro,Mulyodadi
Daerah Istimewa Yogyakarta,Bantul,Dlingo,Muntuk
Daerah Istimewa Yogyakarta,Bantul,Sanden,Murtigading
Daerah Istimewa Yogyakarta,Yogyakarta,Ngampilan,Ngampilan
Daerah Istimewa Yogyakarta,Kulon Progo,Samigaluh,Ngargosari
Daerah Istimewa Yogyakarta,Kulon Progo,Lendah,Ngentakrejo
Daerah Istimewa Yogyakarta,Kulon Progo,Wates,Ngestiharjo
Daerah Istimewa Yogyakarta,Bantul,Kasihan,Ngestiharjo
Daerah Istimewa Yogyakarta,Yogyakarta,Gondomanan,Ngupasan
Daerah Istimewa Yogyakarta,Kulon Progo,Galur,Nomporejo
Daerah Istimewa Yogyakarta,Yogyakarta,Ngampilan,Notoprajan
Daerah Istimewa Yogyakarta,Kulon Progo,Samigaluh,Pagerharjo
Daerah Istimewa Yogyakarta,Yogyakarta,Wirobrajan,Pakuncen
Daerah Istimewa Yogyakarta,Bantul,Bantul,Palbapang
Daerah Istimewa Yogyakarta,Kulon Progo,Temon,Palihan
Daerah Istimewa Yogyakarta,Yogyakarta,Umbulharjo,Pandeyan
Daerah Istimewa Yogyakarta,Kulon Progo,Galur,Pandowan
Daerah Istimewa Yogyakarta,Yogyakarta,Kraton,Panembahan
Daerah Istimewa Yogyakarta,Bantul,Sewon,Panggungharjo
Daerah Istimewa Yogyakarta,Bantul,Pundong,Panjangrejo
Daerah Istimewa Yogyakarta,Kulon Progo,Panjatan,Panjatan
Daerah Istimewa Yogyakarta,Bantul,Kretek,Parangtritis
Daerah Istimewa Yogyakarta,Bantul,Jetis,Patalan
Daerah Istimewa Yogyakarta,Yogyakarta,Wirobrajan,Patangpuluhan
Daerah Istimewa Yogyakarta,Yogyakarta,Kraton,Patehan
Daerah Istimewa Yogyakarta,Bantul,Sewon,Pendowoharjo
Daerah Istimewa Yogyakarta,Kulon Progo,Girimulyo,Pendoworejo
Daerah Istimewa Yogyakarta,Kulon Progo,Pengasih,Pengasih
Daerah Istimewa Yogyakarta,Kulon Progo,Panjatan,Pleret
Daerah Istimewa Yogyakarta,Bantul,Pleret,Pleret
Daerah Istimewa Yogyakarta,Kulon Progo,Temon,Plumbon
Daerah Istimewa Yogyakarta,Bantul,Srandakan,Poncosari
Daerah Istimewa Yogyakarta,Bantul,Banguntapan,Potorono
Daerah Istimewa Yogyakarta,Yogyakarta,Gondomanan,Prawirodirjan
Daerah Istimewa Yogyakarta,Yogyakarta,Kotagede,Prenggan
Daerah Istimewa Yogyakarta,Yogyakarta,Gedongtengen,Pringgokusuman
Daerah Istimewa Yogyakarta,Yogyakarta,Kotagede,Purbayan
Daerah Istimewa Yogyakarta,Kulon Progo,Samigaluh,Purwoharjo
Daerah Istimewa Yogyakarta,Yogyakarta,Pakualaman,Purwokinanti
Daerah Istimewa Yogyakarta,Kulon Progo,Girimulyo,Purwosari
Daerah Istimewa Yogyakarta,Yogyakarta,Kotagede,Rejowinangun
Daerah Istimewa Yogyakarta,Bantul,Bantul,Ringinharjo
Daerah Istimewa Yogyakarta,Bantul,Bantul,Sabdodadi
Daerah Istimewa Yogyakarta,Kulon Progo,Sentolo,Salamrejo
Daerah Istimewa Yogyakarta,Bantul,Pleret,Segoroyoso
Daerah Istimewa Yogyakarta,Bantul,Pundong,Seloharjo
Daerah Istimewa Yogyakarta,Bantul,Imogiri,Selopamioro
Daerah Istimewa Yogyakarta,Yogyakarta,Umbulharjo,Semaki
Daerah Istimewa Yogyakarta,Kulon Progo,Pengasih,Sendangsari
Daerah Istimewa Yogyakarta,Bantul,Pajangan,Sendangsari
Daerah Istimewa Yogyakarta,Kulon Progo,Sentolo,Sentolo
Daerah Istimewa Yogyakarta,Kulon Progo,Samigaluh,Sidoharjo
Daerah Istimewa Yogyakarta,Kulon Progo,Pengasih,Sidomulyo
Daerah Istimewa Yogyakarta,Bantul,Bambanglipuro,Sidomulyo
Daerah Istimewa Yogyakarta,Kulon Progo,Lendah,Sidorejo
Daerah Istimewa Yogyakarta,Kulon Progo,Temon,Sindutan
Daerah Istimewa Yogyakarta,Bantul,Banguntapan,Singosaren
Daerah Istimewa Yogyakarta,Bantul,Piyungan,Sitimulyo
Daerah Istimewa Yogyakarta,Kulon Progo,Wates,Sogan
Daerah Istimewa Yogyakarta,Yogyakarta,Umbulharjo,Sorosutan
Daerah Istimewa Yogyakarta,Yogyakarta,Gedongtengen,Sosromenduran
Daerah Istimewa Yogyakarta,Bantul,Sanden,Srigading
Daerah Istimewa Yogyakarta,Bantul,Pundong,Srihardono
Daerah Istimewa Yogyakarta,Bantul,Imogiri,Sriharjo
Daerah Istimewa Yogyakarta,Kulon Progo,Sentolo,Srikayangan
Daerah Istimewa Yogyakarta,Bantul,Piyungan,Srimartani
Daerah Istimewa Yogyakarta,Bantul,Piyungan,Srimulyo
Daerah Istimewa Yogyakarta,Kulon Progo,Sentolo,Sukoreno
Daerah Istimewa Yogyakarta,Bantul,Jetis,Sumberagung
Daerah Istimewa Yogyakarta,Bantul,Bambanglipuro,Sumbermulyo
Daerah Istimewa Yogyakarta,Yogyakarta,Danurejan,Suryatmajan
Daerah Istimewa Yogyakarta,Yogyakarta,Mantrijeron,Suryodiningratan
Daerah Istimewa Yogyakarta,Yogyakarta,Umbulharjo,Tahunan
Daerah Istimewa Yogyakarta,Bantul,Banguntapan,Tamanan
Daerah Istimewa Yogyakarta,Bantul,Kasihan,Tamantirto
Daerah Istimewa Yogyakarta,Kulon Progo,Nanggulan,Tanjungharjo
Daerah Istimewa Yogyakarta,Kulon Progo,Pengasih,Tawangsari
Daerah Istimewa Yogyakarta,Kulon Progo,Panjatan,Tayuban
Daerah Istimewa Yogyakarta,Yogyakarta,Danurejan,Tegalpanggung
Daerah Istimewa Yogyakarta,Yogyakarta,Tegalrejo,Tegalrejo
Daerah Istimewa Yogyakarta,Kulon Progo,Temon,Temon Kulon
Daerah Istimewa Yogyakarta,Kulon Progo,Temon,Temon Wetan
Daerah Istimewa Yogyakarta,Bantul,Dlingo,Temuwuh
Daerah Istimewa Yogyakarta,Yogyakarta,Gondokusuman,Terban
Daerah Istimewa Yogyakarta,Bantul,Dlingo,Terong
Daerah Istimewa Yogyakarta,Bantul,Sewon,Timbulharjo
Daerah Istimewa Yogyakarta,Bantul,Kretek,Tirtohargo
Daerah Istimewa Yogyakarta,Bantul,Kretek,Tirtomulyo
Daerah Istimewa Yogyakarta,Bantul,Kasihan,Tirtonirmolo
Daerah Istimewa Yogyakarta,Kulon Progo,Galur,Tirtorahayu
Daerah Istimewa Yogyakarta,Bantul,Kretek,Tirtosari
Daerah Istimewa Yogyakarta,Kulon Progo,Wates,Triharjo
Daerah Istimewa Yogyakarta,Bantul,Pandak,Triharjo
Daerah Istimewa Yogyakarta,Bantul,Jetis,Trimulyo
Daerah Istimewa Yogyakarta,Bantul,Srandakan,Trimurti
Daerah Istimewa Yogyakarta,Bantul,Bantul,Trirenggo
Daerah Istimewa Yogyakarta,Bantul,Pajangan,Triwidadi
Daerah Istimewa Yogyakarta,Kulon Progo,Sentolo,Tuksono
Daerah Istimewa Yogyakarta,Kulon Progo,Lendah,Wahyuharjo
Daerah Istimewa Yogyakarta,Yogyakarta,Umbulharjo,Warungboto
Daerah Istimewa Yogyakarta,Kulon Progo,Wates,Wates
Daerah Istimewa Yogyakarta,Kulon Progo,Nanggulan,Wijimulyo
Daerah Istimewa Yogyakarta,Bantul,Pandak,Wijirejo
Daerah Istimewa Yogyakarta,Yogyakarta,Wirobrajan,Wirobrajan
Daerah Istimewa Yogyakarta,Yogyakarta,Mergangsan,Wirogunan
Daerah Istimewa Yogyakarta,Bantul,Banguntapan,Wirokerten
Daerah Istimewa Yogyakarta,Bantul,Pleret,Wonokromo
Daerah Istimewa Yogyakarta,Bantul,Pleret,Wonolelo
Daerah Istimewa Yogyakarta,Bantul,Imogiri,Wukirsari
Daerah Istimewa Yogyakarta,Sleman,Gamping,Ambarketawang
Daerah Istimewa Yogyakarta,Sleman,Cangkringan,Argomulyo
Daerah Istimewa Yogyakarta,Sleman,Gamping,Balecatur
Daerah Istimewa Yogyakarta,Gunungkidul,Wonosari,Baleharjo
Daerah Istimewa Yogyakarta,Gunungkidul,Playen,Banaran
Daerah Istimewa Yogyakarta,Gunungkidul,Playen,Bandung
Daerah Istimewa Yogyakarta,Sleman,Turi,Bangunkerto
Daerah Istimewa Yogyakarta,Gunungkidul,Tanjungsari,Banjarejo
Daerah Istimewa Yogyakarta,Sleman,Gamping,Banyuraden
Daerah Istimewa Yogyakarta,Sleman,Tempel,Banyurejo
Daerah Istimewa Yogyakarta,Gunungkidul,Playen,Banyusoco
Daerah Istimewa Yogyakarta,Gunungkidul,Patuk,Beji
Daerah Istimewa Yogyakarta,Gunungkidul,Karangmojo,Bejiharjo
Daerah Istimewa Yogyakarta,Gunungkidul,Karangmojo,Bendungan
Daerah Istimewa Yogyakarta,Sleman,Ngemplak,Bimomartani
Daerah Istimewa Yogyakarta,Gunungkidul,Playen,Bleberan
Daerah Istimewa Yogyakarta,Sleman,Prambanan,Bokoharjo
Daerah Istimewa Yogyakarta,Gunungkidul,Patuk,Bunder
Daerah Istimewa Yogyakarta,Sleman,Pakem,Candibinangun
Daerah Istimewa Yogyakarta,Sleman,Sleman,Caturharjo
Daerah Istimewa Yogyakarta,Sleman,Depok,Caturtunggal
Daerah Istimewa Yogyakarta,Sleman,Depok,Condongcatur
Daerah Istimewa Yogyakarta,Gunungkidul,Playen,Dengok
Daerah Istimewa Yogyakarta,Sleman,Ngaglik,Donoharjo
Daerah Istimewa Yogyakarta,Sleman,Turi,Donokerto
Daerah Istimewa Yogyakarta,Gunungkidul,Wonosari,Duwet
Daerah Istimewa Yogyakarta,Gunungkidul,Playen,Gading
Daerah Istimewa Yogyakarta,Gunungkidul,Wonosari,Gari
Daerah Istimewa Yogyakarta,Sleman,Prambanan,Gayamharjo
Daerah Istimewa Yogyakarta,Gunungkidul,Playen,Getas
Daerah Istimewa Yogyakarta,Gunungkidul,Purwosari,Giriasih
Daerah Istimewa Yogyakarta,Gunungkidul,Purwosari,Giricahyo
Daerah Istimewa Yogyakarta,Gunungkidul,Panggang,Giriharjo
Daerah Istimewa Yogyakarta,Gunungkidul,Panggang,Girikarto
Daerah Istimewa Yogyakarta,Sleman,Turi,Girikerto
Daerah Istimewa Yogyakarta,Gunungkidul,Panggang,Girimulyo
Daerah Istimewa Yogyakarta,Gunungkidul,Paliyan,Giring
Daerah Istimewa Yogyakarta,Gunungkidul,Purwosari,Giripurwo
Daerah Istimewa Yogyakarta,Gunungkidul,Panggang,Girisekar
Daerah Istimewa Yogyakarta,Gunungkidul,Panggang,Girisuko
Daerah Istimewa Yogyakarta,Gunungkidul,Purwosari,Giritirto
Daerah Istimewa Yogyakarta,Gunungkidul,Panggang,Giriwungu
Daerah Istimewa Yogyakarta,Sleman,Cangkringan,Glagaharjo
Daerah Istimewa Yogyakarta,Gunungkidul,Paliyan,Grogol
Daerah Istimewa Yogyakarta,Sleman,Pakem,Hargobinangun
Daerah Istimewa Yogyakarta,Gunungkidul,Gedangsari,Hargomulyo
Daerah Istimewa Yogyakarta,Gunungkidul,Tanjungsari,Hargosari
Daerah Istimewa Yogyakarta,Sleman,Pakem,Harjobinangun
Daerah Istimewa Yogyakarta,Gunungkidul,Saptosari,Jetis
Daerah Istimewa Yogyakarta,Sleman,Berbah,Jogotirto
Daerah Istimewa Yogyakarta,Sleman,Berbah,Kalitirto
Daerah Istimewa Yogyakarta,Gunungkidul,Saptosari,Kanigoro
Daerah Istimewa Yogyakarta,Gunungkidul,Paliyan,Karangasem
Daerah Istimewa Yogyakarta,Gunungkidul,Paliyan,Karangduwet
Daerah Istimewa Yogyakarta,Gunungkidul,Wonosari,Karangrejek
Daerah Istimewa Yogyakarta,Gunungkidul,Wonosari,Karangtengah
Daerah Istimewa Yogyakarta,Gunungkidul,Nglipar,Kedungkeris
Daerah Istimewa Yogyakarta,Gunungkidul,Karangmojo,Kelor
Daerah Istimewa Yogyakarta,Gunungkidul,Tanjungsari,Kemadang
Daerah Istimewa Yogyakarta,Gunungkidul,Tanjungsari,Kemiri
Daerah Istimewa Yogyakarta,Gunungkidul,Wonosari,Kepek
Daerah Istimewa Yogyakarta,Gunungkidul,Saptosari,Kepek
Daerah Istimewa Yogyakarta,Sleman,Cangkringan,Kepuharjo
Daerah Istimewa Yogyakarta,Gunungkidul,Saptosari,Krambilsawit
Daerah Istimewa Yogyakarta,Gunungkidul,Playen,Logandeng
Daerah Istimewa Yogyakarta,Sleman,Tempel,Lumbungrejo
Daerah Istimewa Yogyakarta,Sleman,Prambanan,Madurejo
Daerah Istimewa Yogyakarta,Sleman,Depok,Maguwoharjo
Daerah Istimewa Yogyakarta,Sleman,Seyegan,Margoagung
Daerah Istimewa Yogyakarta,Sleman,Seyegan,Margodadi
Daerah Istimewa Yogyakarta,Sleman,Seyegan,Margokaton
Daerah Istimewa Yogyakarta,Sleman,Seyegan,Margoluwih
Daerah Istimewa Yogyakarta,Sleman,Seyegan,Margomulyo
Daerah Istimewa Yogyakarta,Sleman,Tempel,Margorejo
Daerah Istimewa Yogyakarta,Sleman,Tempel,Merdikorejo
Daerah Istimewa Yogyakarta,Gunungkidul,Gedangsari,Mertelu
Daerah Istimewa Yogyakarta,Sleman,Ngaglik,Minomartani
Daerah Istimewa Yogyakarta,Gunungkidul,Saptosari,Monggol
Daerah Istimewa Yogyakarta,Sleman,Tempel,Mororejo
Daerah Istimewa Yogyakarta,Gunungkidul,Wonosari,Mulo
Daerah Istimewa Yogyakarta,Gunungkidul,Paliyan,Mulusan
Daerah Istimewa Yogyakarta,Gunungkidul,Nglipar,Natah
Daerah Istimewa Yogyakarta,Gunungkidul,Gedangsari,Ngalang
Daerah Istimewa Yogyakarta,Gunungkidul,Karangmojo,Ngawis
Daerah Istimewa Yogyakarta,Gunungkidul,Playen,Ngawu
Daerah Istimewa Yogyakarta,Gunungkidul,Tanjungsari,Ngestirejo
Daerah Istimewa Yogyakarta,Gunungkidul,Patuk,Nglanggeran
Daerah Istimewa Yogyakarta,Gunungkidul,Patuk,Nglegi
Daerah Istimewa Yogyakarta,Gunungkidul,Playen,Ngleri
Daerah Istimewa Yogyakarta,Gunungkidul,Nglipar,Nglipar
Daerah Istimewa Yogyakarta,Gunungkidul,Saptosari,Ngloro
Daerah Istimewa Yogyakarta,Gunungkidul,Patuk,Ngoro-oro
Daerah Istimewa Yogyakarta,Gunungkidul,Playen,Ngunut
Daerah Istimewa Yogyakarta,Sleman,Gamping,Nogotirto
Daerah Istimewa Yogyakarta,Gunungkidul,Semanu,Pacarejo
Daerah Istimewa Yogyakarta,Sleman,Pakem,Pakembinangun
Daerah Istimewa Yogyakarta,Gunungkidul,Paliyan,Pampang
Daerah Istimewa Yogyakarta,Sleman,Sleman,Pandowoharjo
Daerah Istimewa Yogyakarta,Gunungkidul,Patuk,Patuk
Daerah Istimewa Yogyakarta,Gunungkidul,Patuk,Pengkok
Daerah Istimewa Yogyakarta,Gunungkidul,Nglipar,Pengkol
Daerah Istimewa Yogyakarta,Gunungkidul,Nglipar,Pilangrejo
Daerah Istimewa Yogyakarta,Gunungkidul,Wonosari,Piyaman
Daerah Istimewa Yogyakarta,Gunungkidul,Saptosari,Planjan
Daerah Istimewa Yogyakarta,Gunungkidul,Playen,Playen
Daerah Istimewa Yogyakarta,Gunungkidul,Playen,Plembutan
Daerah Istimewa Yogyakarta,Sleman,Tempel,Pondokrejo
Daerah Istimewa Yogyakarta,Gunungkidul,Wonosari,Pulutan
Daerah Istimewa Yogyakarta,Sleman,Pakem,Purwobinangun
Daerah Istimewa Yogyakarta,Sleman,Kalasan,Purwomartani
Daerah Istimewa Yogyakarta,Gunungkidul,Patuk,Putat
Daerah Istimewa Yogyakarta,Gunungkidul,Patuk,Salam
Daerah Istimewa Yogyakarta,Sleman,Prambanan,Sambirejo
Daerah Istimewa Yogyakarta,Gunungkidul,Gedangsari,Sampang
Daerah Istimewa Yogyakarta,Sleman,Ngaglik,Sardonoharjo
Daerah Istimewa Yogyakarta,Sleman,Ngaglik,Sariharjo
Daerah Istimewa Yogyakarta,Gunungkidul,Wonosari,Selang
Daerah Istimewa Yogyakarta,Sleman,Kalasan,Selomartani
Daerah Istimewa Yogyakarta,Gunungkidul,Semanu,Semanu
Daerah Istimewa Yogyakarta,Gunungkidul,Patuk,Semoyo
Daerah Istimewa Yogyakarta,Sleman,Mlati,Sendangadi
Daerah Istimewa Yogyakarta,Sleman,Minggir,Sendangagung
Daerah Istimewa Yogyakarta,Sleman,Minggir,Sendangarum
Daerah Istimewa Yogyakarta,Sleman,Minggir,Sendangmulyo
Daerah Istimewa Yogyakarta,Sleman,Minggir,Sendangrejo
Daerah Istimewa Yogyakarta,Sleman,Minggir,Sendangsari
Daerah Istimewa Yogyakarta,Sleman,Berbah,Sendangtirto
Daerah Istimewa Yogyakarta,Gunungkidul,Gedangsari,Serut
Daerah Istimewa Yogyakarta,Sleman,Godean,Sidoagung
Daerah Istimewa Yogyakarta,Sleman,Godean,Sidoarum
Daerah Istimewa Yogyakarta,Gunungkidul,Tepus,Sidoharjo
Daerah Istimewa Yogyakarta,Sleman,Godean,Sidokarto
Daerah Istimewa Yogyakarta,Sleman,Godean,Sidoluhur
Daerah Istimewa Yogyakarta,Sleman,Godean,Sidomoyo
Daerah Istimewa Yogyakarta,Sleman,Godean,Sidomulyo
Daerah Istimewa Yogyakarta,Sleman,Godean,Sidorejo
Daerah Istimewa Yogyakarta,Sleman,Mlati,Sinduadi
Daerah Istimewa Yogyakarta,Sleman,Ngaglik,Sinduharjo
Daerah Istimewa Yogyakarta,Sleman,Ngemplak,Sindumartani
Daerah Istimewa Yogyakarta,Gunungkidul,Wonosari,Siraman
Daerah Istimewa Yogyakarta,Gunungkidul,Paliyan,Sodo
Daerah Istimewa Yogyakarta,Sleman,Ngaglik,Sukoharjo
Daerah Istimewa Yogyakarta,Sleman,Mlati,Sumberadi
Daerah Istimewa Yogyakarta,Sleman,Moyudan,Sumberagung
Daerah Istimewa Yogyakarta,Sleman,Moyudan,Sumberarum
Daerah Istimewa Yogyakarta,Sleman,Prambanan,Sumberharjo
Daerah Istimewa Yogyakarta,Sleman,Moyudan,Sumberrahayu
Daerah Istimewa Yogyakarta,Sleman,Tempel,Sumberrejo
Daerah Istimewa Yogyakarta,Sleman,Moyudan,Sumbersari
Daerah Istimewa Yogyakarta,Gunungkidul,Tepus,Sumberwungu
Daerah Istimewa Yogyakarta,Sleman,Kalasan,Tamanmartani
Daerah Istimewa Yogyakarta,Sleman,Tempel,Tambakrejo
Daerah Istimewa Yogyakarta,Gunungkidul,Gedangsari,Tegalrejo
Daerah Istimewa Yogyakarta,Sleman,Berbah,Tegaltirto
Daerah Istimewa Yogyakarta,Gunungkidul,Tepus,Tepus
Daerah Istimewa Yogyakarta,Gunungkidul,Patuk,Terbah
Daerah Istimewa Yogyakarta,Sleman,Mlati,Tirtoadi
Daerah Istimewa Yogyakarta,Sleman,Kalasan,Tirtomartani
Daerah Istimewa Yogyakarta,Sleman,Mlati,Tlogoadi
Daerah Istimewa Yogyakarta,Sleman,Sleman,Tridadi
Daerah Istimewa Yogyakarta,Sleman,Gamping,Trihanggo
Daerah Istimewa Yogyakarta,Sleman,Sleman,Triharjo
Daerah Istimewa Yogyakarta,Sleman,Sleman,Trimulyo
Daerah Istimewa Yogyakarta,Sleman,Cangkringan,Umbulharjo
Daerah Istimewa Yogyakarta,Sleman,Ngemplak,Umbulmartani
Daerah Istimewa Yogyakarta,Gunungkidul,Wonosari,Wareng
Daerah Istimewa Yogyakarta,Gunungkidul,Gedangsari,Watugajah
Daerah Istimewa Yogyakarta,Sleman,Ngemplak,Wedomartani
Daerah Istimewa Yogyakarta,Sleman,Ngemplak,Widodomartani
Daerah Istimewa Yogyakarta,Gunungkidul,Karangmojo,Wiladeg
Daerah Istimewa Yogyakarta,Sleman,Turi,Wonokerto
Daerah Istimewa Yogyakarta,Gunungkidul,Wonosari,Wonosari
Daerah Istimewa Yogyakarta,Sleman,Prambanan,Wukirharjo
Daerah Istimewa Yogyakarta,Sleman,Cangkringan,Wukirsari
Daerah Istimewa Yogyakarta,Gunungkidul,Wonosari,Wunung
Daerah Istimewa Yogyakarta,Gunungkidul,Purwosari,Girijati
Daerah Istimewa Yogyakarta,Gunungkidul,Girisubo,Balong
Daerah Istimewa Yogyakarta,Gunungkidul,Ponjong,Bedoyo
Daerah Istimewa Yogyakarta,Gunungkidul,Semin,Bendung
Daerah Istimewa Yogyakarta,Gunungkidul,Rongkop,Bohol
Daerah Istimewa Yogyakarta,Gunungkidul,Rongkop,Botodayaan
Daerah Istimewa Yogyakarta,Gunungkidul,Semin,Bulurejo
Daerah Istimewa Yogyakarta,Gunungkidul,Semin,Candirejo
Daerah Istimewa Yogyakarta,Gunungkidul,Ponjong,Genjahan
Daerah Istimewa Yogyakarta,Gunungkidul,Girisubo,Jepitu
Daerah Istimewa Yogyakarta,Gunungkidul,Girisubo,Jerukwudel
Daerah Istimewa Yogyakarta,Gunungkidul,Semin,Kalitekuk
Daerah Istimewa Yogyakarta,Gunungkidul,Ponjong,Karangasem
Daerah Istimewa Yogyakarta,Gunungkidul,Girisubo,Karangawen
Daerah Istimewa Yogyakarta,Gunungkidul,Semin,Karangsari
Daerah Istimewa Yogyakarta,Gunungkidul,Rongkop,Karangwuni
Daerah Istimewa Yogyakarta,Gunungkidul,Semin,Kemejing
Daerah Istimewa Yogyakarta,Gunungkidul,Ponjong,Kenteng
Daerah Istimewa Yogyakarta,Gunungkidul,Rongkop,Melikan
Daerah Istimewa Yogyakarta,Gunungkidul,Girisubo,Nglindur
Daerah Istimewa Yogyakarta,Gunungkidul,Rongkop,Petir
Daerah Istimewa Yogyakarta,Gunungkidul,Ponjong,Ponjong
Daerah Istimewa Yogyakarta,Gunungkidul,Rongkop,Pringombo
Daerah Istimewa Yogyakarta,Gunungkidul,Rongkop,Pucanganom
Daerah Istimewa Yogyakarta,Gunungkidul,Girisubo,Pucung
Daerah Istimewa Yogyakarta,Gunungkidul,Semin,Pundungsari
Daerah Istimewa Yogyakarta,Gunungkidul,Semin,Rejosari
Daerah Istimewa Yogyakarta,Gunungkidul,Ngawen,Sambirejo
Daerah Istimewa Yogyakarta,Gunungkidul,Ponjong,Sawahan
Daerah Istimewa Yogyakarta,Gunungkidul,Semin,Semin
Daerah Istimewa Yogyakarta,Gunungkidul,Rongkop,Semugih
Daerah Istimewa Yogyakarta,Gunungkidul,Girisubo,Songbanyu
Daerah Istimewa Yogyakarta,Gunungkidul,Semin,Sumberejo
Daerah Istimewa Yogyakarta,Gunungkidul,Ponjong,Sumbergiri
Daerah Istimewa Yogyakarta,Gunungkidul,Ponjong,Tambakromo
Daerah Istimewa Yogyakarta,Gunungkidul,Girisubo,Tileng
Daerah Istimewa Yogyakarta,Gunungkidul,Ponjong,Umbulrejo
Daerah Istimewa Yogyakarta,Gunungkidul,Ngawen,Beji
Daerah Istimewa Yogyakarta,Gunungkidul,Semanu,Candirejo
Daerah Istimewa Yogyakarta,Gunungkidul,Semanu,Dadapayu
Daerah Istimewa Yogyakarta,Gunungkidul,Karangmojo,Gedangrejo
Daerah Istimewa Yogyakarta,Gunungkidul,Tepus,Giripanggung
Daerah Istimewa Yogyakarta,Gunungkidul,Ponjong,Gombang
Daerah Istimewa Yogyakarta,Gunungkidul,Karangmojo,Jatiayu
Daerah Istimewa Yogyakarta,Gunungkidul,Ngawen,Jurangjero
Daerah Istimewa Yogyakarta,Gunungkidul,Ngawen,Kampung
Daerah Istimewa Yogyakarta,Gunungkidul,Karangmojo,Karangmojo
Daerah Istimewa Yogyakarta,Gunungkidul,Nglipar,Katongan
Daerah Istimewa Yogyakarta,Gunungkidul,Nglipar,Kedungpoh
Daerah Istimewa Yogyakarta,Gunungkidul,Semanu,Ngeposari
Daerah Istimewa Yogyakarta,Gunungkidul,Karangmojo,Ngipak
Daerah Istimewa Yogyakarta,Gunungkidul,Tepus,Purwodadi
Daerah Istimewa Yogyakarta,Gunungkidul,Ponjong,Sidorejo
Daerah Istimewa Yogyakarta,Gunungkidul,Ngawen,Tancep
Daerah Istimewa Yogyakarta,Gunungkidul,Ngawen,Watusigar
DKI Jakarta,Jakarta Utara,Pademangan,Ancol
DKI Jakarta,Jakarta Barat,Tambora,Angke
DKI Jakarta,Jakarta Timur,Kramatjati,Balekambang
DKI Jakarta,Jakarta Timur,Jatinegara,Bali Mester
DKI Jakarta,Jakarta Timur,Cipayung,Bambu Apus
DKI Jakarta,Jakarta Selatan,Mampang Prapatan,Bangka
DKI Jakarta,Jakarta Timur,Pasar Rebo,Baru
DKI Jakarta,Jakarta Timur,Kramatjati,Batu Ampar
DKI Jakarta,Jakarta Pusat,Tanah Abang,Bendungan Hilir
DKI Jakarta,Jakarta Timur,Jatinegara,Bidara Cina
DKI Jakarta,Jakarta Selatan,Pesanggrahan,Bintaro
DKI Jakarta,Jakarta Selatan,Tebet,Bukit Duri
DKI Jakarta,Jakarta Pusat,Senen,Bungur
DKI Jakarta,Jakarta Timur,Cakung,Cakung Barat
DKI Jakarta,Jakarta Timur,Cakung,Cakung Timur
DKI Jakarta,Jakarta Timur,Kramatjati,Cawang
DKI Jakarta,Jakarta Timur,Cipayung,Ceger
DKI Jakarta,Jakarta Pusat,Kemayoran,Cempaka Baru
DKI Jakarta,Jakarta Pusat,Cempaka Putih,Cempaka Putih Barat
DKI Jakarta,Jakarta Pusat,Cempaka Putih,Cempaka Putih Timur
DKI Jakarta,Jakarta Barat,Cengkareng,Cengkareng Barat
DKI Jakarta,Jakarta Barat,Cengkareng,Cengkareng Timur
DKI Jakarta,Jakarta Timur,Ciracas,Cibubur
DKI Jakarta,Jakarta Pusat,Gambir,Cideng
DKI Jakarta,Jakarta Selatan,Jagakarsa,Ciganjur
DKI Jakarta,Jakarta Timur,Pasar Rebo,Cijantung
DKI Jakarta,Jakarta Pusat,Menteng,Cikini
DKI Jakarta,Jakarta Selatan,Pancoran,Cikoko
DKI Jakarta,Jakarta Selatan,Cilandak,Cilandak Barat
DKI Jakarta,Jakarta Selatan,Pasar Minggu,Cilandak Timur
DKI Jakarta,Jakarta Timur,Cipayung,Cilangkap
DKI Jakarta,Jakarta Timur,Kramatjati,Cililitan
DKI Jakarta,Jakarta Utara,Cilincing,Cilincing
DKI Jakarta,Jakarta Timur,Cipayung,Cipayung
DKI Jakarta,Jakarta Selatan,Jagakarsa,Cipedak
DKI Jakarta,Jakarta Selatan,Cilandak,Cipete Selatan
DKI Jakarta,Jakarta Selatan,Kebayoran Baru,Cipete Utara
DKI Jakarta,Jakarta Timur,Pulogadung,Cipinang
DKI Jakarta,Jakarta Timur,Jatinegara,Cipinang Besar Selatan
DKI Jakarta,Jakarta Timur,Jatinegara,Cipinang Besar Utara
DKI Jakarta,Jakarta Timur,Jatinegara,Cipinang Cempedak
DKI Jakarta,Jakarta Timur,Makasar,Cipinang Melayu
DKI Jakarta,Jakarta Timur,Jatinegara,Cipinang Muara
DKI Jakarta,Jakarta Selatan,Kebayoran Lama,Cipulir
DKI Jakarta,Jakarta Timur,Ciracas,Ciracas
DKI Jakarta,Jakarta Timur,Kramatjati,Dukuh
DKI Jakarta,Jakarta Timur,Duren Sawit,Duren Sawit
DKI Jakarta,Jakarta Selatan,Pancoran,Duren Tiga
DKI Jakarta,Jakarta Barat,Kebon Jeruk,Duri Kepa
DKI Jakarta,Jakarta Barat,Cengkareng,Duri Kosambi
DKI Jakarta,Jakarta Pusat,Gambir,Duri Pulo
DKI Jakarta,Jakarta Barat,Tambora,Duri Selatan
DKI Jakarta,Jakarta Barat,Tambora,Duri Utara
DKI Jakarta,Jakarta Pusat,Johar Baru,Galur
DKI Jakarta,Jakarta Pusat,Gambir,Gambir
DKI Jakarta,Jakarta Selatan,Cilandak,Gandaria Selatan
DKI Jakarta,Jakarta Selatan,Kebayoran Baru,Gandaria Utara
DKI Jakarta,Jakarta Timur,Pasar Rebo,Gedong
DKI Jakarta,Jakarta Pusat,Tanah Abang,Gelora
DKI Jakarta,Jakarta Barat,Taman Sari,Glodok
DKI Jakarta,Jakarta Pusat,Menteng,Gondangdia
DKI Jakarta,Jakarta Barat,Grogol Petamburan,Grogol
DKI Jakarta,Jakarta Selatan,Kebayoran Lama,Grogol Selatan
DKI Jakarta,Jakarta Selatan,Kebayoran Lama,Grogol Utara
DKI Jakarta,Jakarta Selatan,Setiabudi,Guntur
DKI Jakarta,Jakarta Selatan,Kebayoran Baru,Gunung
DKI Jakarta,Jakarta Pusat,Kemayoran,Gunung Sahari Selatan
DKI Jakarta,Jakarta Pusat,Sawah Besar,Gunung Sahari Utara
DKI Jakarta,Jakarta Timur,Makasar,Halim Perdana Kusuma
DKI Jakarta,Jakarta Pusat,Kemayoran,Harapan Mulia
DKI Jakarta,Jakarta Selatan,Jagakarsa,Jagakarsa
DKI Jakarta,Jakarta Timur,Pulogadung,Jati
DKI Jakarta,Jakarta Selatan,Pasar Minggu,Jati Padang
DKI Jakarta,Jakarta Timur,Cakung,Jatinegara
DKI Jakarta,Jakarta Timur,Pulogadung,Jatinegara Kaum
DKI Jakarta,Jakarta Barat,Pal Merah,Jatipulo
DKI Jakarta,Jakarta Barat,Grogol Petamburan,Jelambar
DKI Jakarta,Jakarta Barat,Grogol Petamburan,Jelambar Baru
DKI Jakarta,Jakarta Barat,Tambora,Jembatan Besi
DKI Jakarta,Jakarta Barat,Tambora,Jembatan Lima
DKI Jakarta,Jakarta Barat,Kembangan,Joglo
DKI Jakarta,Jakarta Pusat,Johar Baru,Johar Baru
DKI Jakarta,Jakarta Barat,Tambora,Kali Anyar
DKI Jakarta,Jakarta Utara,Cilincing,Kalibaru
DKI Jakarta,Jakarta Selatan,Pancoran,Kalibata
DKI Jakarta,Jakarta Barat,Kalideres,Kalideres
DKI Jakarta,Jakarta Timur,Pasar Rebo,Kalisari
DKI Jakarta,Jakarta Barat,Kalideres,Kamal
DKI Jakarta,Jakarta Utara,Penjaringan,Kamal Muara
DKI Jakarta,Jakarta Pusat,Tanah Abang,Kampung Bali
DKI Jakarta,Jakarta Timur,Jatinegara,Kampung Melayu
DKI Jakarta,Jakarta Pusat,Johar Baru,Kampung Rawa
DKI Jakarta,Jakarta Barat,Cengkareng,Kapuk
DKI Jakarta,Jakarta Utara,Penjaringan,Kapuk Muara
DKI Jakarta,Jakarta Pusat,Sawah Besar,Karang Anyar
DKI Jakarta,Jakarta Selatan,Setiabudi,Karet
DKI Jakarta,Jakarta Selatan,Setiabudi,Karet Kuningan
DKI Jakarta,Jakarta Selatan,Setiabudi,Karet Semanggi
DKI Jakarta,Jakarta Pusat,Tanah Abang,Karet Tengsin
DKI Jakarta,Jakarta Pusat,Sawah Besar,Kartini
DKI Jakarta,Jakarta Timur,Matraman,Kayu Manis
DKI Jakarta,Jakarta Timur,Pulogadung,Kayu Putih
DKI Jakarta,Jakarta Barat,Taman Sari,Keagungan
DKI Jakarta,Jakarta Selatan,Pasar Minggu,Kebagusan
DKI Jakarta,Jakarta Selatan,Kebayoran Lama,Kebayoran Lama Selatan
DKI Jakarta,Jakarta Selatan,Kebayoran Lama,Kebayoran Lama Utara
DKI Jakarta,Jakarta Selatan,Tebet,Kebon Baru
DKI Jakarta,Jakarta Utara,Tanjung Priok,Kebon Bawang
DKI Jakarta,Jakarta Barat,Kebon Jeruk,Kebon Jeruk
DKI Jakarta,Jakarta Pusat,Tanah Abang,Kebon Kacang
DKI Jakarta,Jakarta Pusat,Gambir,Kebon Kelapa
DKI Jakarta,Jakarta Pusat,Kemayoran,Kebon Kosong
DKI Jakarta,Jakarta Timur,Matraman,Kebon Manggis
DKI Jakarta,Jakarta Pusat,Tanah Abang,Kebon Melati
DKI Jakarta,Jakarta Timur,Makasar,Kebon Pala
DKI Jakarta,Jakarta Pusat,Menteng,Kebon Sirih
DKI Jakarta,Jakarta Barat,Cengkareng,Kedaung Kali Angke
DKI Jakarta,Jakarta Barat,Kebon Jeruk,Kedoya Selatan
DKI Jakarta,Jakarta Barat,Kebon Jeruk,Kedoya Utara
DKI Jakarta,Jakarta Barat,Kebon Jeruk,Kelapa Dua
DKI Jakarta,Jakarta Timur,Ciracas,Kelapa Dua Wetan
DKI Jakarta,Jakarta Utara,Kelapa Gading,Kelapa Gading Barat
DKI Jakarta,Jakarta Utara,Kelapa Gading,Kelapa Gading Timur
DKI Jakarta,Jakarta Barat,Pal Merah,Kemanggisan
DKI Jakarta,Jakarta Pusat,Kemayoran,Kemayoran
DKI Jakarta,Jakarta Barat,Kembangan,Kembangan Selatan
DKI Jakarta,Jakarta Barat,Kembangan,Kembangan Utara
DKI Jakarta,Jakarta Pusat,Senen,Kenari
DKI Jakarta,Jakarta Timur,Duren Sawit,Klender
DKI Jakarta,Jakarta Utara,Koja,Koja
DKI Jakarta,Jakarta Barat,Pal Merah,Kota Bambu Selatan
DKI Jakarta,Jakarta Barat,Pal Merah,Kota Bambu Utara
DKI Jakarta,Jakarta Pusat,Senen,Kramat
DKI Jakarta,Jakarta Selatan,Kebayoran Baru,Kramat Pela
DKI Jakarta,Jakarta Timur,Kramatjati,Kramatjati
DKI Jakarta,Jakarta Barat,Tambora,Krendang
DKI Jakarta,Jakarta Barat,Taman Sari,Krukut
DKI Jakarta,Jakarta Selatan,Mampang Prapatan,Kuningan Barat
DKI Jakarta,Jakarta Selatan,Setiabudi,Kuningan Timur
DKI Jakarta,Jakarta Pusat,Senen,Kwitang
DKI Jakarta,Jakarta Utara,Koja,Lagoa
DKI Jakarta,Jakarta Selatan,Cilandak,Lebak Bulus
DKI Jakarta,Jakarta Selatan,Jagakarsa,Lenteng Agung
DKI Jakarta,Jakarta Timur,Cipayung,Lubang Buaya
DKI Jakarta,Jakarta Timur,Makasar,Makasar
DKI Jakarta,Jakarta Timur,Duren Sawit,Malaka Jaya
DKI Jakarta,Jakarta Timur,Duren Sawit,Malaka Sari
DKI Jakarta,Jakarta Selatan,Mampang Prapatan,Mampang Prapatan
DKI Jakarta,Jakarta Barat,Taman Sari,Mangga Besar
DKI Jakarta,Jakarta Pusat,Sawah Besar,Mangga Dua Selatan
DKI Jakarta,Jakarta Selatan,Tebet,Manggarai
DKI Jakarta,Jakarta Selatan,Tebet,Manggarai Selatan
DKI Jakarta,Jakarta Barat,Taman Sari,Maphar
DKI Jakarta,Jakarta Utara,Cilincing,Marunda
DKI Jakarta,Jakarta Selatan,Kebayoran Baru,Melawai
DKI Jakarta,Jakarta Pusat,Menteng,Menteng
DKI Jakarta,Jakarta Selatan,Setiabudi,Menteng Atas
DKI Jakarta,Jakarta Selatan,Tebet,Menteng Dalam
DKI Jakarta,Jakarta Barat,Kembangan,Meruya Selatan
DKI Jakarta,Jakarta Barat,Kembangan,Meruya Utara
DKI Jakarta,Jakarta Timur,Cipayung,Munjul
DKI Jakarta,Jakarta Utara,Pademangan,Pademangan Barat
DKI Jakarta,Jakarta Utara,Pademangan,Pademangan Timur
DKI Jakarta,Jakarta Barat,Pal Merah,Palmerah
DKI Jakarta,Jakarta Timur,Matraman,Palmeriam
DKI Jakarta,Jakarta Selatan,Pancoran,Pancoran
DKI Jakarta,Jakarta Utara,Tanjung Priok,Papanggo
DKI Jakarta,Jakarta Pusat,Sawah Besar,Pasar Baru
DKI Jakarta,Jakarta Selatan,Setiabudi,Pasar Manggis
DKI Jakarta,Jakarta Selatan,Pasar Minggu,Pasar Minggu
DKI Jakarta,Jakarta Pusat,Senen,Paseban
DKI Jakarta,Jakarta Barat,Kalideres,Pegadungan
DKI Jakarta,Jakarta Pusat,Menteng,Pegangsaan
DKI Jakarta,Jakarta Utara,Kelapa Gading,Pegangsaan Dua
DKI Jakarta,Jakarta Utara,Penjaringan,Pejagalan
DKI Jakarta,Jakarta Selatan,Pasar Minggu,Pejaten Barat
DKI Jakarta,Jakarta Selatan,Pasar Minggu,Pejaten Timur
DKI Jakarta,Jakarta Timur,Pasar Rebo,Pekayon
DKI Jakarta,Jakarta Barat,Tambora,Pekojan
DKI Jakarta,Jakarta Selatan,Mampang Prapatan,Pela Mampang
DKI Jakarta,Jakarta Selatan,Pancoran,Pengadegan
DKI Jakarta,Jakarta Timur,Cakung,Penggilingan
DKI Jakarta,Jakarta Utara,Penjaringan,Penjaringan
DKI Jakarta,Jakarta Selatan,Pesanggrahan,Pesanggrahan
DKI Jakarta,Jakarta Pusat,Tanah Abang,Petamburan
DKI Jakarta,Jakarta Selatan,Kebayoran Baru,Petogogan
DKI Jakarta,Jakarta Pusat,Gambir,Petojo Selatan
DKI Jakarta,Jakarta Pusat,Gambir,Petojo Utara
DKI Jakarta,Jakarta Selatan,Pesanggrahan,Petukangan Selatan
DKI Jakarta,Jakarta Selatan,Pesanggrahan,Petukangan Utara
DKI Jakarta,Jakarta Timur,Makasar,Pinangranti
DKI Jakarta,Jakarta Barat,Taman Sari,Pinangsia
DKI Jakarta,Jakarta Timur,Matraman,Pisangan Baru
DKI Jakarta,Jakarta Timur,Pulogadung,Pisangan Timur
DKI Jakarta,Jakarta Utara,Penjaringan,Pluit
DKI Jakarta,Jakarta Timur,Duren Sawit,Pondok Bambu
DKI Jakarta,Jakarta Timur,Duren Sawit,Pondok Kelapa
DKI Jakarta,Jakarta Timur,Duren Sawit,Pondok Kopi
DKI Jakarta,Jakarta Selatan,Cilandak,Pondok Labu
DKI Jakarta,Jakarta Selatan,Kebayoran Lama,Pondok Pinang
DKI Jakarta,Jakarta Timur,Cipayung,Pondok Ranggon
DKI Jakarta,Kepulauan Seribu,Kepulauan Seribu Selatan,Pulau Untung Jawa
DKI Jakarta,Jakarta Selatan,Kebayoran Baru,Pulo
DKI Jakarta,Jakarta Timur,Pulogadung,Pulo Gadung
DKI Jakarta,Jakarta Timur,Cakung,Pulo Gebang
DKI Jakarta,Jakarta Selatan,Pasar Minggu,Ragunan
DKI Jakarta,Jakarta Timur,Ciracas,Rambutan
DKI Jakarta,Jakarta Utara,Koja,Rawa Badak Selatan
DKI Jakarta,Jakarta Utara,Koja,Rawa Badak Utara
DKI Jakarta,Jakarta Selatan,Kebayoran Baru,Rawa Barat
DKI Jakarta,Jakarta Barat,Cengkareng,Rawa Buaya
DKI Jakarta,Jakarta Timur,Jatinegara,Rawa Bunga
DKI Jakarta,Jakarta Timur,Cakung,Rawa Terate
DKI Jakarta,Jakarta Selatan,Pancoran,Rawajati
DKI Jakarta,Jakarta Timur,Pulogadung,Rawamangun
DKI Jakarta,Jakarta Pusat,Cempaka Putih,Rawasari
DKI Jakarta,Jakarta Barat,Tambora,Roa Malaka
DKI Jakarta,Jakarta Utara,Cilincing,Rorotan
DKI Jakarta,Jakarta Selatan,Kebayoran Baru,Selong
DKI Jakarta,Jakarta Barat,Kalideres,Semanan
DKI Jakarta,Jakarta Utara,Cilincing,Semper Barat
DKI Jakarta,Jakarta Utara,Cilincing,Semper Timur
DKI Jakarta,Jakarta Selatan,Kebayoran Baru,Senayan
DKI Jakarta,Jakarta Pusat,Senen,Senen
DKI Jakarta,Jakarta Pusat,Kemayoran,Serdang
DKI Jakarta,Jakarta Selatan,Setiabudi,Setia Budi
DKI Jakarta,Jakarta Timur,Cipayung,Setu
DKI Jakarta,Jakarta Barat,Pal Merah,Slipi
DKI Jakarta,Jakarta Barat,Kembangan,Srengseng
DKI Jakarta,Jakarta Selatan,Jagakarsa,Srengseng Sawah
DKI Jakarta,Jakarta Barat,Kebon Jeruk,Sukabumi Selatan
DKI Jakarta,Jakarta Barat,Kebon Jeruk,Sukabumi Utara
DKI Jakarta,Jakarta Utara,Cilincing,Sukapura
DKI Jakarta,Jakarta Pusat,Kemayoran,Sumur Batu
DKI Jakarta,Jakarta Utara,Tanjung Priok,Sungai Bambu
DKI Jakarta,Jakarta Utara,Tanjung Priok,Sunter Agung
DKI Jakarta,Jakarta Utara,Tanjung Priok,Sunter Jaya
DKI Jakarta,Jakarta Timur,Ciracas,Susukan
DKI Jakarta,Jakarta Barat,Taman Sari,Taman Sari
DKI Jakarta,Jakarta Barat,Tambora,Tambora
DKI Jakarta,Jakarta Barat,Tambora,Tanah Sereal
DKI Jakarta,Jakarta Pusat,Johar Baru,Tanah Tinggi
DKI Jakarta,Jakarta Barat,Taman Sari,Tangki
DKI Jakarta,Jakarta Selatan,Jagakarsa,Tanjung Barat
DKI Jakarta,Jakarta Barat,Grogol Petamburan,Tanjung Duren Selatan
DKI Jakarta,Jakarta Barat,Grogol Petamburan,Tanjung Duren Utara
DKI Jakarta,Jakarta Utara,Tanjung Priok,Tanjung Priok
DKI Jakarta,Jakarta Selatan,Tebet,Tebet Barat
DKI Jakarta,Jakarta Selatan,Tebet,Tebet Timur
DKI Jakarta,Jakarta Barat,Kalideres,Tegal Alur
DKI Jakarta,Jakarta Selatan,Mampang Prapatan,Tegal Parang
DKI Jakarta,Jakarta Timur,Kramatjati,Tengah
DKI Jakarta,Jakarta Barat,Grogol Petamburan,Tomang
DKI Jakarta,Jakarta Utara,Koja,Tugu Selatan
DKI Jakarta,Jakarta Utara,Koja,Tugu Utara
DKI Jakarta,Jakarta Timur,Cakung,Ujung Menteng
DKI Jakarta,Jakarta Selatan,Pesanggrahan,Ulujami
DKI Jakarta,Jakarta Timur,Matraman,Utan Kayu Selatan
DKI Jakarta,Jakarta Timur,Matraman,Utan Kayu Utara
DKI Jakarta,Jakarta Pusat,Kemayoran,Utan Panjang
DKI Jakarta,Jakarta Utara,Tanjung Priok,Warakas
DKI Jakarta,Jakarta Barat,Grogol Petamburan,Wijaya Kusuma
DKI Jakarta,Kepulauan Seribu,Kepulauan Seribu Selatan,Pulau Pari
DKI Jakarta,Kepulauan Seribu,Kepulauan Seribu Utara,Pulau Harapan
DKI Jakarta,Kepulauan Seribu,Kepulauan Seribu Utara,Pulau Kelapa
DKI Jakarta,Kepulauan Seribu,Kepulauan Seribu Utara,Pulau Panggang
DKI Jakarta,Kepulauan Seribu,Kepulauan Seribu Selatan,Pulau Tidung
Jawa Barat,Sukabumi,Cidadap,Cidadap
Jawa Barat,Sukabumi,Simpenan,Cidadap
Jawa Barat,Sukabumi,Cibitung,Cidahu
Jawa Barat,Garut,Cisurupan,Cidatar
Jawa Barat,Sukabumi,Cidolog,Cidolog
Jawa Barat,Tasikmalaya,Cigalontang,Cidugaleun
Jawa Barat,Majalengka,Cikijing,Cidulang
Jawa Barat,Garut,Bayongbong,Ciela
Jawa Barat,Sukabumi,Ciemas,Ciemas
Jawa Barat,Sukabumi,Gegerbitung,Ciengang
Jawa Barat,Tasikmalaya,Leuwisari,Cigadog
Jawa Barat,Garut,Sucinaraja,Cigadog
Jawa Barat,Garut,Bl. Limbangan,Cigagade
Jawa Barat,Majalengka,Lemahsugih,Cigaleuh
Jawa Barat,Tasikmalaya,Cigalontang,Cigalontang
Jawa Barat,Pangandaran,Padaherang,Ciganjeng
Jawa Barat,Tasikmalaya,Mangkubumi,Cigantang
Jawa Barat,Garut,Cibalong,Cigaronggong
Jawa Barat,Garut,Selaawi,Cigawir
Jawa Barat,Garut,Cigedug,Cigedug
Jawa Barat,Garut,Singajaya,Cigintung
Jawa Barat,Pangandaran,Cigugur,Cigugur
Jawa Barat,Tasikmalaya,Parungponteng,Cigunung
Jawa Barat,Tasikmalaya,Manonjaya,Cihaur
Jawa Barat,Sukabumi,Simpenan,Cihaur
Jawa Barat,Garut,Cisompet,Cihaurkuning
Jawa Barat,Garut,Malangbong,Cihaurkuning
Jawa Barat,Tasikmalaya,Cibeureum,Ciherang
Jawa Barat,Tasikmalaya,Cipatujah,Ciheras
Jawa Barat,Garut,Bungbulang,Cihikeu
Jawa Barat,Garut,Pangatikan,Cihuni
Jawa Barat,Garut,Cihurip,Cihurip
Jawa Barat,Garut,Cikelet,Cijambe
Jawa Barat,Sukabumi,Nyalindung,Cijangkar
Jawa Barat,Garut,Mekarmukti,Cijayana
Jawa Barat,Bandung Barat,Cipongkor,Cijenuk
Jawa Barat,Garut,Bl. Limbangan,Cijolang
Jawa Barat,Pangandaran,Cijulang,Cijulang
Jawa Barat,Tasikmalaya,Cineam,Cijulang
Jawa Barat,Sukabumi,Jampangtengah,Cijulang
Jawa Barat,Sukabumi,Gegerbitung,Cijurey
Jawa Barat,Tasikmalaya,Bojongasih,Cikadongdong
Jawa Barat,Bandung Barat,Sindangkerta,Cikadu
Jawa Barat,Tasikmalaya,Cikalong,Cikadu
Jawa Barat,Tasikmalaya,Cisayong,Cikadu
Jawa Barat,Garut,Cikajang,Cikajang
Jawa Barat,Tasikmalaya,Tawang,Cikalang
Jawa Barat,Pangandaran,Sidamulih,Cikalong
Jawa Barat,Tasikmalaya,Cikalong,Cikalong
Jawa Barat,Tasikmalaya,Sodonghilir,Cikalong
Jawa Barat,Tasikmalaya,Cikalong,Cikancra
Jawa Barat,Garut,Cikajang,Cikandang
Jawa Barat,Tasikmalaya,Karangnunggal,Cikapinis
Jawa Barat,Garut,Cisewu,Cikarang
Jawa Barat,Garut,Malangbong,Cikarag
Jawa Barat,Sukabumi,Jampangkulon,Cikarang
Jawa Barat,Sukabumi,Cidolog,Cikarang
Jawa Barat,Sukabumi,Jampangkulon,Cikaranggeusan
Jawa Barat,Sumedang,Wado,Cikareo Selatan
Jawa Barat,Sumedang,Wado,Cikareo Utara
Jawa Barat,Tasikmalaya,Pancatengah,Cikawung
Jawa Barat,Tasikmalaya,Cipatujah,Cikawunggading
Jawa Barat,Garut,Bayongbong,Cikedokan
Jawa Barat,Garut,Cikelet,Cikelet
Jawa Barat,Pangandaran,Sidamulih,Cikembulan
Jawa Barat,Garut,Kadungora,Cikembulan
Jawa Barat,Majalengka,Talaga,Cikeusal
Jawa Barat,Tasikmalaya,Tanjungjaya,Cikeusal
Jawa Barat,Majalengka,Cikijing,Cikijing
Jawa Barat,Majalengka,Cingambul,Cikondang
Jawa Barat,Tasikmalaya,Cineam,Cikondang
Jawa Barat,Garut,Cisompet,Cikondang
Jawa Barat,Tasikmalaya,Taraju,Cikubang
Jawa Barat,Tasikmalaya,Karangnunggal,Cikukulu
Jawa Barat,Sukabumi,Lembursitu,Cikundul
Jawa Barat,Tasikmalaya,Singaparna,Cikunir
Jawa Barat,Tasikmalaya,Singaparna,Cikunten
Jawa Barat,Tasikmalaya,Karangnunggal,Cikupa
Jawa Barat,Tasikmalaya,Culamega,Cikuya
Jawa Barat,Tasikmalaya,Kawalu,Cilamajang
Jawa Barat,Tasikmalaya,Padakembang,Cilampunghilir
Jawa Barat,Garut,Malangbong,Cilampuyang
Jawa Barat,Majalengka,Cikijing,Cilancang
Jawa Barat,Bandung Barat,Gununghalu,Cilangari
Jawa Barat,Tasikmalaya,Manonjaya,Cilangkap
Jawa Barat,Sukabumi,Lengkong,Cilangkap
Jawa Barat,Garut,Cilawu,Cilawu
Jawa Barat,Tasikmalaya,Cihideung,Cilembang
Jawa Barat,Sumedang,Wado,Cilengkrang
Jawa Barat,Tasikmalaya,Cisayong,Cileuleus
Jawa Barat,Pangandaran,Parigi,Ciliang
Jawa Barat,Tasikmalaya,Tanjungjaya,Cilolohan
Jawa Barat,Tasikmalaya,Cikatomas,Cilumba
Jawa Barat,Garut,Caringin,Cimahi
Jawa Barat,Sukabumi,Kalibunder,Cimahpar
Jawa Barat,Garut,Tarogong Kaler,Cimanganten
Jawa Barat,Pangandaran,Langkaplancar,Cimanggu
Jawa Barat,Majalengka,Cingambul,Cimanggu
Jawa Barat,Tasikmalaya,Puspahiang,Cimanggu
Jawa Barat,Sukabumi,Cimanggu,Cimanggu
Jawa Barat,Majalengka,Bantarujeg,Cimangguhilir
Jawa Barat,Tasikmalaya,Cikalong,Cimanuk
Jawa Barat,Garut,Pangatikan,Cimaragas
Jawa Barat,Garut,Banyuresmi,Cimareme
Jawa Barat,Sukabumi,Curugkembar,Cimenteng
Jawa Barat,Pangandaran,Cimerak,Cimerak
Jawa Barat,Sukabumi,Purabaya,Cimerang
Jawa Barat,Pangandaran,Cigugur,Cimindi
Jawa Barat,Majalengka,Malausma,Cimuncang
Jawa Barat,Garut,Garut Kota,Cimuncang
Jawa Barat,Sumedang,Wado,Cimungkal
Jawa Barat,Garut,Karangpawitan,Cimurah
Jawa Barat,Garut,Malangbong,Cinagara
Jawa Barat,Majalengka,Bantarujeg,Cinambo
Jawa Barat,Tasikmalaya,Cineam,Cineam
Jawa Barat,Bandung Barat,Rongga,Cinengah
Jawa Barat,Majalengka,Cingambul,Cingambul
Jawa Barat,Garut,Bayongbong,Cinisti
Jawa Barat,Garut,Karangtengah,Cinta
Jawa Barat,Majalengka,Cingambul,Cintaasih
Jawa Barat,Garut,Cisurupan,Cintaasih
Jawa Barat,Garut,Samarang,Cintaasih
Jawa Barat,Tasikmalaya,Culamega,Cintabodas
Jawa Barat,Garut,Sukaresmi,Cintadamai
Jawa Barat,Tasikmalaya,Tanjungjaya,Cintajaya
Jawa Barat,Pangandaran,Parigi,Cintakarya
Jawa Barat,Bandung Barat,Sindangkerta,Cintakarya
Jawa Barat,Garut,Samarang,Cintakarya
Jawa Barat,Garut,Karangtengah,Cintamanik
Jawa Barat,Garut,Cigedug,Cintanagara
Jawa Barat,Tasikmalaya,Singaparna,Cintaraja
Jawa Barat,Garut,Samarang,Cintarakyat
Jawa Barat,Garut,Samarang,Cintarasa
Jawa Barat,Pangandaran,Parigi,Cintaratu
Jawa Barat,Tasikmalaya,Karangnunggal,Cintawangi
Jawa Barat,Tasikmalaya,Gunung Tanjung,Cinunjang
Jawa Barat,Garut,Wanaraja,Cinunuk
Jawa Barat,Tasikmalaya,Pagerageung,Cipacing
Jawa Barat,Garut,Cisurupan,Cipaganti
Jawa Barat,Tasikmalaya,Sodonghilir,Cipaingeun
Jawa Barat,Tasikmalaya,Singaparna,Cipakat
Jawa Barat,Sukabumi,Cidolog,Cipamingkis
Jawa Barat,Tasikmalaya,Cipatujah,Cipanas
Jawa Barat,Garut,Leles,Cipancar
Jawa Barat,Sukabumi,Lembursitu,Cipanengah
Jawa Barat,Garut,Cikajang,Cipangramatan
Jawa Barat,Pangandaran,Kalipucang,Ciparakan
Jawa Barat,Pangandaran,Cimerak,Ciparanti
Jawa Barat,Sukabumi,Jampangkulon,Ciparay
Jawa Barat,Garut,Cibiuk,Cipareuan
Jawa Barat,Tasikmalaya,Mangkubumi,Cipari
Jawa Barat,Sumedang,Cibugel,Cipasang
Jawa Barat,Majalengka,Lemahsugih,Cipasung
Jawa Barat,Tasikmalaya,Cipatujah,Cipatujah
Jawa Barat,Tasikmalaya,Mangkubumi,Cipawitra
Jawa Barat,Tasikmalaya,Cipedes,Cipedes
Jawa Barat,Majalengka,Bantarujeg,Cipeundeuy
Jawa Barat,Sukabumi,Surade,Cipeundeuy
Jawa Barat,Tasikmalaya,Culamega,Cipicung
Jawa Barat,Garut,Banyuresmi,Cipicung
Jawa Barat,Tasikmalaya,Sukaresik,Cipondok
Jawa Barat,Majalengka,Cikijing,Cipulus
Jawa Barat,Sukabumi,Ciracap,Ciracap
Jawa Barat,Majalengka,Malausma,Ciranca
Jawa Barat,Majalengka,Cingambul,Ciranjeng
Jawa Barat,Garut,Selaawi,Cirapuhan
Jawa Barat,Tasikmalaya,Bojonggambir,Ciroyom
Jawa Barat,Garut,Cikelet,Ciroyom
Jawa Barat,Garut,Kadungora,Cisaat
Jawa Barat,Majalengka,Lemahsugih,Cisalak
Jawa Barat,Garut,Cihurip,Cisangkal
Jawa Barat,Pangandaran,Langkaplancar,Cisarua
Jawa Barat,Tasikmalaya,Cineam,Cisarua
Jawa Barat,Garut,Samarang,Cisarua
Jawa Barat,Tasikmalaya,Padakembang,Cisaruni
Jawa Barat,Tasikmalaya,Cisayong,Cisayong
Jawa Barat,Tasikmalaya,Cibalong,Cisempur
Jawa Barat,Garut,Cisurupan,Cisero
Jawa Barat,Garut,Cisewu,Cisewu
Jawa Barat,Garut,Malangbong,Cisitu
Jawa Barat,Sukabumi,Nyalindung,Cisitu
Jawa Barat,Majalengka,Cikijing,Cisoka
Jawa Barat,Garut,Cisompet,Cisompet
Jawa Barat,Garut,Cisurupan,Cisurupan
Jawa Barat,Tasikmalaya,Karang Jaya,Citalahab
Jawa Barat,Tasikmalaya,Ciawi,Citamba
Jawa Barat,Sukabumi,Purabaya,Citamiang
Jawa Barat,Sukabumi,Surade,Citanglar
Jawa Barat,Garut,Pangatikan,Citangtu
Jawa Barat,Sukabumi,Palabuhanratu,Citarik
Jawa Barat,Sukabumi,Palabuhanratu,Citepus
Jawa Barat,Garut,Malangbong,Citeras
Jawa Barat,Garut,Singajaya,Ciudian
Jawa Barat,Sukabumi,Pabuaran,Ciwalat
Jawa Barat,Garut,Garut Kota,Ciwalen
Jawa Barat,Garut,Bl. Limbangan,Ciwangi
Jawa Barat,Tasikmalaya,Jatiwaras,Ciwarak
Jawa Barat,Sukabumi,Ciemas,Ciwaru
Jawa Barat,Garut,Cikelet,Cigadog
Jawa Barat,Tasikmalaya,Cikatomas,Cogreg
Jawa Barat,Tasikmalaya,Singaparna,Cokadongdong
Jawa Barat,Tasikmalaya,Jamanis,Condong
Jawa Barat,Tasikmalaya,Sodonghilir,Cukangjayaguna
Jawa Barat,Tasikmalaya,Sodonghilir,Cukangkawung
Jawa Barat,Sukabumi,Curugkembar,Curugkembar
Jawa Barat,Sukabumi,Sagaranten,Curugluhur
Jawa Barat,Garut,Banyuresmi,Dangdeur
Jawa Barat,Garut,Banjarwangi,Dangiang
Jawa Barat,Garut,Cilawu,Dangiang
Jawa Barat,Garut,Leles,Dano
Jawa Barat,Tasikmalaya,Cipatujah,Darawati
Jawa Barat,Majalengka,Banjaran,Darmalarang
Jawa Barat,Sukabumi,Sagaranten,Datarnangka
Jawa Barat,Tasikmalaya,Rajapolah,Dawagung
Jawa Barat,Garut,Cilawu,Dawungsari
Jawa Barat,Garut,Cilawu,Dayeuhmanggung
Jawa Barat,Majalengka,Lemahsugih,Dayeuhwangi
Jawa Barat,Garut,Pakenjeng,Depok
Jawa Barat,Garut,Cisompet,Depok
Jawa Barat,Bandung,Rancasari,Derwati
Jawa Barat,Garut,Cilawu,Desakolot
Jawa Barat,Tasikmalaya,Taraju,Deudeul
Jawa Barat,Tasikmalaya,Kadipaten,Dirgahayu
Jawa Barat,Garut,Leuwigoong,Dungusiku
Jawa Barat,Garut,Bl. Limbangan,Dunguswiru
Jawa Barat,Tasikmalaya,Tawang,Empangsari
Jawa Barat,Pangandaran,Kalipucang,Emplak
Jawa Barat,Tasikmalaya,Cibalong,Eureunpalay
Jawa Barat,Garut,Bl. Limbangan,Galihpakuwon
Jawa Barat,Garut,Kadungora,Gandamekar
Jawa Barat,Majalengka,Talaga,Ganeas
Jawa Barat,Sumedang,Wado,Ganjaresik
Jawa Barat,Garut,Pamulihan,Garumukti
Jawa Barat,Sukabumi,Gegerbitung,Gegerbitung
Jawa Barat,Majalengka,Banjaran,Genteng
Jawa Barat,Tasikmalaya,Jamanis,Geresik
Jawa Barat,Garut,Cikajang,Giriawas
Jawa Barat,Tasikmalaya,Bojongasih,Girijaya
Jawa Barat,Garut,Cikajang,Girijaya
Jawa Barat,Garut,Kersamanah,Girijaya
Jawa Barat,Tasikmalaya,Parungponteng,Girikencana
Jawa Barat,Garut,Malangbong,Girimakmur
Jawa Barat,Majalengka,Malausma,Girimukti
Jawa Barat,Bandung Barat,Cipongkor,Girimukti
Jawa Barat,Tasikmalaya,Bojonggambir,Girimukti
Jawa Barat,Garut,Cisewu,Girimukti
Jawa Barat,Garut,Cikelet,Girimukti
Jawa Barat,Garut,Singajaya,Girimukti
Jawa Barat,Garut,Cibatu,Girimukti
Jawa Barat,Tasikmalaya,Gunung Tanjung,Giriwangi
Jawa Barat,Garut,Karangpawitan,Godog
Jawa Barat,Tasikmalaya,Ciawi,Gombong
Jawa Barat,Tasikmalaya,Manonjaya,Gunajaya
Jawa Barat,Garut,Bungbulang,Gunamekar
Jawa Barat,Tasikmalaya,Kawalu,Gunung Gede
Jawa Barat,Garut,Bungbulang,Gunung Jampang
Jawa Barat,Tasikmalaya,Kawalu,Gunung Tandala
Jawa Barat,Sukabumi,Ciracap,Gunungbatu
Jawa Barat,Sukabumi,Sagaranten,Gunungbentang
Jawa Barat,Bandung Barat,Gununghalu,Gununghalu
Jawa Barat,Tasikmalaya,Cikatomas,Gunungsari
Jawa Barat,Tasikmalaya,Sukaratu,Gunungsari
Jawa Barat,Sukabumi,Surade,Gunungsungging
Jawa Barat,Tasikmalaya,Gunung Tanjung,Gunungtanjung
Jawa Barat,Tasikmalaya,Pagerageung,Guranteng
Jawa Barat,Garut,Bungbulang,Hanjuang
Jawa Barat,Garut,Leles,Haruman
Jawa Barat,Pangandaran,Cigugur,Harumandala
Jawa Barat,Garut,Kadungora,Harumansari
Jawa Barat,Garut,Tarogong Kidul,Haurpanggung
Jawa Barat,Majalengka,Banjaran,Hegarmanah
Jawa Barat,Garut,Bungbulang,Hegarmanah
Jawa Barat,Garut,Bayongbong,Hegarmanah
Jawa Barat,Sukabumi,Sagaranten,Hegarmanah
Jawa Barat,Sukabumi,Warungkiara,Hegarmanah
Jawa Barat,Sukabumi,Cidadap,Hegarmulya
Jawa Barat,Banjar,Pataruman,Hegarsari
Jawa Barat,Garut,Kadungora,Hegarsari
Jawa Barat,Tasikmalaya,Bantarkalong,Hegarwangi
Jawa Barat,Tasikmalaya,Indihiang,Indihiang
Jawa Barat,Tasikmalaya,Sukaratu,Indrajaya
Jawa Barat,Garut,Caringin,Indralayang
Jawa Barat,Pangandaran,Langkaplancar,Jadikarya
Jawa Barat,Pangandaran,Langkaplancar,Jadimulya
Jawa Barat,Sukabumi,Surade,Jagamukti
Jawa Barat,Majalengka,Malausma,Jagamulya
Jawa Barat,Majalengka,Cikijing,Jagasari
Jawa Barat,Tasikmalaya,Salawu,Jahiang
Jawa Barat,Banjar,Banjar,Jajawar
Jawa Barat,Sukabumi,Jampangkulon,Jampangkulon
Jawa Barat,Sukabumi,Jampangtengah,Jampangtengah
Jawa Barat,Tasikmalaya,Sukaraja,Janggala
Jawa Barat,Garut,Leles,Jangkurang
Jawa Barat,Pangandaran,Mangunjaya,Jangraga
Jawa Barat,Garut,Tarogong Kaler,Jati
Jawa Barat,Tasikmalaya,Cisayong,Jatihurip
Jawa Barat,Tasikmalaya,Gunung Tanjung,Jatijaya
Jawa Barat,Garut,Pameungpeuk,Jatimulya
Jawa Barat,Majalengka,Talaga,Jatipamor
Jawa Barat,Garut,Cisompet,Jatisari
Jawa Barat,Garut,Karangpawitan,Jatisari
Jawa Barat,Garut,Pakenjeng,Jatiwangi
Jawa Barat,Tasikmalaya,Jatiwaras,Jatiwaras
Jawa Barat,Garut,Banjarwangi,Jayabakti
Jawa Barat,Garut,Mekarmukti,Jayabaya
Jawa Barat,Sumedang,Cibugel,Jayamandiri
Jawa Barat,Garut,Pakenjeng,Jayamekar
Jawa Barat,Tasikmalaya,Pancatengah,Jayamukti
Jawa Barat,Tasikmalaya,Leuwisari,Jayamukti
Jawa Barat,Garut,Cihurip,Jayamukti
Jawa Barat,Sukabumi,Palabuhanratu,Jayanti
Jawa Barat,Tasikmalaya,Cigalontang,Jayapura
Jawa Barat,Tasikmalaya,Sariwangi,Jayaputra
Jawa Barat,Garut,Tarogong Kidul,Jayaraga
Jawa Barat,Tasikmalaya,Sariwangi,Jayaratu
Jawa Barat,Pangandaran,Langkaplancar,Jayasari
Jawa Barat,Garut,Tarogong Kidul,Jayawaras
Jawa Barat,Sukabumi,Surade,Kadaleman
Jawa Barat,Sukabumi,Surade,Kademangan
Jawa Barat,Tasikmalaya,Kadipaten,Kadipaten
Jawa Barat,Garut,Banjarwangi,Kadongdong
Jawa Barat,Garut,Kadungora,Kadungora
Jawa Barat,Majalengka,Banjaran,Kagok
Jawa Barat,Tasikmalaya,Tawang,Kahuripan
Jawa Barat,Majalengka,Lemahsugih,Kalapadua
Jawa Barat,Tasikmalaya,Cikalong,Kalapagenep
Jawa Barat,Sukabumi,Kalibunder,Kalibunder
Jawa Barat,Pangandaran,Sidamulih,Kalijati
Jawa Barat,Tasikmalaya,Manonjaya,Kalimanggis
Jawa Barat,Pangandaran,Kalipucang,Kalipucang
Jawa Barat,Tasikmalaya,Manonjaya,Kamulyan
Jawa Barat,Majalengka,Cikijing,Kancana
Jawa Barat,Garut,Leles,Kandangmukti
Jawa Barat,Tasikmalaya,Jatiwaras,Kaputihan
Jawa Barat,Tasikmalaya,Karang Jaya,Karang Jaya
Jawa Barat,Garut,Singajaya,Karangagung
Jawa Barat,Tasikmalaya,Kawalu,Karanganyar
Jawa Barat,Garut,Leuwigoong,Karanganyar
Jawa Barat,Sukabumi,Jampangkulon,Karanganyar
Jawa Barat,Pangandaran,Parigi,Karangbenda
Jawa Barat,Pangandaran,Parigi,Karangjaladri
Jawa Barat,Sukabumi,Gegerbitung,Karangjaya
Jawa Barat,Tasikmalaya,Karang Jaya,Karanglayung
Jawa Barat,Tasikmalaya,Karangnunggal,Karangmekar
Jawa Barat,Sukabumi,Cimanggu,Karangmekar
Jawa Barat,Tasikmalaya,Salawu,Karangmukti
Jawa Barat,Pangandaran,Padaherang,Karangmulya
Jawa Barat,Tasikmalaya,Jamanis,Karangmulya
Jawa Barat,Garut,Karangpawitan,Karangmulya
Jawa Barat,Garut,Kadungora,Karangmulya
Jawa Barat,Garut,Malangbong,Karangmulya
Jawa Barat,Tasikmalaya,Karangnunggal,Karangnunggal
Jawa Barat,Banjar,Purwaharja,Karangpanimbal
Jawa Barat,Pangandaran,Padaherang,Karangpawitan
Jawa Barat,Garut,Karangpawitan,Karangpawitan
Jawa Barat,Tasikmalaya,Jamanis,Karangresik
Jawa Barat,Pangandaran,Padaherang,Karangsari
Jawa Barat,Bandung Barat,Cipongkor,Karangsari
Jawa Barat,Garut,Pakenjeng,Karangsari
Jawa Barat,Garut,Cikelet,Karangsari
Jawa Barat,Garut,Pangatikan,Karangsari
Jawa Barat,Garut,Karangpawitan,Karangsari
Jawa Barat,Garut,Leuwigoong,Karangsari
Jawa Barat,Tasikmalaya,Jamanis,Karangsembung
Jawa Barat,Garut,Cisewu,Karangsewu
Jawa Barat,Garut,Kadungora,Karangtengah
Jawa Barat,Garut,Mekarmukti,Karangwangi
Jawa Barat,Tasikmalaya,Mangkubumi,Karikil
Jawa Barat,Tasikmalaya,Parungponteng,Karyabakti
Jawa Barat,Garut,Bayongbong,Karyajaya
Jawa Barat,Tasikmalaya,Salopa,Karyamandala
Jawa Barat,Garut,Cilawu,Karyamekar
Jawa Barat,Garut,Pasirwangi,Karyamekar
Jawa Barat,Bandung Barat,Cililin,Karyamukti
Jawa Barat,Banjar,Pataruman,Karyamukti
Jawa Barat,Garut,Cibalong,Karyamukti
Jawa Barat,Garut,Banyuresmi,Karyamukti
Jawa Barat,Garut,Cibatu,Karyamukti
Jawa Barat,Garut,Cibalong,Karyasari
Jawa Barat,Garut,Banyuresmi,Karyasari
Jawa Barat,Tasikmalaya,Salopa,Karyawangi
Jawa Barat,Majalengka,Cikijing,Kasturi
Jawa Barat,Tasikmalaya,Salopa,Kawitan
Jawa Barat,Tasikmalaya,Salawu,Kawungsari
Jawa Barat,Pangandaran,Padaherang,Kedungwuluh
Jawa Barat,Majalengka,Lemahsugih,Kepuh
Jawa Barat,Garut,Cibatu,Keresek
Jawa Barat,Tasikmalaya,Jatiwaras,Kersagalih
Jawa Barat,Tasikmalaya,Cigalontang,Kersamaju
Jawa Barat,Garut,Kersamanah,Kersamanah
Jawa Barat,Tasikmalaya,Kawalu,Kersamenak
Jawa Barat,Garut,Tarogong Kidul,Kersamenak
Jawa Barat,Tasikmalaya,Cibeureum,Kersanagara
Jawa Barat,Pangandaran,Sidamulih,Kersaratu
Jawa Barat,Sukabumi,Nyalindung,Kertaangsana
Jawa Barat,Pangandaran,Cimerak,Kertaharja
Jawa Barat,Majalengka,Talaga,Kertahayu
Jawa Barat,Pangandaran,Cigugur,Kertajaya
Jawa Barat,Pangandaran,Mangunjaya,Kertajaya
Jawa Barat,Garut,Cibatu,Kertajaya
Jawa Barat,Sukabumi,Simpenan,Kertajaya
Jawa Barat,Pangandaran,Cimerak,Kertamukti
Jawa Barat,Tasikmalaya,Ciawi,Kertamukti
Jawa Barat,Garut,Cikelet,Kertamukti
Jawa Barat,Sukabumi,Warungkiara,Kertamukti
Jawa Barat,Tasikmalaya,Bojonggambir,Kertanegla
Jawa Barat,Tasikmalaya,Taraju,Kertaraharja
Jawa Barat,Sukabumi,Cikembar,Kertaraharja
Jawa Barat,Tasikmalaya,Jatiwaras,Kertarahayu
Jawa Barat,Tasikmalaya,Cipatujah,Kertasari
Jawa Barat,Pangandaran,Cijulang,Kertayasa
Jawa Barat,Tasikmalaya,Sukahening,Kiarajangkung
Jawa Barat,Bandung Barat,Cililin,Kidangpananjung
Jawa Barat,Pangandaran,Cijulang,Kondangjajar
Jawa Barat,Majalengka,Cingambul,Kondangmekar
Jawa Barat,Tasikmalaya,Cibeureum,Kota Baru
Jawa Barat,Garut,Garut Kota,Kota Kulon
Jawa Barat,Garut,Garut Kota,Kota Wetan
Jawa Barat,Majalengka,Malausma,Kramat Jaya
Jawa Barat,Garut,Cikajang,Karamatwangi
Jawa Barat,Garut,Cisurupan,Karamatwangi
Jawa Barat,Tasikmalaya,Cikalong,Kubangsari
Jawa Barat,Tasikmalaya,Sukahening,Kudadepa
Jawa Barat,Tasikmalaya,Karangnunggal,Kujang
Jawa Barat,Bandung,Bandung Kidul,Kujangsari
Jawa Barat,Tasikmalaya,Ciawi,Kurniabakti
Jawa Barat,Garut,Malangbong,Kutanagara
Jawa Barat,Tasikmalaya,Salawu,Kutawaringin
Jawa Barat,Majalengka,Talaga,Lampuyang
Jawa Barat,Banjar,Langensari,Langensari
Jawa Barat,Garut,Tarogong Kaler,Langensari
Jawa Barat,Sukabumi,Lengkong,Langkapjaya
Jawa Barat,Pangandaran,Langkaplancar,Langkaplancar
Jawa Barat,Garut,Karangpawitan,Lebakagung
Jawa Barat,Garut,Karangpawitan,Lebakjaya
Jawa Barat,Majalengka,Malausma,Lebakwangi
Jawa Barat,Pangandaran,Cimerak,Legokjawa
Jawa Barat,Garut,Leles,Leles
Jawa Barat,Majalengka,Lemahsugih,Lemahputih
Jawa Barat,Majalengka,Lemahsugih,Lemahsugih
Jawa Barat,Garut,Leles,Lembang
Jawa Barat,Sukabumi,Pabuaran,Lembur Sawah
Jawa Barat,Sukabumi,Lembursitu,Lembursitu
Jawa Barat,Sukabumi,Lengkong,Lengkong
Jawa Barat,Tasikmalaya,Cikatomas,Lengkongbarang
Jawa Barat,Tasikmalaya,Cigalontang,Lengkongjaya
Jawa Barat,Garut,Karangpawitan,Lengkongjaya
Jawa Barat,Tasikmalaya,Tawang,Lengkongsari
Jawa Barat,Tasikmalaya,Sukaraja,Leuwibudah
Jawa Barat,Tasikmalaya,Sodonghilir,Leuwidulang
Jawa Barat,Garut,Leuwigoong,Leuwigoong
Jawa Barat,Tasikmalaya,Kawalu,Leuwiliang
Jawa Barat,Garut,Malangbong,Lewobaru
Jawa Barat,Garut,Bl. Limbangan,Limbangan Barat
Jawa Barat,Garut,Bl. Limbangan,Limbangan Tengah
Jawa Barat,Garut,Bl. Limbangan,Limbangan Timur
Jawa Barat,Pangandaran,Cimerak,Limusgede
Jawa Barat,Tasikmalaya,Sukaratu,Linggajati
Jawa Barat,Tasikmalaya,Mangkubumi,Linggajaya
Jawa Barat,Tasikmalaya,Cikatomas,Linggalaksana
Jawa Barat,Garut,Cikelet,Linggamanik
Jawa Barat,Garut,Sucinaraja,Linggamukti
Jawa Barat,Tasikmalaya,Leuwisari,Linggamulya
Jawa Barat,Tasikmalaya,Sukaraja,Linggaraja
Jawa Barat,Garut,Pamulihan,Linggarjati
Jawa Barat,Tasikmalaya,Sariwangi,Linggasirna
Jawa Barat,Tasikmalaya,Leuwisari,Linggawangi
Jawa Barat,Garut,Cibiuk,Lingkungpasir
Jawa Barat,Sukabumi,Simpenan,Loji
Jawa Barat,Tasikmalaya,Puspahiang,Luyubakti
Jawa Barat,Tasikmalaya,Cineam,Madiasari
Jawa Barat,Garut,Cibiuk,Majasari
Jawa Barat,Garut,Malangbong,Malangbong
Jawa Barat,Tasikmalaya,Gunung Tanjung,Malatisuka
Jawa Barat,Majalengka,Malausma,Malausma
Jawa Barat,Garut,Pameungpeuk,Mancagahar
Jawa Barat,Tasikmalaya,Leuwisari,Mandalagiri
Jawa Barat,Tasikmalaya,Salopa,Mandalaguna
Jawa Barat,Tasikmalaya,Salopa,Mandalahayu
Jawa Barat,Tasikmalaya,Jatiwaras,Mandalahurip
Jawa Barat,Tasikmalaya,Cikalong,Mandalajaya
Jawa Barat,Garut,Pameungpeuk,Mandalakasih
Jawa Barat,Tasikmalaya,Jatiwaras,Mandalamekar
Jawa Barat,Tasikmalaya,Puspahiang,Mandalasari
Jawa Barat,Garut,Kadungora,Mandalasari
Jawa Barat,Tasikmalaya,Salopa,Mandalawangi
Jawa Barat,Sukabumi,Ciemas,Mandrajaya
Jawa Barat,Tasikmalaya,Rajapolah,Manggungjaya
Jawa Barat,Tasikmalaya,Rajapolah,Manggungsari
Jawa Barat,Tasikmalaya,Bojonggambir,Mangkonjaya
Jawa Barat,Tasikmalaya,Mangkubumi,Mangkubumi
Jawa Barat,Pangandaran,Mangunjaya,Mangunjaya
Jawa Barat,Sukabumi,Waluran,Mangunjaya
Jawa Barat,Tasikmalaya,Mangunreja,Mangunreja
Jawa Barat,Garut,Cilawu,Mangkurakyat
Jawa Barat,Majalengka,Cingambul,Maniis
Jawa Barat,Tasikmalaya,Manonjaya,Manonjaya
Jawa Barat,Tasikmalaya,Cibeureum,Margabakti
Jawa Barat,Pangandaran,Cijulang,Margacinta
Jawa Barat,Garut,Leuwigoong,Margacinta
Jawa Barat,Tasikmalaya,Manonjaya,Margahayu
Jawa Barat,Garut,Leuwigoong,Margahayu
Jawa Barat,Majalengka,Lemahsugih,Margajaya
Jawa Barat,Tasikmalaya,Mangunreja,Margajaya
Jawa Barat,Tasikmalaya,Salawu,Margalaksana
Jawa Barat,Tasikmalaya,Sukaraja,Margalaksana
Jawa Barat,Garut,Bungbulang,Margalaksana
Jawa Barat,Garut,Cilawu,Margalaksana
Jawa Barat,Tasikmalaya,Pancatengah,Margaluyu
Jawa Barat,Tasikmalaya,Manonjaya,Margaluyu
Jawa Barat,Garut,Leles,Margaluyu
Jawa Barat,Sukabumi,Sagaranten,Margaluyu
Jawa Barat,Sukabumi,Purabaya,Margaluyu
Jawa Barat,Majalengka,Talaga,Margamukti
Jawa Barat,Tasikmalaya,Sukaresik,Margamulya
Jawa Barat,Garut,Cisompet,Margamulya
Jawa Barat,Garut,Cikajang,Margamulya
Jawa Barat,Tasikmalaya,Ciawi,Margasari
Jawa Barat,Garut,Garut Kota,Margawati
Jawa Barat,Garut,Sukawening,Maripari
Jawa Barat,Garut,Cibalong,Maroko
Jawa Barat,Pangandaran,Padaherang,Maruyungsari
Jawa Barat,Pangandaran,Cimerak,Masawah
Jawa Barat,Garut,Sukawening,Mekar Hurip
Jawa Barat,Garut,Cibalong,Mekar Mukti
Jawa Barat,Bandung,Bojongloa Kidul,Mekar Wangi
Jawa Barat,Garut,Malangbong,Mekarasih
Jawa Barat,Sukabumi,Simpenan,Mekarasih
Jawa Barat,Garut,Bungbulang,Mekarbakti
Jawa Barat,Garut,Kadungora,Mekarbakti
Jawa Barat,Garut,Tarogong Kidul,Mekargalih
Jawa Barat,Banjar,Purwaharja,Mekarharja
Jawa Barat,Majalengka,Talaga,Mekarhurip
Jawa Barat,Tasikmalaya,Sukaraja,Mekarjaya
Jawa Barat,Tasikmalaya,Padakembang,Mekarjaya
Jawa Barat,Garut,Bungbulang,Mekarjaya
Jawa Barat,Garut,Cikajang,Mekarjaya
Jawa Barat,Garut,Bayongbong,Mekarjaya
Jawa Barat,Garut,Sukaresmi,Mekarjaya
Jawa Barat,Garut,Tarogong Kaler,Mekarjaya
Jawa Barat,Sukabumi,Ciemas,Mekarjaya
Jawa Barat,Sukabumi,Jampangkulon,Mekarjaya
Jawa Barat,Sukabumi,Cidolog,Mekarjaya
Jawa Barat,Sukabumi,Warungkiara,Mekarjaya
Jawa Barat,Tasikmalaya,Culamega,Mekarlaksana
Jawa Barat,Garut,Sukawening,Mekarluyu
Jawa Barat,Garut,Talegong,Mekarmukti
Jawa Barat,Garut,Cilawu,Mekarmukti
Jawa Barat,Garut,Mekarmukti,Mekarmukti
Jawa Barat,Sukabumi,Waluran,Mekarmukti
Jawa Barat,Majalengka,Lemahsugih,Mekarmulya
Jawa Barat,Bandung,Rancasari,Mekarmulya
Jawa Barat,Garut,Talegong,Mekarmulya
Jawa Barat,Garut,Malangbong,Mekarmulya
Jawa Barat,Majalengka,Talaga,Mekarraharja
Jawa Barat,Garut,Kersamanah,Mekarraya
Jawa Barat,Sukabumi,Ciemas,Mekarsakti
Jawa Barat,Pangandaran,Cimerak,Mekarsari
Jawa Barat,Banjar,Banjar,Mekarsari
Jawa Barat,Tasikmalaya,Pancatengah,Mekarsari
Jawa Barat,Tasikmalaya,Kadipaten,Mekarsari
Jawa Barat,Garut,Cibalong,Mekarsari
Jawa Barat,Garut,Cikajang,Mekarsari
Jawa Barat,Garut,Cilawu,Mekarsari
Jawa Barat,Garut,Bayongbong,Mekarsari
Jawa Barat,Garut,Karangpawitan,Mekarsari
Jawa Barat,Garut,Cibatu,Mekarsari
Jawa Barat,Garut,Selaawi,Mekarsari
Jawa Barat,Garut,Mekarmukti,Mekarsari
Jawa Barat,Sukabumi,Ciracap,Mekarsari
Jawa Barat,Sukabumi,Sagaranten,Mekarsari
Jawa Barat,Tasikmalaya,Cineam,Ancol
Jawa Barat,Majalengka,Talaga,Argasari
Jawa Barat,Tasikmalaya,Cihideung,Argasari
Jawa Barat,Tasikmalaya,Leuwisari,Arjasari
Jawa Barat,Garut,Cikelet,Awassagara
Jawa Barat,Tasikmalaya,Cibeureum,Awipari
Jawa Barat,Pangandaran,Pangandaran,Babakan
Jawa Barat,Garut,Pangatikan,Babakan Loa
Jawa Barat,Garut,Banyuresmi,Bagendit
Jawa Barat,Majalengka,Cikijing,Bagjasari
Jawa Barat,Pangandaran,Kalipucang,Bagolo
Jawa Barat,Sukabumi,Kalibunder,Balekambang
Jawa Barat,Garut,Cisurupan,Balewangi
Jawa Barat,Banjar,Banjar,Balokang
Jawa Barat,Majalengka,Lemahsugih,Bangbayang
Jawa Barat,Sukabumi,Tegalbuleud,Bangbayang
Jawa Barat,Pangandaran,Langkaplancar,Bangunjaya
Jawa Barat,Pangandaran,Langkaplancar,Bangunkarya
Jawa Barat,Banjar,Banjar,Banjar
Jawa Barat,Majalengka,Banjaran,Banjaran
Jawa Barat,Majalengka,Cikijing,Banjaransari
Jawa Barat,Pangandaran,Kalipucang,Banjarharja
Jawa Barat,Tasikmalaya,Sukaresik,Banjarsari
Jawa Barat,Garut,Bayongbong,Banjarsari
Jawa Barat,Sukabumi,Cidadap,Banjarsari
Jawa Barat,Garut,Banjarwangi,Banjarwangi
Jawa Barat,Tasikmalaya,Salopa,Banjarwaringin
Jawa Barat,Sukabumi,Jampangtengah,Bantaragung
Jawa Barat,Sukabumi,Bantargadung,Bantargadung
Jawa Barat,Sukabumi,Bantargadung,Bantargebang
Jawa Barat,Tasikmalaya,Cipatujah,Bantarkalong
Jawa Barat,Sukabumi,Warungkiara,Bantarkalong
Jawa Barat,Sukabumi,Jampangtengah,Bantarpanjang
Jawa Barat,Tasikmalaya,Bungursari,Bantarsari
Jawa Barat,Sukabumi,Pabuaran,Bantarsari
Jawa Barat,Majalengka,Bantarujeg,Bantarujeg
Jawa Barat,Tasikmalaya,Taraju,Banyuasih
Jawa Barat,Sukabumi,Cibitung,Banyumurni
Jawa Barat,Tasikmalaya,Sukahening,Banyurasa
Jawa Barat,Tasikmalaya,Sukahening,Banyuresmi
Jawa Barat,Garut,Banyuresmi,Banyuresmi
Jawa Barat,Majalengka,Malausma,Banyusari
Jawa Barat,Sukabumi,Cibitung,Banyuwangi
Jawa Barat,Sukabumi,Baros,Baros
Jawa Barat,Garut,Malangbong,Baru Dua
Jawa Barat,Tasikmalaya,Parungponteng,Barumekar
Jawa Barat,Garut,Pasirwangi,Barusari
Jawa Barat,Garut,Cigedug,Barusuda
Jawa Barat,Pangandaran,Cijulang,Batukaras
Jawa Barat,Banjar,Pataruman,Batulawang
Jawa Barat,Pangandaran,Cimerak,Batumalang
Jawa Barat,Tasikmalaya,Manonjaya,Batusumur
Jawa Barat,Garut,Bayongbong,Bayongbong
Jawa Barat,Garut,Banyuresmi,Binakarya
Jawa Barat,Banjar,Pataruman,Binangun
Jawa Barat,Pangandaran,Parigi,Bojong
Jawa Barat,Pangandaran,Langkaplancar,Bojong
Jawa Barat,Bandung Barat,Rongga,Bojong
Jawa Barat,Garut,Bungbulang,Bojong
Jawa Barat,Garut,Pameungpeuk,Bojong
Jawa Barat,Garut,Banjarwangi,Bojong
Jawa Barat,Sukabumi,Kalibunder,Bojong
Jawa Barat,Garut,Pameungpeuk,Bojong Kidul
Jawa Barat,Tasikmalaya,Bojongasih,Bojongasih
Jawa Barat,Sukabumi,Bantargadung,Bojonggaling
Jawa Barat,Tasikmalaya,Bojonggambir,Bojonggambir
Jawa Barat,Tasikmalaya,Jamanis,Bojonggaok
Jawa Barat,Sukabumi,Jampangkulon,Bojonggenteng
Jawa Barat,Sukabumi,Jampangtengah,Bojongjengkol
Jawa Barat,Sukabumi,Nyalindung,Bojongkalong
Jawa Barat,Banjar,Langensari,Kujangsari
Jawa Barat,Tasikmalaya,Bojonggambir,Bojongkapol
Jawa Barat,Sukabumi,Warungkiara,Bojongkerta
Jawa Barat,Pangandaran,Langkaplancar,Bojongkondang
Jawa Barat,Pangandaran,Padaherang,Bojongsari
Jawa Barat,Tasikmalaya,Culamega,Bojongsari
Jawa Barat,Tasikmalaya,Gunung Tanjung,Bojongsari
Jawa Barat,Sukabumi,Jampangkulon,Bojongsari
Jawa Barat,Sukabumi,Nyalindung,Bojongsari
Jawa Barat,Sukabumi,Jampangtengah,Bojongtipar
Jawa Barat,Sukabumi,Curugkembar,Bojongtugu
Jawa Barat,Sukabumi,Cimanggu,Boregahindah
Jawa Barat,Majalengka,Lemahsugih,Borogojol
Jawa Barat,Sumedang,Cibugel,Buanamekar
Jawa Barat,Tasikmalaya,Ciawi,Bugel
Jawa Barat,Garut,Bungbulang,Bungbulang
Jawa Barat,Pangandaran,Langkaplancar,Bungur Raya
Jawa Barat,Tasikmalaya,Bungursari,Bungursari
Jawa Barat,Tasikmalaya,Kadipaten,Buniasih
Jawa Barat,Sukabumi,Tegalbuleud,Buniasih
Jawa Barat,Bandung Barat,Gununghalu,Bunijaya
Jawa Barat,Majalengka,Malausma,Buninagara
Jawa Barat,Bandung Barat,Sindangkerta,Buninagara
Jawa Barat,Pangandaran,Cigugur,Bunisari
Jawa Barat,Garut,Malangbong,Bunisari
Jawa Barat,Sukabumi,Surade,Buniwangi
Jawa Barat,Tasikmalaya,Parungponteng,Burujuljaya
Jawa Barat,Tasikmalaya,Sukahening,Calincing
Jawa Barat,Sukabumi,Tegalbuleud,Calingcing
Jawa Barat,Majalengka,Talaga,Campaga
Jawa Barat,Pangandaran,Cigugur,Campaka
Jawa Barat,Garut,Malangbong,Campaka
Jawa Barat,Tasikmalaya,Bojonggambir,Campakasari
Jawa Barat,Garut,Leles,Cangkuang
Jawa Barat,Garut,Caringin,Caringin
Jawa Barat,Garut,Karangtengah,Caringin
Jawa Barat,Sukabumi,Waluran,Caringinnunggal
Jawa Barat,Tasikmalaya,Cikatomas,Cayur
Jawa Barat,Bandung Barat,Gununghalu,Celak
Jawa Barat,Pangandaran,Cijulang,Ciakar
Jawa Barat,Tasikmalaya,Cibeureum,Ciakar
Jawa Barat,Tasikmalaya,Cineam,Ciampanan
Jawa Barat,Tasikmalaya,Cipatujah,Ciandum
Jawa Barat,Tasikmalaya,Leuwisari,Ciawang
Jawa Barat,Tasikmalaya,Karangnunggal,Ciawi
Jawa Barat,Tasikmalaya,Ciawi,Ciawi
Jawa Barat,Sukabumi,Pabuaran,Cibadak
Jawa Barat,Bandung,Bojongloa Kidul,Cibaduyut Kidul
Jawa Barat,Bandung,Bojongloa Kidul,Cibaduyut Wetan
Jawa Barat,Tasikmalaya,Kadipaten,Cibahayu
Jawa Barat,Tasikmalaya,Tanjungjaya,Cibalanarik
Jawa Barat,Tasikmalaya,Cibalong,Cibalong
Jawa Barat,Pangandaran,Cijulang,Cibanten
Jawa Barat,Tasikmalaya,Parungponteng,Cibanteng
Jawa Barat,Sukabumi,Sagaranten,Cibaregbeg
Jawa Barat,Tasikmalaya,Karangnunggal,Cibatu
Jawa Barat,Garut,Cibatu,Cibatu
Jawa Barat,Sukabumi,Cikembar,Cibatu
Jawa Barat,Tasikmalaya,Karangnunggal,Cibatuireng
Jawa Barat,Tasikmalaya,Cikalong,Cibeber
Jawa Barat,Tasikmalaya,Manonjaya,Cibeber
Jawa Barat,Bandung Barat,Rongga,Cibedug
Jawa Barat,Pangandaran,Parigi,Cibenda
Jawa Barat,Sukabumi,Ciemas,Cibenda
Jawa Barat,Majalengka,Talaga,Cibeureum
Jawa Barat,Banjar,Banjar,Cibeureum
Jawa Barat,Tasikmalaya,Kawalu,Cibeuti
Jawa Barat,Sukabumi,Cibitung,Cibitung
Jawa Barat,Sukabumi,Sagaranten,Cibitung
Jawa Barat,Garut,Cibiuk,Cibiuk Kaler
Jawa Barat,Garut,Cibiuk,Cibiuk Kidul
Jawa Barat,Garut,Cikajang,Cibodas
Jawa Barat,Sukabumi,Cibitung,Cibodas
Jawa Barat,Pangandaran,Padaherang,Cibogo
Jawa Barat,Tasikmalaya,Pancatengah,Cibongas
Jawa Barat,Sumedang,Cibugel,Cibugel
Jawa Barat,Majalengka,Lemahsugih,Cibulan
Jawa Barat,Pangandaran,Kalipucang,Cibuluh
Jawa Barat,Garut,Cibatu,Cibunar
Jawa Barat,Garut,Malangbong,Cibunar
Jawa Barat,Garut,Tarogong Kidul,Cibunar
Jawa Barat,Tasikmalaya,Parungponteng,Cibungur
Jawa Barat,Tasikmalaya,Pancatengah,Cibuniasih
Jawa Barat,Tasikmalaya,Bungursari,Cibunigeulis
Jawa Barat,Sukabumi,Simpenan,Cibuntu
Jawa Barat,Garut,Leles,Ciburial
Jawa Barat,Garut,Bayongbong,Ciburuy
Jawa Barat,Bandung Barat,Rongga,Cicadas
Jawa Barat,Bandung Barat,Sindangkerta,Cicangkanggirang
Jawa Barat,Majalengka,Talaga,Cicanir
Jawa Barat,Sukabumi,Purabaya,Cicukang
Jawa Barat,Tasikmalaya,Cikalong,Cidadali
Jawa Barat,Majalengka,Cingambul,Cidadap
Jawa Barat,Tasikmalaya,Karangnunggal,Cidadap
Jawa Barat,Sukabumi,Nyalindung,Mekarsari
Jawa Barat,Garut,Cisewu,Mekarsewu
Jawa Barat,Garut,Singajaya,Mekartani
Jawa Barat,Sukabumi,Cidadap,Mekartani
Jawa Barat,Sukabumi,Curugkembar,Mekartanjung
Jawa Barat,Pangandaran,Langkaplancar,Mekarwangi
Jawa Barat,Bandung Barat,Sindangkerta,Mekarwangi
Jawa Barat,Tasikmalaya,Cisayong,Mekarwangi
Jawa Barat,Garut,Talegong,Mekarwangi
Jawa Barat,Garut,Cibalong,Mekarwangi
Jawa Barat,Garut,Sukawening,Mekarwangi
Jawa Barat,Garut,Cihurip,Mekarwangi
Jawa Barat,Garut,Tarogong Kaler,Mekarwangi
Jawa Barat,Sukabumi,Kalibunder,Mekarwangi
Jawa Barat,Bandung,Bandung Kidul,Mengger
Jawa Barat,Tasikmalaya,Bojongasih,Mertajaya
Jawa Barat,Garut,Garut Kota,Muara Sanding
Jawa Barat,Tasikmalaya,Tamansari,Mugarsari
Jawa Barat,Bandung Barat,Cililin,Mukapayung
Jawa Barat,Majalengka,Cingambul,Muktisari
Jawa Barat,Banjar,Langensari,Muktisari
Jawa Barat,Garut,Banjarwangi,Mulyajaya
Jawa Barat,Sumedang,Wado,Mulyajaya
Jawa Barat,Banjar,Pataruman,Mulyasari
Jawa Barat,Tasikmalaya,Tamansari,Mulyasari
Jawa Barat,Tasikmalaya,Salopa,Mulyasari
Jawa Barat,Garut,Bayongbong,Mulyasari
Jawa Barat,Tasikmalaya,Sodonghilir,Muncang
Jawa Barat,Majalengka,Cingambul,Nagarakembang
Jawa Barat,Tasikmalaya,Cipedes,Nagarasari
Jawa Barat,Tasikmalaya,Cineam,Nagaratengah
Jawa Barat,Tasikmalaya,Cihideung,Nagarawangi
Jawa Barat,Sukabumi,Curugkembar,Nagrakjaya
Jawa Barat,Sukabumi,Jampangkulon,Nagraksari
Jawa Barat,Tasikmalaya,Cipatujah,Nagrog
Jawa Barat,Garut,Cibalong,Najaten
Jawa Barat,Sukabumi,Tegalbuleud,Nangela
Jawa Barat,Tasikmalaya,Cipatujah,Nangelasari
Jawa Barat,Tasikmalaya,Cigalontang,Nangerang
Jawa Barat,Sukabumi,Jampangtengah,Nangerang
Jawa Barat,Bandung Barat,Cililin,Nanggerang
Jawa Barat,Tasikmalaya,Pagerageung,Nanggewer
Jawa Barat,Tasikmalaya,Cigalontang,Nangtang
Jawa Barat,Garut,Kersamanah,Nanjungjaya
Jawa Barat,Banjar,Banjar,Neglasari
Jawa Barat,Tasikmalaya,Pancatengah,Neglasari
Jawa Barat,Tasikmalaya,Salawu,Neglasari
Jawa Barat,Tasikmalaya,Jatiwaras,Neglasari
Jawa Barat,Garut,Pakenjeng,Neglasari
Jawa Barat,Garut,Cisompet,Neglasari
Jawa Barat,Garut,Kadungora,Neglasari
Jawa Barat,Garut,Bl. Limbangan,Neglasari
Jawa Barat,Sukabumi,Lengkong,Neglasari
Jawa Barat,Sukabumi,Purabaya,Neglasari
Jawa Barat,Sukabumi,Nyalindung,Neglasari
Jawa Barat,Garut,Cilawu,Ngamplang
Jawa Barat,Garut,Cilawu,Ngamplangsari
Jawa Barat,Tasikmalaya,Cisayong,Nusawangi
Jawa Barat,Garut,Cisewu,Nyalindung
Jawa Barat,Sukabumi,Nyalindung,Nyalindung
Jawa Barat,Garut,Pameungpeuk,Paas
Jawa Barat,Sukabumi,Pabuaran,Pabuaran
Jawa Barat,Garut,Pasirwangi,Padaasih
Jawa Barat,Sukabumi,Jampangtengah,Padabeunghar
Jawa Barat,Pangandaran,Padaherang,Padaherang
Jawa Barat,Garut,Banjarwangi,Padahurip
Jawa Barat,Sukabumi,Jampangkulon,Padajaya
Jawa Barat,Tasikmalaya,Padakembang,Padakembang
Jawa Barat,Garut,Sukaresmi,Padamukti
Jawa Barat,Garut,Pasirwangi,Padamukti
Jawa Barat,Garut,Pasirwangi,Padamulya
Jawa Barat,Majalengka,Lemahsugih,Padarek
Jawa Barat,Sukabumi,Cidadap,Padasenang
Jawa Barat,Tasikmalaya,Sukarame,Padasuka
Jawa Barat,Garut,Cikajang,Padasuka
Jawa Barat,Garut,Cibatu,Padasuka
Jawa Barat,Garut,Pasirwangi,Padasuka
Jawa Barat,Garut,Pasirwangi,Padawaas
Jawa Barat,Tasikmalaya,Cipatujah,Padawaras
Jawa Barat,Sukabumi,Purabaya,Pagelaran
Jawa Barat,Tasikmalaya,Pagerageung,Pagerageung
Jawa Barat,Tasikmalaya,Taraju,Pageralam
Jawa Barat,Pangandaran,Cigugur,Pagerbumi
Jawa Barat,Pangandaran,Pangandaran,Pagergunung
Jawa Barat,Tasikmalaya,Pagerageung,Pagersari
Jawa Barat,Pangandaran,Sidamulih,Pajaten
Jawa Barat,Tasikmalaya,Sodonghilir,Pakalongan
Jawa Barat,Tasikmalaya,Ciawi,Pakamitankidul
Jawa Barat,Tasikmalaya,Cikatomas,Pakemitan
Jawa Barat,Tasikmalaya,Ciawi,Pakemitan
Jawa Barat,Garut,Pamulihan,Pakenjeng
Jawa Barat,Garut,Cisurupan,Pakuwon
Jawa Barat,Garut,Garut Kota,Pakuwon
Jawa Barat,Sukabumi,Palabuhanratu,Palabuhanratu
Jawa Barat,Pangandaran,Padaherang,Paledah
Jawa Barat,Garut,Cisewu,Pamalayan
Jawa Barat,Garut,Cikelet,Pamalayan
Jawa Barat,Garut,Bayongbong,Pamalayan
Jawa Barat,Garut,Banyuresmi,Pamekarsari
Jawa Barat,Garut,Pameungpeuk,Pameungpeuk
Jawa Barat,Tasikmalaya,Cipatujah,Pameutingan
Jawa Barat,Tasikmalaya,Bantarkalong,Pamijahan
Jawa Barat,Garut,Garut Kota,Paminggir
Jawa Barat,Pangandaran,Kalipucang,Pamotan
Jawa Barat,Tasikmalaya,Kadipaten,Pamoyanan
Jawa Barat,Garut,Cisurupan,Pamulihan
Jawa Barat,Pangandaran,Pangandaran,Pananjung
Jawa Barat,Garut,Pamulihan,Pananjung
Jawa Barat,Garut,Tarogong Kaler,Pananjung
Jawa Barat,Garut,Pamulihan,Panawa
Jawa Barat,Garut,Singajaya,Pancasura
Jawa Barat,Tasikmalaya,Pancatengah,Pancawangi
Jawa Barat,Garut,Bayongbong,Panembong
Jawa Barat,Pangandaran,Pangandaran,Pangandaran
Jawa Barat,Garut,Cisurupan,Pangauban
Jawa Barat,Garut,Cisewu,Panggalih
Jawa Barat,Pangandaran,Langkaplancar,Pangkalan
Jawa Barat,Tasikmalaya,Cipedes,Panglayungan
Jawa Barat,Tasikmalaya,Pancatengah,Pangliaran
Jawa Barat,Garut,Peundeuy,Pangrumasan
Jawa Barat,Garut,Tarogong Kaler,Panjiwangi
Jawa Barat,Sukabumi,Jampangtengah,Panumbangan
Jawa Barat,Tasikmalaya,Cikalong,Panyiaran
Jawa Barat,Garut,Pakenjeng,Panyindangan
Jawa Barat,Garut,Cisompet,Panyindangan
Jawa Barat,Tasikmalaya,Indihiang,Panyingkiran
Jawa Barat,Pangandaran,Padaherang,Panyutran
Jawa Barat,Tasikmalaya,Jatiwaras,Papayan
Jawa Barat,Garut,Samarang,Parakan
Jawa Barat,Tasikmalaya,Bantarkalong,Parakanhonje
Jawa Barat,Sukabumi,Cikembar,Parakanlima
Jawa Barat,Pangandaran,Parigi,Parakanmanggu
Jawa Barat,Tasikmalaya,Indihiang,Parakannyasag
Jawa Barat,Tasikmalaya,Cigalontang,Parentas
Jawa Barat,Pangandaran,Parigi,Parigi
Jawa Barat,Tasikmalaya,Sodonghilir,Parumasan
Jawa Barat,Tasikmalaya,Cibalong,Parung
Jawa Barat,Tasikmalaya,Parungponteng,Parungponteng
Jawa Barat,Garut,Cilawu,Pasanggrahan
Jawa Barat,Garut,Sukawening,Pasanggrahan
Jawa Barat,Sukabumi,Sagaranten,Pasanggrahan
Jawa Barat,Garut,Tarogong Kaler,Pasawahan
Jawa Barat,Tasikmalaya,Manonjaya,Pasirbatang
Jawa Barat,Pangandaran,Padaherang,Pasirgeulis
Jawa Barat,Tasikmalaya,Ciawi,Pasirhuni
Jawa Barat,Sukabumi,Surade,Pasiripis
Jawa Barat,Garut,Pasirwangi,Pasirkiamis
Jawa Barat,Garut,Pakenjeng,Pasirlangu
Jawa Barat,Tasikmalaya,Cineam,Pasirmukti
Jawa Barat,Tasikmalaya,Manonjaya,Pasirpanjang
Jawa Barat,Sukabumi,Ciracap,Pasirpanjang
Jawa Barat,Bandung Barat,Sindangkerta,Pasirpogor
Jawa Barat,Tasikmalaya,Mangunreja,Pasirsalam
Jawa Barat,Sukabumi,Palabuhanratu,Pasirsuren
Jawa Barat,Garut,Pasirwangi,Pasirwangi
Jawa Barat,Garut,Bl. Limbangan,Pasirwaru
Jawa Barat,Banjar,Pataruman,Pataruman
Jawa Barat,Garut,Tarogong Kidul,Pataruman
Jawa Barat,Tasikmalaya,Bojonggambir,Pedangkamulyan
Jawa Barat,Garut,Selaawi,Pelitaasih
Jawa Barat,Garut,Peundeuy,Peundeuy
Jawa Barat,Sukabumi,Sagaranten,Puncakmanggis
Jawa Barat,Bandung Barat,Sindangkerta,Puncaksari
Jawa Barat,Sukabumi,Purabaya,Purabaya
Jawa Barat,Pangandaran,Pangandaran,Purbahayu
Jawa Barat,Tasikmalaya,Purbaratu,Purbaratu
Jawa Barat,Garut,Caringin,Purbayani
Jawa Barat,Banjar,Purwaharja,Purwaharja
Jawa Barat,Garut,Peundeuy,Purwajaya
Jawa Barat,Tasikmalaya,Bojonggambir,Purwaraharja
Jawa Barat,Tasikmalaya,Taraju,Purwarahayu
Jawa Barat,Tasikmalaya,Cisayong,Purwasari
Jawa Barat,Sukabumi,Ciracap,Purwasedar
Jawa Barat,Tasikmalaya,Puspahiang,Puspahiang
Jawa Barat,Tasikmalaya,Puspahiang,Puspajaya
Jawa Barat,Tasikmalaya,Cigalontang,Puspamukti
Jawa Barat,Tasikmalaya,Puspahiang,Pusparahayu
Jawa Barat,Tasikmalaya,Cigalontang,Pusparaja
Jawa Barat,Tasikmalaya,Puspahiang,Puspasari
Jawa Barat,Tasikmalaya,Pagerageung,Puteran
Jawa Barat,Garut,Selaawi,Putrajawa
Jawa Barat,Pangandaran,Kalipucang,Putrapinggan
Jawa Barat,Banjar,Purwaharja,Raharja
Jawa Barat,Tasikmalaya,Cineam,Rajadatu
Jawa Barat,Tasikmalaya,Rajapolah,Rajamandala
Jawa Barat,Tasikmalaya,Rajapolah,Rajapolah
Jawa Barat,Tasikmalaya,Sodonghilir,Raksajaya
Jawa Barat,Tasikmalaya,Taraju,Raksasari
Jawa Barat,Sukabumi,Tegalbuleud,Rambay
Jawa Barat,Garut,Tarogong Kaler,Rancabango
Jawa Barat,Bandung,Gedebage,Rancanumpang
Jawa Barat,Tasikmalaya,Padakembang,Rancapaku
Jawa Barat,Bandung Barat,Cililin,Rancapanggung
Jawa Barat,Garut,Kadungora,Rancasalak
Jawa Barat,Bandung Barat,Sindangkerta,Rancasenggang
Jawa Barat,Majalengka,Cingambul,Rawa
Jawa Barat,Garut,Garut Kota,Regol
Jawa Barat,Banjar,Langensari,Rejasari
Jawa Barat,Garut,Sucinaraja,Sadang
Jawa Barat,Majalengka,Lemahsugih,Sadawangi
Jawa Barat,Garut,Cibalong,Sagara
Jawa Barat,Sukabumi,Sagaranten,Sagaranten
Jawa Barat,Garut,Malangbong,Sakawayana
Jawa Barat,Majalengka,Talaga,Salado
Jawa Barat,Garut,Leles,Salamnunggal
Jawa Barat,Majalengka,Bantarujeg,Salawangi
Jawa Barat,Tasikmalaya,Salawu,Salawu
Jawa Barat,Tasikmalaya,Mangunreja,Salebu
Jawa Barat,Garut,Samarang,Samarang
Jawa Barat,Tasikmalaya,Mangkubumi,Sambongjaya
Jawa Barat,Tasikmalaya,Mangkubumi,Sambongpari
Jawa Barat,Garut,Selaawi,Samida
Jawa Barat,Garut,Caringin,Samuderajaya
Jawa Barat,Garut,Cibalong,Sancang
Jawa Barat,Garut,Malangbong,Sanding
Jawa Barat,Tasikmalaya,Cisayong,Santanamekar
Jawa Barat,Garut,Peundeuy,Saribakti
Jawa Barat,Tasikmalaya,Karangnunggal,Sarimanggu
Jawa Barat,Tasikmalaya,Karangnunggal,Sarimukti
Jawa Barat,Garut,Pasirwangi,Sarimukti
Jawa Barat,Tasikmalaya,Sariwangi,Sariwangi
Jawa Barat,Majalengka,Cingambul,Sedareja
Jawa Barat,Sukabumi,Kalibunder,Sekarsari
Jawa Barat,Garut,Malangbong,Sekarwangi
Jawa Barat,Garut,Talegong,Selaawi
Jawa Barat,Garut,Selaawi,Selaawi
Jawa Barat,Garut,Bayongbong,Salakuray
Jawa Barat,Pangandaran,Parigi,Selasari
Jawa Barat,Tasikmalaya,Sariwangi,Selawangi
Jawa Barat,Tasikmalaya,Sodonghilir,Sepatnunggal
Jawa Barat,Tasikmalaya,Salawu,Serang
Jawa Barat,Tasikmalaya,Cibeureum,Setiajaya
Jawa Barat,Tasikmalaya,Tamansari,Setiamulya
Jawa Barat,Tasikmalaya,Cibeureum,Setianagara
Jawa Barat,Tasikmalaya,Cibeureum,Setiaratu
Jawa Barat,Tasikmalaya,Jatiwaras,Setiawangi
Jawa Barat,Tasikmalaya,Cibalong,Setiawaras
Jawa Barat,Tasikmalaya,Tamansari,Setiawargi
Jawa Barat,Pangandaran,Sidamulih,Sidamulih
Jawa Barat,Sukabumi,Ciemas,Sidamulya
Jawa Barat,Pangandaran,Pangandaran,Sidomulyo
Jawa Barat,Majalengka,Bantarujeg,Silihwangi
Jawa Barat,Tasikmalaya,Bantarkalong,Simpang
Jawa Barat,Garut,Cibalong,Simpang
Jawa Barat,Garut,Cikajang,Simpang
Jawa Barat,Garut,Cisurupan,Simpangsari
Jawa Barat,Garut,Bl. Limbangan,Simpen Kaler
Jawa Barat,Garut,Bl. Limbangan,Simpen Kidul
Jawa Barat,Tasikmalaya,Sukaratu,Sinagar
Jawa Barat,Sukabumi,Sagaranten,Sinarbentang
Jawa Barat,Majalengka,Lemahsugih,Sinargalih
Jawa Barat,Garut,Bungbulang,Sinarjaya
Jawa Barat,Garut,Pasirwangi,Sinarjaya
Jawa Barat,Banjar,Pataruman,Sinartanjung
Jawa Barat,Majalengka,Cikijing,Sindang
Jawa Barat,Tasikmalaya,Cikatomas,Sindangasih
Jawa Barat,Garut,Karangpawitan,Sindanggalih
Jawa Barat,Garut,Karangtengah,Sindanggalih
Jawa Barat,Majalengka,Bantarujeg,Sindanghurip
Jawa Barat,Pangandaran,Mangunjaya,Sindangjaya
Jawa Barat,Bandung Barat,Gununghalu,Sindangjaya
Jawa Barat,Tasikmalaya,Cikalong,Sindangjaya
Jawa Barat,Bandung Barat,Sindangkerta,Sindangkerta
Jawa Barat,Tasikmalaya,Cipatujah,Sindangkerta
Jawa Barat,Garut,Karangpawitan,Sindanglaya
Jawa Barat,Garut,Wanaraja,Sindangmekar
Jawa Barat,Sumedang,Cimanggung,Sindangpakuon
Jawa Barat,Majalengka,Banjaran,Sindangpala
Jawa Barat,Garut,Karangpawitan,Sindangpalay
Jawa Barat,Majalengka,Cikijing,Sindangpanji
Jawa Barat,Garut,Wanaraja,Sindangprabu
Jawa Barat,Tasikmalaya,Jamanis,Sindangraja
Jawa Barat,Sukabumi,Curugkembar,Sindangraja
Jawa Barat,Garut,Wanaraja,Sindangratu
Jawa Barat,Sukabumi,Jampangtengah,Sindangresmi
Jawa Barat,Pangandaran,Cimerak,Sindangsari
Jawa Barat,Tasikmalaya,Bojongasih,Sindangsari
Jawa Barat,Garut,Cisompet,Sindangsari
Jawa Barat,Garut,Leuwigoong,Sindangsari
Jawa Barat,Garut,Cigedug,Sindangsari
Jawa Barat,Garut,Cibatu,Sindangsuka
Jawa Barat,Pangandaran,Padaherang,Sindangwangi
Jawa Barat,Tasikmalaya,Cibalong,Singajaya
Jawa Barat,Garut,Singajaya,Singajaya
Jawa Barat,Tasikmalaya,Singaparna,Singaparna
Jawa Barat,Tasikmalaya,Taraju,Singasari
Jawa Barat,Tasikmalaya,Singaparna,Singasari
Jawa Barat,Tasikmalaya,Cikalong,Singkir
Jawa Barat,Tasikmalaya,Purbaratu,Singkup
Jawa Barat,Garut,Pameungpeuk,Sirnabakti
Jawa Barat,Tasikmalaya,Indihiang,Sirnagalih
Jawa Barat,Tasikmalaya,Bantarkalong,Sirnagalih
Jawa Barat,Tasikmalaya,Cigalontang,Sirnagalih
Jawa Barat,Garut,Bayongbong,Sirnagalih
Jawa Barat,Garut,Cisurupan,Sirnagalih
Jawa Barat,Bandung Barat,Gununghalu,Sirnajaya
Jawa Barat,Tasikmalaya,Sukaraja,Sirnajaya
Jawa Barat,Tasikmalaya,Karang Jaya,Sirnajaya
Jawa Barat,Garut,Cisurupan,Sirnajaya
Jawa Barat,Garut,Tarogong Kaler,Sirnajaya
Jawa Barat,Sukabumi,Warungkiara,Sirnajaya
Jawa Barat,Sukabumi,Tegalbuleud,Sirnamekar
Jawa Barat,Tasikmalaya,Cigalontang,Sirnaputra
Jawa Barat,Tasikmalaya,Cigalontang,Sirnaraja
Jawa Barat,Tasikmalaya,Sariwangi,Sirnasari
Jawa Barat,Garut,Samarang,Sirnasari
Jawa Barat,Sukabumi,Surade,Sirnasari
Jawa Barat,Sukabumi,Pabuaran,Sirnasari
Jawa Barat,Banjar,Banjar,Situbatu
Jawa Barat,Garut,Karangpawitan,Situgede
Jawa Barat,Garut,Karangpawitan,Situjaya
Jawa Barat,Sukabumi,Lembursitu,Situmekar
Jawa Barat,Garut,Karangpawitan,Situsaeur
Jawa Barat,Garut,Cisurupan,Situsari
Jawa Barat,Garut,Karangpawitan,Situsari
Jawa Barat,Tasikmalaya,Sodonghilir,Sodonghilir
Jawa Barat,Garut,Karangpawitan,Suci
Jawa Barat,Garut,Karangpawitan,Suci Kaler
Jawa Barat,Garut,Sukawening,Sudalarang
Jawa Barat,Tasikmalaya,Purbaratu,Sukaasih
Jawa Barat,Tasikmalaya,Singaparna,Sukaasih
Jawa Barat,Tasikmalaya,Sodonghilir,Sukabakti
Jawa Barat,Garut,Tarogong Kidul,Sukabakti
Jawa Barat,Majalengka,Malausma,Sukadana
Jawa Barat,Tasikmalaya,Pagerageung,Sukadana
Jawa Barat,Tasikmalaya,Sukaratu,Sukagalih
Jawa Barat,Garut,Tarogong Kidul,Sukagalih
Jawa Barat,Garut,Sukawening,Sukahaji
Jawa Barat,Tasikmalaya,Sariwangi,Sukaharja
Jawa Barat,Sukabumi,Warungkiara,Sukaharja
Jawa Barat,Garut,Cilawu,Sukahati
Jawa Barat,Tasikmalaya,Sukahening,Sukahening
Jawa Barat,Tasikmalaya,Singaparna,Sukaherang
Jawa Barat,Pangandaran,Pangandaran,Sukahurip
Jawa Barat,Tasikmalaya,Tamansari,Sukahurip
Jawa Barat,Tasikmalaya,Cipatujah,Sukahurip
Jawa Barat,Garut,Pangatikan,Sukahurip
Jawa Barat,Garut,Cigedug,Sukahurip
Jawa Barat,Majalengka,Lemahsugih,Sukajadi
Jawa Barat,Tasikmalaya,Cisayong,Sukajadi
Jawa Barat,Garut,Tarogong Kaler,Sukajadi
Jawa Barat,Sumedang,Wado,Sukajadi
Jawa Barat,Sukabumi,Cimanggu,Sukajadi
Jawa Barat,Pangandaran,Cimerak,Sukajaya
Jawa Barat,Tasikmalaya,Bungursari,Sukajaya
Jawa Barat,Tasikmalaya,Purbaratu,Sukajaya
Jawa Barat,Garut,Cisewu,Sukajaya
Jawa Barat,Garut,Malangbong,Sukajaya
Jawa Barat,Garut,Sukaresmi,Sukajaya
Jawa Barat,Garut,Tarogong Kidul,Sukajaya
Jawa Barat,Sukabumi,Pabuaran,Sukajaya
Jawa Barat,Tasikmalaya,Sukarame,Sukakarsa
Jawa Barat,Garut,Banyuresmi,Sukakarya
Jawa Barat,Garut,Tarogong Kidul,Sukakarya
Jawa Barat,Garut,Samarang,Sukakarya
Jawa Barat,Tasikmalaya,Jatiwaras,Sukakerta
Jawa Barat,Tasikmalaya,Bungursari,Sukalaksana
Jawa Barat,Garut,Talegong,Sukalaksana
Jawa Barat,Garut,Banyuresmi,Sukalaksana
Jawa Barat,Garut,Sucinaraja,Sukalaksana
Jawa Barat,Garut,Samarang,Sukalaksana
Jawa Barat,Garut,Cibatu,Sukalilah
Jawa Barat,Garut,Sukaresmi,Sukalilah
Jawa Barat,Tasikmalaya,Mangunreja,Sukaluyu
Jawa Barat,Garut,Sukawening,Sukaluyu
Jawa Barat,Sukabumi,Kalibunder,Sukaluyu
Jawa Barat,Tasikmalaya,Sukaratu,Sukamahi
Jawa Barat,Majalengka,Lemahsugih,Sukamaju
Jawa Barat,Pangandaran,Mangunjaya,Sukamaju
Jawa Barat,Tasikmalaya,Bantarkalong,Sukamaju
Jawa Barat,Tasikmalaya,Pagerageung,Sukamaju
Jawa Barat,Garut,Talegong,Sukamaju
Jawa Barat,Garut,Cilawu,Sukamaju
Jawa Barat,Garut,Kersamanah,Sukamaju
Jawa Barat,Sukabumi,Cimanggu,Sukamaju
Jawa Barat,Sukabumi,Cikembar,Sukamaju
Jawa Barat,Sukabumi,Nyalindung,Sukamaju
Jawa Barat,Tasikmalaya,Indihiang,Sukamaju Kaler
Jawa Barat,Tasikmalaya,Indihiang,Sukamaju Kidul
Jawa Barat,Bandung Barat,Rongga,Sukamanah
Jawa Barat,Tasikmalaya,Cipedes,Sukamanah
Jawa Barat,Tasikmalaya,Cigalontang,Sukamanah
Jawa Barat,Garut,Bayongbong,Sukamanah
Jawa Barat,Garut,Malangbong,Sukamanah
Jawa Barat,Sukabumi,Cimanggu,Sukamanah
Jawa Barat,Sukabumi,Gegerbitung,Sukamanah
Jawa Barat,Tasikmalaya,Ciawi,Sukamantri
Jawa Barat,Tasikmalaya,Purbaratu,Sukamenak
Jawa Barat,Tasikmalaya,Sukarame,Sukamenak
Jawa Barat,Tasikmalaya,Sukaresik,Sukamenak
Jawa Barat,Garut,Wanaraja,Sukamenak
Jawa Barat,Garut,Garut Kota,Sukamentri
Jawa Barat,Garut,Kersamanah,Sukamerang
Jawa Barat,Majalengka,Cikijing,Sukamukti
Jawa Barat,Banjar,Pataruman,Sukamukti
Jawa Barat,Tasikmalaya,Cisayong,Sukamukti
Jawa Barat,Garut,Cisompet,Sukamukti
Jawa Barat,Garut,Cilawu,Sukamukti
Jawa Barat,Garut,Sukawening,Sukamukti
Jawa Barat,Garut,Banyuresmi,Sukamukti
Jawa Barat,Sukabumi,Waluran,Sukamukti
Jawa Barat,Tasikmalaya,Sariwangi,Sukamulih
Jawa Barat,Pangandaran,Langkaplancar,Sukamulya
Jawa Barat,Tasikmalaya,Bungursari,Sukamulya
Jawa Barat,Tasikmalaya,Singaparna,Sukamulya
Jawa Barat,Garut,Talegong,Sukamulya
Jawa Barat,Garut,Pakenjeng,Sukamulya
Jawa Barat,Garut,Singajaya,Sukamulya
Jawa Barat,Garut,Pangatikan,Sukamulya
Jawa Barat,Garut,Sukaresmi,Sukamulya
Jawa Barat,Garut,Cilawu,Sukamurni
Jawa Barat,Tasikmalaya,Rajapolah,Sukanagalih
Jawa Barat,Pangandaran,Padaherang,Sukanagara
Jawa Barat,Tasikmalaya,Purbaratu,Sukanagara
Jawa Barat,Tasikmalaya,Tanjungjaya,Sukanagara
Jawa Barat,Garut,Cisompet,Sukanagara
Jawa Barat,Garut,Peundeuy,Sukanagara
Jawa Barat,Garut,Garut Kota,Sukanegla
Jawa Barat,Tasikmalaya,Pagerageung,Sukapada
Jawa Barat,Tasikmalaya,Sukaresik,Sukapancar
Jawa Barat,Majalengka,Talaga,Sukaperna
Jawa Barat,Tasikmalaya,Sukaraja,Sukapura
Jawa Barat,Tasikmalaya,Cisayong,Sukaraharja
Jawa Barat,Tasikmalaya,Rajapolah,Sukaraja
Jawa Barat,Garut,Banyuresmi,Sukaraja
Jawa Barat,Sumedang,Cibugel,Sukaraja
Jawa Barat,Tasikmalaya,Sukarame,Sukarame
Jawa Barat,Garut,Bayongbong,Sukarame
Jawa Barat,Garut,Leles,Sukarame
Jawa Barat,Garut,Caringin,Sukarame
Jawa Barat,Tasikmalaya,Sukarame,Sukarapih
Jawa Barat,Tasikmalaya,Salawu,Sukarasa
Jawa Barat,Garut,Pangatikan,Sukarasa
Jawa Barat,Garut,Malangbong,Sukarasa
Jawa Barat,Garut,Samarang,Sukarasa
Jawa Barat,Tasikmalaya,Sukaratu,Sukaratu
Jawa Barat,Tasikmalaya,Sukaresik,Sukaratu
Jawa Barat,Garut,Banyuresmi,Sukaratu
Jawa Barat,Garut,Malangbong,Sukaratu
Jawa Barat,Garut,Sucinaraja,Sukaratu
Jawa Barat,Pangandaran,Sidamulih,Sukaresik
Jawa Barat,Tasikmalaya,Sukaresik,Sukaresik
Jawa Barat,Garut,Sukaresmi,Sukaresmi
Jawa Barat,Tasikmalaya,Bungursari,Sukarindik
Jawa Barat,Majalengka,Cikijing,Sukasari
Jawa Barat,Bandung Barat,Gununghalu,Sukasari
Jawa Barat,Tasikmalaya,Puspahiang,Sukasari
Jawa Barat,Tasikmalaya,Tanjungjaya,Sukasenang
Jawa Barat,Garut,Bayongbong,Sukasenang
Jawa Barat,Garut,Banyuresmi,Sukasenang
Jawa Barat,Tasikmalaya,Cisayong,Sukasetia
Jawa Barat,Garut,Sukawening,Sukasono
Jawa Barat,Tasikmalaya,Cisayong,Sukasukur
Jawa Barat,Tasikmalaya,Mangunreja,Sukasukur
Jawa Barat,Garut,Cilawu,Sukatani
Jawa Barat,Garut,Cisurupan,Sukatani
Jawa Barat,Sukabumi,Surade,Sukatani
Jawa Barat,Garut,Singajaya,Sukawangi
Jawa Barat,Garut,Cisurupan,Sukawangi
Jawa Barat,Garut,Tarogong Kaler,Sukawangi
Jawa Barat,Tasikmalaya,Karangnunggal,Sukawangun
Jawa Barat,Garut,Sukawening,Sukawening
Jawa Barat,Sukabumi,Tegalbuleud,Sumberjaya
Jawa Barat,Tasikmalaya,Tamansari,Sumelap
Jawa Barat,Majalengka,Cikijing,Sunalari
Jawa Barat,Tasikmalaya,Sukahening,Sundakerta
Jawa Barat,Tasikmalaya,Salawu,Sundawenang
Jawa Barat,Majalengka,Banjaran,Sunia Baru
Jawa Barat,Garut,Bl. Limbangan,Surabaya
Jawa Barat,Sukabumi,Surade,Surade
Jawa Barat,Garut,Pasirwangi,Talaga
Jawa Barat,Majalengka,Talaga,Talaga Kulon
Jawa Barat,Majalengka,Talaga,Talaga Wetan
Jawa Barat,Garut,Banjarwangi,Talagajaya
Jawa Barat,Sukabumi,Cibitung,Talagamurni
Jawa Barat,Tasikmalaya,Kawalu,Talagasari
Jawa Barat,Garut,Banjarwangi,Talagasari
Jawa Barat,Garut,Kadungora,Talagasari
Jawa Barat,Garut,Pakenjeng,Talagawangi
Jawa Barat,Bandung Barat,Gununghalu,Tamanjaya
Jawa Barat,Tasikmalaya,Tamansari,Tamanjaya
Jawa Barat,Sukabumi,Ciemas,Tamanjaya
Jawa Barat,Tasikmalaya,Tamansari,Tamansari
Jawa Barat,Garut,Leuwigoong,Tambak Sari
Jawa Barat,Garut,Cisurupan,Tambakbaya
Jawa Barat,Garut,Kadungora,Tanggulun
Jawa Barat,Tasikmalaya,Kawalu,Tanjung
Jawa Barat,Sukabumi,Jampangkulon,Tanjung
Jawa Barat,Garut,Tarogong Kaler,Tanjung Kamuning
Jawa Barat,Garut,Samarang,Tanjung Karya
Jawa Barat,Garut,Samarang,Tanjunganom
Jawa Barat,Tasikmalaya,Cikatomas,Tanjungbarang
Jawa Barat,Tasikmalaya,Tanjungjaya,Tanjungjaya
Jawa Barat,Garut,Pakenjeng,Tanjungjaya
Jawa Barat,Garut,Banjarwangi,Tanjungjaya
Jawa Barat,Tasikmalaya,Cigalontang,Tanjungkarang
Jawa Barat,Tasikmalaya,Pagerageung,Tanjungkerta
Jawa Barat,Tasikmalaya,Jamanis,Tanjungmekar
Jawa Barat,Garut,Pakenjeng,Tanjungmulya
Jawa Barat,Tasikmalaya,Rajapolah,Tanjungpura
Jawa Barat,Tasikmalaya,Salawu,Tanjungsari
Jawa Barat,Tasikmalaya,Salopa,Tanjungsari
Jawa Barat,Tasikmalaya,Gunung Tanjung,Tanjungsari
Jawa Barat,Tasikmalaya,Sukaresik,Tanjungsari
Jawa Barat,Garut,Karangpawitan,Tanjungsari
Jawa Barat,Sukabumi,Curugkembar,Tanjungsari
Jawa Barat,Sukabumi,Jampangtengah,Tanjungsari
Jawa Barat,Tasikmalaya,Taraju,Taraju
Jawa Barat,Sukabumi,Warungkiara,Tarisi
Jawa Barat,Garut,Tarogong Kidul,Tarogong
Jawa Barat,Tasikmalaya,Sukaraja,Tarunajaya
Jawa Barat,Tasikmalaya,Pancatengah,Tawang
Jawa Barat,Tasikmalaya,Sukaratu,Tawangbanteng
Jawa Barat,Tasikmalaya,Tawang,Tawangsari
Jawa Barat,Sukabumi,Tegalbuleud,Tegalbuleud
Jawa Barat,Garut,Pakenjeng,Tegalgede
Jawa Barat,Garut,Bungbulang,Tegallega
Jawa Barat,Sukabumi,Cidolog,Tegallega
Jawa Barat,Sukabumi,Lengkong,Tegallega
Jawa Barat,Garut,Sucinaraja,Tegalpanjang
Jawa Barat,Sukabumi,Cidadap,Tenjolaut
Jawa Barat,Tasikmalaya,Cigalontang,Tenjonagara
Jawa Barat,Garut,Sucinaraja,Tenjonagara
Jawa Barat,Tasikmalaya,Salawu,Tenjowaringin
Jawa Barat,Garut,Cikelet,Tipar
Jawa Barat,Garut,Peundeuy,Toblong
Jawa Barat,Tasikmalaya,Bojongasih,Toblongan
Jawa Barat,Tasikmalaya,Cipatujah,Tobongjaya
Jawa Barat,Tasikmalaya,Pancatengah,Tonjong
Jawa Barat,Sukabumi,Palabuhanratu,Tonjong
Jawa Barat,Tasikmalaya,Cikalong,Tonjongsari
Jawa Barat,Tasikmalaya,Cihideung,Tugujaya
Jawa Barat,Tasikmalaya,Cihideung,Tuguraja
Jawa Barat,Pangandaran,Kalipucang,Tunggilis
Jawa Barat,Sukabumi,Ciracap,Ujunggenteng
Jawa Barat,Tasikmalaya,Kawalu,Urug
Jawa Barat,Majalengka,Bantarujeg,Wadowetan
Jawa Barat,Tasikmalaya,Bantarkalong,Wakap
Jawa Barat,Sukabumi,Waluran,Waluran
Jawa Barat,Sukabumi,Waluran,Waluran Mandiri
Jawa Barat,Garut,Wanaraja,Wanajaya
Jawa Barat,Garut,Cibatu,Wanakerta
Jawa Barat,Garut,Wanaraja,Wanamekar
Jawa Barat,Garut,Wanaraja,Wanaraja
Jawa Barat,Garut,Wanaraja,Wanasari
Jawa Barat,Sukabumi,Surade,Wanasari
Jawa Barat,Tasikmalaya,Bojonggambir,Wandasari
Jawa Barat,Majalengka,Cingambul,Wangkelang
Jawa Barat,Garut,Bungbulang,Wangunjaya
Jawa Barat,Garut,Pakenjeng,Wangunjaya
Jawa Barat,Garut,Banjarwangi,Wangunjaya
Jawa Barat,Sukabumi,Nyalindung,Wangunreja
Jawa Barat,Bandung Barat,Sindangkerta,Wangunsari
Jawa Barat,Tasikmalaya,Bantarkalong,Wangunsari
Jawa Barat,Tasikmalaya,Sukarame,Wargakerta
Jawa Barat,Bandung Barat,Gununghalu,Wargasaluyu
Jawa Barat,Banjar,Langensari,Waringinsari
Jawa Barat,Sukabumi,Warungkiara,Warungkiara
Jawa Barat,Bandung,Bandung Kidul,Wates
Jawa Barat,Bandung Barat,Sindangkerta,Weninggalih
Jawa Barat,Majalengka,Malausma,Werasari
Jawa Barat,Pangandaran,Pangandaran,Wonoharjo
Jawa Barat,Tasikmalaya,Cihideung,Yudanagara
Jawa Barat,Sukabumi,Ciracap,Cikangkung
Jawa Barat,Sukabumi,Ciracap,Pangumbahan
Jawa Barat,Sukabumi,Ciemas,Girimukti
Jawa Barat,Sukabumi,Simpenan,Sangrawayang
Jawa Barat,Kuningan,Kuningan,Ancaran
Jawa Barat,Kuningan,Ciwaru,Andamui
Jawa Barat,Kuningan,Sindangagung,Babakanreuma
Jawa Barat,Kuningan,Selajambe,Bagawat
Jawa Barat,Kuningan,Sindangagung,Balong
Jawa Barat,Kuningan,Subang,Bangunjaya
Jawa Barat,Kuningan,Cibingbin,Bantarpanjang
Jawa Barat,Kuningan,Ciwaru,Baok
Jawa Barat,Kuningan,Luragung,Benda
Jawa Barat,Kuningan,Lebakwangi,Bendungan
Jawa Barat,Kuningan,Cidahu,Bunder
Jawa Barat,Kuningan,Cilebak,Bungurberes
Jawa Barat,Kuningan,Maleber,Buniasih
Jawa Barat,Kuningan,Hantara,Bunigeulis
Jawa Barat,Kuningan,Selajambe,Cantilan
Jawa Barat,Kuningan,Cibingbin,Ciangir
Jawa Barat,Kuningan,Ciawigebang,Ciawilor
Jawa Barat,Kuningan,Ciawigebang,Ciawigebang
Jawa Barat,Kuningan,Selajambe,Ciberung
Jawa Barat,Kuningan,Cibeureum,Cibeureum
Jawa Barat,Kuningan,Cibingbin,Cibingbin
Jawa Barat,Kuningan,Kuningan,Cibinuang
Jawa Barat,Kuningan,Cidahu,Cidahu
Jawa Barat,Kuningan,Luragung,Cigedang
Jawa Barat,Kuningan,Karang Kancana,Cihanjaro
Jawa Barat,Kuningan,Cidahu,Cihideung Girang
Jawa Barat,Kuningan,Cidahu,Cihideunghilir
Jawa Barat,Kuningan,Ciawigebang,Cijagamulya
Jawa Barat,Kuningan,Ciniru,Cijemit
Jawa Barat,Kuningan,Luragung,Cikaduwetan
Jawa Barat,Kuningan,Maleber,Cikahuripan
Jawa Barat,Kuningan,Garawangi,Cikananga
Jawa Barat,Kuningan,Luragung,Cikandang
Jawa Barat,Kuningan,Cimahi,Cikeusal
Jawa Barat,Kuningan,Hantara,Cikondang
Jawa Barat,Kuningan,Ciwaru,Cilayung
Jawa Barat,Kuningan,Cilebak,Cilebak
Jawa Barat,Kuningan,Cimahi,Cileuya
Jawa Barat,Kuningan,Cilebak,Cilimusari
Jawa Barat,Kuningan,Cimahi,Cimahi
Jawa Barat,Kuningan,Cibeureum,Cimara
Jawa Barat,Kuningan,Cimahi,Cimulya
Jawa Barat,Kuningan,Lebakwangi,Cinagara
Jawa Barat,Kuningan,Lebakwangi,Cineumbeuy
Jawa Barat,Kuningan,Ciniru,Ciniru
Jawa Barat,Kuningan,Ciawigebang,Ciomas
Jawa Barat,Kuningan,Maleber,Cipakem
Jawa Barat,Kuningan,Ciniru,Cipedes
Jawa Barat,Kuningan,Lebakwangi,Cipetir
Jawa Barat,Kuningan,Cibingbin,Cipondok
Jawa Barat,Kuningan,Maleber,Ciporang
Jawa Barat,Kuningan,Ciawigebang,Ciputat
Jawa Barat,Kuningan,Luragung,Cirahayu
Jawa Barat,Kuningan,Garawangi,Cirukem
Jawa Barat,Kuningan,Cibingbin,Cisaat
Jawa Barat,Kuningan,Hantara,Citapen
Jawa Barat,Kuningan,Cibingbin,Citenjo
Jawa Barat,Kuningan,Ciwaru,Citikur
Jawa Barat,Kuningan,Garawangi,Citiusari
Jawa Barat,Kuningan,Ciwaru,Citundun
Jawa Barat,Kuningan,Ciwaru,Ciwaru
Jawa Barat,Kuningan,Cidahu,Datar
Jawa Barat,Kuningan,Cibingbin,Dukuhbadag
Jawa Barat,Kuningan,Luragung,Dukuhmaja
Jawa Barat,Kuningan,Luragung,Dukuhpicung
Jawa Barat,Kuningan,Maleber,Dukuhtengah
Jawa Barat,Kuningan,Maleber,Galaherang
Jawa Barat,Kuningan,Maleber,Garahaji
Jawa Barat,Kuningan,Ciwaru,Garajati
Jawa Barat,Kuningan,Garawangi,Garawangi
Jawa Barat,Kuningan,Ciawigebang,Geresik
Jawa Barat,Kuningan,Garawangi,Gewok
Jawa Barat,Kuningan,Maleber,Giriwaringin
Jawa Barat,Kuningan,Subang,Gunungaci
Jawa Barat,Kuningan,Luragung,Gunungkarung
Jawa Barat,Kuningan,Ciniru,Gunungmanik
Jawa Barat,Kuningan,Cimahi,Gunungsari
Jawa Barat,Kuningan,Hantara,Hantara
Jawa Barat,Kuningan,Karang Kancana,Jabranti
Jawa Barat,Kuningan,Cilebak,Jalatrang
Jawa Barat,Kuningan,Selajambe,Jamberama
Jawa Barat,Kuningan,Subang,Jatisari
Jawa Barat,Kuningan,Garawangi,Kadatuan
Jawa Barat,Kuningan,Karang Kancana,Kaduagung
Jawa Barat,Kuningan,Sindangagung,Kaduagung
Jawa Barat,Kuningan,Ciawigebang,Kadurama
Jawa Barat,Kuningan,Kalimanggis,Kalimanggiskulon
Jawa Barat,Kuningan,Cimahi,Kananga
Jawa Barat,Kuningan,Ciawigebang,Kapandayan
Jawa Barat,Kuningan,Ciawigebang,Karamatmulya
Jawa Barat,Kuningan,Garawangi,Karamatwangi
Jawa Barat,Kuningan,Ciwaru,Karangbaru
Jawa Barat,Kuningan,Ciawigebang,Karangkamulyan
Jawa Barat,Kuningan,Karang Kancana,Karangkancana
Jawa Barat,Kuningan,Kuningan,Karangtawang
Jawa Barat,Kuningan,Maleber,Karangtengah
Jawa Barat,Kuningan,Cipicung,Karoya
Jawa Barat,Kuningan,Cibeureum,Kawungsari
Jawa Barat,Kuningan,Kuningan,Kedungarum
Jawa Barat,Kuningan,Kuningan,Awirarangan
Jawa Barat,Kuningan,Kuningan,Cigintung
Jawa Barat,Kuningan,Kuningan,Cijoho
Jawa Barat,Kuningan,Kuningan,Ciporang
Jawa Barat,Kuningan,Kuningan,Citangtu
Jawa Barat,Kuningan,Kuningan,Kuningan
Jawa Barat,Kuningan,Kuningan,Purwawinangun
Jawa Barat,Kuningan,Kuningan,Winduhaji
Jawa Barat,Kuningan,Kuningan,Windusengkahan
Jawa Barat,Kuningan,Sindangagung,Kertaungaran
Jawa Barat,Kuningan,Sindangagung,Kertawangunan
Jawa Barat,Kuningan,Cidahu,Kertawinangun
Jawa Barat,Kuningan,Kalimanggis,Partawangunan
Jawa Barat,Kuningan,Sindangagung,Kertayasa
Jawa Barat,Kuningan,Garawangi,Kutakembaran
Jawa Barat,Kuningan,Maleber,Kutamandarakan
Jawa Barat,Kuningan,Maleber,Kutaraja
Jawa Barat,Kuningan,Selajambe,Kutawaringin
Jawa Barat,Kuningan,Lebakwangi,Langseb
Jawa Barat,Kuningan,Ciwaru,Lebakherang
Jawa Barat,Kuningan,Ciawigebang,Lebaksiuh
Jawa Barat,Kuningan,Lebakwangi,Lebakwangi
Jawa Barat,Kuningan,Cidahu,Legok
Jawa Barat,Kuningan,Cilebak,Legokherang
Jawa Barat,Kuningan,Garawangi,Lengkong
Jawa Barat,Kuningan,Ciwaru,Linggajaya
Jawa Barat,Kuningan,Ciniru,Longkewang
Jawa Barat,Kuningan,Luragung,Luragunglandeuh
Jawa Barat,Kuningan,Luragung,Luragungtonggoh
Jawa Barat,Kuningan,Cilebak,Madapajaya
Jawa Barat,Kuningan,Maleber,Maleber
Jawa Barat,Kuningan,Garawangi,Mancagar
Jawa Barat,Kuningan,Lebakwangi,Mancagar
Jawa Barat,Kuningan,Maleber,Mandalajaya
Jawa Barat,Kuningan,Lebakwangi,Manggari
Jawa Barat,Kuningan,Karang Kancana,Margacina
Jawa Barat,Kuningan,Cimahi,Margamukti
Jawa Barat,Kuningan,Luragung,Margasari
Jawa Barat,Kuningan,Sindangagung,Mekarmukti
Jawa Barat,Kuningan,Garawangi,Mekarmulya
Jawa Barat,Kuningan,Maleber,Mekarsari
Jawa Barat,Kuningan,Lebakwangi,Mekarwangi
Jawa Barat,Kuningan,Cimahi,Mulyajaya
Jawa Barat,Kuningan,Cipicung,Muncangela
Jawa Barat,Kuningan,Ciniru,Mungkaldatar
Jawa Barat,Kuningan,Cidahu,Nanggela
Jawa Barat,Kuningan,Selajambe,Padahurip
Jawa Barat,Kuningan,Maleber,Padamulya
Jawa Barat,Kuningan,Kuningan,Padarek
Jawa Barat,Kuningan,Lebakwangi,Pagundan
Jawa Barat,Kuningan,Ciawigebang,Pajawanolor
Jawa Barat,Kuningan,Lebakwangi,Pajawankidul
Jawa Barat,Kuningan,Hantara,Pakapasangirang
Jawa Barat,Kuningan,Hantara,Pakapasanhilir
Jawa Barat,Kuningan,Garawangi,Pakembangan
Jawa Barat,Kuningan,Ciawigebang,Pamijahan
Jawa Barat,Kuningan,Subang,Pamulihan
Jawa Barat,Kuningan,Ciniru,Pamupukan
Jawa Barat,Kuningan,Ciawigebang,Pangkalan
Jawa Barat,Kuningan,Luragung,Panyosogan
Jawa Barat,Kuningan,Maleber,Parakan
Jawa Barat,Kuningan,Lebakwangi,Pasayangan
Jawa Barat,Kuningan,Hantara,Pasiragung
Jawa Barat,Kuningan,Cilebak,Patala
Jawa Barat,Kuningan,Ciniru,Pinara
Jawa Barat,Kuningan,Garawangi,Purwasari
Jawa Barat,Kuningan,Ciniru,Rambatan
Jawa Barat,Kuningan,Cibeureum,Randusari
Jawa Barat,Kuningan,Ciwaru,Sagaranten
Jawa Barat,Kuningan,Karang Kancana,Segong
Jawa Barat,Kuningan,Selajambe,Selajambe
Jawa Barat,Kuningan,Ciawigebang,Sidaraja
Jawa Barat,Kuningan,Karang Kancana,Simpayjaya
Jawa Barat,Kuningan,Lebakwangi,Sindang
Jawa Barat,Kuningan,Sindangagung,Sindangagung
Jawa Barat,Kuningan,Cibingbin,Sindangjawa
Jawa Barat,Kuningan,Luragung,Sindangsari
Jawa Barat,Kuningan,Sindangagung,Sindangsari
Jawa Barat,Kuningan,Luragung,Sindangsuka
Jawa Barat,Kuningan,Subang,Situgede
Jawa Barat,Kuningan,Subang,Subang
Jawa Barat,Kuningan,Cibeureum,Sukadana
Jawa Barat,Kuningan,Cibingbin,Sukaharja
Jawa Barat,Kuningan,Garawangi,Sukaimut
Jawa Barat,Kuningan,Cimahi,Sukajaya
Jawa Barat,Kuningan,Cibingbin,Sukamaju
Jawa Barat,Kuningan,Garawangi,Sukamulya
Jawa Barat,Kuningan,Cibeureum,Sukarapih
Jawa Barat,Kuningan,Karang Kancana,Sukasari
Jawa Barat,Kuningan,Ciwaru,Sumberjaya
Jawa Barat,Kuningan,Cibeureum,Sumurwiru
Jawa Barat,Kuningan,Garawangi,Tambakbaya
Jawa Barat,Kuningan,Subang,Tangkolo
Jawa Barat,Kuningan,Karang Kancana,Tanjungkerta
Jawa Barat,Kuningan,Cibeureum,Tarikolot
Jawa Barat,Kuningan,Garawangi,Tembong
Jawa Barat,Kuningan,Sindangagung,Tirtawangunan
Jawa Barat,Kuningan,Luragung,Walaharcageur
Jawa Barat,Kuningan,Luragung,Wilanagara
Jawa Barat,Kuningan,Darma,Tugumulya
Jawa Barat,Kuningan,Darma,Cageur
Jawa Barat,Kuningan,Darma,Sukarasa
Jawa Barat,Kuningan,Kadugede,Margabakti
Jawa Barat,Kuningan,Darma,Sakertatimur
Jawa Barat,Kuningan,Nusaherang,Kertayuga
Jawa Barat,Kuningan,Kadugede,Sindangjawa
Jawa Barat,Kuningan,Darma,Sakertabarat
Jawa Barat,Kuningan,Darma,Paninggaran
Jawa Barat,Kuningan,Nusaherang,Windusari
Jawa Barat,Kuningan,Darma,Cipasung
Jawa Barat,Kuningan,Nusaherang,Haurkuning
Jawa Barat,Kuningan,Kadugede,Ciketak
Jawa Barat,Kuningan,Nusaherang,Kertawirama
Jawa Barat,Kuningan,Darma,Kawahmanuk
Jawa Barat,Kuningan,Darma,Jagara
Jawa Barat,Kuningan,Darma,Cikupa
Jawa Barat,Kuningan,Kadugede,Kadugede
Jawa Barat,Kuningan,Nusaherang,Nusaherang
Jawa Barat,Kuningan,Darma,Parung
Jawa Barat,Kuningan,Kadugede,Babatan
Jawa Barat,Kuningan,Nusaherang,Ciasih
Jawa Barat,Kuningan,Kadugede,Nangka
Jawa Barat,Kuningan,Darma,Darma
Jawa Barat,Kuningan,Darma,Karanganyar
Jawa Barat,Kuningan,Kadugede,Windujanten
Jawa Barat,Kuningan,Nusaherang,Cikadu
Jawa Barat,Kuningan,Kadugede,Cipondok
Jawa Barat,Kuningan,Darma,Bakom
Jawa Barat,Kuningan,Nusaherang,Jambar
Jawa Barat,Kuningan,Kadugede,Bayuning
Jawa Barat,Kuningan,Kadugede,Tinggar
Jawa Barat,Kuningan,Kadugede,Ciherang
Jawa Barat,Kuningan,Cigugur,Cigadung
Jawa Barat,Kuningan,Darma,Situsari
Jawa Barat,Kuningan,Kadugede,Cisukadana
Jawa Barat,Kuningan,Cigugur,Sukamulya
Jawa Barat,Kuningan,Cigugur,Cileuleuy
Jawa Barat,Kuningan,Darma,Karangsari
Jawa Barat,Kuningan,Cigugur,Winduherang
Jawa Barat,Kuningan,Cigugur,Cigugur
Jawa Barat,Kuningan,Darma,Cimenga
Jawa Barat,Kuningan,Hantara,Tundagan
Jawa Barat,Cianjur,Cidaun,Cidamar
Jawa Barat,Cianjur,Cidaun,Sukapura
Jawa Barat,Cianjur,Cidaun,Cisalak
Jawa Barat,Cianjur,Cidaun,Karangwangi
Jawa Barat,Cianjur,Sindangbarang,Jayagiri
Jawa Barat,Cianjur,Cidaun,Kertajadi
Jawa Barat,Cianjur,Sindangbarang,Mekarlaksana
Jawa Barat,Cianjur,Sindangbarang,Saganten
Jawa Barat,Cianjur,Cidaun,Jayapura
Jawa Barat,Cianjur,Sindangbarang,Talagasari
Jawa Barat,Cianjur,Sindangbarang,Hegarsari
Jawa Barat,Cianjur,Sindangbarang,Kertamukti
Jawa Barat,Cianjur,Cidaun,Karyabakti
Jawa Barat,Cianjur,Naringgul,Margasari
Jawa Barat,Cianjur,Agrabinta,Tanjung Sari
Jawa Barat,Cianjur,Cidaun,Cimaragang
Jawa Barat,Cianjur,Agrabinta,Wanasari
Jawa Barat,Cianjur,Sindangbarang,Muaracikadu
Jawa Barat,Cianjur,Agrabinta,Wangunjaya
Jawa Barat,Cianjur,Naringgul,Wangunjaya
Jawa Barat,Cianjur,Sindangbarang,Sirnagalih
Jawa Barat,Cianjur,Sindangbarang,Kertasari
Jawa Barat,Cianjur,Cikadu,Sukaluyu
Jawa Barat,Cianjur,Agrabinta,Sinarlaut
Jawa Barat,Cianjur,Agrabinta,Mekarsari
Jawa Barat,Cianjur,Naringgul,Cinerang
Jawa Barat,Cianjur,Sindangbarang,Jatisari
Jawa Barat,Cianjur,Leles,Sindangsari
Jawa Barat,Cianjur,Agrabinta,Karangsari
Jawa Barat,Cianjur,Cidaun,Neglasari
Jawa Barat,Cianjur,Leles,Karyamukti
Jawa Barat,Cianjur,Sindangbarang,Girimukti
Jawa Barat,Cianjur,Leles,Nagasari
Jawa Barat,Cianjur,Agrabinta,Sukamanah
Jawa Barat,Cianjur,Cibinong,Wargaluyu
Jawa Barat,Cianjur,Cibinong,Panyindangan
Jawa Barat,Cianjur,Cikadu,Padaluyu
Jawa Barat,Cianjur,Agrabinta,Bojongkaso
Jawa Barat,Cianjur,Leles,Pusakasari
Jawa Barat,Cianjur,Naringgul,Malati
Jawa Barat,Cianjur,Leles,Sukamulya
Jawa Barat,Cianjur,Cibinong,Batulawang
Jawa Barat,Cianjur,Cibinong,Hamerang
Jawa Barat,Cianjur,Agrabinta,Neglasari
Jawa Barat,Cianjur,Cidaun,Cibuluh
Jawa Barat,Cianjur,Leles,Sukasirna
Jawa Barat,Cianjur,Cibinong,Ciburial
Jawa Barat,Cianjur,Leles,Purabaya
Jawa Barat,Cianjur,Agrabinta,Mulyasari
Jawa Barat,Cianjur,Agrabinta,Bunisari
Jawa Barat,Cianjur,Naringgul,Naringgul
Jawa Barat,Cianjur,Leles,Mandalawangi
Jawa Barat,Cianjur,Cikadu,Kalapanunggal
Jawa Barat,Cianjur,Cidaun,Puncakbaru
Jawa Barat,Cianjur,Cidaun,Gelarpawitan
Jawa Barat,Cianjur,Leles,Sukajaya
Jawa Barat,Cianjur,Cibinong,Cikangkareng
Jawa Barat,Cianjur,Cikadu,Mekarjaya
Jawa Barat,Cianjur,Cijati,Sukamaju
Jawa Barat,Cianjur,Cikadu,Cikadu
Jawa Barat,Cianjur,Cikadu,Mekarlaksana
Jawa Barat,Cianjur,Leles,Sirnasari
Jawa Barat,Cianjur,Leles,Walahir
Jawa Barat,Cianjur,Cibinong,Girijaya
Jawa Barat,Cianjur,Cibinong,Sukajadi
Jawa Barat,Cianjur,Leles,Puncakwangi
Jawa Barat,Cianjur,Cibinong,Pananggapan
Jawa Barat,Cianjur,Cijati,Padaasih
Jawa Barat,Cianjur,Naringgul,Mekarsari
Jawa Barat,Cianjur,Cibinong,Sukamekar
Jawa Barat,Cianjur,Cikadu,Mekarwangi
Jawa Barat,Cianjur,Cibinong,Pamoyanan
Jawa Barat,Cianjur,Tanggeung,Sukajaya
Jawa Barat,Cianjur,Naringgul,Wanasari
Jawa Barat,Cianjur,Cijati,Sukaluyu
Jawa Barat,Cianjur,Cikadu,Cisaranten
Jawa Barat,Cianjur,Cijati,Sinarbakti
Jawa Barat,Cianjur,Naringgul,Sukamulya
Jawa Barat,Cianjur,Cijati,Caringin
Jawa Barat,Cianjur,Tanggeung,Kertajaya
Jawa Barat,Cianjur,Cijati,Cibodas
Jawa Barat,Cianjur,Tanggeung,Rawagede
Jawa Barat,Cianjur,Tanggeung,Sirnajaya
Jawa Barat,Cianjur,Tanggeung,Karangtengah
Jawa Barat,Cianjur,Cijati,Sukamahi
Jawa Barat,Cianjur,Cijati,Parakantugu
Jawa Barat,Cianjur,Tanggeung,Tanggeung
Jawa Barat,Cianjur,Cijati,Bojonglarang
Jawa Barat,Cianjur,Cidaun,Mekarjaya
Jawa Barat,Cianjur,Cijati,Cijati
Jawa Barat,Cianjur,Naringgul,Wangunsari
Jawa Barat,Cianjur,Kadupandak,Kadupandak
Jawa Barat,Cianjur,Naringgul,Sukabakti
Jawa Barat,Cianjur,Kadupandak,Sukakerta
Jawa Barat,Cianjur,Tanggeung,Margaluyu
Jawa Barat,Cianjur,Tanggeung,Cilongsong
Jawa Barat,Cianjur,Cidaun,Gelarwangi
Jawa Barat,Cianjur,Cibinong,Cimaskara
Jawa Barat,Cianjur,Tanggeung,Pasirjambu
Jawa Barat,Cianjur,Pasirkuda,Girijaya
Jawa Barat,Cianjur,Kadupandak,Talagasari
Jawa Barat,Cianjur,Naringgul,Balegede
Jawa Barat,Cianjur,Kadupandak,Sukaraja
Jawa Barat,Cianjur,Tanggeung,Pagermaneuh
Jawa Barat,Cianjur,Pasirkuda,Kubang
Jawa Barat,Cianjur,Tanggeung,Padaluyu
Jawa Barat,Cianjur,Pasirkuda,Padamulya
Jawa Barat,Cianjur,Kadupandak,Sindangsari
Jawa Barat,Cianjur,Pasirkuda,Mekarmulya
Jawa Barat,Cianjur,Tanggeung,Bojongpetir
Jawa Barat,Cianjur,Cibinong,Padasuka
Jawa Barat,Cianjur,Kadupandak,Bojongkasih
Jawa Barat,Cianjur,Kadupandak,Neglasari
Jawa Barat,Cianjur,Kadupandak,Pasirdalem
Jawa Barat,Cianjur,Kadupandak,Sukaraharja
Jawa Barat,Cianjur,Cikadu,Sukamulya
Jawa Barat,Cianjur,Pasirkuda,Kalibaru
Jawa Barat,Cianjur,Cibinong,Mekarmukti
Jawa Barat,Cianjur,Pasirkuda,Girimukti
Jawa Barat,Cianjur,Pagelaran,Sukamaju
Jawa Barat,Cianjur,Pagelaran,Pagelaran
Jawa Barat,Cianjur,Kadupandak,Gandasari
Jawa Barat,Cianjur,Cikadu,Sukamanah
Jawa Barat,Cianjur,Kadupandak,Wargasari
Jawa Barat,Cianjur,Pagelaran,Padamaju
Jawa Barat,Cianjur,Pagelaran,Kertaraharja
Jawa Barat,Cianjur,Pasirkuda,Simpang
Jawa Barat,Cianjur,Pasirkuda,Pusakajaya
Jawa Barat,Cianjur,Takokak,Waringinsari
Jawa Barat,Cianjur,Kadupandak,Sukasari
Jawa Barat,Cianjur,Kadupandak,Wargaasih
Jawa Barat,Cianjur,Pagelaran,Gelaranyar
Jawa Barat,Cianjur,Pagelaran,Mekarsari
Jawa Barat,Cianjur,Pagelaran,Karangharja
Jawa Barat,Cianjur,Pagelaran,Sindangkerta
Jawa Barat,Cianjur,Pagelaran,Selagedang
Jawa Barat,Cianjur,Pagelaran,Pangadegan
Jawa Barat,Cianjur,Kadupandak,Sukaresmi
Jawa Barat,Cianjur,Takokak,Sukagalih
Jawa Barat,Cianjur,Pagelaran,Buniwangi
Jawa Barat,Cianjur,Sukanagara,Sukakarya
Jawa Barat,Cianjur,Pagelaran,Pasirbaru
Jawa Barat,Cianjur,Pasirkuda,Karangjaya
Jawa Barat,Cianjur,Sukanagara,Sukarame
Jawa Barat,Cianjur,Takokak,Sindanghayu
Jawa Barat,Cianjur,Sukanagara,Jayagiri
Jawa Barat,Cianjur,Takokak,Simpang
Jawa Barat,Cianjur,Sukanagara,Sukalaksana
Jawa Barat,Cianjur,Pagelaran,Bunijaya
Jawa Barat,Cianjur,Sukanagara,Ciguha
Jawa Barat,Cianjur,Pagelaran,Situhiang
Jawa Barat,Cianjur,Takokak,Cisujen
Jawa Barat,Cianjur,Sukanagara,Sukanagara
Jawa Barat,Cianjur,Sukanagara,Gunungsari
Jawa Barat,Cianjur,Campakamulya,Sukabungah
Jawa Barat,Cianjur,Campakamulya,Campakamulya
Jawa Barat,Cianjur,Campakamulya,Cibanggala
Jawa Barat,Cianjur,Takokak,Sindangresmi
Jawa Barat,Cianjur,Campakamulya,Sukasirna
Jawa Barat,Cianjur,Sukanagara,Sindangsari
Jawa Barat,Cianjur,Takokak,Bungbangsari
Jawa Barat,Cianjur,Sukanagara,Sukamekar
Jawa Barat,Cianjur,Campakamulya,Campakawarna
Jawa Barat,Cianjur,Takokak,Pasawahan
Jawa Barat,Cianjur,Sukanagara,Sukajembar
Jawa Barat,Cianjur,Takokak,Hegarmanah
Jawa Barat,Cianjur,Campaka,Wangunjaya
Jawa Barat,Cianjur,Campaka,Campaka
Jawa Barat,Cianjur,Campaka,Mekarjaya
Jawa Barat,Cianjur,Campaka,Cidadap
Jawa Barat,Cianjur,Campaka,Sukadana
Jawa Barat,Cianjur,Campaka,Sukajadi
Jawa Barat,Cianjur,Campaka,Karyamukti
Jawa Barat,Cianjur,Campaka,Margaluyu
Jawa Barat,Cianjur,Cibeber,Selagedang
Jawa Barat,Bandung,Kertasari,Neglawangi
Jawa Barat,Bandung,Kertasari,Santosa
Jawa Barat,Bandung,Pangalengan,Wanasuka
Jawa Barat,Bandung,Pangalengan,Sukaluyu
Jawa Barat,Bandung,Pangalengan,Banjarsari
Jawa Barat,Bandung,Pangalengan,Margaluyu
Jawa Barat,Bandung,Kertasari,Cikembang
Jawa Barat,Bandung,Kertasari,Tarumajaya
Jawa Barat,Bandung,Pangalengan,Sukamanah
Jawa Barat,Bandung,Pangalengan,Margamekar
Jawa Barat,Bandung,Kertasari,Cibeureum
Jawa Barat,Bandung,Pangalengan,Pangalengan
Jawa Barat,Bandung,Pangalengan,Warnasari
Jawa Barat,Bandung,Kertasari,Sukapura
Jawa Barat,Bandung,Kertasari,Cihawuk
Jawa Barat,Bandung,Rancabali,Sukaresmi
Jawa Barat,Bandung,Rancabali,Cipelah
Jawa Barat,Bandung,Pangalengan,Margamukti
Jawa Barat,Bandung,Pangalengan,Pulosari
Jawa Barat,Bandung,Pangalengan,Margamulya
Jawa Barat,Bandung,Pacet,Girimulya
Jawa Barat,Bandung,Kertasari,Resmi Tingal
Jawa Barat,Bandung,Pangalengan,Tribaktimulya
Jawa Barat,Bandung,Cimaung,Warjabakti
Jawa Barat,Bandung,Pacet,Cikitu
Jawa Barat,Bandung,Pacet,Sukarame
Jawa Barat,Bandung,Pacet,Pangauban
Jawa Barat,Bandung,Pacet,Cananggela
Jawa Barat,Bandung,Pasirjambu,Sugihmukti
Jawa Barat,Bandung,Pasirjambu,Mekarsari
Jawa Barat,Bandung,Rancabali,Alamendah
Jawa Barat,Bandung,Cimaung,Cikalong
Jawa Barat,Bandung,Ibun,Neglasari
Jawa Barat,Bandung,Pasirjambu,Margamulya
Jawa Barat,Bandung,Cimaung,Mekarsari
Jawa Barat,Bandung,Ciwidey,Panundaan
Jawa Barat,Bandung,Pangalengan,Lamajang
Jawa Barat,Bandung,Ibun,Laksana
Jawa Barat,Bandung,Pasirjambu,Tenjolaya
Jawa Barat,Bandung,Pacet,Mekarjaya
Jawa Barat,Bandung,Pacet,Mandalahaji
Jawa Barat,Bandung,Pacet,Maruyung
Jawa Barat,Bandung,Cimaung,Campakamulya
Jawa Barat,Bandung,Ciwidey,Ciwidey
Jawa Barat,Bandung,Rancabali,Patengan
Jawa Barat,Bandung,Ibun,Dukuh
Jawa Barat,Bandung,Ibun,Ibun
Jawa Barat,Bandung,Cimaung,Cipinang
Jawa Barat,Bandung,Rancabali,Indragiri
Jawa Barat,Bandung,Cimaung,Sukamaju
Jawa Barat,Bandung,Pasirjambu,Cibodas
Jawa Barat,Bandung,Ibun,Mekarwangi
Jawa Barat,Bandung,Pacet,Mekarsari
Jawa Barat,Bandung,Pasirjambu,Cisondari
Jawa Barat,Bandung,Ibun,Pangguh
Jawa Barat,Bandung,Pasirjambu,Mekarmaju
Jawa Barat,Bandung,Pacet,Cipeujeuh
Jawa Barat,Bandung,Pacet,Nagrak
Jawa Barat,Bandung,Ciwidey,Panyocokan
Jawa Barat,Bandung,Pacet,Cikawao
Jawa Barat,Bandung,Cimaung,Cimaung
Jawa Barat,Bandung,Ciwidey,Lebakmuncang
Jawa Barat,Bandung,Cimaung,Pasirhuni
Jawa Barat,Bandung,Pasirjambu,Pasirjambu
Jawa Barat,Bandung,Ibun,Cibeet
Jawa Barat,Bandung,Arjasari,Ancolmekar
Jawa Barat,Bandung,Banjaran,Mekarjaya
Jawa Barat,Bandung,Pacet,Tanjungwangi
Jawa Barat,Bandung,Cimaung,Malasari
Jawa Barat,Bandung,Ciparay,Babakan
Jawa Barat,Bandung,Ibun,Sudi
Jawa Barat,Bandung,Banjaran,Pasirmulya
Jawa Barat,Bandung,Cimaung,Jagabaya
Jawa Barat,Bandung,Ibun,Karyalaksana
Jawa Barat,Bandung,Majalaya,Wangisagara
Jawa Barat,Bandung,Ciparay,Cikoneng
Jawa Barat,Bandung,Majalaya,Neglasari
Jawa Barat,Bandung,Paseh,Loa
Jawa Barat,Bandung,Pasirjambu,Cukanggenteng
Jawa Barat,Bandung,Ibun,Lampegan
Jawa Barat,Bandung,Cangkuang,Jatisari
Jawa Barat,Bandung,Ibun,Talun
Jawa Barat,Bandung,Paseh,Sindangsari
Jawa Barat,Bandung,Arjasari,Mekarjaya
Jawa Barat,Bandung,Arjasari,Rancakole
Jawa Barat,Bandung,Ciparay,Sagaracipta
Jawa Barat,Bandung,Paseh,Drawati
Jawa Barat,Bandung,Banjaran,Neglasari
Jawa Barat,Bandung,Ibun,Tangulun
Jawa Barat,Bandung,Banjaran,Margahurip
Jawa Barat,Bandung,Ciwidey,Sukawening
Jawa Barat,Bandung,Cangkuang,Nagrak
Jawa Barat,Bandung,Ciparay,Mekarlaksana
Jawa Barat,Bandung,Banjaran,Ciapus
Jawa Barat,Bandung,Arjasari,Baros
Jawa Barat,Bandung,Arjasari,Mangunjaya
Jawa Barat,Bandung,Ciwidey,Nengkelan
Jawa Barat,Bandung,Majalaya,Sukamukti
Jawa Barat,Bandung,Paseh,Sukamantri
Jawa Barat,Bandung,Banjaran,Sindangpanon
Jawa Barat,Bandung,Pasirjambu,Cikoneng
Jawa Barat,Bandung,Paseh,Cipaku
Jawa Barat,Bandung,Ciwidey,Rawabogo
Jawa Barat,Bandung,Banjaran,Banjaran Wetan
Jawa Barat,Bandung,Arjasari,Patrolsari
Jawa Barat,Bandung,Cangkuang,Bandasari
Jawa Barat,Bandung,Banjaran,Kiangroke
Jawa Barat,Bandung,Banjaran,Kamasan
Jawa Barat,Bandung,Majalaya,Padamulya
Jawa Barat,Bandung,Banjaran,Banjaran Kulon
Jawa Barat,Bandung,Arjasari,Arjasari
Jawa Barat,Bandung,Paseh,Sukamanah
Jawa Barat,Bandung,Majalaya,Biru
Jawa Barat,Bandung,Majalaya,Majalaya
Jawa Barat,Bandung,Arjasari,Pinggirsari
Jawa Barat,Bandung,Majalaya,Padaulun
Jawa Barat,Bandung,Ciparay,Pakutandang
Jawa Barat,Bandung,Paseh,Karangtunggal
Jawa Barat,Bandung,Cikancung,Mekarlaksana
Jawa Barat,Bandung,Cangkuang,Pananjung
Jawa Barat,Bandung,Arjasari,Batukarut
Jawa Barat,Bandung,Ciparay,Mangunharja
Jawa Barat,Bandung,Nagreg,Ciaro
Jawa Barat,Bandung,Cangkuang,Ciluncat
Jawa Barat,Bandung,Majalaya,Sukamaju
Jawa Barat,Bandung,Majalaya,Majakerta
Jawa Barat,Bandung,Majalaya,Bojong
Jawa Barat,Bandung,Cangkuang,Tanjungsari
Jawa Barat,Bandung,Arjasari,Lebakwangi
Jawa Barat,Bandung,Ciparay,Gunungleutik
Jawa Barat,Bandung,Paseh,Mekarpawitan
Jawa Barat,Bandung,Banjaran,Tarajusari
Jawa Barat,Bandung,Cangkuang,Cangkuang
Jawa Barat,Bandung,Arjasari,Wargaluyu
Jawa Barat,Bandung,Kutawaringin,Cilame
Jawa Barat,Bandung,Majalaya,Majasetra
Jawa Barat,Bandung,Ciparay,Mekarsari
Jawa Barat,Bandung,Paseh,Cijagra
Jawa Barat,Bandung,Pameungpeuk,Bojongmanggu
Jawa Barat,Bandung,Ciparay,Bumiwangi
Jawa Barat,Bandung,Nagreg,Nagreg
Jawa Barat,Bandung,Nagreg,Bojong
Jawa Barat,Bandung,Nagreg,Ciherang
Jawa Barat,Bandung,Pameungpeuk,Sukasari
Jawa Barat,Bandung,Katapang,Gandasari
Jawa Barat,Bandung,Pameungpeuk,Langonsari
Jawa Barat,Bandung,Ciparay,Ciparay
Jawa Barat,Bandung,Cikancung,Cikancung
Jawa Barat,Bandung,Kutawaringin,Buninagara
Jawa Barat,Bandung,Nagreg,Mandalawangi
Jawa Barat,Bandung,Cikancung,Cihanyir
Jawa Barat,Bandung,Cikancung,Srirahayu
Jawa Barat,Bandung,Solokanjeruk,Panyadap
Jawa Barat,Bandung,Paseh,Tangsimekar
Jawa Barat,Bandung,Nagreg,Ganjar Sabar
Jawa Barat,Bandung,Pameungpeuk,Rancatungku
Jawa Barat,Bandung,Ciparay,Ciheulang
Jawa Barat,Bandung,Kutawaringin,Padasuka
Jawa Barat,Bandung,Ciparay,Sarimahi
Jawa Barat,Bandung,Cikancung,Mandalasari
Jawa Barat,Bandung,Katapang,Banyusari
Jawa Barat,Bandung,Ciparay,Serangmekar
Jawa Barat,Bandung,Paseh,Cipedes
Jawa Barat,Bandung,Cicalengka,Narawita
Jawa Barat,Bandung,Cikancung,Ciluluk
Jawa Barat,Bandung,Paseh,Cigentur
Jawa Barat,Bandung,Solokanjeruk,Rancakasumba
Jawa Barat,Bandung,Pameungpeuk,Bojongkunci
Jawa Barat,Bandung,Baleendah,Malakasari
Jawa Barat,Bandung,Baleendah,Manggahang
Jawa Barat,Bandung,Solokanjeruk,Padamukti
Jawa Barat,Bandung,Baleendah,Jelekong
Jawa Barat,Bandung,Cicalengka,Margaasih
Jawa Barat,Bandung,Pameungpeuk,Rancamulya
Jawa Barat,Bandung,Katapang,Katapang
Jawa Barat,Bandung,Cikancung,Cikasungka
Jawa Barat,Bandung,Kutawaringin,Sukamulya
Jawa Barat,Bandung,Baleendah,Wargamekar
Jawa Barat,Bandung,Rancaekek,Sangiang
Jawa Barat,Bandung,Solokanjeruk,Solokanjeruk
Jawa Barat,Bandung,Solokanjeruk,Cibodas
Jawa Barat,Bandung,Solokanjeruk,Langensari
Jawa Barat,Bandung,Baleendah,Baleendah
Jawa Barat,Bandung,Katapang,Sangkanhurip
Jawa Barat,Bandung,Bojongsoang,Bojongsari
Jawa Barat,Bandung,Cikancung,Tanjunglaya
Jawa Barat,Bandung,Cikancung,Hegarmanah
Jawa Barat,Bandung,Cicalengka,Nagrog
Jawa Barat,Bandung,Nagreg,Citaman
Jawa Barat,Bandung,Cicalengka,Waluya
Jawa Barat,Bandung,Katapang,Sukamukti
Jawa Barat,Bandung,Kutawaringin,Kutawaringin
Jawa Barat,Bandung,Ciparay,Sumbersari
Jawa Barat,Bandung,Kutawaringin,Kopo
Jawa Barat,Bandung,Katapang,Pangauban
Jawa Barat,Bandung,Solokanjeruk,Bojongemas
Jawa Barat,Bandung,Cicalengka,Cicalengka Wetan
Jawa Barat,Bandung,Cicalengka,Cicalengka Kulon
Jawa Barat,Bandung,Nagreg,Nagreg Kendan
Jawa Barat,Bandung,Rancaekek,Bojongsalam
Jawa Barat,Bandung,Rancaekek,Sukamanah
Jawa Barat,Bandung,Baleendah,Bojongmalaka
Jawa Barat,Bandung,Baleendah,Rancamanyar
Jawa Barat,Bandung,Katapang,Cilampeni
Jawa Barat,Bandung,Cicalengka,Babakan Peuteuy
Jawa Barat,Bandung,Kutawaringin,Cibodas
Jawa Barat,Bandung,Rancaekek,Haurpugur
Jawa Barat,Bandung,Margahayu,Sulaiman
Jawa Barat,Bandung,Baleendah,Andir
Jawa Barat,Bandung,Dayeuhkolot,Dayeuhkolot
Jawa Barat,Bandung,Cicalengka,Cikuya
Jawa Barat,Bandung,Kutawaringin,Pameuntasan
Jawa Barat,Bandung,Dayeuhkolot,Citeureup
Jawa Barat,Bandung,Rancaekek,Sukamulya
Jawa Barat,Bandung,Bojongsoang,Lengkong
Jawa Barat,Bandung,Cicalengka,Tenjolaya
Jawa Barat,Bandung,Bojongsoang,Tegalluar
Jawa Barat,Bandung,Bojongsoang,Buahbatu
Jawa Barat,Bandung,Rancaekek,Nanjung Mekar
Jawa Barat,Bandung,Rancaekek,Rancaekek Kencana
Jawa Barat,Bandung,Cicalengka,Dampit
Jawa Barat,Bandung,Rancaekek,Cangkuang
Jawa Barat,Bandung,Kutawaringin,Gajah Mekar
Jawa Barat,Bandung,Rancaekek,Tegal Sumedang
Jawa Barat,Bandung,Dayeuhkolot,Sukapura
Jawa Barat,Bandung,Kutawaringin,Jatisari
Jawa Barat,Bandung,Margaasih,Mekarrahayu
Jawa Barat,Bandung,Dayeuhkolot,Cangkuang Wetan
Jawa Barat,Bandung,Margahayu,Sukamenak
Jawa Barat,Bandung,Dayeuhkolot,Pasawahan
Jawa Barat,Bandung,Rancaekek,Linggar
Jawa Barat,Bandung,Margahayu,Magahayu Selatan
Jawa Barat,Bandung,Margahayu,Sayati
Jawa Barat,Bandung,Rancaekek,Rancaekek Kulon
Jawa Barat,Bandung,Rancaekek,Jelegong
Jawa Barat,Bandung,Margahayu,Margahayu Tengah
Jawa Barat,Bandung,Rancaekek,Rancaekek Wetan
Jawa Barat,Bandung,Cicalengka,Tanjungwangi
Jawa Barat,Bandung,Rancaekek,Bojongloa
Jawa Barat,Bandung,Bojongsoang,Bojongsoang
Jawa Barat,Bandung,Bojongsoang,Cipagalo
Jawa Barat,Bandung,Dayeuhkolot,Cangkuang Kulon
Jawa Barat,Bandung,Cicalengka,Panenjoan
Jawa Barat,Bandung,Soreang,Sukajadi
Jawa Barat,Bandung,Soreang,Sukanagara
Jawa Barat,Bandung,Soreang,Panyirapan
Jawa Barat,Bandung,Soreang,Soreang
Jawa Barat,Bandung,Soreang,Karamatmulya
Jawa Barat,Bandung,Soreang,Sadu
Jawa Barat,Bandung,Soreang,Pamekaran
Jawa Barat,Bandung,Soreang,Cingcin
Jawa Barat,Bandung,Soreang,Sekarwangi
Jawa Barat,Bandung,Soreang,Parungserab
Jawa Barat,Pangandaran,Langkaplancar,Karangkamiri
Jawa Barat,Ciamis,Rajadesa,Andapraja
Jawa Barat,Ciamis,Lumbung,Awiluar
Jawa Barat,Ciamis,Panjalu,Bahara
Jawa Barat,Ciamis,Cipaku,Bangbayang
Jawa Barat,Ciamis,Cisaga,Bangunharja
Jawa Barat,Ciamis,Panawangan,Bangunjaya
Jawa Barat,Ciamis,Pamarican,Bangunsari
Jawa Barat,Ciamis,Panumbangan,Banjarangsana
Jawa Barat,Ciamis,Banjaranyar,Banjaranyar
Jawa Barat,Ciamis,Banjarsari,Banjarsari
Jawa Barat,Ciamis,Purwadadi,Bantardawa
Jawa Barat,Ciamis,Pamarican,Bantarsari
Jawa Barat,Ciamis,Lakbok,Baregbeg
Jawa Barat,Ciamis,Baregbeg,Baregbeg
Jawa Barat,Ciamis,Jatinagara,Bayasari
Jawa Barat,Ciamis,Cimaragas,Beber
Jawa Barat,Ciamis,Sadananya,Bendasari
Jawa Barat,Ciamis,Ciamis,Benteng
Jawa Barat,Ciamis,Rancah,Bojonggedang
Jawa Barat,Ciamis,Cimaragas,Bojongmalang
Jawa Barat,Ciamis,Cijeungjing,Bojongmengger
Jawa Barat,Ciamis,Panumbangan,Buanamekar
Jawa Barat,Ciamis,Sindangkasih,Budiasih
Jawa Barat,Ciamis,Sindangkasih,Budiharja
Jawa Barat,Ciamis,Cipaku,Buniseuri
Jawa Barat,Ciamis,Sukadana,Bunter
Jawa Barat,Ciamis,Cipaku,Ciakar
Jawa Barat,Ciamis,Ciamis,Ciamis
Jawa Barat,Ciamis,Banjarsari,Cibadak
Jawa Barat,Ciamis,Sukamantri,Cibeureum
Jawa Barat,Ciamis,Banjarsari,Cicapar
Jawa Barat,Ciamis,Cidolog,Cidolog
Jawa Barat,Ciamis,Cipaku,Cieurih
Jawa Barat,Ciamis,Banjaranyar,Cigayam
Jawa Barat,Ciamis,Ciamis,Cigembor
Jawa Barat,Ciamis,Cijeungjing,Ciharalang
Jawa Barat,Ciamis,Cihaurbeuti,Cihaurbeuti
Jawa Barat,Ciamis,Banjarsari,Ciherang
Jawa Barat,Ciamis,Cijeungjing,Cijeungjing
Jawa Barat,Ciamis,Cihaurbeuti,Cijulang
Jawa Barat,Ciamis,Banjaranyar,Cikaso
Jawa Barat,Ciamis,Cikoneng,Cikoneng
Jawa Barat,Ciamis,Banjaranyar,Cikupa
Jawa Barat,Ciamis,Rancah,Cileungsir
Jawa Barat,Ciamis,Cimaragas,Cimaragas
Jawa Barat,Ciamis,Cikoneng,Cimari
Jawa Barat,Ciamis,Lakbok,Cintajaya
Jawa Barat,Ciamis,Jatinagara,Cintanagara
Jawa Barat,Ciamis,Lakbok,Cintaratu
Jawa Barat,Ciamis,Panawangan,Cinyasag
Jawa Barat,Ciamis,Panjalu,Ciomas
Jawa Barat,Ciamis,Cipaku,Cipaku
Jawa Barat,Ciamis,Cidolog,Ciparay
Jawa Barat,Ciamis,Sukadana,Ciparigi
Jawa Barat,Ciamis,Ciamis,Cisadap
Jawa Barat,Ciamis,Cisaga,Cisaga
Jawa Barat,Ciamis,Rancah,Cisontrol
Jawa Barat,Ciamis,Kawali,Citeureup
Jawa Barat,Ciamis,Banjarsari,Ciulu
Jawa Barat,Ciamis,Rancah,Dadiharja
Jawa Barat,Ciamis,Cisaga,Danasari
Jawa Barat,Ciamis,Cikoneng,Darmacaang
Jawa Barat,Ciamis,Lumbung,Darmaraja
Jawa Barat,Ciamis,Jatinagara,Dayeuhluhur
Jawa Barat,Ciamis,Cijeungjing,Dewasari
Jawa Barat,Ciamis,Panawangan,Gardujaya
Jawa Barat,Ciamis,Cikoneng,Gegempalan
Jawa Barat,Ciamis,Cipaku,Gereba
Jawa Barat,Ciamis,Rancah,Giriharja
Jawa Barat,Ciamis,Panawangan,Girilaya
Jawa Barat,Ciamis,Cisaga,Girimukti
Jawa Barat,Ciamis,Panumbangan,Golat
Jawa Barat,Ciamis,Sindangkasih,Gunungcupu
Jawa Barat,Ciamis,Sadananya,Gunungsari
Jawa Barat,Ciamis,Cijeungjing,Handapherang
Jawa Barat,Ciamis,Cidolog,Hegarmanah
Jawa Barat,Ciamis,Panjalu,Hujungtiwu
Jawa Barat,Ciamis,Ciamis,Imbanagara
Jawa Barat,Ciamis,Ciamis,Imbanagara Raya
Jawa Barat,Ciamis,Panawangan,Indragiri
Jawa Barat,Ciamis,Panawangan,Jagabaya
Jawa Barat,Ciamis,Cipaku,Jalatrang
Jawa Barat,Ciamis,Rancah,Jangalaharja
Jawa Barat,Ciamis,Cidolog,Janggala
Jawa Barat,Ciamis,Jatinagara,Jatinagara
Jawa Barat,Ciamis,Panumbangan,Jayagiri
Jawa Barat,Ciamis,Cimaragas,Jayaraksa
Jawa Barat,Ciamis,Baregbeg,Jelat
Jawa Barat,Ciamis,Cidolog,Jelegong
Jawa Barat,Ciamis,Tambaksari,Kadupandak
Jawa Barat,Ciamis,Lakbok,Kalapasawit
Jawa Barat,Ciamis,Banjaranyar,Kalijaya
Jawa Barat,Ciamis,Baregbeg,Karangampel
Jawa Barat,Ciamis,Cijeungjing,Karanganyar
Jawa Barat,Ciamis,Cijeungjing,Karangkamulyan
Jawa Barat,Ciamis,Panawangan,Karangpaningal
Jawa Barat,Ciamis,Tambaksari,Karangpaningal
Jawa Barat,Ciamis,Purwadadi,Karangpaningal
Jawa Barat,Ciamis,Rancah,Karangpari
Jawa Barat,Ciamis,Kawali,Karangpawitan
Jawa Barat,Ciamis,Banjaranyar,Karyamukti
Jawa Barat,Ciamis,Cisaga,Karyamulya
Jawa Barat,Ciamis,Tambaksari,Kaso
Jawa Barat,Ciamis,Kawali,Kawali
Jawa Barat,Ciamis,Kawali,Kawalimukti
Jawa Barat,Ciamis,Banjarsari,Kawasen
Jawa Barat,Ciamis,Rancah,Kawunglarang
Jawa Barat,Ciamis,Cisaga,Kepel
Jawa Barat,Ciamis,Cijeungjing,Kertabumi
Jawa Barat,Ciamis,Cijeungjing,Kertaharja
Jawa Barat,Ciamis,Pamarican,Kertahayu
Jawa Barat,Ciamis,Lakbok,Kertajaya
Jawa Barat,Ciamis,Panjalu,Kertamandala
Jawa Barat,Ciamis,Panumbangan,Kertaraharja
Jawa Barat,Ciamis,Ciamis,Kertasari
Jawa Barat,Ciamis,Panawangan,Kertayasa
Jawa Barat,Ciamis,Rancah,Kiarapayung
Jawa Barat,Ciamis,Cikoneng,Kujang
Jawa Barat,Ciamis,Purwadadi,Kutawaringin
Jawa Barat,Ciamis,Banjaranyar,Langkapsari
Jawa Barat,Ciamis,Kawali,Linggapura
Jawa Barat,Ciamis,Ciamis,Linggasari
Jawa Barat,Ciamis,Lumbung,Lumbung
Jawa Barat,Ciamis,Lumbung,Lumbungsari
Jawa Barat,Ciamis,Ciamis,Maleber
Jawa Barat,Ciamis,Panjalu,Mandalare
Jawa Barat,Ciamis,Sadananya,Mangkubumi
Jawa Barat,Ciamis,Panjalu,Maparah
Jawa Barat,Ciamis,Sukadana,Margaharja
Jawa Barat,Ciamis,Sukadana,Margajaya
Jawa Barat,Ciamis,Pamarican,Margajaya
Jawa Barat,Ciamis,Cikoneng,Margaluyu
Jawa Barat,Ciamis,Kawali,Margamulya
Jawa Barat,Ciamis,Panumbangan,Medanglayang
Jawa Barat,Ciamis,Panawangan,Mekarbuana
Jawa Barat,Ciamis,Sadananya,Mekarjadi
Jawa Barat,Ciamis,Baregbeg,Mekarjaya
Jawa Barat,Ciamis,Cisaga,Mekarmukti
Jawa Barat,Ciamis,Pamarican,Mekarmulya
Jawa Barat,Ciamis,Cipaku,Mekarsari
Jawa Barat,Ciamis,Sukamantri,Mekarwangi
Jawa Barat,Ciamis,Cipaku,Muktisari
Jawa Barat,Ciamis,Jatinagara,Mulyasari
Jawa Barat,Ciamis,Panawangan,Nagarajati
Jawa Barat,Ciamis,Panawangan,Nagarajaya
Jawa Barat,Ciamis,Panawangan,Nagarapageuh
Jawa Barat,Ciamis,Panawangan,Nagarawangi
Jawa Barat,Ciamis,Cikoneng,Nasol
Jawa Barat,Ciamis,Panawangan,Natanegara
Jawa Barat,Ciamis,Cihaurbeuti,Padamulya
Jawa Barat,Ciamis,Purwadadi,Padaringan
Jawa Barat,Ciamis,Cijeungjing,Pamalayan
Jawa Barat,Ciamis,Pamarican,Pamarican
Jawa Barat,Ciamis,Cihaurbeuti,Pamokolan
Jawa Barat,Ciamis,Cikoneng,Panaragan
Jawa Barat,Ciamis,Panawangan,Panawangan
Jawa Barat,Ciamis,Panjalu,Panjalu
Jawa Barat,Ciamis,Panumbangan,Panumbangan
Jawa Barat,Ciamis,Ciamis,Panyingkiran
Jawa Barat,Ciamis,Banjaranyar,Pasawahan
Jawa Barat,Ciamis,Purwadadi,Pasirlawang
Jawa Barat,Ciamis,Pamarican,Pasirnagara
Jawa Barat,Ciamis,Cihaurbeuti,Pasirtamiang
Jawa Barat,Ciamis,Rancah,Patakaharja
Jawa Barat,Ciamis,Ciamis,Pawindan
Jawa Barat,Ciamis,Panumbangan,Payungagung
Jawa Barat,Ciamis,Panumbangan,Payungsari
Jawa Barat,Ciamis,Baregbeg,Petirhilir
Jawa Barat,Ciamis,Lakbok,Puloerang
Jawa Barat,Ciamis,Purwadadi,Purwadadi
Jawa Barat,Ciamis,Purwadadi,Purwajaya
Jawa Barat,Ciamis,Rajadesa,Purwaraja
Jawa Barat,Ciamis,Kawali,Purwasari
Jawa Barat,Ciamis,Banjarsari,Purwasari
Jawa Barat,Ciamis,Baregbeg,Pusakanagara
Jawa Barat,Ciamis,Cipaku,Pusakasari
Jawa Barat,Ciamis,Rajadesa,Rajadesa
Jawa Barat,Ciamis,Cimaragas,Raksabaya
Jawa Barat,Ciamis,Rancah,Rancah
Jawa Barat,Ciamis,Banjarsari,Ratawangi
Jawa Barat,Ciamis,Lumbung,Rawa
Jawa Barat,Ciamis,Sadananya,Sadananya
Jawa Barat,Ciamis,Panawangan,Sadapaingan
Jawa Barat,Ciamis,Lumbung,Sadewata
Jawa Barat,Ciamis,Panawangan,Sagalaherang
Jawa Barat,Ciamis,Baregbeg,Saguling
Jawa Barat,Ciamis,Sukadana,Salakaria
Jawa Barat,Ciamis,Panjalu,Sandingtaman
Jawa Barat,Ciamis,Cipaku,Selacai
Jawa Barat,Ciamis,Cipaku,Selamanik
Jawa Barat,Ciamis,Kawali,Selasari
Jawa Barat,Ciamis,Lakbok,Sidaharja
Jawa Barat,Ciamis,Pamarican,Sidaharja
Jawa Barat,Ciamis,Pamarican,Sidamulih
Jawa Barat,Ciamis,Cisaga,Sidamulya
Jawa Barat,Ciamis,Purwadadi,Sidarahayu
Jawa Barat,Ciamis,Lakbok,Sindangangin
Jawa Barat,Ciamis,Banjarsari,Sindangasih
Jawa Barat,Ciamis,Panumbangan,Sindangbarang
Jawa Barat,Ciamis,Banjarsari,Sindanghayu
Jawa Barat,Ciamis,Panumbangan,Sindangherang
Jawa Barat,Ciamis,Sindangkasih,Sindangkasih
Jawa Barat,Ciamis,Sukamantri,Sindanglaya
Jawa Barat,Ciamis,Panumbangan,Sindangmukti
Jawa Barat,Ciamis,Ciamis,Sindangrasa
Jawa Barat,Ciamis,Banjaranyar,Sindangrasa
Jawa Barat,Ciamis,Cikoneng,Sindangsari
Jawa Barat,Ciamis,Kawali,Sindangsari
Jawa Barat,Ciamis,Banjarsari,Sindangsari
Jawa Barat,Ciamis,Rajadesa,Sirnabaya
Jawa Barat,Ciamis,Rajadesa,Sirnajaya
Jawa Barat,Ciamis,Rancah,Situmandala
Jawa Barat,Ciamis,Sukadana,Sukadana
Jawa Barat,Ciamis,Cihaurbeuti,Sukahaji
Jawa Barat,Ciamis,Rajadesa,Sukaharja
Jawa Barat,Ciamis,Cihaurbeuti,Sukahurip
Jawa Barat,Ciamis,Pamarican,Sukahurip
Jawa Barat,Ciamis,Cisaga,Sukahurip
Jawa Barat,Ciamis,Sadananya,Sukajadi
Jawa Barat,Ciamis,Pamarican,Sukajadi
Jawa Barat,Ciamis,Rajadesa,Sukajaya
Jawa Barat,Ciamis,Pamarican,Sukajaya
Jawa Barat,Ciamis,Panumbangan,Sukakerta
Jawa Barat,Ciamis,Cihaurbeuti,Sukamaju
Jawa Barat,Ciamis,Baregbeg,Sukamaju
Jawa Barat,Ciamis,Sindangkasih,Sukamanah
Jawa Barat,Ciamis,Sukamantri,Sukamantri
Jawa Barat,Ciamis,Pamarican,Sukamukti
Jawa Barat,Ciamis,Cihaurbeuti,Sukamulya
Jawa Barat,Ciamis,Baregbeg,Sukamulya
Jawa Barat,Ciamis,Purwadadi,Sukamulya
Jawa Barat,Ciamis,Jatinagara,Sukanagara
Jawa Barat,Ciamis,Lakbok,Sukanagara
Jawa Barat,Ciamis,Lumbung,Sukaraharja
Jawa Barat,Ciamis,Sindangkasih,Sukaraja
Jawa Barat,Ciamis,Sindangkasih,Sukaresik
Jawa Barat,Ciamis,Cidolog,Sukasari
Jawa Barat,Ciamis,Tambaksari,Sukasari
Jawa Barat,Ciamis,Banjarsari,Sukasari
Jawa Barat,Ciamis,Sindangkasih,Sukasenang
Jawa Barat,Ciamis,Cihaurbeuti,Sukasetia
Jawa Barat,Ciamis,Cipaku,Sukawening
Jawa Barat,Ciamis,Cihaurbeuti,Sumberjaya
Jawa Barat,Ciamis,Kawali,Talagasari
Jawa Barat,Ciamis,Lakbok,Tambakreja
Jawa Barat,Ciamis,Tambaksari,Tambaksari
Jawa Barat,Ciamis,Rajadesa,Tanjungjaya
Jawa Barat,Ciamis,Cisaga,Tanjungjaya
Jawa Barat,Ciamis,Panumbangan,Tanjungmulya
Jawa Barat,Ciamis,Sadananya,Tanjungsari
Jawa Barat,Ciamis,Rajadesa,Tanjungsari
Jawa Barat,Ciamis,Banjaranyar,Tanjungsari
Jawa Barat,Ciamis,Rajadesa,Tanjungsukur
Jawa Barat,Ciamis,Sukamantri,Tenggerraharja
Jawa Barat,Ciamis,Rajadesa,Tigaherang
Jawa Barat,Ciamis,Cijeungjing,Utama
Jawa Barat,Ciamis,Sindangkasih,Wanasigra
Jawa Barat,Ciamis,Cisaga,Wangunjaya
Jawa Barat,Ciamis,Rancah,Wangunsari
Jawa Barat,Ciamis,Sadananya,Werasari
Jawa Barat,Ciamis,Kawali,Winduraja
Jawa Barat,Ciamis,Panawangan,Kertajaya
Jawa Barat,Ciamis,Tambaksari,Mekarsari
Jawa Barat,Ciamis,Lumbung,Cikupa
Jawa Barat,Ciamis,Pamarican,Neglasari
Jawa Barat,Banjar,Langensari,Bojongkantong
Jawa Barat,Bandung,Regol,Ancol
Jawa Barat,Bandung,Antapani,Antapani Kidul
Jawa Barat,Bandung,Babakan Ciparay,Babakan
Jawa Barat,Sukabumi,Cibeureum,Babakan
Jawa Barat,Sukabumi,Cisaat,Babakan
Jawa Barat,Bandung,Bojongloa Kaler,Babakan Asih
Jawa Barat,Bandung,Cinambo,Babakan Penghulu
Jawa Barat,Bandung,Kiaracondong,Babakan Sari
Jawa Barat,Bandung,Bojongloa Kaler,Babakan Tarogong
Jawa Barat,Bandung,Regol,Balong Gede
Jawa Barat,Bandung Barat,Batujajar,Batujajar Barat
Jawa Barat,Sukabumi,Warudoyong,Benteng
Jawa Barat,Bandung,Batununggal,Binong
Jawa Barat,Bandung,Sumur Bandung,Braga
Jawa Barat,Bandung Barat,Cililin,Budiharja
Jawa Barat,Bandung,Lengkong,Burangrang
Jawa Barat,Bandung,Bandung Kulon,Caringin
Jawa Barat,Bandung,Regol,Ciateul
Jawa Barat,Bandung,Astana Anyar,Cibadak
Jawa Barat,Bandung,Batununggal,Cibangkong
Jawa Barat,Sukabumi,Gunungguruh,Cibentang
Jawa Barat,Sukabumi,Cibeureum,Cibeureum Hilir
Jawa Barat,Bandung,Bandung Kulon,Cibuntu
Jawa Barat,Majalengka,Argapura,Cibunut
Jawa Barat,Sukabumi,Cicantayan,Cicantayan
Jawa Barat,Bandung,Regol,Cigereleng
Jawa Barat,Bandung,Bandung Kulon,Cigondewah Kaler
Jawa Barat,Bandung,Bandung Kulon,Cigondewah Kidul
Jawa Barat,Bandung,Lengkong,Cijagra
Jawa Barat,Bandung Barat,Cipongkor,Cijambu
Jawa Barat,Sukabumi,Kebonpedes,Cikaret
Jawa Barat,Bandung,Lengkong,Cikawao
Jawa Barat,Sukabumi,Citamiang,Cikondang
Jawa Barat,Sukabumi,Cireunghas,Cikurutug
Jawa Barat,Sukabumi,Cikakak,Cileungsing
Jawa Barat,Sukabumi,Cicantayan,Cimanggis
Jawa Barat,Bandung,Panyileukan,Cipadung Kidul
Jawa Barat,Bandung,Panyileukan,Cipadung Kulon
Jawa Barat,Bandung,Panyileukan,Cipadung Wetan
Jawa Barat,Bandung Barat,Cihampelas,Cipatik
Jawa Barat,Sumedang,Darmaraja,Cipeuteuy
Jawa Barat,Bandung,Arcamanik,Cisaranten Endah
Jawa Barat,Bandung,Arcamanik,Cisaranten Kulon
Jawa Barat,Bandung,Cinambo,Cisaranten Wetan
Jawa Barat,Sumedang,Wado,Cisurat
Jawa Barat,Sukabumi,Citamiang,Citamiang
Jawa Barat,Bandung Barat,Cihampelas,Citapen
Jawa Barat,Sumedang,Darmaraja,Darmajaya
Jawa Barat,Bandung,Bandung Kulon,Gempol Sari
Jawa Barat,Bandung,Batununggal,Gumuruh
Jawa Barat,Sukabumi,Gunungpuyuh,Gunung Puyuh
Jawa Barat,Sukabumi,Cikole,Gunungparang
Jawa Barat,Bandung,Bojongloa Kaler,Jamika
Jawa Barat,Bandung,Buahbatu,Jati Sari
Jawa Barat,Sumedang,Jatinangor,Jatiroke
Jawa Barat,Bandung,Astana Anyar,Karang Anyar
Jawa Barat,Bandung,Batununggal,Kebon Gedang
Jawa Barat,Bandung,Kiaracondong,Kebon Jayanti
Jawa Barat,Bandung,Andir,Kebon Jeruk
Jawa Barat,Bandung,Kiaracondong,Kebon Kangkung
Jawa Barat,Bandung,Sumur Bandung,Kebon Pisang
Jawa Barat,Sukabumi,Cikole,Kebonjati
Jawa Barat,Sukabumi,Kebonpedes,Kebonpedes
Jawa Barat,Bandung,Bojongloa Kaler,Kopo
Jawa Barat,Bandung,Lengkong,Lingkar Selatan
Jawa Barat,Bandung,Lengkong,Malabar
Jawa Barat,Bandung,Batununggal,Maleer
Jawa Barat,Sukabumi,Gunungguruh,Mangkalaya
Jawa Barat,Bandung,Panyileukan,Mekar Mulya
Jawa Barat,Bandung Barat,Cihampelas,Mekarmukti
Jawa Barat,Sukabumi,Citamiang,Nanggeleng
Jawa Barat,Sumedang,Darmaraja,Neglasari
Jawa Barat,Bandung,Astana Anyar,Nyengseret
Jawa Barat,Sukabumi,Warudoyong,Nyomplong
Jawa Barat,Sukabumi,Cisaat,Padaasih
Jawa Barat,Bandung,Lengkong,Paledang
Jawa Barat,Bandung,Astana Anyar,Panjunan
Jawa Barat,Bandung,Astana Anyar,Pelindung Hewan
Jawa Barat,Bandung,Regol,Pungkur
Jawa Barat,Sukabumi,Cikakak,Ridogalih
Jawa Barat,Bandung,Batununggal,Samoja
Jawa Barat,Sukabumi,Cikidang,Sampora
Jawa Barat,Bandung Barat,Batujajar,Selacau
Jawa Barat,Sukabumi,Sukaraja,Selawangi
Jawa Barat,Sukabumi,Cicantayan,Sukadamai
Jawa Barat,Sumedang,Jatinunggal,Sirnasari
Jawa Barat,Bandung,Bojongloa Kidul,Situsaeur
Jawa Barat,Sukabumi,Gunungpuyuh,Sriwidari
Jawa Barat,Bandung,Bojongloa Kaler,Suka Asih
Jawa Barat,Bandung,Babakan Ciparay,Sukahaji
Jawa Barat,Sukabumi,Warudoyong,Sukakarya
Jawa Barat,Sukabumi,Cisaat,Sukamantri
Jawa Barat,Sumedang,Darmaraja,Sukamenak
Jawa Barat,Bandung,Cinambo,Sukamulya
Jawa Barat,Bandung,Kiaracondong,Sukapura
Jawa Barat,Sukabumi,Cireunghas,Tegalpanjang
Jawa Barat,Sukabumi,Citamiang,Tipar
Jawa Barat,Bandung,Lengkong,Turangga
Jawa Barat,Sukabumi,Cisolok,Wangunsari
Jawa Barat,Sukabumi,Warudoyong,Warudoyong
Jawa Barat,Bandung,Bandung Kulon,Warung Muncang
Jawa Barat,Kuningan,Kramatmulya,Bojong
Jawa Barat,Kuningan,Kramatmulya,Cibentang
Jawa Barat,Kuningan,Kramatmulya,Cikaso
Jawa Barat,Kuningan,Ciawigebang,Cikubangmulya
Jawa Barat,Kuningan,Kramatmulya,Cilowa
Jawa Barat,Kuningan,Kramatmulya,Gandasoli
Jawa Barat,Kuningan,Kramatmulya,Kalapagunung
Jawa Barat,Kuningan,Kramatmulya,Karangmangu
Jawa Barat,Kuningan,Kramatmulya,Kramatmulya
Jawa Barat,Kuningan,Cipicung,Mekarsari
Jawa Barat,Kuningan,Kramatmulya,Pajambon
Jawa Barat,Kuningan,Kramatmulya,Ragawacana
Jawa Barat,Kuningan,Cipicung,Salareuma
Jawa Barat,Kuningan,Jalaksana,Sidamulya
Jawa Barat,Kuningan,Jalaksana,Sindangbarang
Jawa Barat,Kuningan,Kalimanggis,Wanasaraya
Jawa Barat,Cianjur,Cibeber,Cihaur
Jawa Barat,Cianjur,Cibeber,Cimanggu
Jawa Barat,Cianjur,Cibeber,Cipetir
Jawa Barat,Cianjur,Cibeber,Cisalak
Jawa Barat,Bandung,Margaasih,Lagadar
Jawa Barat,Indramayu,Jatibarang,Lobener Lor
Jawa Barat,Indramayu,Lohbener,Lohbener
Jawa Barat,Majalengka,Jatiwangi,Loji
Jawa Barat,Majalengka,Sumberjaya,Lojikobong
Jawa Barat,Indramayu,Juntinyuat,Lombang
Jawa Barat,Indramayu,Sliyeg,Longok
Jawa Barat,Indramayu,Losarang,Losarang
Jawa Barat,Cirebon,Losari,Losari Kidul
Jawa Barat,Cirebon,Losari,Losari Lor
Jawa Barat,Indramayu,Cikedung,Loyang
Jawa Barat,Cirebon,Palimanan,Lungbenda
Jawa Barat,Cirebon,Plumbon,Lurah
Jawa Barat,Cirebon,Mundu,Luwung
Jawa Barat,Cirebon,Susukan,Luwung Kencana
Jawa Barat,Indramayu,Krangkeng,Luwunggesik
Jawa Barat,Majalengka,Maja,Maja Selatan
Jawa Barat,Majalengka,Maja,Maja Utara
Jawa Barat,Indramayu,Balongan,Majakerta
Jawa Barat,Majalengka,Majalengka,Majalengka Kulon
Jawa Barat,Majalengka,Majalengka,Majalengka Wetan
Jawa Barat,Majalengka,Ligung,Majasari
Jawa Barat,Indramayu,Sliyeg,Majasari
Jawa Barat,Indramayu,Sliyeg,Majasih
Jawa Barat,Majalengka,Palasah,Majasuka
Jawa Barat,Sumedang,Situraja,Malaka
Jawa Barat,Indramayu,Bangodua,Malangsari
Jawa Barat,Indramayu,Jatibarang,Malangsemirang
Jawa Barat,Majalengka,Maja,Malongpong
Jawa Barat,Cirebon,Dukupuntang,Mandala
Jawa Barat,Sumedang,Cimalaka,Mandalaherang
Jawa Barat,Majalengka,Dawuan,Mandapa
Jawa Barat,Indramayu,Terisi,Manggungan
Jawa Barat,Indramayu,Anjatan,Mangunjaya
Jawa Barat,Indramayu,Kertasemaya,Manguntara
Jawa Barat,Indramayu,Indramayu,Margadadi
Jawa Barat,Sumedang,Tanjungsari,Margajaya
Jawa Barat,Sumedang,Sumedang Selatan,Margalaksana
Jawa Barat,Sumedang,Tanjungsari,Margaluyu
Jawa Barat,Sumedang,Sumedang Utara,Margamukti
Jawa Barat,Indramayu,Bongas,Margamulya
Jawa Barat,Cirebon,Plumbon,Marikangen
Jawa Barat,Sumedang,Tomo,Marongge
Jawa Barat,Cirebon,Sumber,Matangaji
Jawa Barat,Cirebon,Gunung Jati,Mayung
Jawa Barat,Cirebon,Weru,Megu Cilik
Jawa Barat,Cirebon,Weru,Megu Gede
Jawa Barat,Sumedang,Sumedang Selatan,Mekar Rahayu
Jawa Barat,Indramayu,Sliyeg,Mekargading
Jawa Barat,Indramayu,Haurgeulis,Mekarjati
Jawa Barat,Majalengka,Kertajati,Mekarjaya
Jawa Barat,Indramayu,Gantar,Mekarjaya
Jawa Barat,Sumedang,Sumedang Utara,Mekarjaya
Jawa Barat,Sumedang,Buahdua,Mekarmukti
Jawa Barat,Majalengka,Kertajati,Mekarmulya
Jawa Barat,Sumedang,Situraja,Mekarmulya
Jawa Barat,Cirebon,Waled,Mekarsari
Jawa Barat,Majalengka,Jatiwangi,Mekarsari
Jawa Barat,Indramayu,Tukdana,Mekarsari
Jawa Barat,Indramayu,Patrol,Mekarsari
Jawa Barat,Sumedang,Sukasari,Mekarsari
Jawa Barat,Majalengka,Argapura,Mekarwangi
Jawa Barat,Sumedang,Tomo,Mekarwangi
Jawa Barat,Indramayu,Gantar,Mekarwaru
Jawa Barat,Cirebon,Gebang,Melakasari
Jawa Barat,Cirebon,Astanajapura,Mertapada Kulon
Jawa Barat,Cirebon,Astanajapura,Mertapada Wetan
Jawa Barat,Cirebon,Gunung Jati,Mertasinga
Jawa Barat,Majalengka,Leuwimunding,Mindi
Jawa Barat,Majalengka,Leuwimunding,Mirat
Jawa Barat,Cirebon,Suranenggala,Muara
Jawa Barat,Sumedang,Tanjungkerta,Mulyamekar
Jawa Barat,Cirebon,Losari,Mulyasari
Jawa Barat,Indramayu,Bangodua,Mulyasari
Jawa Barat,Sumedang,Sumedang Utara,Mulyasari
Jawa Barat,Indramayu,Cikedung,Mundakjaya
Jawa Barat,Indramayu,Karangampel,Mundu
Jawa Barat,Cirebon,Mundu,Mundu Mesigit
Jawa Barat,Cirebon,Mundu,Mundu Pesisir
Jawa Barat,Cirebon,Astanajapura,Munjul
Jawa Barat,Majalengka,Majalengka,Munjul
Jawa Barat,Indramayu,Losarang,Muntur
Jawa Barat,Sumedang,Rancakalong,Nagarawangi
Jawa Barat,Sumedang,Buahdua,Nagrak
Jawa Barat,Sumedang,Cimalaka,Naluk
Jawa Barat,Cirebon,Greged,Nanggela
Jawa Barat,Majalengka,Leuwimunding,Nanggerang
Jawa Barat,Majalengka,Sukahaji,Nanggewer
Jawa Barat,Sumedang,Surian,Nanjung Wangi
Jawa Barat,Sumedang,Conggeang,Narimbang
Jawa Barat,Indramayu,Lelea,Nunuk
Jawa Barat,Sumedang,Cimalaka,Nyalindung
Jawa Barat,Cirebon,Jamblang,Orimalang
Jawa Barat,Indramayu,Indramayu,Pabeanudik
Jawa Barat,Cirebon,Pabedilan,Pabedilan Kaler
Jawa Barat,Cirebon,Pabedilan,Pabedilan Kidul
Jawa Barat,Cirebon,Pabedilan,Pabedilan Kulon
Jawa Barat,Cirebon,Pabedilan,Pabedilan Wetan
Jawa Barat,Cirebon,Pabuaran,Pabuaran Kidul
Jawa Barat,Cirebon,Pabuaran,Pabuaran Lor
Jawa Barat,Cirebon,Pabuaran,Pabuaran Wetan
Jawa Barat,Sumedang,Conggeang,Padaasih
Jawa Barat,Majalengka,Sukahaji,Padahanten
Jawa Barat,Majalengka,Sindangwangi,Padaherang
Jawa Barat,Sumedang,Paseh,Padanan
Jawa Barat,Sumedang,Cimalaka,Padasari
Jawa Barat,Sumedang,Sumedang Utara,Padasuka
Jawa Barat,Majalengka,Kadipaten,Pagandon
Jawa Barat,Indramayu,Tukdana,Pagedangan
Jawa Barat,Majalengka,Maja,Pageraji
Jawa Barat,Indramayu,Pasekan,Pagirikan
Jawa Barat,Sumedang,Cisitu,Pajagan
Jawa Barat,Majalengka,Rajagaluh,Pajajar
Jawa Barat,Cirebon,Klangenan,Pekantingan
Jawa Barat,Sumedang,Darmaraja,Pakualam
Jawa Barat,Majalengka,Kertajati,Pakubeureum
Jawa Barat,Cirebon,Babakan,Pakusamben
Jawa Barat,Majalengka,Sukahaji,Palabuan
Jawa Barat,Sumedang,Ujungjaya,Palabuan
Jawa Barat,Majalengka,Kertajati,Palasah
Jawa Barat,Majalengka,Palasah,Palasah
Jawa Barat,Sumedang,Ujungjaya,Palasari
Jawa Barat,Cirebon,Gempol,Palimanan Barat
Jawa Barat,Cirebon,Palimanan,Palimanan Timur
Jawa Barat,Cirebon,Tengah Tani,Palir
Jawa Barat,Indramayu,Lohbener,Pamayahan
Jawa Barat,Sumedang,Rancakalong,Pamekaran
Jawa Barat,Sumedang,Surian,Pamekarsari
Jawa Barat,Cirebon,Mundu,Pamengkang
Jawa Barat,Cirebon,Plumbon,Pamijahan
Jawa Barat,Sumedang,Situraja,Pamulihan
Jawa Barat,Sumedang,Pamulihan,Pamulihan
Jawa Barat,Majalengka,Sumberjaya,Pancaksuji
Jawa Barat,Cirebon,Plered,Panembahan
Jawa Barat,Sumedang,Rancakalong,Pangadegan
Jawa Barat,Indramayu,Lelea,Pangauban
Jawa Barat,Cirebon,Pangenan,Pangenan
Jawa Barat,Cirebon,Losari,Panggangsari
Jawa Barat,Cirebon,Plered,Pangkalan
Jawa Barat,Indramayu,Losarang,Pangkalan
Jawa Barat,Majalengka,Jatitujuh,Pangkalanpari
Jawa Barat,Cirebon,Panguragan,Pangurangan
Jawa Barat,Cirebon,Panguragan,Pangurangan Kulon
Jawa Barat,Cirebon,Panguragan,Pangurangan Lor
Jawa Barat,Cirebon,Panguragan,Pangurangan Wetan
Jawa Barat,Majalengka,Maja,Paniis
Jawa Barat,Majalengka,Sumberjaya,Paningkiran
Jawa Barat,Majalengka,Sumberjaya,Panjalin Kidul
Jawa Barat,Majalengka,Sumberjaya,Panjalin Lor
Jawa Barat,Cirebon,Lemah Wungkuk,Panjunan
Jawa Barat,Cirebon,Sedong,Panongan
Jawa Barat,Cirebon,Palimanan,Panongan
Jawa Barat,Majalengka,Jatitujuh,Panongan
Jawa Barat,Cirebon,Sedong,Panongan Lor
Jawa Barat,Cirebon,Gegesik,Panunggul
Jawa Barat,Sumedang,Buahdua,Panyindangan
Jawa Barat,Indramayu,Sindang,Panyindangan Kulon
Jawa Barat,Indramayu,Sindang,Panyindangan Wetan
Jawa Barat,Majalengka,Jatitujuh,Panyingkiran
Jawa Barat,Majalengka,Panyingkiran,Panyingkiran
Jawa Barat,Indramayu,Cantigi,Panyingkiran Kidul
Jawa Barat,Indramayu,Cantigi,Panyingkiran Lor
Jawa Barat,Indramayu,Indramayu,Paoman
Jawa Barat,Majalengka,Leuwimunding,Parakan
Jawa Barat,Majalengka,Sumberjaya,Parapatan
Jawa Barat,Indramayu,Kandanghaur,Pareangirang
Jawa Barat,Majalengka,Leuwimunding,Parungjaya
Jawa Barat,Cirebon,Sumber,Pasalakan
Jawa Barat,Cirebon,Plumbon,Pasanggrahan
Jawa Barat,Majalengka,Maja,Pasanggrahan
Jawa Barat,Sumedang,Sumedang Selatan,Pasanggrahan Baru
Jawa Barat,Cirebon,Susukan Lebak,Pasawahan
Jawa Barat,Sumedang,Paseh,Paseh Kaler
Jawa Barat,Sumedang,Paseh,Pasehkidul
Jawa Barat,Indramayu,Pasekan,Pasekan
Jawa Barat,Sumedang,Tanjungsari,Pasigaran
Jawa Barat,Cirebon,Gunung Jati,Pasindangan
Jawa Barat,Majalengka,Jatitujuh,Pasindangan
Jawa Barat,Majalengka,Palasah,Pasir
Jawa Barat,Majalengka,Sindang,Pasirayu
Jawa Barat,Sumedang,Rancakalong,Pasirbiru
Jawa Barat,Majalengka,Kertajati,Pasiripis
Jawa Barat,Majalengka,Dawuan,Pasirmalati
Jawa Barat,Majalengka,Panyingkiran,Pasirmuncang
Jawa Barat,Sumedang,Paseh,Pasirreungit
Jawa Barat,Cirebon,Pabedilan,Pasuruan
Jawa Barat,Cirebon,Beber,Patapan
Jawa Barat,Indramayu,Patrol,Patrol
Jawa Barat,Indramayu,Patrol,Patrol Baru
Jawa Barat,Indramayu,Patrol,Patrol Lor
Jawa Barat,Majalengka,Leuwimunding,Patuanan
Jawa Barat,Indramayu,Jatibarang,Pawidean
Jawa Barat,Majalengka,Rajagaluh,Payung
Jawa Barat,Cirebon,Kapetakan,Pegagan Lor
Jawa Barat,Cirebon,Palimanan,Pegagan
Jawa Barat,Indramayu,Losarang,Pegagan
Jawa Barat,Cirebon,Kapetakan,Pegagan Kidul
Jawa Barat,Cirebon,Lemah Wungkuk,Pegambiran
Jawa Barat,Cirebon,Sumber,Pejambon
Jawa Barat,Cirebon,Pekalipan,Pekalangan
Jawa Barat,Cirebon,Pekalipan,Pekalipan
Jawa Barat,Indramayu,Indramayu,Pekandangan
Jawa Barat,Indramayu,Indramayu,Pekandangan Jaya
Jawa Barat,Cirebon,Kesambi,Pekiringan
Jawa Barat,Cirebon,Gebang,Playangan
Jawa Barat,Cirebon,Sedong,Panambangan
Jawa Barat,Indramayu,Sindang,Penganjang
Jawa Barat,Cirebon,Pangenan,Pengarengan
Jawa Barat,Cirebon,Mundu,Penpen
Jawa Barat,Cirebon,Sumber,Perbutulan
Jawa Barat,Cirebon,Lemahabang,Picungpugur
Jawa Barat,Cirebon,Kedawung,Pilangsari
Jawa Barat,Majalengka,Jatitujuh,Pilangsari
Jawa Barat,Indramayu,Jatibarang,Pilangsari
Jawa Barat,Majalengka,Jatiwangi,Pinangraja
Jawa Barat,Indramayu,Bongas,Plawangan
Jawa Barat,Indramayu,Terisi,Plosokerep
Jawa Barat,Cirebon,Plumbon,Plumbon
Jawa Barat,Indramayu,Indramayu,Plumbon
Jawa Barat,Indramayu,Juntinyuat,Pondoh
Jawa Barat,Cirebon,Kaliwedi,Prajawinangun Kulon
Jawa Barat,Cirebon,Kaliwedi,Prajawinangun Wetan
Jawa Barat,Indramayu,Arahan,Pranggong
Jawa Barat,Indramayu,Kandanghaur,Pranti
Jawa Barat,Indramayu,Karangampel,Pringgacala
Jawa Barat,Cirebon,Pekalipan,Pulasaren
Jawa Barat,Indramayu,Losarang,Puntang
Jawa Barat,Cirebon,Plumbon,Purbawinangun
Jawa Barat,Indramayu,Krangkeng,Purwajaya
Jawa Barat,Cirebon,Suranenggala,Purwawinangun
Jawa Barat,Cirebon,Sedong,Putat
Jawa Barat,Majalengka,Jatitujuh,Putridalem
Jawa Barat,Majalengka,Rajagaluh,Rajagaluh
Jawa Barat,Majalengka,Rajagaluh,Rajagaluh Kidul
Jawa Barat,Majalengka,Rajagaluh,Rajagaluh Lor
Jawa Barat,Indramayu,Losarang,Rajaiyang
Jawa Barat,Indramayu,Terisi,Rajasinga
Jawa Barat,Majalengka,Leuwimunding,Rajawangi
Jawa Barat,Indramayu,Lohbener,Rambatan Kulon
Jawa Barat,Indramayu,Sindang,Rambatan Wetan
Jawa Barat,Indramayu,Gabuswetan,Rancahan
Jawa Barat,Indramayu,Tukdana,Rancajawat
Jawa Barat,Sumedang,Rancakalong,Rancakalong
Jawa Barat,Indramayu,Gabuswetan,Rancamulya
Jawa Barat,Sumedang,Sumedang Utara,Rancamulya
Jawa Barat,Majalengka,Sumberjaya,Rancaputat
Jawa Barat,Indramayu,Bangodua,Rancasari
Jawa Barat,Majalengka,Jatitujuh,Randegan Kulon
Jawa Barat,Majalengka,Jatitujuh,Randegan Wetan
Jawa Barat,Sumedang,Surian,Ranggasari
Jawa Barat,Indramayu,Losarang,Ranjeng
Jawa Barat,Sumedang,Cisitu,Ranjeng
Jawa Barat,Majalengka,Kasokandel,Ranji Kulon
Jawa Barat,Majalengka,Kasokandel,Ranji Wetan
Jawa Barat,Indramayu,Balongan,Rawadalem
Jawa Barat,Cirebon,Arjawinangun,Rawagatel
Jawa Barat,Cirebon,Pangenan,Rawaurip
Jawa Barat,Sumedang,Sumedang Selatan,Regolwetan
Jawa Barat,Majalengka,Argapura,Sadasari
Jawa Barat,Majalengka,Rajagaluh,Sadomas
Jawa Barat,Majalengka,Kertajati,Sahbandar
Jawa Barat,Sumedang,Ujungjaya,Sakurjaya
Jawa Barat,Majalengka,Sukahaji,Salagedang
Jawa Barat,Indramayu,Anjatan,Salamdarma
Jawa Barat,Majalengka,Dawuan,Salawana
Jawa Barat,Cirebon,Gunung Jati,Sambeng
Jawa Barat,Indramayu,Juntinyuat,Sambimaya
Jawa Barat,Cirebon,Susukan Lebak,Sampih
Jawa Barat,Cirebon,Talun,Sampiran
Jawa Barat,Indramayu,Gantar,Sanca
Jawa Barat,Majalengka,Sindang,Sangkanhurip
Jawa Barat,Indramayu,Losarang,Santing
Jawa Barat,Cirebon,Plered,Sarabau
Jawa Barat,Cirebon,Lemahabang,Sarajaya
Jawa Barat,Cirebon,Talun,Sarwadadi
Jawa Barat,Cirebon,Sedong,Sedong Kidul
Jawa Barat,Cirebon,Sedong,Sedong Lor
Jawa Barat,Indramayu,Juntinyuat,Segeran Kidul
Jawa Barat,Indramayu,Juntinyuat,Segeran Lor
Jawa Barat,Indramayu,Gabuswetan,Sekarmulya
Jawa Barat,Sumedang,Buahdua,Sekarwangi
Jawa Barat,Cirebon,Palimanan,Semplo
Jawa Barat,Cirebon,Sumber,Sendang
Jawa Barat,Indramayu,Karangampel,Sendang
Jawa Barat,Cirebon,Arjawinangun,Sende
Jawa Barat,Majalengka,Sumberjaya,Sepat
Jawa Barat,Cirebon,Klangenan,Serang
Jawa Barat,Sumedang,Cimalaka,Serang
Jawa Barat,Cirebon,Babakan,Serang Kulon
Jawa Barat,Cirebon,Babakan,Serang Wetan
Jawa Barat,Cirebon,Weru,Setu Kulon
Jawa Barat,Cirebon,Weru,Setu Wetan
Jawa Barat,Cirebon,Mundu,Setupatok
Jawa Barat,Cirebon,Karangwareng,Seuseupan
Jawa Barat,Cirebon,Gegesik,Sibubut
Jawa Barat,Indramayu,Haurgeulis,Sidadadi
Jawa Barat,Majalengka,Majalengka,Sidamukti
Jawa Barat,Cirebon,Astanajapura,Sidamulya
Jawa Barat,Indramayu,Bongas,Sidamulya
Jawa Barat,Cirebon,Pabedilan,Sidaresmi
Jawa Barat,Cirebon,Sumber,Sidawangi
Jawa Barat,Cirebon,Lemahabang,Sigong
Jawa Barat,Cirebon,Pabedilan,Silihasih
Jawa Barat,Majalengka,Cigasong,Simpeureum
Jawa Barat,Cirebon,Mundu,Sinarancang
Jawa Barat,Majalengka,Dawuan,Sinarjati
Jawa Barat,Indramayu,Sindang,Sindang
Jawa Barat,Cirebon,Greged,Sindang Kempeng
Jawa Barat,Majalengka,Palasah,Sindanghaji
Jawa Barat,Cirebon,Beber,Sindanghayu
Jawa Barat,Cirebon,Dukupuntang,Sindangjawa
Jawa Barat,Cirebon,Beber,Sindangkasih
Jawa Barat,Majalengka,Majalengka,Sindangkasih
Jawa Barat,Majalengka,Maja,Sindangkerta
Jawa Barat,Indramayu,Lohbener,Sindangkerta
Jawa Barat,Cirebon,Lemahabang,Sindanglaut
Jawa Barat,Cirebon,Dukupuntang,Sindangmekar
Jawa Barat,Majalengka,Rajagaluh,Sindangpano
Jawa Barat,Majalengka,Sindangwangi,Sindangwangi
Jawa Barat,Majalengka,Palasah,Sindangwasa
Jawa Barat,Indramayu,Indramayu,Singajaya
Jawa Barat,Indramayu,Krangkeng,Singakerta
Jawa Barat,Indramayu,Indramayu,Singaraja
Jawa Barat,Majalengka,Rajagaluh,Singawada
Jawa Barat,Cirebon,Gunung Jati,Sirnabaya
Jawa Barat,Sumedang,Sumedang Utara,Sirnamulya
Jawa Barat,Cirebon,Jamblang,Sitiwinangun
Jawa Barat,Sumedang,Sumedang Utara,Situ
Jawa Barat,Sumedang,Cisitu,Situmekar
Jawa Barat,Indramayu,Gantar,Situraja
Jawa Barat,Sumedang,Situraja,Situraja
Jawa Barat,Sumedang,Situraja,Situraja Utara
Jawa Barat,Cirebon,Klangenan,Slangit
Jawa Barat,Indramayu,Sliyeg,Sleman
Jawa Barat,Indramayu,Sliyeg,Sleman Lor
Jawa Barat,Cirebon,Gegesik,Slendra
Jawa Barat,Indramayu,Sliyeg,Sliyeg
Jawa Barat,Indramayu,Sliyeg,Sliyeg Lor
Jawa Barat,Indramayu,Kandanghaur,Soge
Jawa Barat,Indramayu,Krangkeng,Srengseng
Jawa Barat,Cirebon,Mundu,Suci
Jawa Barat,Indramayu,Sliyeg,Sudikampiran
Jawa Barat,Indramayu,Balongan,Sudimampir
Jawa Barat,Indramayu,Balongan,Sudimampir Lor
Jawa Barat,Indramayu,Arahan,Sukadadi
Jawa Barat,Cirebon,Pabuaran,Sukadana
Jawa Barat,Majalengka,Argapura,Sukadana
Jawa Barat,Indramayu,Tukdana,Sukadana
Jawa Barat,Sumedang,Sumedang Selatan,Sukagalih
Jawa Barat,Indramayu,Sukagumiwang,Sukagumiwang
Jawa Barat,Majalengka,Sukahaji,Sukahaji
Jawa Barat,Indramayu,Patrol,Sukahaji
Jawa Barat,Sumedang,Rancakalong,Sukahayu
Jawa Barat,Indramayu,Haurgeulis,Sukajati
Jawa Barat,Majalengka,Kertajati,Sukakerta
Jawa Barat,Indramayu,Jatibarang,Sukalila
Jawa Barat,Sumedang,Ganeas,Sukaluyu
Jawa Barat,Sumedang,Rancakalong,Sukamaju
Jawa Barat,Sumedang,Tanjungkerta,Sukamantri
Jawa Barat,Indramayu,Kroya,Sukamelang
Jawa Barat,Sumedang,Tanjungmedar,Sukamukti
Jawa Barat,Majalengka,Kertajati,Sukamulya
Jawa Barat,Indramayu,Tukdana,Sukamulya
Jawa Barat,Sumedang,Ujungjaya,Sukamulya
Jawa Barat,Indramayu,Tukdana,Sukaperna
Jawa Barat,Cirebon,Kejaksan,Sukapura
Jawa Barat,Majalengka,Jatiwangi,Sukaraja Kulon
Jawa Barat,Majalengka,Jatiwangi,Sukaraja Wetan
Jawa Barat,Sumedang,Sukasari,Sukarapih
Jawa Barat,Indramayu,Balongan,Sukareja
Jawa Barat,Indramayu,Arahan,Sukasari
Jawa Barat,Sumedang,Sukasari,Sukasari
Jawa Barat,Sumedang,Rancakalong,Sukasirnarasa
Jawa Barat,Indramayu,Kroya,Sukaslamet
Jawa Barat,Sumedang,Situraja,Sukatali
Jawa Barat,Sumedang,Tanjungmedar,Sukatani
Jawa Barat,Indramayu,Balongan,Sukaurip
Jawa Barat,Majalengka,Kertajati,Sukawana
Jawa Barat,Sumedang,Pamulihan,Sukawangi
Jawa Barat,Sumedang,Ganeas,Sukawening
Jawa Barat,Majalengka,Ligung,Sukawera
Jawa Barat,Indramayu,Kertasemaya,Sukawera
Jawa Barat,Indramayu,Sukra,Sukra
Jawa Barat,Indramayu,Sukra,Sukra Wetan
Jawa Barat,Cirebon,Sumber,Sumber
Jawa Barat,Cirebon,Babakan,Sumber Kidul
Jawa Barat,Majalengka,Jatitujuh,Sumber Kulon
Jawa Barat,Cirebon,Babakan,Sumber Lor
Jawa Barat,Majalengka,Jatitujuh,Sumber Wetan
Jawa Barat,Majalengka,Sumberjaya,Sumberjaya
Jawa Barat,Indramayu,Kroya,Sumberjaya
Jawa Barat,Indramayu,Haurgeulis,Sumbermulya
Jawa Barat,Indramayu,Kroya,Sumbon
Jawa Barat,Indramayu,Sukra,Sumuradem
Jawa Barat,Indramayu,Sukra,Sumuradem Timur
Jawa Barat,Cirebon,Karangwareng,Sumurkondang
Jawa Barat,Sumedang,Cisitu,Sundamekar
Jawa Barat,Cirebon,Kesambi,Sunyaragi
Jawa Barat,Cirebon,Suranenggala,Surakarta
Jawa Barat,Cirebon,Suranenggala,Suranenggala
Jawa Barat,Cirebon,Suranenggala,Suranenggala Kidul
Jawa Barat,Cirebon,Suranenggala,Suranenggala Kulon
Jawa Barat,Cirebon,Suranenggala,Suranenggala Lor
Jawa Barat,Majalengka,Jatiwangi,Surawangi
Jawa Barat,Sumedang,Surian,Suriamedal
Jawa Barat,Sumedang,Surian,Suriamukti
Jawa Barat,Sumedang,Surian,Surian
Jawa Barat,Cirebon,Susukan,Susukan
Jawa Barat,Cirebon,Susukan Lebak,Susukan Agung
Jawa Barat,Cirebon,Susukan Lebak,Susukan Lebak
Jawa Barat,Cirebon,Susukan Lebak,Susukan Tonggoh
Jawa Barat,Majalengka,Jatiwangi,Sutawangi
Jawa Barat,Cirebon,Kedawung,Sutawinangun
Jawa Barat,Indramayu,Sukra,Tegaltaman
Jawa Barat,Majalengka,Cigasong,Tajur
Jawa Barat,Sumedang,Sumedang Utara,Talun
Jawa Barat,Indramayu,Lelea,Tamansari
Jawa Barat,Indramayu,Indramayu,Tambak
Jawa Barat,Cirebon,Karangsembung,Tambelang
Jawa Barat,Indramayu,Sliyeg,Tambi
Jawa Barat,Indramayu,Sliyeg,Tambi Lor
Jawa Barat,Indramayu,Kroya,Tamiyangsari
Jawa Barat,Cirebon,Susukan,Tangkil
Jawa Barat,Indramayu,Krangkeng,Tanjakan
Jawa Barat,Sumedang,Surian,Tanjung
Jawa Barat,Sumedang,Tanjungmedar,Tanjung Medar
Jawa Barat,Sumedang,Ganeas,Tanjunghurip
Jawa Barat,Indramayu,Kroya,Tanjungkerta
Jawa Barat,Sumedang,Tanjungkerta,Tanjungmekar
Jawa Barat,Sumedang,Tanjungkerta,Tanjungmulya
Jawa Barat,Indramayu,Karangampel,Tanjungpura
Jawa Barat,Majalengka,Sukahaji,Tanjungsari
Jawa Barat,Majalengka,Leuwimunding,Tanjungsari
Jawa Barat,Indramayu,Karangampel,Tanjungsari
Jawa Barat,Sumedang,Tanjungsari,Tanjungsari
Jawa Barat,Sumedang,Tanjungmedar,Tanjungwangi
Jawa Barat,Majalengka,Majalengka,Tarikolot
Jawa Barat,Majalengka,Palasah,Tarikolot
Jawa Barat,Sumedang,Darmaraja,Tarunajaya
Jawa Barat,Cirebon,Losari,Tawangsari
Jawa Barat,Indramayu,Arahan,Tawangsari
Jawa Barat,Cirebon,Arjawinangun,Tegalgubug Lor
Jawa Barat,Indramayu,Balongan,Tegalsembadra
Jawa Barat,Indramayu,Kertasemaya,Tegalwirangrong
Jawa Barat,Majalengka,Ligung,Tegalaren
Jawa Barat,Indramayu,Bangodua,Tegalgirang
Jawa Barat,Cirebon,Arjawinangun,Tegalgubug
Jawa Barat,Cirebon,Palimanan,Tegalkarang
Jawa Barat,Indramayu,Krangkeng,Tegalmulya
Jawa Barat,Cirebon,Plered,Tegalsari
Jawa Barat,Majalengka,Maja,Tegalsari
Jawa Barat,Indramayu,Balongan,Tegalurung
Jawa Barat,Cirebon,Weru,Tegalwangi
Jawa Barat,Majalengka,Rajagaluh,Teja
Jawa Barat,Indramayu,Lelea,Telagasari
Jawa Barat,Indramayu,Indramayu,Telukagung
Jawa Barat,Indramayu,Kroya,Temiyang
Jawa Barat,Indramayu,Lelea,Tempel
Jawa Barat,Indramayu,Lelea,Tempel Kulon
Jawa Barat,Indramayu,Kertasemaya,Tenajar
Jawa Barat,Indramayu,Kertasemaya,Tenajar Kidul
Jawa Barat,Indramayu,Kertasemaya,Tenajar Lor
Jawa Barat,Majalengka,Cigasong,Tenjolayar
Jawa Barat,Cirebon,Ciledug,Tenjomaya
Jawa Barat,Cirebon,Pabedilan,Tersana
Jawa Barat,Indramayu,Sukagumiwang,Tersana
Jawa Barat,Indramayu,Sindang,Terusan
Jawa Barat,Indramayu,Juntinyuat,Tinumpuk
Jawa Barat,Sumedang,Tomo,Tolengas
Jawa Barat,Sumedang,Tomo,Tomo
Jawa Barat,Majalengka,Majalengka,Tonjong
Jawa Barat,Indramayu,Pasekan,Totoran
Jawa Barat,Majalengka,Palasah,Trajaya
Jawa Barat,Sumedang,Cimalaka,Trunamanggala
Jawa Barat,Cirebon,Plered,Trusmi Kulon
Jawa Barat,Cirebon,Plered,Trusmi Wetan
Jawa Barat,Indramayu,Lelea,Tugu
Jawa Barat,Indramayu,Sliyeg,Tugu
Jawa Barat,Indramayu,Sliyeg,Tugu Kidul
Jawa Barat,Cirebon,Kedawung,Tuk
Jawa Barat,Cirebon,Lemahabang,Tuk Karangsuwung
Jawa Barat,Indramayu,Tukdana,Tukdana
Jawa Barat,Cirebon,Sumber,Tukmudal
Jawa Barat,Indramayu,Kertasemaya,Tulungagung
Jawa Barat,Indramayu,Lelea,Tunggulpayung
Jawa Barat,Indramayu,Widasari,Ujungaris
Jawa Barat,Majalengka,Sindangwangi,Ujungberung
Jawa Barat,Cirebon,Susukan,Ujunggebang
Jawa Barat,Indramayu,Sukra,Ujunggebang
Jawa Barat,Indramayu,Widasari,Ujungjaya
Jawa Barat,Sumedang,Ujungjaya,Ujungjaya
Jawa Barat,Indramayu,Widasari,Ujungpondok Jaya
Jawa Barat,Cirebon,Kaliwedi,Ujungsemi
Jawa Barat,Sumedang,Conggeang,Ungkal
Jawa Barat,Cirebon,Gempol,Walahar
Jawa Barat,Majalengka,Kasokandel,Wanajaya
Jawa Barat,Sumedang,Surian,Wanajaya
Jawa Barat,Cirebon,Gunung Jati,Wanakaya
Jawa Barat,Indramayu,Haurgeulis,Wanakaya
Jawa Barat,Indramayu,Sindang,Wanantara
Jawa Barat,Cirebon,Talun,Wanasaba Kidul
Jawa Barat,Cirebon,Talun,Wanasaba Lor
Jawa Barat,Majalengka,Ligung,Wanasalam
Jawa Barat,Indramayu,Bangodua,Wanasari
Jawa Barat,Sumedang,Surian,Wanasari
Jawa Barat,Cirebon,Beber,Wanayasa
Jawa Barat,Cirebon,Lemahabang,Wangkelang
Jawa Barat,Indramayu,Anjatan,Wanguk
Jawa Barat,Cirebon,Jamblang,Wangunharja
Jawa Barat,Cirebon,Kaliwedi,Wargabinangun
Jawa Barat,Sumedang,Tanjungmedar,Wargaluyu
Jawa Barat,Majalengka,Palasah,Waringin
Jawa Barat,Indramayu,Lohbener,Waru
Jawa Barat,Cirebon,Mundu,Waruduwur
Jawa Barat,Cirebon,Depok,Warugede
Jawa Barat,Cirebon,Depok,Warujaya
Jawa Barat,Cirebon,Depok,Warukawung
Jawa Barat,Cirebon,Depok,Waruroyom
Jawa Barat,Cirebon,Sumber,Watubelah
Jawa Barat,Majalengka,Palasah,Weragati
Jawa Barat,Cirebon,Weru,Weru Kidul
Jawa Barat,Cirebon,Weru,Weru Lor
Jawa Barat,Indramayu,Widasari,Widasari
Jawa Barat,Cirebon,Susukan Lebak,Wilulang
Jawa Barat,Cirebon,Sedong,Winduhaji
Jawa Barat,Cirebon,Sedong,Windujaya
Jawa Barat,Cirebon,Gempol,Winong
Jawa Barat,Indramayu,Kandanghaur,Wirakanan
Jawa Barat,Indramayu,Kandanghaur,Wirapanjunan
Jawa Barat,Cirebon,Susukan,Wiyong
Jawa Barat,Cirebon,Plered,Wotgali
Jawa Barat,Kuningan,Cigandamekar,Babakanjati
Jawa Barat,Kuningan,Cilimus,Bandorasakulon
Jawa Barat,Kuningan,Cilimus,Bandorasawetan
Jawa Barat,Depok,Sukmajaya,Abadi Jaya
Jawa Barat,Karawang,Karawang Barat,Adiarsa Barat
Jawa Barat,Karawang,Karawang Timur,Adiarsa Timur
Jawa Barat,Karawang,Rengasdengklok,Amansari
Jawa Barat,Sukabumi,Ciambar,Ambarjaya
Jawa Barat,Karawang,Klari,Anggadita
Jawa Barat,Purwakarta,Plered,Anjun
Jawa Barat,Bogor,Tanjungsari,Antajaya
Jawa Barat,Bogor,Cigudeg,Argapura
Jawa Barat,Bogor,Kemang,Atang Senjaya
Jawa Barat,Bogor,Tenjo,Babakan
Jawa Barat,Bogor,Dramaga,Babakan
Jawa Barat,Bogor,Ciseeng,Babakan
Jawa Barat,Purwakarta,Wanayasa,Babakan
Jawa Barat,Bogor,Babakan Madang,Babakan Madang
Jawa Barat,Sukabumi,Nagrak,Babakan Panjang
Jawa Barat,Bogor,Leuwisadeng,Babakan Sadeng
Jawa Barat,Purwakarta,Babakancikao,Babakancikao
Jawa Barat,Sukabumi,Parungkuda,Babakanjaya
Jawa Barat,Sukabumi,Cidahu,Babakanpari
Jawa Barat,Bogor,Cariu,Babakanraden
Jawa Barat,Purwakarta,Plered,Babakansari
Jawa Barat,Bogor,Jasinga,Bagoang
Jawa Barat,Depok,Sukmajaya,Baktijaya
Jawa Barat,Bogor,Jonggol,Balekambang
Jawa Barat,Sukabumi,Nagrak,Balekambang
Jawa Barat,Karawang,Jatisari,Balonggandu
Jawa Barat,Karawang,Rawamerta,Balongsari
Jawa Barat,Sukabumi,Cicurug,Bangbayang
Jawa Barat,Karawang,Majalaya,Bangel
Jawa Barat,Bogor,Cigudeg,Bangunjaya
Jawa Barat,Bogor,Ciawi,Banjar Wangi
Jawa Barat,Bogor,Ciawi,Banjar Waru
Jawa Barat,Bogor,Ciawi,Banjarsari
Jawa Barat,Bogor,Klapanunggal,Bantar Jati
Jawa Barat,Bogor,Ranca Bungur,Bantarjaya
Jawa Barat,Bogor,Nanggung,Bantarkaret
Jawa Barat,Bogor,Cariu,Bantarkuning
Jawa Barat,Bogor,Ranca Bungur,Bantarsari
Jawa Barat,Bogor,Cigudeg,Banyuasih
Jawa Barat,Karawang,Banyusari,Banyuasih
Jawa Barat,Bogor,Cigudeg,Banyuresmi
Jawa Barat,Bogor,Cigudeg,Banyuwangi
Jawa Barat,Bogor,Leuwiliang,Barengkok
Jawa Barat,Bogor,Jasinga,Barengkok
Jawa Barat,Cimahi,Cimahi Tengah,Baros
Jawa Barat,Karawang,Jatisari,Barugbug
Jawa Barat,Bogor,Caringin,Basir Buncir
Jawa Barat,Bogor,Tenjo,Batok
Jawa Barat,Bogor,Nanggung,Batu Tulis
Jawa Barat,Bogor,Cigudeg,Batujajar
Jawa Barat,Karawang,Batujaya,Batujaya
Jawa Barat,Bogor,Cisarua,Batulayang
Jawa Barat,Karawang,Batujaya,Baturaden
Jawa Barat,Purwakarta,Tegalwaru,Batutumpang
Jawa Barat,Karawang,Cilamaya Kulon,Bayur Kidul
Jawa Barat,Karawang,Cilamaya Kulon,Bayur Lor
Jawa Barat,Depok,Sawangan,Bedahan
Jawa Barat,Depok,Beji,Beji
Jawa Barat,Depok,Beji,Beji Timur
Jawa Barat,Karawang,Klari,Belendung
Jawa Barat,Sukabumi,Cicurug,Benda
Jawa Barat,Bogor,Jonggol,Bendungan
Jawa Barat,Bogor,Ciawi,Bendungan
Jawa Barat,Bogor,Ciampea,Benteng
Jawa Barat,Purwakarta,Campaka,Benteng
Jawa Barat,Sukabumi,Bojonggenteng,Berekah
Jawa Barat,Bogor,Ciawi,Bitungsari
Jawa Barat,Bogor,Kemang,Bojong
Jawa Barat,Bogor,Tenjo,Bojong
Jawa Barat,Bogor,Klapanunggal,Bojong
Jawa Barat,Purwakarta,Bojong,Bojong Barat
Jawa Barat,Bogor,Babakan Madang,Bojong Koneng
Jawa Barat,Bogor,Gunung Putri,Bojong Kulur
Jawa Barat,Bogor,Ciawi,Bojong Murni
Jawa Barat,Bogor,Gunung Putri,Bojong Nangka
Jawa Barat,Depok,Cipayung,Bojong Pondok Terong
Jawa Barat,Purwakarta,Bojong,Bojong Timur
Jawa Barat,Sukabumi,Parakansalak,Bojongasih
Jawa Barat,Bogor,Bojong Gede,Bojongbaru
Jawa Barat,Sukabumi,Bojonggenteng,Bojonggaling
Jawa Barat,Bogor,Bojong Gede,Bojonggede
Jawa Barat,Sukabumi,Bojonggenteng,Bojonggenteng
Jawa Barat,Bandung Barat,Saguling,Bojonghaleuang
Jawa Barat,Bogor,Parung,Bojongindah
Jawa Barat,Bogor,Ciampea,Bojongjengkol
Jawa Barat,Sukabumi,Parungkuda,Bojongkokosan
Jawa Barat,Bandung Barat,Ngamprah,Bojongkoneng
Jawa Barat,Sukabumi,Parakansalak,Bojonglongok
Jawa Barat,Bandung Barat,Cipeundeuy,Bojongmekar
Jawa Barat,Bogor,Ciampea,Bojongrangkas
Jawa Barat,Karawang,Tirtamulya,Bojongsari
Jawa Barat,Depok,Bojongsari,Bojongsari
Jawa Barat,Depok,Bojongsari,Bojongsari Baru
Jawa Barat,Bogor,Parung,Bojongsempu
Jawa Barat,Karawang,Tirtajaya,Bolang
Jawa Barat,Bogor,Tanjungsari,Buanajaya
Jawa Barat,Bogor,Cigudeg,Bunar
Jawa Barat,Purwakarta,Jatiluhur,Bunder
Jawa Barat,Purwakarta,Pondoksalam,Bungurjaya
Jawa Barat,Purwakarta,Bungursari,Bungursari
Jawa Barat,Karawang,Telagasari,Cadas Kertajaya
Jawa Barat,Purwakarta,Tegalwaru,Cadasmekar
Jawa Barat,Bogor,Sukaraja,Cadasngampar
Jawa Barat,Purwakarta,Tegalwaru,Cadassari
Jawa Barat,Bandung,Andir,Campaka
Jawa Barat,Purwakarta,Campaka,Campaka
Jawa Barat,Bandung Barat,Padalarang,Campaka Mekar
Jawa Barat,Purwakarta,Campaka,Campakasari
Jawa Barat,Bogor,Ranca Bungur,Candali
Jawa Barat,Bandung Barat,Batujajar,Cangkorah
Jawa Barat,Bogor,Caringin,Caringin
Jawa Barat,Sukabumi,Cicurug,Caringin
Jawa Barat,Sukabumi,Caringin,Caringin Kulon
Jawa Barat,Sukabumi,Caringin,Caringin Wetan
Jawa Barat,Bogor,Cariu,Cariu
Jawa Barat,Karawang,Telagasari,Cariumulya
Jawa Barat,Karawang,Cibuaya,Cemarajaya
Jawa Barat,Bogor,Cibungbulang,Cemplang
Jawa Barat,Karawang,Purwasari,Cengkong
Jawa Barat,Bogor,Cigombong,Ciadeg
Jawa Barat,Sukabumi,Ciambar,Ciambar
Jawa Barat,Bogor,Ciampea,Ciampea
Jawa Barat,Bogor,Ciampea,Ciampea Udik
Jawa Barat,Sukabumi,Kabandungan,Cianaga
Jawa Barat,Bogor,Gunung Putri,Ciangsana
Jawa Barat,Purwakarta,Sukatani,Cianting
Jawa Barat,Purwakarta,Sukatani,Cianting Utara
Jawa Barat,Bogor,Ciomas,Ciapus
Jawa Barat,Bogor,Cibungbulang,Ciaruteun Ilir
Jawa Barat,Bogor,Cibungbulang,Ciaruteun Udik
Jawa Barat,Bogor,Pamijahan,Ciasihan
Jawa Barat,Bogor,Pamijahan,Ciasmara
Jawa Barat,Bogor,Ciawi,Ciawi
Jawa Barat,Purwakarta,Wanayasa,Ciawi
Jawa Barat,Cimahi,Cimahi Utara,Cibabat
Jawa Barat,Bogor,Sukamakmur,Cibadak
Jawa Barat,Bogor,Ciampea,Cibadak
Jawa Barat,Bogor,Tanjungsari,Cibadak
Jawa Barat,Karawang,Rawamerta,Cibadak
Jawa Barat,Bogor,Gunung Sindur,Cibadung
Jawa Barat,Karawang,Klari,Cibalongsari
Jawa Barat,Bogor,Cijeruk,Cibalung
Jawa Barat,Bogor,Sukaraja,Cibanon
Jawa Barat,Bogor,Ciampea,Cibanteng
Jawa Barat,Bogor,Cibungbulang,Cibatok I
Jawa Barat,Bogor,Cibungbulang,Cibatok II
Jawa Barat,Purwakarta,Cibatu,Cibatu
Jawa Barat,Bogor,Cariu,Cibatutiga
Jawa Barat,Purwakarta,Kiarapedes,Cibeber
Jawa Barat,Cimahi,Cimahi Selatan,Cibeber
Jawa Barat,Bogor,Leuwiliang,Cibeber I
Jawa Barat,Bogor,Leuwiliang,Cibeber II
Jawa Barat,Bogor,Ciawi,Cibedug
Jawa Barat,Bogor,Pamijahan,Cibening
Jawa Barat,Purwakarta,Bungursari,Cibening
Jawa Barat,Bogor,Ciseeng,Cibentang
Jawa Barat,Bogor,Cisarua,Cibeureum
Jawa Barat,Bogor,Ciseeng,Cibeuteung Muara
Jawa Barat,Bogor,Ciseeng,Cibeuteung Udik
Jawa Barat,Purwakarta,Bojong,Cibingbin
Jawa Barat,Bogor,Gunung Sindur,Cibinong
Jawa Barat,Bogor,Cibinong,Cibinong
Jawa Barat,Purwakarta,Jatiluhur,Cibinong
Jawa Barat,Bogor,Pamijahan,Cibitung Kulon
Jawa Barat,Bogor,Tenjolaya,Cibitung Tengah
Jawa Barat,Bogor,Pamijahan,Cibitungwetan
Jawa Barat,Bogor,Jonggol,Cibodas
Jawa Barat,Bogor,Rumpin,Cibodas
Jawa Barat,Purwakarta,Sukatani,Cibodas
Jawa Barat,Bandung Barat,Lembang,Cibodas
Jawa Barat,Sukabumi,Bojonggenteng,Cibodas
Jawa Barat,Purwakarta,Bungursari,Cibodas
Jawa Barat,Bandung Barat,Lembang,Cibogo
Jawa Barat,Purwakarta,Plered,Cibogo Girang
Jawa Barat,Purwakarta,Plered,Cibogohilir
Jawa Barat,Sukabumi,Cisaat,Cibolang Kaler
Jawa Barat,Karawang,Cibuaya,Cibuaya
Jawa Barat,Purwakarta,Cibatu,Cibukamanah
Jawa Barat,Bogor,Parung Panjang,Cibunar
Jawa Barat,Sukabumi,Ciambar,Cibunarjaya
Jawa Barat,Purwakarta,Bungursari,Cibungur
Jawa Barat,Bogor,Pamijahan,Cibunian
Jawa Barat,Bogor,Ciampea,Cibuntu
Jawa Barat,Purwakarta,Wanayasa,Cibuntu
Jawa Barat,Bogor,Cigombong,Ciburayut
Jawa Barat,Bogor,Cigombong,Ciburuy
Jawa Barat,Bandung Barat,Padalarang,Ciburuy
Jawa Barat,Bogor,Gunung Putri,Cicadas
Jawa Barat,Bogor,Ciampea,Cicadas
Jawa Barat,Bandung,Cibeunying Kidul,Cicadas
Jawa Barat,Sukabumi,Cisolok,Cicadas
Jawa Barat,Purwakarta,Babakancikao,Cicadas
Jawa Barat,Karawang,Banyusari,Cicinde Selatan
Jawa Barat,Karawang,Banyusari,Cicinde Utara
Jawa Barat,Sukabumi,Cicurug,Cicurug
Jawa Barat,Sukabumi,Cidahu,Cidahu
Jawa Barat,Purwakarta,Pasawahan,Cidahu
Jawa Barat,Bogor,Caringin,Ciderum
Jawa Barat,Bogor,Gunung Sindur,Cidokom
Jawa Barat,Bogor,Rumpin,Cidokom
Jawa Barat,Bandung,Cibeunying Kaler,Cigadung
Jawa Barat,Purwakarta,Babakancikao,Cigelam
Jawa Barat,Bogor,Cigombong,Cigombong
Jawa Barat,Bogor,Cigudeg,Cigudeg
Jawa Barat,Cimahi,Cimahi Tengah,Cigugur Tengah
Jawa Barat,Bandung Barat,Parongpong,Cigugurgirang
Jawa Barat,Karawang,Tegalwaru,Cigunungsari
Jawa Barat,Sukabumi,Kabandungan,Cihamerang
Jawa Barat,Purwakarta,Bojong,Cihanjawar
Jawa Barat,Bandung Barat,Parongpong,Cihanjuang
Jawa Barat,Bandung Barat,Parongpong,Cihanjuangrahayu
Jawa Barat,Sukabumi,Nagrak,Cihanyawar
Jawa Barat,Bandung Barat,Cipeundeuy,Ciharashas
Jawa Barat,Bandung,Cibeunying Kaler,Cihaur Geulis
Jawa Barat,Bogor,Dramaga,Ciherang
Jawa Barat,Purwakarta,Pasawahan,Ciherang
Jawa Barat,Bogor,Caringin,Ciherang Pondok
Jawa Barat,Sukabumi,Cibadak,Ciheulang Tonggoh
Jawa Barat,Bandung Barat,Parongpong,Cihideung
Jawa Barat,Bogor,Ciampea,Cihideunghilir
Jawa Barat,Bogor,Ciampea,Cihideungudik
Jawa Barat,Bogor,Ciseeng,Cihoe
Jawa Barat,Purwakarta,Pasawahan,Cihuni
Jawa Barat,Purwakarta,Sukatani,Cijantung
Jawa Barat,Purwakarta,Maniis,Cijati
Jawa Barat,Purwakarta,Campaka,Cijaya
Jawa Barat,Bogor,Babakan Madang,Cijayanti
Jawa Barat,Sukabumi,Caringin,Cijengkol
Jawa Barat,Bogor,Cijeruk,Cijeruk
Jawa Barat,Bogor,Sukaraja,Cijujung
Jawa Barat,Bogor,Cibungbulang,Cijujung
Jawa Barat,Purwakarta,Campaka,Cijunti
Jawa Barat,Purwakarta,Cibatu,Cikadu
Jawa Barat,Bogor,Klapanunggal,Cikahuripan
Jawa Barat,Bandung Barat,Lembang,Cikahuripan
Jawa Barat,Sukabumi,Kadudampit,Cikahuripan
Jawa Barat,Bandung Barat,Cikalongwetan,Cikalong
Jawa Barat,Karawang,Cilamaya Wetan,Cikalong
Jawa Barat,Karawang,Jatisari,Cikalongsari
Jawa Barat,Karawang,Cikampek,Cikampek Barat
Jawa Barat,Karawang,Cikampek,Cikampek Kota
Jawa Barat,Karawang,Cikampek,Cikampek Pusaka
Jawa Barat,Karawang,Cikampek,Cikampek Selatan
Jawa Barat,Karawang,Cikampek,Cikampek Timur
Jawa Barat,Bandung Barat,Saguling,Cikande
Jawa Barat,Karawang,Cilebar,Cikande
Jawa Barat,Purwakarta,Jatiluhur,Cikaobandung
Jawa Barat,Karawang,Cilamaya Wetan,Cikarang
Jawa Barat,Bogor,Dramaga,Cikarawang
Jawa Barat,Bogor,Sukaraja,Cikeas
Jawa Barat,Bogor,Gunung Putri,Cikeas Udik
Jawa Barat,Sukabumi,Caringin,Cikembang
Jawa Barat,Purwakarta,Bojong,Cikeris
Jawa Barat,Bandung Barat,Lembang,Cikidang
Jawa Barat,Bandung Barat,Lembang,Cikole
Jawa Barat,Purwakarta,Bungursari,Cikopo
Jawa Barat,Bogor,Jasinga,Cikopomayak
Jawa Barat,Bogor,Parung Panjang,Cikuda
Jawa Barat,Purwakarta,Campaka,Cikumpay
Jawa Barat,Karawang,Tempuran,Cikuntul
Jawa Barat,Bogor,Cariu,Cikutamahi
Jawa Barat,Bandung,Cibeunying Kidul,Cikutra
Jawa Barat,Bogor,Tenjo,Cilaku
Jawa Barat,Purwakarta,Sukatani,Cilalawi
Jawa Barat,Karawang,Cilamaya Wetan,Cilamaya
Jawa Barat,Bandung Barat,Ngamprah,Cilame
Jawa Barat,Purwakarta,Cibatu,Cilandak
Jawa Barat,Depok,Tapos,Cilangkap
Jawa Barat,Purwakarta,Babakancikao,Cilangkap
Jawa Barat,Bogor,Sukaraja,Cilebut Barat
Jawa Barat,Bogor,Sukaraja,Cilebut Timur
Jawa Barat,Purwakarta,Jatiluhur,Cilegong
Jawa Barat,Bogor,Cisarua,Cilember
Jawa Barat,Bogor,Sukajaya,Cileuksa
Jawa Barat,Purwakarta,Bojong,Cileunca
Jawa Barat,Bogor,Cileungsi,Cileungsi
Jawa Barat,Bogor,Ciawi,Cileungsi
Jawa Barat,Bogor,Cileungsi,Cileungsi Kidul
Jawa Barat,Karawang,Telagasari,Cilewo
Jawa Barat,Purwakarta,Darangdan,Cilingga
Jawa Barat,Karawang,Kota Baru,Cikampek Utara
Jawa Barat,Depok,Cilodong,Cilodong
Jawa Barat,Karawang,Klari,Cimahi
Jawa Barat,Cimahi,Cimahi Tengah,Cimahi
Jawa Barat,Purwakarta,Campaka,Cimahi
Jawa Barat,Bogor,Sukaraja,Cimandala
Jawa Barat,Bogor,Caringin,Cimande
Jawa Barat,Bogor,Caringin,Cimande Hilir
Jawa Barat,Bogor,Bojong Gede,Cimanggis
Jawa Barat,Bandung Barat,Ngamprah,Cimanggu
Jawa Barat,Bogor,Cibungbulang,Cimanggu I
Jawa Barat,Bogor,Cibungbulang,Cimanggu II
Jawa Barat,Sukabumi,Sukalarang,Cimangkok
Jawa Barat,Bandung Barat,Ngamprah,Cimareme
Jawa Barat,Bogor,Pamijahan,Cimayang
Jawa Barat,Bandung Barat,Padalarang,Cimerang
Jawa Barat,Depok,Tapos,Cimpaeun
Jawa Barat,Bogor,Ranca Bungur,Cimulang
Jawa Barat,Bogor,Caringin,Cinagara
Jawa Barat,Bogor,Ciampea,Cinangka
Jawa Barat,Depok,Sawangan,Cinangka
Jawa Barat,Purwakarta,Bungursari,Cinangka
Jawa Barat,Bogor,Tenjolaya,Cinangneng
Jawa Barat,Depok,Cinere,Cinere
Jawa Barat,Karawang,Pangkalan,Cintaasih
Jawa Barat,Karawang,Tegalwaru,Cintalaksana
Jawa Barat,Karawang,Tegalwaru,Cintalanggeng
Jawa Barat,Bogor,Cigudeg,Cintamanik
Jawa Barat,Karawang,Tegalwaru,Cintawargi
Jawa Barat,Bogor,Tenjo,Ciomas
Jawa Barat,Bogor,Ciomas,Ciomas
Jawa Barat,Bogor,Ciomas,Ciomas Rahayu
Jawa Barat,Bandung Barat,Cisarua,Cipada
Jawa Barat,Bandung Barat,Cikalongwetan,Cipada
Jawa Barat,Bandung,Coblong,Cipaganti
Jawa Barat,Cimahi,Cimahi Utara,Cipageran
Jawa Barat,Purwakarta,Purwakarta,Cipaisan
Jawa Barat,Bogor,Babakan Madang,Cipambuan
Jawa Barat,Purwakarta,Cibatu,Cipancur
Jawa Barat,Sukabumi,Bojonggenteng,Cipanengah
Jawa Barat,Bandung Barat,Saguling,Cipangeran
Jawa Barat,Karawang,Tempuran,Ciparagejaya
Jawa Barat,Purwakarta,Cibatu,Ciparungsari
Jawa Barat,Bandung Barat,Cipatat,Cipatat
Jawa Barat,Depok,Cipayung,Cipayung
Jawa Barat,Bogor,Megamendung,Cipayung Datar
Jawa Barat,Bogor,Megamendung,Cipayung Girang
Jawa Barat,Depok,Cipayung,Cipayung Jaya
Jawa Barat,Bandung,Sukajadi,Cipedes
Jawa Barat,Bogor,Cijeruk,Cipelang
Jawa Barat,Bogor,Cileungsi,Cipenjo
Jawa Barat,Sukabumi,Kadudampit,Cipetir
Jawa Barat,Bogor,Cileungsi,Cipeucang
Jawa Barat,Purwakarta,Bojong,Cipeundeuy
Jawa Barat,Bandung Barat,Cipeundeuy,Cipeundeuy
Jawa Barat,Bandung Barat,Padalarang,Cipeundeuy
Jawa Barat,Sukabumi,Kabandungan,Cipeuteuy
Jawa Barat,Bogor,Cijeruk,Cipicung
Jawa Barat,Purwakarta,Sukatani,Cipicung
Jawa Barat,Bogor,Rumpin,Cipinang
Jawa Barat,Purwakarta,Cibatu,Cipinang
Jawa Barat,Karawang,Tirtamulya,Cipondoh
Jawa Barat,Bandung Barat,Cikalongwetan,Ciptagumati
Jawa Barat,Bandung Barat,Cipatat,Ciptaharja
Jawa Barat,Karawang,Jayakerta,Ciptamarga
Jawa Barat,Karawang,Cilebar,Ciptamargi
Jawa Barat,Karawang,Pangkalan,Ciptasari
Jawa Barat,Karawang,Tegalwaru,Cipurwasari
Jawa Barat,Purwakarta,Kiarapedes,Ciracas
Jawa Barat,Purwakarta,Maniis,Ciramahilir
Jawa Barat,Karawang,Majalaya,Ciranggon
Jawa Barat,Purwakarta,Cibatu,Cirangkong
Jawa Barat,Bandung Barat,Cipatat,Cirawamekar
Jawa Barat,Karawang,Jatisari,Cirejag
Jawa Barat,Purwakarta,Campaka,Cirende
Jawa Barat,Bogor,Cibinong,Cirimekar
Jawa Barat,Purwakarta,Sukasari,Ciririp
Jawa Barat,Bogor,Cibinong,Ciriung
Jawa Barat,Bandung Barat,Cipeundeuy,Ciroyom
Jawa Barat,Sukabumi,Cicurug,Cisaat
Jawa Barat,Purwakarta,Campaka,Cisaat
Jawa Barat,Bogor,Cigombong,Cisalada
Jawa Barat,Purwakarta,Jatiluhur,Cisalada
Jawa Barat,Depok,Sukmajaya,Cisalak
Jawa Barat,Depok,Cimanggis,Cisalak Pasar
Jawa Barat,Bogor,Nanggung,Cisarua
Jawa Barat,Bogor,Cisarua,Cisarua
Jawa Barat,Bogor,Sukajaya,Cisarua
Jawa Barat,Purwakarta,Tegalwaru,Cisarua
Jawa Barat,Sukabumi,Sukaraja,Cisarua
Jawa Barat,Sukabumi,Nagrak,Cisarua
Jawa Barat,Bogor,Ciseeng,Ciseeng
Jawa Barat,Purwakarta,Purwakarta,Ciseureuh
Jawa Barat,Bandung Barat,Cikalongwetan,Cisomangbarat
Jawa Barat,Purwakarta,Tegalwaru,Citalang
Jawa Barat,Purwakarta,Purwakarta,Citalang
Jawa Barat,Purwakarta,Maniis,Citamiang
Jawa Barat,Sukabumi,Kadudampit,Citamiang
Jawa Barat,Bogor,Ciawi,Citapen
Jawa Barat,Karawang,Tirtamulya,Citarik
Jawa Barat,Bogor,Babakan Madang,Citaringgul
Jawa Barat,Bandung,Bandung Wetan,Citarum
Jawa Barat,Bandung Barat,Cipatat,Citatah
Jawa Barat,Bogor,Tajurhalang,Citayam
Jawa Barat,Bogor,Cisarua,Citeko
Jawa Barat,Purwakarta,Plered,Citeko
Jawa Barat,Purwakarta,Plered,Citekokaler
Jawa Barat,Bogor,Citeureup,Citeureup
Jawa Barat,Cimahi,Cimahi Utara,Citeureup
Jawa Barat,Bandung,Cidadap,Ciumbuleuit
Jawa Barat,Purwakarta,Bungursari,Ciwangi
Jawa Barat,Purwakarta,Babakancikao,Ciwareng
Jawa Barat,Karawang,Lemahabang,Ciwaringin
Jawa Barat,Bandung Barat,Parongpong,Ciwaruga
Jawa Barat,Karawang,Telagasari,Ciwulan
Jawa Barat,Bogor,Parung,Cogreg
Jawa Barat,Bogor,Gunung Sindur,Curug
Jawa Barat,Bogor,Jasinga,Curug
Jawa Barat,Karawang,Klari,Curug
Jawa Barat,Depok,Cimanggis,Curug
Jawa Barat,Depok,Bojongsari,Curug
Jawa Barat,Bogor,Nanggung,Curugbitung
Jawa Barat,Bogor,Parung Panjang,Dago
Jawa Barat,Bandung,Coblong,Dago
Jawa Barat,Purwakarta,Bungursari,Dangdeur
Jawa Barat,Purwakarta,Darangdan,Darangdan
Jawa Barat,Karawang,Purwasari,Darawolong
Jawa Barat,Sukabumi,Nagrak,Darmareja
Jawa Barat,Karawang,Cikampek,Dawuan Barat
Jawa Barat,Karawang,Cikampek,Dawuan Tengah
Jawa Barat,Karawang,Cikampek,Dawuan Timur
Jawa Barat,Bogor,Cileungsi,Dayeuh
Jawa Barat,Karawang,Tempuran,Dayeuhluhur
Jawa Barat,Purwakarta,Darangdan,Depok
Jawa Barat,Depok,Pancoran Mas,Depok
Jawa Barat,Depok,Pancoran Mas,Depok Jaya
Jawa Barat,Karawang,Rengasdengklok,Dewisari
Jawa Barat,Karawang,Pedes,Dongkal
Jawa Barat,Bogor,Dramaga,Dramaga
Jawa Barat,Bogor,Cibungbulang,Dukuh
Jawa Barat,Karawang,Rengasdengklok,Dukuhkarya
Jawa Barat,Karawang,Klari,Duren
Jawa Barat,Depok,Bojongsari,Duren Mekar
Jawa Barat,Depok,Bojongsari,Duren Seribu
Jawa Barat,Bandung Barat,Ngamprah,Gadobangkong
Jawa Barat,Bogor,Megamendung,Gadog
Jawa Barat,Purwakarta,Pondoksalam,Galudra
Jawa Barat,Bogor,Cibungbulang,Galuga
Jawa Barat,Purwakarta,Tegalwaru,Galumpit
Jawa Barat,Purwakarta,Plered,Gandamekar
Jawa Barat,Purwakarta,Plered,Gandasoli
Jawa Barat,Bogor,Cileungsi,Gandoang
Jawa Barat,Depok,Cinere,Gandul
Jawa Barat,Bandung Barat,Cikalongwetan,Ganjarsari
Jawa Barat,Purwakarta,Kiarapedes,Gardu
Jawa Barat,Karawang,Cibuaya,Gebangjaya
Jawa Barat,Sukabumi,Kadudampit,Gedepangrango
Jawa Barat,Bandung,Sukasari,Gegerkalong
Jawa Barat,Karawang,Banyusari,Gembongan
Jawa Barat,Karawang,Banyusari,Gempol
Jawa Barat,Karawang,Banyusari,Gempol Kolot
Jawa Barat,Karawang,Tirtajaya,Gempolkarya
Jawa Barat,Sukabumi,Ciambar,Ginanjar
Jawa Barat,Bogor,Parung Panjang,Gintungcilejet
Jawa Barat,Karawang,Klari,Gintungkerta
Jawa Barat,Bandung Barat,Batujajar,Giriasih
Jawa Barat,Sukabumi,Nagrak,Girijaya
Jawa Barat,Sukabumi,Cidahu,Girijaya
Jawa Barat,Bogor,Cibungbulang,Girimulya
Jawa Barat,Bogor,Rumpin,Gobang
Jawa Barat,Karawang,Rawamerta,Gombongsari
Jawa Barat,Bogor,Parung Panjang,Gorowong
Jawa Barat,Depok,Limo,Grogol
Jawa Barat,Bandung Barat,Lembang,Gudangkahuripan
Jawa Barat,Bogor,Tenjolaya,Gunung Malang
Jawa Barat,Bogor,Tenjolaya,Gunung Mulya
Jawa Barat,Bogor,Pamijahan,Gunung Picung
Jawa Barat,Bogor,Gunung Putri,Gunung Putri
Jawa Barat,Bogor,Pamijahan,Gunungbunder I
Jawa Barat,Bogor,Pamijahan,Gunungbunder II
Jawa Barat,Sukabumi,Kalapanunggal,Gunungendut
Jawa Barat,Bogor,Sukaraja,Gununggeulis
Jawa Barat,Purwakarta,Darangdan,Gununghejo
Jawa Barat,Sukabumi,Cisaat,Gunungjaya
Jawa Barat,Purwakarta,Maniis,Gunungkarung
Jawa Barat,Sukabumi,Cikidang,Gunungmalang
Jawa Barat,Bandung Barat,Cipatat,Gunungmasigit
Jawa Barat,Bogor,Pamijahan,Gunungmenyan
Jawa Barat,Bogor,Citeureup,Gunungsari
Jawa Barat,Bogor,Pamijahan,Gunungsari
Jawa Barat,Bogor,Gunung Sindur,Gunungsindur
Jawa Barat,Purwakarta,Pondoksalam,Gurudug
Jawa Barat,Bogor,Citeureup,Hambalang
Jawa Barat,Bogor,Nanggung,Hambaro
Jawa Barat,Depok,Cimanggis,Harjamukti
Jawa Barat,Bogor,Sukajaya,Harkatjaya
Jawa Barat,Bandung,Cidadap,Hegarmanah
Jawa Barat,Purwakarta,Babakancikao,Hegarmanah
Jawa Barat,Bandung,Sukasari,Isola
Jawa Barat,Bogor,Parung,Iwul
Jawa Barat,Bogor,Parung,Jabonmekar
Jawa Barat,Bogor,Parung Panjang,Jagabaya
Jawa Barat,Bogor,Parung Panjang,Jagabita
Jawa Barat,Bandung Barat,Cisarua,Jambudipa
Jawa Barat,Bogor,Ciawi,Jambuluwuk
Jawa Barat,Bogor,Gunung Sindur,Jampang
Jawa Barat,Bogor,Kemang,Jampang
Jawa Barat,Bogor,Jasinga,Jasinga
Jawa Barat,Karawang,Jatisari,Jatibaru
Jawa Barat,Bandung,Mandalajati,Jatihandap
Jawa Barat,Depok,Tapos,Jatijajar
Jawa Barat,Karawang,Pangkalan,Jatilaksana
Jawa Barat,Purwakarta,Jatiluhur,Jatiluhur
Jawa Barat,Bandung Barat,Cipeundeuy,Jatimekar
Jawa Barat,Purwakarta,Jatiluhur,Jatimekar
Jawa Barat,Karawang,Pedes,Jatimulya
Jawa Barat,Depok,Cilodong,Jatimulya
Jawa Barat,Karawang,Jatisari,Jatiragas
Jawa Barat,Bogor,Cileungsi,Jatisari
Jawa Barat,Karawang,Jatisari,Jatisari
Jawa Barat,Karawang,Jatisari,Jatiwangi
Jawa Barat,Sukabumi,Cidahu,Jayabakti
Jawa Barat,Bandung Barat,Lembang,Jayagiri
Jawa Barat,Karawang,Jayakerta,Jayakerta
Jawa Barat,Karawang,Jayakerta,Jayamakmur
Jawa Barat,Bandung Barat,Padalarang,Jayamekar
Jawa Barat,Karawang,Banyusari,Jayamukti
Jawa Barat,Karawang,Cibuaya,Jayamulya
Jawa Barat,Karawang,Tempuran,Jayanegara
Jawa Barat,Bogor,Sukajaya,Jayaraharja
Jawa Barat,Bogor,Cisarua,Jogjogan
Jawa Barat,Karawang,Kota Baru,Jomin Barat
Jawa Barat,Karawang,Kota Baru,Jomin Timur
Jawa Barat,Bogor,Jonggol,Jonggol
Jawa Barat,Bogor,Jasinga,Jugala Jaya
Jawa Barat,Sukabumi,Kabandungan,Kabandungan
Jawa Barat,Bogor,Parung Panjang,Kabasiran
Jawa Barat,Sukabumi,Kadudampit,Kadudampit
Jawa Barat,Bogor,Babakan Madang,Kadumanggu
Jawa Barat,Purwakarta,Babakancikao,Kadumekar
Jawa Barat,Sukabumi,Kalapanunggal,Kadununggal
Jawa Barat,Karawang,Telukjambe Barat,Karangligar
Jawa Barat,Karawang,Rengasdengklok,Kalangsari
Jawa Barat,Karawang,Rengasdengklok,Kalangsurya
Jawa Barat,Sukabumi,Kalapanunggal,Kalapanunggal
Jawa Barat,Sukabumi,Nagrak,Kalaparea
Jawa Barat,Depok,Cilodong,Kalibaru
Jawa Barat,Karawang,Telagasari,Kalibuaya
Jawa Barat,Karawang,Cibuaya,Kalidungjaya
Jawa Barat,Karawang,Cikampek,Kalihurip
Jawa Barat,Karawang,Jatisari,Kalijati
Jawa Barat,Karawang,Telagasari,Kalijaya
Jawa Barat,Depok,Cilodong,Kalimulya
Jawa Barat,Karawang,Telagasari,Kalisari
Jawa Barat,Bogor,Tajurhalang,Kalisuren
Jawa Barat,Bogor,Leuwisadeng,Kalong I
Jawa Barat,Bogor,Leuwisadeng,Kalong II
Jawa Barat,Bogor,Nanggung,Kalongliud
Jawa Barat,Bogor,Jasinga,Kalongsawah
Jawa Barat,Karawang,Cikampek,Kamojing
Jawa Barat,Bogor,Rumpin,Kampungsawah
Jawa Barat,Karawang,Jayakerta,Kampungsawah
Jawa Barat,Karawang,Tirtamulya,Kamurang
Jawa Barat,Bandung Barat,Cikalongwetan,Kanangasari
Jawa Barat,Bogor,Leuwiliang,Karacak
Jawa Barat,Bogor,Cibinong,Karadenan
Jawa Barat,Bogor,Citeureup,Karang Asem Barat
Jawa Barat,Bogor,Citeureup,Karang Asem Timur
Jawa Barat,Bandung,Mandalajati,Karang Pamulang
Jawa Barat,Karawang,Klari,Karanganyar
Jawa Barat,Bogor,Gunung Putri,Karanggan
Jawa Barat,Karawang,Pedes,Karangjaya
Jawa Barat,Karawang,Tirtamulya,Karangjaya
Jawa Barat,Cimahi,Cimahi Tengah,Karangmekar
Jawa Barat,Purwakarta,Bungursari,Karangmukti
Jawa Barat,Karawang,Telukjambe Barat,Karangmulya
Jawa Barat,Purwakarta,Kiarapedes,Karangpedas
Jawa Barat,Karawang,Purwasari,Karangsari
Jawa Barat,Karawang,Tirtamulya,Karangsinom
Jawa Barat,Karawang,Lemahabang,Karangtanjung
Jawa Barat,Bogor,Babakan Madang,Karangtengah
Jawa Barat,Sukabumi,Sukabumi,Karawang
Jawa Barat,Karawang,Karawang Barat,Karawang Kulon
Jawa Barat,Karawang,Karawang Timur,Karawang Wetan
Jawa Barat,Karawang,Karawang Barat,Karangpawitan
Jawa Barat,Bogor,Leuwiliang,Karehkel
Jawa Barat,Bogor,Ciseeng,Karihkil
Jawa Barat,Purwakarta,Tegalwaru,Karoya
Jawa Barat,Karawang,Batujaya,Karyabhakti
Jawa Barat,Karawang,Batujaya,Karyamakmur
Jawa Barat,Bogor,Cariu,Karyamekar
Jawa Barat,Purwakarta,Cibatu,Karyamekar
Jawa Barat,Karawang,Lemahabang,Karyamukti
Jawa Barat,Karawang,Batujaya,Karyamulya
Jawa Barat,Bogor,Leuwiliang,Karyasari
Jawa Barat,Karawang,Rengasdengklok,Karyasari
Jawa Barat,Bandung Barat,Parongpong,Karyawangi
Jawa Barat,Bandung Barat,Lembang,Kayuambon
Jawa Barat,Depok,Sawangan,Kedaung
Jawa Barat,Karawang,Lemahabang,Kedawung
Jawa Barat,Karawang,Cibuaya,Kedungjaya
Jawa Barat,Karawang,Cibuaya,Kedungjeruk
Jawa Barat,Bogor,Bojong Gede,Kedungwaringin
Jawa Barat,Bogor,Kemang,Kemang
Jawa Barat,Bogor,Klapanunggal,Kembang Kuning
Jawa Barat,Purwakarta,Jatiluhur,Kembangkuning
Jawa Barat,Karawang,Jayakerta,Kemiri
Jawa Barat,Depok,Beji,Kemiri Muka
Jawa Barat,Karawang,Pedes,Kendaljaya
Jawa Barat,Bogor,Rumpin,Kertajaya
Jawa Barat,Bandung Barat,Padalarang,Kertajaya
Jawa Barat,Karawang,Jayakerta,Kertajaya
Jawa Barat,Purwakarta,Pasawahan,Kertajaya
Jawa Barat,Purwakarta,Sukasari,Kertamanah
Jawa Barat,Bandung Barat,Cipatat,Kertamukti
Jawa Barat,Karawang,Cilebar,Kertamukti
Jawa Barat,Purwakarta,Campaka,Kertamukti
Jawa Barat,Bandung Barat,Padalarang,Kertamulya
Jawa Barat,Karawang,Pedes,Kertamulya
Jawa Barat,Karawang,Pedes,Kertaraharja
Jawa Barat,Karawang,Banyusari,Kertaraharja
Jawa Barat,Karawang,Cibuaya,Kertarahayu
Jawa Barat,Purwakarta,Bojong,Kertasari
Jawa Barat,Karawang,Pangkalan,Kertasari
Jawa Barat,Karawang,Rengasdengklok,Kertasari
Jawa Barat,Karawang,Tirtamulya,Kertawaluya
Jawa Barat,Bandung Barat,Cisarua,Kertawangi
Jawa Barat,Karawang,Cilamaya Kulon,Kiara
Jawa Barat,Bogor,Sukajaya,Kiarapandak
Jawa Barat,Karawang,Klari,Kiarapayung
Jawa Barat,Bogor,Sukajaya,Kiarasari
Jawa Barat,Bogor,Klapanunggal,Klapanunggal
Jawa Barat,Karawang,Klari,Klari
Jawa Barat,Bogor,Jasinga,Koleang
Jawa Barat,Sukabumi,Parungkuda,Kompa
Jawa Barat,Karawang,Karawang Timur,Kondangjaya
Jawa Barat,Bogor,Cisarua,Kopo
Jawa Barat,Karawang,Cilebar,Kosambibatu
Jawa Barat,Bogor,Ciomas,Kota Batu
Jawa Barat,Depok,Limo,Krukut
Jawa Barat,Depok,Beji,Kukusan
Jawa Barat,Bogor,Ciseeng,Kuripan
Jawa Barat,Bogor,Megamendung,Kuta
Jawa Barat,Karawang,Batujaya,Kutaampel
Jawa Barat,Karawang,Kutawaluya,Kutagandok
Jawa Barat,Karawang,Kutawaluya,Kutajaya
Jawa Barat,Sukabumi,Cicurug,Kutajaya
Jawa Barat,Karawang,Kutawaluya,Kutakarya
Jawa Barat,Karawang,Tegalwaru,Kutalanggeng
Jawa Barat,Karawang,Tirtajaya,Kutamakmur
Jawa Barat,Purwakarta,Sukasari,Kutamanah
Jawa Barat,Karawang,Tegalwaru,Kutamaneuh
Jawa Barat,Bogor,Cariu,Kutamekar
Jawa Barat,Karawang,Ciampel,Kutamekar
Jawa Barat,Karawang,Kutawaluya,Kutamukti
Jawa Barat,Karawang,Ciampel,Kutanegara
Jawa Barat,Karawang,Ciampel,Kutapohaci
Jawa Barat,Karawang,Kutawaluya,Kutaraja
Jawa Barat,Sukabumi,Cisaat,Kutasirna
Jawa Barat,Karawang,Rawamerta,Kutawargi
Jawa Barat,Karawang,Pedes,Labanjaya
Jawa Barat,Bandung Barat,Padalarang,Laksanamekar
Jawa Barat,Bogor,Ciomas,Laladon
Jawa Barat,Bandung Barat,Lembang,Langensari
Jawa Barat,Karawang,Cilamaya Kulon,Langensari
Jawa Barat,Sukabumi,Parungkuda,Langensari
Jawa Barat,Bandung,Coblong,Lebak Gede
Jawa Barat,Bandung,Coblong,Lebak Siliwangi
Jawa Barat,Purwakarta,Pasawahan,Lebakanyar
Jawa Barat,Sukabumi,Parakansalak,Lebaksari
Jawa Barat,Bandung,Cidadap,Ledeng
Jawa Barat,Purwakarta,Wanayasa,Legok Huni
Jawa Barat,Purwakarta,Darangdan,Legoksari
Jawa Barat,Bogor,Caringin,Lemah Duhur
Jawa Barat,Karawang,Lemahabang,Lemahabang
Jawa Barat,Karawang,Tempuran,Lemahduhur
Jawa Barat,Karawang,Tempuran,Lemahkarya
Jawa Barat,Karawang,Tempuran,Lemahmakmur
Jawa Barat,Karawang,Lemahabang,Lemahmukti
Jawa Barat,Karawang,Majalaya,Lemahmulya
Jawa Barat,Karawang,Tempuran,Lemahsubur
Jawa Barat,Bandung Barat,Lembang,Lembang
Jawa Barat,Bogor,Cibungbulang,Leuweungkolot
Jawa Barat,Bogor,Rumpin,Leuwibatu
Jawa Barat,Bogor,Klapanunggal,Leuwikaret
Jawa Barat,Bogor,Leuwiliang,Leuwiliang
Jawa Barat,Bogor,Cisarua,Leuwimalang
Jawa Barat,Bogor,Leuwiliang,Leuwimekar
Jawa Barat,Depok,Tapos,Leuwinanggung
Jawa Barat,Bogor,Citeureup,Leuwinutug
Jawa Barat,Bogor,Leuwisadeng,Leuwisadeng
Jawa Barat,Bogor,Klapanunggal,Ligarmukti
Jawa Barat,Depok,Limo,Limo
Jawa Barat,Bogor,Cileungsi,Limusnunggal
Jawa Barat,Purwakarta,Darangdan,Linggamukti
Jawa Barat,Purwakarta,Darangdan,Linggasari
Jawa Barat,Karawang,Telagasari,Linggarsari
Jawa Barat,Purwakarta,Plered,Lingarsari
Jawa Barat,Purwakarta,Plered,Liunggunung
Jawa Barat,Bogor,Klapanunggal,Lulut
Jawa Barat,Bogor,Parung Panjang,Lumpang
Jawa Barat,Karawang,Majalaya,Majalaya
Jawa Barat,Sukabumi,Kalapanunggal,Makasari
Jawa Barat,Karawang,Jayakerta,Makmurjaya
Jawa Barat,Purwakarta,Sukatani,Malangnengah
Jawa Barat,Karawang,Pedes,Malangsari
Jawa Barat,Bogor,Nanggung,Malasari
Jawa Barat,Depok,Pancoran Mas,Mampang
Jawa Barat,Bogor,Cileungsi,Mampir
Jawa Barat,Bandung Barat,Cikalongwetan,Mandalamukti
Jawa Barat,Bandung Barat,Cikalongwetan,Mandalasari
Jawa Barat,Bandung Barat,Cipatat,Mandalasari
Jawa Barat,Bandung Barat,Cipatat,Mandalawangi
Jawa Barat,Karawang,Cilamaya Kulon,Manggungjaya
Jawa Barat,Purwakarta,Babakancikao,Maracang
Jawa Barat,Bandung Barat,Ngamprah,Margajaya
Jawa Barat,Karawang,Telukjambe Barat,Margakaya
Jawa Barat,Bandung Barat,Cipeundeuy,Margalaksana
Jawa Barat,Purwakarta,Kiarapedes,Margaluyu
Jawa Barat,Bandung Barat,Cipeundeuy,Margaluyu
Jawa Barat,Sukabumi,Sukaraja,Margaluyu
Jawa Barat,Karawang,Telukjambe Barat,Margamulya
Jawa Barat,Karawang,Karawang Timur,Margasari
Jawa Barat,Purwakarta,Pasawahan,Margasari
Jawa Barat,Depok,Limo,Maruyung
Jawa Barat,Karawang,Pangkalan,Medalsari
Jawa Barat,Karawang,Jayakerta,Medangasem
Jawa Barat,Karawang,Tirtajaya,Medankarya
Jawa Barat,Bogor,Megamendung,Megamendung
Jawa Barat,Depok,Sukmajaya,Mekar Jaya
Jawa Barat,Karawang,Banyusari,Mekarasih
Jawa Barat,Karawang,Tegalwaru,Mekarbuana
Jawa Barat,Purwakarta,Jatiluhur,Mekargalih
Jawa Barat,Karawang,Karawang Barat,Mekarjati
Jawa Barat,Bogor,Rumpin,Mekarjaya
Jawa Barat,Bogor,Cigudeg,Mekarjaya
Jawa Barat,Bogor,Ciomas,Mekarjaya
Jawa Barat,Purwakarta,Kiarapedes,Mekarjaya
Jawa Barat,Bandung Barat,Cikalongwetan,Mekarjaya
Jawa Barat,Karawang,Rawamerta,Mekarjaya
Jawa Barat,Karawang,Purwasari,Mekarjaya
Jawa Barat,Sukabumi,Caringin,Mekarjaya
Jawa Barat,Sukabumi,Kabandungan,Mekarjaya
Jawa Barat,Karawang,Cilamaya Wetan,Mekarmaya
Jawa Barat,Karawang,Telukjambe Barat,Mekarmulya
Jawa Barat,Sukabumi,Cikidang,Mekarnangka
Jawa Barat,Karawang,Cilebar,Mekarpohaci
Jawa Barat,Bogor,Cileungsi,Mekarsari
Jawa Barat,Bogor,Rumpin,Mekarsari
Jawa Barat,Bogor,Ranca Bungur,Mekarsari
Jawa Barat,Purwakarta,Darangdan,Mekarsari
Jawa Barat,Bandung Barat,Ngamprah,Mekarsari
Jawa Barat,Karawang,Jatisari,Mekarsari
Jawa Barat,Depok,Cimanggis,Mekarsari
Jawa Barat,Sukabumi,Cicurug,Mekarsari
Jawa Barat,Bogor,Cariu,Mekarwangi
Jawa Barat,Bandung Barat,Lembang,Mekarwangi
Jawa Barat,Karawang,Cilamaya Wetan,Muara
Jawa Barat,Bogor,Caringin,Muara Jaya
Jawa Barat,Karawang,Cilamaya Wetan,Muarabaru
Jawa Barat,Sukabumi,Kadudampit,Muaradua
Jawa Barat,Karawang,Cilamaya Kulon,Muktijaya
Jawa Barat,Karawang,Pangkalan,Mulangsari
Jawa Barat,Karawang,Kutawaluya,Mulyajaya
Jawa Barat,Karawang,Telukjambe Barat,Mulyajaya
Jawa Barat,Purwakarta,Babakancikao,Mulyamekar
Jawa Barat,Karawang,Ciampel,Mulyasari
Jawa Barat,Karawang,Ciampel,Mulyasejati
Jawa Barat,Sukabumi,Ciambar,Munjul
Jawa Barat,Purwakarta,Purwakarta,Munjuljaya
Jawa Barat,Karawang,Karawang Barat,Nagasari
Jawa Barat,Bogor,Gunung Putri,Nagrak
Jawa Barat,Bogor,Sukaraja,Nagrak
Jawa Barat,Purwakarta,Darangdan,Nagrak
Jawa Barat,Sukabumi,Nagrak,Nagrak Selatan
Jawa Barat,Sukabumi,Nagrak,Nagrak Utara
Jawa Barat,Purwakarta,Purwakarta,Nagri Kaler
Jawa Barat,Purwakarta,Purwakarta,Nagri Kidul
Jawa Barat,Purwakarta,Purwakarta,Nagri Tengah
Jawa Barat,Purwakarta,Wanayasa,Nagrog
Jawa Barat,Bogor,Klapanunggal,Nambo
Jawa Barat,Purwakarta,Wanayasa,Nangerang
Jawa Barat,Purwakarta,Darangdan,Nangewer
Jawa Barat,Bandung Barat,Cipeundeuy,Nanggeleng
Jawa Barat,Bogor,Tajurhalang,Nanggerang
Jawa Barat,Sukabumi,Cicurug,Nanggerang
Jawa Barat,Bogor,Cibinong,Nanggewer
Jawa Barat,Bogor,Cibinong,Nanggewer Mekar
Jawa Barat,Bogor,Nanggung,Nanggung
Jawa Barat,Sukabumi,Cikidang,Nangkakoneng
Jawa Barat,Bogor,Jasinga,Neglasari
Jawa Barat,Bogor,Dramaga,Neglasari
Jawa Barat,Purwakarta,Darangdan,Neglasari
Jawa Barat,Bandung,Cibeunying Kaler,Neglasari
Jawa Barat,Bandung Barat,Ngamprah,Ngamprah
Jawa Barat,Bandung Barat,Cipatat,Nyalindung
Jawa Barat,Sukabumi,Cicurug,Nyangkowek
Jawa Barat,Bandung Barat,Cipeundeuy,Nyenang
Jawa Barat,Bogor,Leuwiliang,Pabangbon
Jawa Barat,Bogor,Sukamakmur,Pabuaran
Jawa Barat,Bogor,Gunung Sindur,Pabuaran
Jawa Barat,Bogor,Kemang,Pabuaran
Jawa Barat,Bogor,Bojong Gede,Pabuaran
Jawa Barat,Bogor,Cibinong,Pabuaran
Jawa Barat,Bogor,Cibinong,Pabuaran Mekar
Jawa Barat,Karawang,Jatisari,Pacing
Jawa Barat,Bandung Barat,Cisarua,Padaasih
Jawa Barat,Bandung Barat,Padalarang,Padalarang
Jawa Barat,Bogor,Ciomas,Padasuka
Jawa Barat,Bandung,Cibeunying Kidul,Padasuka
Jawa Barat,Cimahi,Cimahi Tengah,Padasuka
Jawa Barat,Bogor,Gunung Sindur,Padurenan
Jawa Barat,Karawang,Tempuran,Pagadungan
Jawa Barat,Bogor,Ciomas,Pagelaran
Jawa Barat,Bandung Barat,Lembang,Pagerwangi
Jawa Barat,Bandung,Cicendo,Pajajaran
Jawa Barat,Bogor,Cibinong,Pakansari
Jawa Barat,Bandung Barat,Ngamprah,Pakuhaji
Jawa Barat,Bogor,Cijeruk,Palasari
Jawa Barat,Sukabumi,Kalapanunggal,Palasari Girang
Jawa Barat,Sukabumi,Parungkuda,Palasari Hilir
Jawa Barat,Purwakarta,Plered,Palinggihan
Jawa Barat,Karawang,Karawang Timur,Palumbonsari
Jawa Barat,Bogor,Jasinga,Pamagersari
Jawa Barat,Bogor,Parung,Pamegarsari
Jawa Barat,Karawang,Banyusari,Pamekaran
Jawa Barat,Bogor,Pamijahan,Pamijahan
Jawa Barat,Purwakarta,Plered,Pamoyanan
Jawa Barat,Bandung,Cicendo,Pamoyanan
Jawa Barat,Sukabumi,Cibadak,Pamuruyan
Jawa Barat,Karawang,Tempuran,Pancakarya
Jawa Barat,Bogor,Caringin,Pancawati
Jawa Barat,Karawang,Klari,Pancawati
Jawa Barat,Depok,Pancoran Mas,Pancoran Mas
Jawa Barat,Bogor,Ciawi,Pandan Sari
Jawa Barat,Bogor,Jasinga,Pangaur
Jawa Barat,Purwakarta,Bojong,Pangkalan
Jawa Barat,Depok,Cinere,Pangkalan Jati
Jawa Barat,Depok,Cinere,Pangkalan Jati Baru
Jawa Barat,Bogor,Nanggung,Pangkaljaya
Jawa Barat,Bogor,Jasinga,Pangradin
Jawa Barat,Karawang,Kota Baru,Pangulah Baru
Jawa Barat,Karawang,Kota Baru,Pangulah Selatan
Jawa Barat,Karawang,Kota Baru,Pangulah Utara
Jawa Barat,Purwakarta,Sukatani,Panyindangan
Jawa Barat,Karawang,Rawamerta,Panyingkiran
Jawa Barat,Bogor,Ciomas,Parakan
Jawa Barat,Karawang,Tirtamulya,Parakan
Jawa Barat,Purwakarta,Kiarapedes,Parakangarokgek
Jawa Barat,Bogor,Kemang,Parakanjaya
Jawa Barat,Purwakarta,Jatiluhur,Parakanlima
Jawa Barat,Karawang,Tirtamulya,Parakanmulya
Jawa Barat,Bogor,Nanggung,Parakanmuncang
Jawa Barat,Sukabumi,Parakansalak,Parakansalak
Jawa Barat,Purwakarta,Pondoksalam,Parakansalam
Jawa Barat,Bogor,Ciseeng,Parigi Mekar
Jawa Barat,Bogor,Parung,Parung
Jawa Barat,Purwakarta,Sukasari,Parungbanteng
Jawa Barat,Sukabumi,Parungkuda,Parungkuda
Jawa Barat,Karawang,Ciampel,Parungmulya
Jawa Barat,Bogor,Parung Panjang,Parungpanjang
Jawa Barat,Karawang,Telukjambe Barat,Parungsari
Jawa Barat,Sukabumi,Sukabumi,Parungseah
Jawa Barat,Purwakarta,Tegalwaru,Pasanggrahan
Jawa Barat,Purwakarta,Bojong,Pasanggrahan
Jawa Barat,Bogor,Pamijahan,Pasarean
Jawa Barat,Sukabumi,Cicurug,Pasawahan
Jawa Barat,Purwakarta,Pasawahan,Pasawahan
Jawa Barat,Purwakarta,Pasawahan,Pasawahananyar
Jawa Barat,Purwakarta,Pasawahan,Pasawahankidul
Jawa Barat,Bogor,Megamendung,Pasir Angin
Jawa Barat,Sukabumi,Caringin,Pasir Datar Indah
Jawa Barat,Bandung,Ujungberung,Pasir Endah
Jawa Barat,Depok,Cimanggis,Pasir Gunung Selatan
Jawa Barat,Bandung,Mandalajati,Pasir Impun
Jawa Barat,Bogor,Sukaraja,Pasir Jambu
Jawa Barat,Bogor,Sukajaya,Pasir Madang
Jawa Barat,Bogor,Caringin,Pasir Muncang
Jawa Barat,Depok,Sawangan,Pasir Putih
Jawa Barat,Bogor,Tanjungsari,Pasir Tanjung
Jawa Barat,Bogor,Cileungsi,Pasirangin
Jawa Barat,Purwakarta,Darangdan,Pasirangin
Jawa Barat,Karawang,Rawamerta,Pasirawi
Jawa Barat,Sukabumi,Cidahu,Pasirdoton
Jawa Barat,Bogor,Tamansari,Pasireurih
Jawa Barat,Bogor,Ranca Bungur,Pasirgaok
Jawa Barat,Bandung Barat,Cisarua,Pasirhalang
Jawa Barat,Purwakarta,Maniis,Pasirjambu
Jawa Barat,Bogor,Cigombong,Pasirjaya
Jawa Barat,Karawang,Cilamaya Kulon,Pasirjaya
Jawa Barat,Karawang,Majalaya,Pasirjengkol
Jawa Barat,Karawang,Rawamerta,Pasirkaliki
Jawa Barat,Cimahi,Cimahi Utara,Pasirkaliki
Jawa Barat,Karawang,Telagasari,Pasirkamuning
Jawa Barat,Bogor,Sukaraja,Pasirlaja
Jawa Barat,Bandung Barat,Cisarua,Pasirlangu
Jawa Barat,Bandung,Cibeunying Kidul,Pasirlayung
Jawa Barat,Bogor,Citeureup,Pasirmukti
Jawa Barat,Karawang,Telagasari,Pasirmukti
Jawa Barat,Karawang,Majalaya,Pasirmulya
Jawa Barat,Purwakarta,Sukatani,Pasirmunjul
Jawa Barat,Karawang,Telagasari,Pasirtalaga
Jawa Barat,Karawang,Lemahabang,Pasirtanjung
Jawa Barat,Karawang,Cilamaya Kulon,Pasirukem
Jawa Barat,Bandung,Sukajadi,Pasteur
Jawa Barat,Purwakarta,Bojong,Pawenang
Jawa Barat,Sukabumi,Nagrak,Pawenang
Jawa Barat,Karawang,Pedes,Payungsari
Jawa Barat,Karawang,Cibuaya,Pajaten
Jawa Barat,Bogor,Gunung Sindur,Pengasinan
Jawa Barat,Depok,Sawangan,Pengasinan
Jawa Barat,Sukabumi,Sukabumi,Perbawati
Jawa Barat,Bogor,Dramaga,Petir
Jawa Barat,Karawang,Telukjambe Timur,Pinayungan
Jawa Barat,Bogor,Parung Panjang,Pingku
Jawa Barat,Karawang,Tirtajaya,Pisangsambo
Jawa Barat,Karawang,Karawang Timur,Plawad
Jawa Barat,Purwakarta,Plered,Plered
Jawa Barat,Depok,Beji,Pondok Cina
Jawa Barat,Depok,Cipayung,Pondok Jaya
Jawa Barat,Depok,Bojongsari,Pondok Petir
Jawa Barat,Bogor,Cibinong,Pondok Rajeg
Jawa Barat,Bogor,Kemang,Pondok Udik
Jawa Barat,Sukabumi,Cidahu,Pondokkaso Tengah
Jawa Barat,Sukabumi,Cidahu,Pondokkaso Tonggoh
Jawa Barat,Purwakarta,Pondoksalam,Pondokbungur
Jawa Barat,Sukabumi,Parungkuda,Pondokkaso Landeuh
Jawa Barat,Karawang,Kota Baru,Pucung
Jawa Barat,Karawang,Lemahabang,Pulojaya
Jawa Barat,Karawang,Lemahabang,Pulokalapa
Jawa Barat,Karawang,Lemahabang,Pulomulya
Jawa Barat,Karawang,Telagasari,Pulosari
Jawa Barat,Sukabumi,Kalapanunggal,Pulosari
Jawa Barat,Bogor,Leuwiliang,Purasari
Jawa Barat,Bogor,Leuwiliang,Puraseda
Jawa Barat,Bogor,Pamijahan,Purwabakti
Jawa Barat,Karawang,Telukjambe Timur,Purwadana
Jawa Barat,Karawang,Tempuran,Purwajaya
Jawa Barat,Karawang,Rawamerta,Purwamekar
Jawa Barat,Purwakarta,Purwakarta,Purwamekar
Jawa Barat,Bogor,Dramaga,Purwasari
Jawa Barat,Karawang,Purwasari,Purwasari
Jawa Barat,Sukabumi,Cicurug,Purwasari
Jawa Barat,Karawang,Cilebar,Pusakajaya Selatan
Jawa Barat,Karawang,Cilebar,Pusakajaya Utara
Jawa Barat,Purwakarta,Kiarapedes,Pusakamulya
Jawa Barat,Karawang,Telukjambe Timur,Puseurjaya
Jawa Barat,Bogor,Citeureup,Puspanegara
Jawa Barat,Bogor,Citeureup,Puspasari
Jawa Barat,Karawang,Pedes,Puspasari
Jawa Barat,Bogor,Ciseeng,Putat Nutug
Jawa Barat,Bandung Barat,Cikalongwetan,Puteran
Jawa Barat,Bogor,Rumpin,Rabak
Jawa Barat,Bogor,Bojong Gede,Ragajaya
Jawa Barat,Purwakarta,Wanayasa,Raharja
Jawa Barat,Bandung Barat,Cipatat,Rajamandalakulon
Jawa Barat,Bogor,Ranca Bungur,Rancabungur
Jawa Barat,Karawang,Pedes,Rangdumulya
Jawa Barat,Depok,Pancoran Mas,Rangkapan Jaya
Jawa Barat,Depok,Pancoran Mas,Rangkapan Jaya Baru
Jawa Barat,Depok,Cipayung,Ratu Jaya
Jawa Barat,Karawang,Cilamaya Wetan,Rawagempol Kulon
Jawa Barat,Karawang,Cilamaya Wetan,Rawagempol Wetan
Jawa Barat,Bogor,Gunung Sindur,Rawakalong
Jawa Barat,Bogor,Bojong Gede,Rawapanjang
Jawa Barat,Purwakarta,Plered,Rawasari
Jawa Barat,Karawang,Cilebar,Rawasari
Jawa Barat,Bandung Barat,Cikalongwetan,Rende
Jawa Barat,Karawang,Rengasdengklok,Rengasdengklok Selatan
Jawa Barat,Karawang,Rengasdengklok,Rengasdengklok Utara
Jawa Barat,Bogor,Cigudeg,Rengasjajar
Jawa Barat,Bogor,Rumpin,Rumpin
Jawa Barat,Karawang,Tirtajaya,Sabajaya
Jawa Barat,Bandung,Coblong,Sadang Serang
Jawa Barat,Bandung Barat,Cisarua,Sadangmekar
Jawa Barat,Purwakarta,Darangdan,Sadarkarya
Jawa Barat,Bogor,Leuwisadeng,Sadeng
Jawa Barat,Bogor,Leuwisadeng,Sadeng Kolot
Jawa Barat,Purwakarta,Wanayasa,Sakambang
Jawa Barat,Purwakarta,Pondoksalam,Salamjaya
Jawa Barat,Purwakarta,Pondoksalam,Salammulya
Jawa Barat,Purwakarta,Pondoksalam,Salem
Jawa Barat,Karawang,Kutawaluya,Sampalan
Jawa Barat,Bogor,Citeureup,Sanja
Jawa Barat,Bandung,Sukasari,Sarijadi
Jawa Barat,Karawang,Majalaya,Sarijaya
Jawa Barat,Bandung Barat,Cipatat,Sarimukti
Jawa Barat,Karawang,Kota Baru,Sarimulya
Jawa Barat,Bandung Barat,Parongpong,Sariwangi
Jawa Barat,Bogor,Tajurhalang,Sasak Panjang
Jawa Barat,Purwakarta,Pasawahan,Sawahkulon
Jawa Barat,Depok,Sawangan,Sawangan
Jawa Barat,Depok,Sawangan,Sawangan Baru
Jawa Barat,Purwakarta,Darangdan,Sawit
Jawa Barat,Karawang,Cibuaya,Sedari
Jawa Barat,Karawang,Batujaya,Segaran
Jawa Barat,Karawang,Batujaya,Segarjaya
Jawa Barat,Karawang,Rawamerta,Sekarwangi
Jawa Barat,Bandung,Coblong,Sekeloa
Jawa Barat,Purwakarta,Pasawahan,Selaawi
Jawa Barat,Sukabumi,Cisaat,Selajambe
Jawa Barat,Bogor,Tanjungsari,Selawangi
Jawa Barat,Bogor,Kemang,Semplak Barat
Jawa Barat,Purwakarta,Plered,Sempur
Jawa Barat,Bogor,Babakan Madang,Sentul
Jawa Barat,Depok,Bojongsari,Serua
Jawa Barat,Cimahi,Cimahi Tengah,Setiamanah
Jawa Barat,Bogor,Jasinga,Setu
Jawa Barat,Sukabumi,Caringin,Seuseupan
Jawa Barat,Bogor,Leuwisadeng,Sibanteng
Jawa Barat,Purwakarta,Wanayasa,Simpang
Jawa Barat,Purwakarta,Maniis,Sinargalih
Jawa Barat,Bogor,Dramaga,Sinarsari
Jawa Barat,Bandung,Mandalajati,Sindang Jaya
Jawa Barat,Karawang,Kutawaluya,Sindangkarya
Jawa Barat,Purwakarta,Purwakarta,Sindangkasih
Jawa Barat,Purwakarta,Sukatani,Sindanglaya
Jawa Barat,Karawang,Kutawaluya,Sindangmukti
Jawa Barat,Karawang,Kutawaluya,Sindangmulya
Jawa Barat,Purwakarta,Bojong,Sindangpanon
Jawa Barat,Purwakarta,Plered,Sindangsari
Jawa Barat,Purwakarta,Bojong,Sindangsari
Jawa Barat,Karawang,Kutawaluya,Sindangsari
Jawa Barat,Bogor,Tenjo,Singabangsa
Jawa Barat,Bogor,Tenjo,Singabraja
Jawa Barat,Bogor,Jonggol,Singajaya
Jawa Barat,Bogor,Jonggol,Singasari
Jawa Barat,Bogor,Jasinga,Sipak
Jawa Barat,Bogor,Sukajaya,Sipayung
Jawa Barat,Karawang,Telukjambe Timur,Sirnabaya
Jawa Barat,Bogor,Jonggol,Sirnagalih
Jawa Barat,Bogor,Tamansari,Sirnagalih
Jawa Barat,Bandung Barat,Cipeundeuy,Sirnagalih
Jawa Barat,Bogor,Sukamakmur,Sirnajaya
Jawa Barat,Purwakarta,Darangdan,Sirnamanah
Jawa Barat,Bandung Barat,Cipeundeuy,Sirnaraja
Jawa Barat,Bogor,Tanjungsari,Sirnarasa
Jawa Barat,Sukabumi,Cisolok,Sirnaresmi
Jawa Barat,Bogor,Tanjungsari,Sirnasari
Jawa Barat,Purwakarta,Pondoksalam,Situ
Jawa Barat,Bogor,Cibungbulang,Situ Ilir
Jawa Barat,Bogor,Cibungbulang,Situ Udik
Jawa Barat,Karawang,Jatisari,Situdam
Jawa Barat,Bogor,Tenjolaya,Situdaun
Jawa Barat,Bogor,Cileungsi,Situsari
Jawa Barat,Karawang,Pakisjaya,Solokan
Jawa Barat,Karawang,Tirtajaya,Srijaya
Jawa Barat,Karawang,Tirtajaya,Srikamulyan
Jawa Barat,Bogor,Cigombong,Srogol
Jawa Barat,Sukabumi,Sukabumi,Sudajayagirang
Jawa Barat,Bandung,Sukajadi,Sukabungah
Jawa Barat,Bogor,Sukamakmur,Sukadamai
Jawa Barat,Bogor,Dramaga,Sukadamai
Jawa Barat,Purwakarta,Wanayasa,Sukadami
Jawa Barat,Bogor,Jonggol,Sukagalih
Jawa Barat,Bogor,Megamendung,Sukagalih
Jawa Barat,Bandung,Sukajadi,Sukagalih
Jawa Barat,Purwakarta,Tegalwaru,Sukahaji
Jawa Barat,Bandung Barat,Cipeundeuy,Sukahaji
Jawa Barat,Bogor,Sukamakmur,Sukaharja
Jawa Barat,Bogor,Cijeruk,Sukaharja
Jawa Barat,Bogor,Ciomas,Sukaharja
Jawa Barat,Karawang,Telukjambe Timur,Sukaharja
Jawa Barat,Bogor,Citeureup,Sukahati
Jawa Barat,Bogor,Cibinong,Sukahati
Jawa Barat,Bogor,Cariu,Sukajadi
Jawa Barat,Bogor,Tamansari,Sukajadi
Jawa Barat,Purwakarta,Pondoksalam,Sukajadi
Jawa Barat,Bogor,Jonggol,Sukajaya
Jawa Barat,Bogor,Tamansari,Sukajaya
Jawa Barat,Bogor,Sukajaya,Sukajaya
Jawa Barat,Purwakarta,Sukatani,Sukajaya
Jawa Barat,Bandung Barat,Lembang,Sukajaya
Jawa Barat,Karawang,Cilamaya Kulon,Sukajaya
Jawa Barat,Bogor,Megamendung,Sukakarya
Jawa Barat,Sukabumi,Parakansalak,Sukakersa
Jawa Barat,Karawang,Cilamaya Wetan,Sukakerta
Jawa Barat,Sukabumi,Sukalarang,Sukalarang
Jawa Barat,Bogor,Nanggung,Sukaluyu
Jawa Barat,Bogor,Tamansari,Sukaluyu
Jawa Barat,Bandung,Cibeunying Kaler,Sukaluyu
Jawa Barat,Karawang,Telukjambe Timur,Sukaluyu
Jawa Barat,Bogor,Megamendung,Sukamahi
Jawa Barat,Bogor,Jonggol,Sukamaju
Jawa Barat,Bogor,Cibungbulang,Sukamaju
Jawa Barat,Bogor,Cigudeg,Sukamaju
Jawa Barat,Bogor,Megamendung,Sukamaju
Jawa Barat,Purwakarta,Sukatani,Sukamaju
Jawa Barat,Depok,Cilodong,Sukamaju
Jawa Barat,Sukabumi,Sukalarang,Sukamaju
Jawa Barat,Sukabumi,Kadudampit,Sukamaju
Jawa Barat,Depok,Tapos,Sukamaju Baru
Jawa Barat,Bogor,Sukamakmur,Sukamakmur
Jawa Barat,Bogor,Ciomas,Sukamakmur
Jawa Barat,Karawang,Telukjambe Timur,Sukamakmur
Jawa Barat,Bogor,Jonggol,Sukamanah
Jawa Barat,Bogor,Megamendung,Sukamanah
Jawa Barat,Purwakarta,Bojong,Sukamanah
Jawa Barat,Sukabumi,Kadudampit,Sukamanis
Jawa Barat,Bogor,Tamansari,Sukamantri
Jawa Barat,Karawang,Jatisari,Sukamekar
Jawa Barat,Sukabumi,Sukaraja,Sukamekar
Jawa Barat,Karawang,Rawamerta,Sukamerta
Jawa Barat,Purwakarta,Maniis,Sukamukti
Jawa Barat,Bogor,Sukajaya,Sukamulih
Jawa Barat,Bogor,Sukamakmur,Sukamulya
Jawa Barat,Bogor,Rumpin,Sukamulya
Jawa Barat,Purwakarta,Tegalwaru,Sukamulya
Jawa Barat,Karawang,Cilamaya Kulon,Sukamulya
Jawa Barat,Sukabumi,Caringin,Sukamulya
Jawa Barat,Bogor,Jonggol,Sukanegara
Jawa Barat,Bandung,Cibeunying Kidul,Sukapada
Jawa Barat,Karawang,Rawamerta,Sukapura
Jawa Barat,Bogor,Sukaraja,Sukaraja
Jawa Barat,Bandung,Cicendo,Sukaraja
Jawa Barat,Karawang,Rawamerta,Sukaraja
Jawa Barat,Bogor,Cigudeg,Sukaraksa
Jawa Barat,Bogor,Tanjungsari,Sukarasa
Jawa Barat,Bandung,Sukasari,Sukarasa
Jawa Barat,Karawang,Cilebar,Sukaratu
Jawa Barat,Bogor,Sukamakmur,Sukaresmi
Jawa Barat,Bogor,Megamendung,Sukaresmi
Jawa Barat,Bogor,Tamansari,Sukaresmi
Jawa Barat,Bogor,Rumpin,Sukasari
Jawa Barat,Purwakarta,Sukasari,Sukasari
Jawa Barat,Karawang,Cibuaya,Sukasari
Jawa Barat,Karawang,Purwasari,Sukasari
Jawa Barat,Sukabumi,Cisaat,Sukasari
Jawa Barat,Bogor,Jonggol,Sukasirna
Jawa Barat,Sukabumi,Cibadak,Sukasirna
Jawa Barat,Bogor,Sukaraja,Sukatani
Jawa Barat,Purwakarta,Sukatani,Sukatani
Jawa Barat,Bandung Barat,Ngamprah,Sukatani
Jawa Barat,Karawang,Cilamaya Wetan,Sukatani
Jawa Barat,Depok,Tapos,Sukatani
Jawa Barat,Sukabumi,Parakansalak,Sukatani
Jawa Barat,Bogor,Sukamakmur,Sukawangi
Jawa Barat,Bandung,Sukajadi,Sukawarna
Jawa Barat,Bogor,Dramaga,Sukawening
Jawa Barat,Bogor,Tajurhalang,Sukmajaya
Jawa Barat,Depok,Sukmajaya,Sukmajaya
Jawa Barat,Karawang,Tempuran,Sumberjaya
Jawa Barat,Purwakarta,Kiarapedes,Sumbersari
Jawa Barat,Bandung Barat,Cipatat,Sumurbandung
Jawa Barat,Bogor,Babakan Madang,Sumurbatu
Jawa Barat,Karawang,Cilamaya Kulon,Sumurgede
Jawa Barat,Karawang,Klari,Sumurkondang
Jawa Barat,Karawang,Tirtajaya,Sumurlaban
Jawa Barat,Purwakarta,Wanayasa,Sumurugul
Jawa Barat,Sukabumi,Parungkuda,Sundawenang
Jawa Barat,Karawang,Pedes,Sungaibuntu
Jawa Barat,Bandung Barat,Lembang,Suntenjaya
Jawa Barat,Bogor,Bojong Gede,Susukan
Jawa Barat,Bandung Barat,Padalarang,Tagogapu
Jawa Barat,Bogor,Citeureup,Tajur
Jawa Barat,Bogor,Cijeruk,Tajur Halang
Jawa Barat,Bogor,Tajurhalang,Tajurhalang
Jawa Barat,Purwakarta,Sukatani,Tajursindang
Jawa Barat,Sukabumi,Caringin,Talaga
Jawa Barat,Karawang,Banyusari,Talunjaya
Jawa Barat,Bandung,Bandung Wetan,Taman Sari
Jawa Barat,Karawang,Pangkalan,Tamanmekar
Jawa Barat,Bogor,Rumpin,Tamansari
Jawa Barat,Bogor,Tamansari,Tamansari
Jawa Barat,Karawang,Pangkalan,Tamansari
Jawa Barat,Karawang,Tirtajaya,Tambaksari
Jawa Barat,Karawang,Tirtajaya,Tambaksumur
Jawa Barat,Karawang,Purwasari,Tamelang
Jawa Barat,Depok,Beji,Tanah Baru
Jawa Barat,Karawang,Pakisjaya,Tanahbaru
Jawa Barat,Bogor,Citeureup,Tangkil
Jawa Barat,Bogor,Caringin,Tangkil
Jawa Barat,Sukabumi,Cidahu,Tangkil
Jawa Barat,Bandung Barat,Ngamprah,Tanimulya
Jawa Barat,Karawang,Banyusari,Tanjung
Jawa Barat,Karawang,Pakisjaya,Tanjungbungin
Jawa Barat,Karawang,Tempuran,Tanjungjaya
Jawa Barat,Karawang,Karawang Barat,Tanjungmekar
Jawa Barat,Karawang,Pakisjaya,Tanjungmekar
Jawa Barat,Karawang,Pakisjaya,Tanjungpakis
Jawa Barat,Karawang,Karawang Barat,Tanjungpura
Jawa Barat,Bogor,Tanjungsari,Tanjungrasa
Jawa Barat,Bogor,Cijeruk,Tanjungsari
Jawa Barat,Bogor,Tanjungsari,Tanjungsari
Jawa Barat,Karawang,Cilebar,Tanjungsari
Jawa Barat,Purwakarta,Pondoksalam,Tanjungsari
Jawa Barat,Bogor,Tenjo,Tapos
Jawa Barat,Depok,Tapos,Tapos
Jawa Barat,Bogor,Tenjolaya,Tapos I
Jawa Barat,Bogor,Tenjolaya,Tapos II
Jawa Barat,Bogor,Citeureup,Tarikolot
Jawa Barat,Purwakarta,Wanayasa,Taringgul Tengah
Jawa Barat,Purwakarta,Wanayasa,Taringgul Tonggoh
Jawa Barat,Purwakarta,Kiarapedes,Taringgul Landeuh
Jawa Barat,Bogor,Kemang,Tegal
Jawa Barat,Karawang,Karawang Timur,Tegal Sawah
Jawa Barat,Purwakarta,Maniis,Tegaldatar
Jawa Barat,Bogor,Cigudeg,Tegallega
Jawa Barat,Karawang,Ciampel,Tegallega
Jawa Barat,Purwakarta,Purwakarta,Tegalmunjul
Jawa Barat,Bogor,Cariu,Tegalpanjang
Jawa Barat,Purwakarta,Tegalwaru,Tegalsari
Jawa Barat,Karawang,Cilamaya Wetan,Tegalsari
Jawa Barat,Karawang,Purwasari,Tegalsari
Jawa Barat,Karawang,Cilamaya Kulon,Tegalurung
Jawa Barat,Bogor,Jasinga,Tegalwangi
Jawa Barat,Bogor,Ciampea,Tegalwaru
Jawa Barat,Purwakarta,Tegalwaru,Tegalwaru
Jawa Barat,Karawang,Cilamaya Wetan,Tegalwaru
Jawa Barat,Karawang,Pakisjaya,Telagajaya
Jawa Barat,Karawang,Telagasari,Telagamulya
Jawa Barat,Karawang,Telagasari,Telagasari
Jawa Barat,Karawang,Jatisari,Telarsari
Jawa Barat,Bogor,Ciawi,Teluk Pinang
Jawa Barat,Karawang,Batujaya,Telukambulu
Jawa Barat,Karawang,Batujaya,Telukbango
Jawa Barat,Karawang,Pakisjaya,Telukbuyung
Jawa Barat,Karawang,Telukjambe Timur,Telukjambe
Jawa Barat,Karawang,Pakisjaya,Telukjaya
Jawa Barat,Karawang,Tempuran,Tempuran
Jawa Barat,Bogor,Cibinong,Tengah
Jawa Barat,Bogor,Tenjo,Tenjo
Jawa Barat,Sukabumi,Cicurug,Tenjoayu
Jawa Barat,Bandung Barat,Cikalongwetan,Tenjolaut
Jawa Barat,Sukabumi,Cicurug,Tenjolaya
Jawa Barat,Depok,Sukmajaya,Tirtajaya
Jawa Barat,Karawang,Tirtamulya,Tirtasari
Jawa Barat,Sukabumi,Sukalarang,Titisan
Jawa Barat,Bogor,Gunung Putri,Tlajung Udik
Jawa Barat,Bogor,Tajurhalang,Tonjong
Jawa Barat,Depok,Cimanggis,Tugu
Jawa Barat,Bogor,Cisarua,Tugu Selatan
Jawa Barat,Bogor,Cisarua,Tugu Utara
Jawa Barat,Sukabumi,Kabandungan,Tugubandung
Jawa Barat,Bogor,Cigombong,Tugujaya
Jawa Barat,Bandung Barat,Cisarua,Tugumukti
Jawa Barat,Karawang,Karawang Barat,Tunggakjati
Jawa Barat,Sukabumi,Kadudampit,Undrusbinangun
Jawa Barat,Bogor,Sukajaya,Urug
Jawa Barat,Karawang,Telukjambe Timur,Wadas
Jawa Barat,Karawang,Klari,Walahar
Jawa Barat,Sukabumi,Kalapanunggal,Walangsari
Jawa Barat,Karawang,Kutawaluya,Waluya
Jawa Barat,Bogor,Gunung Putri,Wanaherang
Jawa Barat,Karawang,Telukjambe Barat,Wanajaya
Jawa Barat,Sukabumi,Cisolok,Wanajaya
Jawa Barat,Karawang,Telukjambe Barat,Wanakerta
Jawa Barat,Purwakarta,Bungursari,Wanakerta
Jawa Barat,Purwakarta,Wanayasa,Wanasari
Jawa Barat,Karawang,Telukjambe Barat,Wanasari
Jawa Barat,Purwakarta,Cibatu,Wanawali
Jawa Barat,Purwakarta,Wanayasa,Wanayasa
Jawa Barat,Karawang,Kota Baru,Wancimekar
Jawa Barat,Bandung Barat,Lembang,Wangunharja
Jawa Barat,Bogor,Leuwisadeng,Wangunjaya
Jawa Barat,Bandung Barat,Cikalongwetan,Wangunjaya
Jawa Barat,Sukabumi,Ciambar,Wangunjaya
Jawa Barat,Bandung Barat,Lembang,Wangunsari
Jawa Barat,Bogor,Sukamakmur,Wargajaya
Jawa Barat,Bogor,Cigudeg,Wargajaya
Jawa Barat,Karawang,Tegalwaru,Wargasetra
Jawa Barat,Bogor,Bojong Gede,Waringinjaya
Jawa Barat,Karawang,Lemahabang,Waringinkarya
Jawa Barat,Sukabumi,Sukabumi,Warnasari
Jawa Barat,Bogor,Parung,Waru
Jawa Barat,Bogor,Parung,Warujaya
Jawa Barat,Bogor,Cijeruk,Warung Menteng
Jawa Barat,Karawang,Karawang Timur,Warungbambu
Jawa Barat,Purwakarta,Tegalwaru,Warungjeruk
Jawa Barat,Purwakarta,Pasawahan,Warungkadu
Jawa Barat,Bogor,Cigombong,Watesjaya
Jawa Barat,Bogor,Jonggol,Weninggalih
Jawa Barat,Bogor,Jasinga,Wirajaya
Jawa Barat,Bekasi,Jatisampurna,Jatikarya
Jawa Barat,Bekasi,Jatisampurna,Jatisampurna
Jawa Barat,Bekasi,Jatisampurna,Jatirangga
Jawa Barat,Bekasi,Bantargebang,Ciketingudik
Jawa Barat,Bekasi,Jatisampurna,Jatiraden
Jawa Barat,Bekasi,Bantargebang,Sumurbatu
Jawa Barat,Bekasi,Jatisampurna,Jatiranggon
Jawa Barat,Bekasi,Bantargebang,Cikiwul
Jawa Barat,Bekasi,Jatiasih,Jatisari
Jawa Barat,Bekasi,Pondokmelati,Jatimurni
Jawa Barat,Bekasi,Jatiasih,Jatiluhur
Jawa Barat,Bekasi,Pondokmelati,Jatimelati
Jawa Barat,Bekasi,Mustikajaya,Padurenan
Jawa Barat,Bekasi,Bantargebang,Bantargebang
Jawa Barat,Bekasi,Pondokmelati,Jatiwarna
Jawa Barat,Bekasi,Pondokmelati,Jatirahayu
Jawa Barat,Bekasi,Jatiasih,Jatiasih
Jawa Barat,Bekasi,Jatiasih,Jatimekar
Jawa Barat,Bekasi,Jatiasih,Jatirasa
Jawa Barat,Bekasi,Pondokgede,Jatimakmur
Jawa Barat,Bekasi,Pondokgede,Jatiwaringin
Jawa Barat,Bekasi,Jatiasih,Jatikramat
Jawa Barat,Bekasi,Bekasi Selatan,Jakamulya
Jawa Barat,Bekasi,Pondokgede,Jatibening Baru
Jawa Barat,Bekasi,Pondokgede,Jaticempaka
Jawa Barat,Bekasi,Pondokgede,Jatibening
Jawa Barat,Bekasi,Bekasi Selatan,Jakasetia
Jawa Barat,Bekasi,Bekasi Selatan,Pekayonjaya
Jawa Barat,Bekasi,Bekasi Selatan,Margajaya
Jawa Barat,Bekasi,Bekasi Barat,Jakasampurna
Jawa Barat,Bekasi,Bekasi Barat,Bintarajaya
Jawa Barat,Bekasi,Bekasi Selatan,Kayuringinjaya
Jawa Barat,Bekasi,Bekasi Barat,Kranji
Jawa Barat,Bekasi,Medansatria,Harapanmulya
Jawa Barat,Bekasi,Bekasi Barat,Bintara
Jawa Barat,Bekasi,Bekasi Utara,Margamulya
Jawa Barat,Bekasi,Medansatria,Kalibaru
Jawa Barat,Bekasi,Bekasi Barat,Kotabaru
Jawa Barat,Bekasi,Bekasi Utara,Harapanbaru
Jawa Barat,Bekasi,Bekasi Utara,Harapanjaya
Jawa Barat,Bekasi,Bekasi Utara,Teluk Pucung
Jawa Barat,Bekasi,Bekasi Utara,Perwira
Jawa Barat,Bekasi,Medansatria,Medansatria
Jawa Barat,Bekasi,Medansatria,Pejuang
Jawa Barat,Bekasi,Bekasi Utara,Kaliabang Tengah
Jawa Barat,Bekasi,Mustikajaya,Mustikajaya
Jawa Barat,Bekasi,Mustikajaya,Cimuning
Jawa Barat,Bekasi,Rawalumbu,Bojongmenteng
Jawa Barat,Bekasi,Mustikajaya,Mustikasari
Jawa Barat,Bekasi,Rawalumbu,Bojong Rawalumbu
Jawa Barat,Bekasi,Rawalumbu,Pengasinan
Jawa Barat,Bekasi,Rawalumbu,Sepanjangjaya
Jawa Barat,Bekasi,Bekasi Timur,Margahayu
Jawa Barat,Bekasi,Bekasi Timur,Arenjaya
Jawa Barat,Bekasi,Bekasi Timur,Durenjaya
Jawa Barat,Bekasi,Bekasi Timur,Bekasijaya
Jawa Barat,Bogor,Bogor Tengah,Babakan Pasar
Jawa Barat,Bogor,Bogor Tengah,Babakan
Jawa Barat,Bogor,Bogor Barat,Balumbang Jaya
Jawa Barat,Bogor,Bogor Utara,Bantarjati
Jawa Barat,Bogor,Bogor Timur,Baranangsiang
Jawa Barat,Bogor,Bogor Selatan,Batu Tulis
Jawa Barat,Bogor,Bogor Selatan,Bojong Kerta
Jawa Barat,Bogor,Bogor Selatan,Bondongan
Jawa Barat,Bogor,Bogor Barat,Bubulak
Jawa Barat,Bogor,Tanah Sareal,Cibadak
Jawa Barat,Bogor,Bogor Tengah,Cibogor
Jawa Barat,Bogor,Bogor Utara,Cibuluh
Jawa Barat,Bogor,Bogor Selatan,Cikaret
Jawa Barat,Bogor,Bogor Barat,Cilendek Barat
Jawa Barat,Bogor,Bogor Barat,Cilendek Timur
Jawa Barat,Bogor,Bogor Utara,Ciluar
Jawa Barat,Bogor,Bogor Utara,Cimahpar
Jawa Barat,Bogor,Bogor Selatan,Cipaku
Jawa Barat,Bogor,Bogor Utara,Ciparigi
Jawa Barat,Bogor,Bogor Tengah,Ciwaringin
Jawa Barat,Bogor,Bogor Barat,Curug Mekar
Jawa Barat,Bogor,Bogor Barat,Curug
Jawa Barat,Bogor,Bogor Selatan,Empang
Jawa Barat,Bogor,Bogor Selatan,Genteng
Jawa Barat,Bogor,Bogor Tengah,Gudang
Jawa Barat,Bogor,Bogor Barat,Gunung Batu
Jawa Barat,Bogor,Bogor Selatan,Harjasari
Jawa Barat,Bogor,Bogor Timur,Katulampa
Jawa Barat,Bogor,Tanah Sareal,Kayu Manis
Jawa Barat,Bogor,Bogor Tengah,Kebon Kalapa
Jawa Barat,Bogor,Tanah Sareal,Kebon Pedes
Jawa Barat,Bogor,Tanah Sareal,Kedung Badak
Jawa Barat,Bogor,Bogor Utara,Kedung Halang
Jawa Barat,Bogor,Tanah Sareal,Kedung Jaya
Jawa Barat,Bogor,Tanah Sareal,Kedung Waringin
Jawa Barat,Bogor,Tanah Sareal,Kencana
Jawa Barat,Bogor,Bogor Selatan,Kertamaya
Jawa Barat,Bogor,Bogor Selatan,Lawanggintung
Jawa Barat,Bogor,Bogor Barat,Loji
Jawa Barat,Bogor,Bogor Barat,Marga Jaya
Jawa Barat,Bogor,Tanah Sareal,Mekar Wangi
Jawa Barat,Bogor,Bogor Barat,Menteng
Jawa Barat,Bogor,Bogor Selatan,Muara Sari
Jawa Barat,Bogor,Bogor Selatan,Mulya Harja
Jawa Barat,Bogor,Bogor Tengah,Pabaton
Jawa Barat,Bogor,Bogor Selatan,Pakuan
Jawa Barat,Bogor,Bogor Tengah,Paledang
Jawa Barat,Bogor,Bogor Selatan,Pamoyanan
Jawa Barat,Bogor,Bogor Tengah,Panaragan
Jawa Barat,Bogor,Bogor Barat,Pasir Jaya
Jawa Barat,Bogor,Bogor Barat,Pasir Kuda
Jawa Barat,Bogor,Bogor Barat,Pasir Mulya
Jawa Barat,Bogor,Bogor Selatan,Rancamaya
Jawa Barat,Bogor,Bogor Selatan,Rangga Mekar
Jawa Barat,Bogor,Bogor Barat,Semplak
Jawa Barat,Bogor,Bogor Tengah,Sempur
Jawa Barat,Bogor,Bogor Barat,Sindang Barang
Jawa Barat,Bogor,Bogor Timur,Sindangrasa
Jawa Barat,Bogor,Bogor Timur,Sindangsari
Jawa Barat,Bogor,Bogor Barat,Situ Gede
Jawa Barat,Bogor,Tanah Sareal,Sukadamai
Jawa Barat,Bogor,Tanah Sareal,Sukaresmi
Jawa Barat,Bogor,Bogor Timur,Sukasari
Jawa Barat,Bogor,Bogor Timur,Tajur
Jawa Barat,Bogor,Bogor Utara,Tanah Baru
Jawa Barat,Bogor,Tanah Sareal,Tanah Sareal
Jawa Barat,Bogor,Bogor Utara,Tegal Gundil
Jawa Barat,Bogor,Bogor Tengah,Tegallega
Jawa Barat,Subang,Ciater,Cibeusi
Jawa Barat,Subang,Ciater,Nagrak
Jawa Barat,Subang,Ciater,Ciater
Jawa Barat,Subang,Ciater,Cibitung
Jawa Barat,Subang,Ciater,Palasari
Jawa Barat,Subang,Ciater,Sanca
Jawa Barat,Subang,Kasomalang,Cimanglid
Jawa Barat,Subang,Sagalaherang,Cicadas
Jawa Barat,Subang,Ciater,Cisaat
Jawa Barat,Subang,Sagalaherang,Sukamandi
Jawa Barat,Subang,Jalancagak,Sarireja
Jawa Barat,Subang,Kasomalang,Kasomalang Kulon
Jawa Barat,Subang,Jalancagak,Curugrendeng
Jawa Barat,Subang,Sagalaherang,Sagalaherang Kidul
Jawa Barat,Subang,Serangpanjang,Cikujang
Jawa Barat,Subang,Serangpanjang,Cipancar
Jawa Barat,Subang,Sagalaherang,Dayeuh Kolot
Jawa Barat,Subang,Jalancagak,Jalancagak
Jawa Barat,Subang,Jalancagak,Tambakan
Jawa Barat,Subang,Jalancagak,Tambakmekar
Jawa Barat,Subang,Sagalaherang,Sagalaherang Kaler
Jawa Barat,Subang,Serangpanjang,Cijengkol
Jawa Barat,Subang,Sagalaherang,Leles
Jawa Barat,Subang,Jalancagak,Bunihayu
Jawa Barat,Subang,Serangpanjang,Cintamekar
Jawa Barat,Subang,Sagalaherang,Curugagung
Jawa Barat,Subang,Serangpanjang,Talagasari
Jawa Barat,Subang,Serangpanjang,Ponggang
Jawa Barat,Subang,Dawuan,Jambelaer
Jawa Barat,Subang,Subang,Parung
Jawa Barat,Subang,Dawuan,Margasari
Jawa Barat,Subang,Dawuan,Cisampih
Jawa Barat,Subang,Kalijati,Banggalamulya
Jawa Barat,Subang,Dawuan,Situsari
Jawa Barat,Subang,Kalijati,Tanggulun Timur
Jawa Barat,Subang,Dawuan,Dawuan Kidul
Jawa Barat,Subang,Kalijati,Jalupang
Jawa Barat,Subang,Dawuan,Dawuan Kaler
Jawa Barat,Subang,Dawuan,Sukasari
Jawa Barat,Subang,Dawuan,Rawalele
Jawa Barat,Subang,Kalijati,Tanggulun Barat
Jawa Barat,Subang,Kalijati,Kalijati Timur
Jawa Barat,Subang,Kalijati,Kalijati Barat
Jawa Barat,Subang,Dawuan,Manyeti
Jawa Barat,Subang,Cipeundeuy,Cimayasari
Jawa Barat,Subang,Kalijati,Kaliangsana
Jawa Barat,Subang,Dawuan,Batusari
Jawa Barat,Subang,Cipeundeuy,Lengkong
Jawa Barat,Subang,Kalijati,Ciruluk
Jawa Barat,Subang,Cipeundeuy,Cipeundeuy
Jawa Barat,Subang,Cikaum,Kawunganten
Jawa Barat,Subang,Kalijati,Marengmang
Jawa Barat,Subang,Cipeundeuy,Wantilan
Jawa Barat,Subang,Purwadadi,Wanakerta
Jawa Barat,Subang,Purwadadi,Pagon
Jawa Barat,Subang,Purwadadi,Belendung
Jawa Barat,Subang,Kalijati,Caracas
Jawa Barat,Subang,Cikaum,Sindangsari
Jawa Barat,Subang,Cipeundeuy,Karangmukti
Jawa Barat,Subang,Purwadadi,Purwadadi
Jawa Barat,Subang,Purwadadi,Purwadadi Barat
Jawa Barat,Subang,Cipeundeuy,Sawangan
Jawa Barat,Subang,Purwadadi,Prapatan
Jawa Barat,Subang,Cipeundeuy,Kosar
Jawa Barat,Subang,Purwadadi,Koranji
Jawa Barat,Subang,Pabuaran,Balebandung Jaya
Jawa Barat,Subang,Pabuaran,Cihambulu
Jawa Barat,Subang,Cikaum,Cikaum Barat
Jawa Barat,Subang,Pabuaran,Kadawung
Jawa Barat,Subang,Purwadadi,Panyingkiran
Jawa Barat,Subang,Pabuaran,Siluman
Jawa Barat,Subang,Pabuaran,Pringkasap
Jawa Barat,Subang,Pabuaran,Karanghegar
Jawa Barat,Subang,Purwadadi,Rancamahi
Jawa Barat,Subang,Pabuaran,Salamjaya
Jawa Barat,Subang,Pabuaran,Pabuaran
Jawa Barat,Subang,Purwadadi,Pasirbungur
Jawa Barat,Subang,Cikaum,Pasirmuncang
Jawa Barat,Subang,Patokbeusi,Tanjungrasa Kidul
Jawa Barat,Subang,Cikaum,Gandasari
Jawa Barat,Subang,Patokbeusi,Rancamulya
Jawa Barat,Subang,Patokbeusi,Tanjungrasa
Jawa Barat,Subang,Patokbeusi,Rancajaya
Jawa Barat,Subang,Patokbeusi,Rancaasih
Jawa Barat,Subang,Patokbeusi,Rancabango
Jawa Barat,Subang,Patokbeusi,Jatiragas Hilir
Jawa Barat,Subang,Patokbeusi,Ciberes
Jawa Barat,Subang,Patokbeusi,Gempolsari
Jawa Barat,Subang,Ciasem,Sukamandijaya
Jawa Barat,Subang,Patokbeusi,Tambakjati
Jawa Barat,Subang,Ciasem,Dukuh
Jawa Barat,Subang,Ciasem,Jatibaru
Jawa Barat,Subang,Ciasem,Ciasem Tengah
Jawa Barat,Subang,Ciasem,Sukahaji
Jawa Barat,Subang,Ciasem,Ciasem Hilir
Jawa Barat,Subang,Sukasari,Mandalawangi
Jawa Barat,Subang,Ciasem,Ciasem Baru
Jawa Barat,Subang,Ciasem,Ciasem Girang
Jawa Barat,Subang,Ciasem,Pinangsari
Jawa Barat,Subang,Blanakan,Rawamekar
Jawa Barat,Subang,Blanakan,Cilamayahilir
Jawa Barat,Subang,Blanakan,Blanakan
Jawa Barat,Subang,Blanakan,Langensari
Jawa Barat,Subang,Blanakan,Jayamukti
Jawa Barat,Subang,Blanakan,Muara
Jawa Barat,Subang,Blanakan,Rawameneng
Jawa Barat,Subang,Blanakan,Tanjungtiga
Jawa Barat,Subang,Blanakan,Cilamayagirang
Jawa Barat,Bekasi,Bojongmangu,Karangindah
Jawa Barat,Bekasi,Bojongmangu,Karangmulya
Jawa Barat,Bekasi,Cibarusah,Sirnajati
Jawa Barat,Bekasi,Cibarusah,Ridogalih
Jawa Barat,Bekasi,Bojongmangu,Bojongmangu
Jawa Barat,Bekasi,Cibarusah,Cibarusah Jaya
Jawa Barat,Bekasi,Cibarusah,Cibarusah Kota
Jawa Barat,Bekasi,Cibarusah,Ridomanah
Jawa Barat,Bekasi,Bojongmangu,Medalkrisna
Jawa Barat,Bekasi,Serang Baru,Nagacipta
Jawa Barat,Bekasi,Cibarusah,Sindangmulya
Jawa Barat,Bekasi,Cibarusah,Wibawamulya
Jawa Barat,Bekasi,Bojongmangu,Sukamukti
Jawa Barat,Bekasi,Serang Baru,Jayamulya
Jawa Barat,Bekasi,Bojongmangu,Sukabungah
Jawa Barat,Bekasi,Serang Baru,Sirnajaya
Jawa Barat,Bekasi,Setu,Muktijaya
Jawa Barat,Bekasi,Setu,Ragemanunggal
Jawa Barat,Bekasi,Serang Baru,Nagasari
Jawa Barat,Bekasi,Serang Baru,Sukaragam
Jawa Barat,Bekasi,Serang Baru,Cilangkara
Jawa Barat,Bekasi,Serang Baru,Sukasari
Jawa Barat,Bekasi,Setu,Cikarageman
Jawa Barat,Bekasi,Setu,Kertarahayu
Jawa Barat,Bekasi,Serang Baru,Jayasampurna
Jawa Barat,Bekasi,Cikarang Pusat,Sukamahi
Jawa Barat,Bekasi,Setu,Taman Sari
Jawa Barat,Bekasi,Setu,Taman Rahayu
Jawa Barat,Bekasi,Cikarang Pusat,Cicau
Jawa Barat,Bekasi,Cikarang Pusat,Pasiranji
Jawa Barat,Bekasi,Cikarang Selatan,Sukadami
Jawa Barat,Bekasi,Cikarang Selatan,Serang
Jawa Barat,Bekasi,Setu,Ciledug
Jawa Barat,Bekasi,Cikarang Selatan,Ciantra
Jawa Barat,Bekasi,Setu,Cibening
Jawa Barat,Bekasi,Cikarang Selatan,Sukasejati
Jawa Barat,Bekasi,Setu,Burangkeng
Jawa Barat,Bekasi,Cikarang Barat,Cikedokan
Jawa Barat,Bekasi,Cikarang Pusat,Pasirtanjung
Jawa Barat,Bekasi,Cikarang Pusat,Hegarmukti
Jawa Barat,Bekasi,Cikarang Selatan,Cibatu
Jawa Barat,Bekasi,Cikarang Barat,Telajung
Jawa Barat,Bekasi,Cikarang Selatan,Sukaresmi
Jawa Barat,Bekasi,Setu,Lubangbuaya
Jawa Barat,Bekasi,Setu,Cijengkol
Jawa Barat,Bekasi,Cikarang Barat,Jatiwangi
Jawa Barat,Bekasi,Cikarang Barat,Mekarwangi
Jawa Barat,Bekasi,Cikarang Pusat,Jayamukti
Jawa Barat,Bekasi,Cikarang Timur,Hegarmanah
Jawa Barat,Bekasi,Cikarang Selatan,Pasirsari
Jawa Barat,Bekasi,Cikarang Barat,Danau Indah
Jawa Barat,Bekasi,Cikarang Timur,Cipayung
Jawa Barat,Bekasi,Cikarang Utara,Wangunharja
Jawa Barat,Bekasi,Cikarang Timur,Sertajaya
Jawa Barat,Bekasi,Cikarang Utara,Mekarmukti
Jawa Barat,Bekasi,Cikarang Barat,Gandamekar
Jawa Barat,Bekasi,Tambun Selatan,Lambangjaya
Jawa Barat,Bekasi,Cikarang Timur,Labansari
Jawa Barat,Bekasi,Cikarang Timur,Jatireja
Jawa Barat,Bekasi,Cikarang Timur,Jatibaru
Jawa Barat,Bekasi,Cikarang Barat,Sukadanau
Jawa Barat,Bekasi,Cikarang Barat,Gandasari
Jawa Barat,Bekasi,Cikarang Utara,Pasirgombong
Jawa Barat,Bekasi,Tambun Selatan,Lambangsari
Jawa Barat,Bekasi,Cikarang Utara,Harjamekar
Jawa Barat,Bekasi,Cibitung,Cibuntu
Jawa Barat,Bekasi,Kedung Waringin,Bojongsari
Jawa Barat,Bekasi,Cikarang Utara,Simpangan
Jawa Barat,Bekasi,Cikarang Timur,Tanjungbaru
Jawa Barat,Bekasi,Tambun Selatan,Tambun
Jawa Barat,Bekasi,Tambun Selatan,Setiadarma
Jawa Barat,Bekasi,Cikarang Barat,Telaga Asih
Jawa Barat,Bekasi,Cikarang Utara,Tanjungsari
Jawa Barat,Bekasi,Cikarang Utara,Cikarangkota
Jawa Barat,Bekasi,Cikarang Utara,Karangbaru
Jawa Barat,Bekasi,Tambun Selatan,Jatimulya
Jawa Barat,Bekasi,Tambun Selatan,Mekarsari
Jawa Barat,Bekasi,Kedung Waringin,Kedungwaringin
Jawa Barat,Bekasi,Kedung Waringin,Waringinjaya
Jawa Barat,Bekasi,Cikarang Barat,Telagamurni
Jawa Barat,Bekasi,Kedung Waringin,Karangsambung
Jawa Barat,Bekasi,Cikarang Utara,Waluya
Jawa Barat,Bekasi,Cikarang Utara,Karangasih
Jawa Barat,Bekasi,Cikarang Utara,Karangraharja
Jawa Barat,Bekasi,Cikarang Barat,Kalijaya
Jawa Barat,Bekasi,Tambun Selatan,Tridaya Sakti
Jawa Barat,Bekasi,Tambun Selatan,Setiamekar
Jawa Barat,Bekasi,Kedung Waringin,Karangharum
Jawa Barat,Bekasi,Cikarang Timur,Karangsari
Jawa Barat,Bekasi,Cibitung,Wanajaya
Jawa Barat,Bekasi,Cibitung,Wanasari
Jawa Barat,Bekasi,Karang Bahagia,Karangrahayu
Jawa Barat,Bekasi,Cibitung,Sukajaya
Jawa Barat,Bekasi,Kedung Waringin,Karangmekar
Jawa Barat,Bekasi,Tambun Selatan,Mangunjaya
Jawa Barat,Bekasi,Karang Bahagia,Sukaraya
Jawa Barat,Bekasi,Kedung Waringin,Mekarjaya
Jawa Barat,Bekasi,Sukatani,Sukarukun
Jawa Barat,Bekasi,Tambun Utara,Karangsatria
Jawa Barat,Bekasi,Karang Bahagia,Karangsetia
Jawa Barat,Bekasi,Cibitung,Kertamukti
Jawa Barat,Bekasi,Tambun Utara,Satriajaya
Jawa Barat,Bekasi,Karang Bahagia,Karangmukti
Jawa Barat,Bekasi,Sukatani,Sukaasih
Jawa Barat,Bekasi,Cibitung,Muktiwari
Jawa Barat,Bekasi,Karang Bahagia,Karanganyar
Jawa Barat,Bekasi,Pebayuran,Bantarjaya
Jawa Barat,Bekasi,Karang Bahagia,Karangsatu
Jawa Barat,Bekasi,Tambun Selatan,Sumberjaya
Jawa Barat,Bekasi,Pebayuran,Bantarsari
Jawa Barat,Bekasi,Tambelang,Sukaraja
Jawa Barat,Bekasi,Tambun Utara,Jejalenjaya
Jawa Barat,Bekasi,Tambun Utara,Satriamekar
Jawa Barat,Bekasi,Pebayuran,Kertasari
Jawa Barat,Bekasi,Cibitung,Sarimukti
Jawa Barat,Bekasi,Karang Bahagia,Karangbahagia
Jawa Barat,Bekasi,Pebayuran,Kertajaya
Jawa Barat,Bekasi,Karang Bahagia,Karangsentosa
Jawa Barat,Bekasi,Babelan,Kebalen
Jawa Barat,Bekasi,Sukakarya,Sukamakmur
Jawa Barat,Bekasi,Tambelang,Sukarapih
Jawa Barat,Bekasi,Sukatani,Sukamanah
Jawa Barat,Bekasi,Pebayuran,Karangpatri
Jawa Barat,Bekasi,Babelan,Bahagia
Jawa Barat,Bekasi,Sukatani,Sukahurip
Jawa Barat,Bekasi,Sukatani,Banjarsari
Jawa Barat,Bekasi,Pebayuran,Karanghaur
Jawa Barat,Bekasi,Tambelang,Sukarahayu
Jawa Barat,Bekasi,Tambelang,Sukamaju
Jawa Barat,Bekasi,Tambun Utara,Sriamur
Jawa Barat,Bekasi,Tambun Utara,Srimahi
Jawa Barat,Bekasi,Tambun Utara,Srimukti
Jawa Barat,Bekasi,Tambun Utara,Srijaya
Jawa Barat,Bekasi,Babelan,Babelankota
Jawa Barat,Bekasi,Sukatani,Sukadarma
Jawa Barat,Bekasi,Sukatani,Sukamulya
Jawa Barat,Bekasi,Tambelang,Sukabakti
Jawa Barat,Bekasi,Tarumajaya,Setia Asih
Jawa Barat,Bekasi,Tambelang,Sukawijaya
Jawa Barat,Bekasi,Pebayuran,Sumbersari
Jawa Barat,Bekasi,Sukakarya,Sukajadi
Jawa Barat,Bekasi,Pebayuran,Karangreja
Jawa Barat,Bekasi,Sukakarya,Sukalaksana
Jawa Barat,Bekasi,Pebayuran,Karangjaya
Jawa Barat,Bekasi,Tambelang,Sukamantri
Jawa Barat,Bekasi,Pebayuran,Sumbereja
Jawa Barat,Bekasi,Tarumajaya,Pusaka Rakyat
Jawa Barat,Bekasi,Babelan,Kedungjaya
Jawa Barat,Bekasi,Tarumajaya,Pahlawan Setia
Jawa Barat,Bekasi,Tarumajaya,Setia Mulya
Jawa Barat,Bekasi,Sukawangi,Sukamekar
Jawa Barat,Bekasi,Babelan,Kedung Pengawas
Jawa Barat,Bekasi,Sukawangi,Sukadaya
Jawa Barat,Bekasi,Sukawangi,Sukawangi
Jawa Barat,Bekasi,Sukakarya,Sukakarsa
Jawa Barat,Bekasi,Sukawangi,Sukabudi
Jawa Barat,Bekasi,Sukakarya,Sukakarya
Jawa Barat,Bekasi,Pebayuran,Sumberurip
Jawa Barat,Bekasi,Pebayuran,Karangsegar
Jawa Barat,Bekasi,Sukakarya,Sukamurni
Jawa Barat,Bekasi,Sukakarya,Sukaindah
Jawa Barat,Bekasi,Pebayuran,Karangharja
Jawa Barat,Bekasi,Babelan,Muarabakti
Jawa Barat,Bekasi,Sukawangi,Sukakerta
Jawa Barat,Bekasi,Cabangbungin,Sindangsari
Jawa Barat,Bekasi,Tarumajaya,Sagara Makmur
Jawa Barat,Bekasi,Babelan,Bunibakti
Jawa Barat,Bekasi,Tarumajaya,Pantai Makmur
Jawa Barat,Bekasi,Cabangbungin,Jayalaksana
Jawa Barat,Bekasi,Tarumajaya,Segarajaya
Jawa Barat,Bekasi,Cabangbungin,Sindangjaya
Jawa Barat,Bekasi,Cabangbungin,Setialaksana
Jawa Barat,Bekasi,Tarumajaya,Samudra Jaya
Jawa Barat,Bekasi,Sukawangi,Sukatenang
Jawa Barat,Bekasi,Cabangbungin,Lenggahjaya
Jawa Barat,Bekasi,Cabangbungin,Jayabakti
Jawa Barat,Bekasi,Sukawangi,Sukaringin
Jawa Barat,Bekasi,Cabangbungin,Setiajaya
Jawa Barat,Bekasi,Babelan,Hurip Jaya
Jawa Barat,Bekasi,Babelan,Pantaihurip
Jawa Barat,Bekasi,Cabangbungin,Lenggahsari
Jawa Barat,Bekasi,Muaragembong,Pantai Harapanjaya
Jawa Barat,Bekasi,Muaragembong,Jayasakti
Jawa Barat,Bekasi,Muaragembong,Pantai Mekar
Jawa Barat,Bekasi,Muaragembong,Pantai Sederhana
Jawa Barat,Cianjur,Bojongpicung,Sukajaya
Jawa Barat,Cianjur,Cilaku,Sindangsari
Jawa Barat,Cianjur,Gekbrong,Cikancana
Jawa Barat,Cianjur,Cilaku,Mulyasari
Jawa Barat,Cianjur,Cilaku,Sukakerta
Jawa Barat,Cianjur,Warungkondang,Cikaroya
Jawa Barat,Cianjur,Gekbrong,Sukaratu
Jawa Barat,Cianjur,Gekbrong,Cikahuripan
Jawa Barat,Cianjur,Bojongpicung,Cikondang
Jawa Barat,Cianjur,Cilaku,Sukasari
Jawa Barat,Cianjur,Warungkondang,Cieundeur
Jawa Barat,Cianjur,Gekbrong,Bangbayang
Jawa Barat,Cianjur,Bojongpicung,Jatisari
Jawa Barat,Cianjur,Bojongpicung,Cibarengkok
Jawa Barat,Cianjur,Warungkondang,Jambudipa
Jawa Barat,Cianjur,Sukaluyu,Panyusuhan
Jawa Barat,Cianjur,Gekbrong,Songgom
Jawa Barat,Cianjur,Sukaluyu,Mekarjaya
Jawa Barat,Cianjur,Bojongpicung,Sukaratu
Jawa Barat,Cianjur,Warungkondang,Ciwalen
Jawa Barat,Cianjur,Warungkondang,Bunisari
Jawa Barat,Cianjur,Cilaku,Cibinonghilir
Jawa Barat,Cianjur,Bojongpicung,Jati
Jawa Barat,Cianjur,Sukaluyu,Sukaluyu
Jawa Barat,Cianjur,Cilaku,Ciharashas
Jawa Barat,Cianjur,Cilaku,Rahong
Jawa Barat,Cianjur,Cilaku,Sirnagalih
Jawa Barat,Cianjur,Bojongpicung,Bojongpicung
Jawa Barat,Cianjur,Haurwangi,Cihea
Jawa Barat,Cianjur,Warungkondang,Sukawangi
Jawa Barat,Cianjur,Cilaku,Munjul
Jawa Barat,Cianjur,Haurwangi,Mekarwangi/Sukatani
Jawa Barat,Cianjur,Cilaku,Rancagoong
Jawa Barat,Cianjur,Bojongpicung,Neglasari
Jawa Barat,Cianjur,Karangtengah,Langensari
Jawa Barat,Cianjur,Cianjur,Sukamaju
Jawa Barat,Cianjur,Cugenang,Sukajaya
Jawa Barat,Cianjur,Warungkondang,Mekarwangi
Jawa Barat,Cianjur,Ciranjang,Nanggalamekar
Jawa Barat,Cianjur,Sukaluyu,Babakansari
Jawa Barat,Cianjur,Karangtengah,Sindangasih
Jawa Barat,Cianjur,Haurwangi,Ramasari
Jawa Barat,Cianjur,Haurwangi,Haurwangi
Jawa Barat,Cianjur,Cianjur,Sayang
Jawa Barat,Cianjur,Karangtengah,Sukamanah
Jawa Barat,Cianjur,Cianjur,Nagrak
Jawa Barat,Cianjur,Gekbrong,Gekbrong
Jawa Barat,Cianjur,Cianjur,Sawahgede
Jawa Barat,Cianjur,Bojongpicung,Hegarmanah
Jawa Barat,Cianjur,Cugenang,Cibulakan
Jawa Barat,Cianjur,Karangtengah,Maleber
Jawa Barat,Cianjur,Haurwangi,Mekarwangi
Jawa Barat,Cianjur,Ciranjang,Mekargalih
Jawa Barat,Cianjur,Sukaluyu,Sukamulya
Jawa Barat,Cianjur,Cianjur,Solokpandan
Jawa Barat,Cianjur,Sukaluyu,Tanjungsari
Jawa Barat,Cianjur,Cianjur,Pamoyanan
Jawa Barat,Cianjur,Karangtengah,Sukasari
Jawa Barat,Cianjur,Cianjur,Limbangansari
Jawa Barat,Cianjur,Cugenang,Talaga
Jawa Barat,Cianjur,Haurwangi,Kertasari
Jawa Barat,Cianjur,Ciranjang,Karangwangi
Jawa Barat,Cianjur,Cugenang,Benjot
Jawa Barat,Cianjur,Cianjur,Mekarsari
Jawa Barat,Cianjur,Karangtengah,Sabandar
Jawa Barat,Cianjur,Cugenang,Gasol
Jawa Barat,Cianjur,Cianjur,Muka
Jawa Barat,Cianjur,Gekbrong,Kebonpeuteuy
Jawa Barat,Cianjur,Sukaluyu,Selajambe
Jawa Barat,Cianjur,Ciranjang,Cibiuk
Jawa Barat,Cianjur,Cianjur,Bojongherang
Jawa Barat,Cianjur,Ciranjang,Ciranjang
Jawa Barat,Cianjur,Warungkondang,Tegallega
Jawa Barat,Cianjur,Haurwangi,Cipeuyeum
Jawa Barat,Cianjur,Cugenang,Sarampad
Jawa Barat,Cianjur,Cugenang,Sukamanah
Jawa Barat,Cianjur,Warungkondang,Bunikasih
Jawa Barat,Cianjur,Karangtengah,Hegarmanah
Jawa Barat,Cianjur,Cugenang,Padaluyu
Jawa Barat,Cianjur,Cugenang,Mangunkerta
Jawa Barat,Cianjur,Cugenang,Cirumput
Jawa Barat,Cianjur,Karangtengah,Babakancaringin
Jawa Barat,Cianjur,Haurwangi,Kertamukti
Jawa Barat,Cianjur,Karangtengah,Bojong
Jawa Barat,Cianjur,Karangtengah,Sukataris
Jawa Barat,Cianjur,Sukaluyu,Hegarmanah
Jawa Barat,Cianjur,Sukaluyu,Sukasirna
Jawa Barat,Cianjur,Cugenang,Nyalindung
Jawa Barat,Cianjur,Ciranjang,Gunungsari
Jawa Barat,Cianjur,Cianjur,Babakankaret
Jawa Barat,Cianjur,Cugenang,Sukamulya
Jawa Barat,Cianjur,Karangtengah,Sukamulya
Jawa Barat,Cianjur,Karangtengah,Ciherang
Jawa Barat,Cianjur,Karangtengah,Sukamantri
Jawa Barat,Cianjur,Karangtengah,Sukasarana
Jawa Barat,Cianjur,Cugenang,Cibeureum
Jawa Barat,Cianjur,Karangtengah,Sindanglaka
Jawa Barat,Cianjur,Cugenang,Galudra
Jawa Barat,Cianjur,Ciranjang,Kertajaya
Jawa Barat,Cianjur,Ciranjang,Sindangsari
Jawa Barat,Cianjur,Cugenang,Cijedil
Jawa Barat,Cianjur,Sukaluyu,Sidangraja
Jawa Barat,Cianjur,Mande,Kademangan
Jawa Barat,Cianjur,Ciranjang,Sindangjaya
Jawa Barat,Cianjur,Pacet,Ciputri
Jawa Barat,Cianjur,Cugenang,Wangunjaya
Jawa Barat,Cianjur,Mande,Leuwikoja
Jawa Barat,Cianjur,Karangtengah,Sukajadi
Jawa Barat,Cianjur,Mande,Mekarjaya
Jawa Barat,Cianjur,Pacet,Ciherang
Jawa Barat,Cianjur,Mande,Sukamanah
Jawa Barat,Cianjur,Mande,Cikidangbayabang
Jawa Barat,Cianjur,Mande,Kutawaringin
Jawa Barat,Cianjur,Mande,Bobojong
Jawa Barat,Cianjur,Pacet,Cipendawa
Jawa Barat,Cianjur,Mande,Mulyasari
Jawa Barat,Cianjur,Mande,Murnisari
Jawa Barat,Cianjur,Mande,Jamali
Jawa Barat,Cianjur,Pacet,Sukatani
Jawa Barat,Cianjur,Sukaresmi,Pakuon
Jawa Barat,Cianjur,Mande,Ciandam
Jawa Barat,Cianjur,Cipanas,Cipanas
Jawa Barat,Cianjur,Sukaresmi,Cikanyere
Jawa Barat,Cianjur,Cipanas,Sindangjaya
Jawa Barat,Cianjur,Mande,Mande
Jawa Barat,Cianjur,Cikalongkulon,Mentengsari
Jawa Barat,Cianjur,Cikalongkulon,Cinangsi
Jawa Barat,Cianjur,Pacet,Gadog
Jawa Barat,Cianjur,Pacet,Cibodas
Jawa Barat,Cianjur,Cipanas,Sindanglaya
Jawa Barat,Cianjur,Sukaresmi,Kawungluwuk
Jawa Barat,Cianjur,Sukaresmi,Sukaresmi
Jawa Barat,Cianjur,Cipanas,Cimacan
Jawa Barat,Cianjur,Cikalongkulon,Padajaya
Jawa Barat,Cianjur,Cikalongkulon,Sukagalih
Jawa Barat,Cianjur,Cikalongkulon,Gudang
Jawa Barat,Cianjur,Cipanas,Palasari
Jawa Barat,Cianjur,Cipanas,Ciloto
Jawa Barat,Cianjur,Sukaresmi,Ciwalen
Jawa Barat,Cianjur,Cikalongkulon,Kamurang
Jawa Barat,Cianjur,Cikalongkulon,Warudoyong
Jawa Barat,Cianjur,Cikalongkulon,Majalaya
Jawa Barat,Cianjur,Pacet,Sukanagalih
Jawa Barat,Cianjur,Sukaresmi,Cibadak
Jawa Barat,Cianjur,Sukaresmi,Cikancana
Jawa Barat,Cianjur,Cikalongkulon,Lembahsari
Jawa Barat,Cianjur,Cikalongkulon,Neglasari
Jawa Barat,Cianjur,Cikalongkulon,Cijagang
Jawa Barat,Cianjur,Sukaresmi,Sukamahi
Jawa Barat,Cianjur,Sukaresmi,Kubang
Jawa Barat,Cianjur,Sukaresmi,Cibanteng
Jawa Barat,Cianjur,Cikalongkulon,Sukamulya
Jawa Barat,Cianjur,Sukaresmi,Rawabelut
Jawa Barat,Cianjur,Cikalongkulon,Mekarjaya
Jawa Barat,Cianjur,Cipanas,Batulawang
Jawa Barat,Cianjur,Cikalongkulon,Ciramagirang
Jawa Barat,Cianjur,Cikalongkulon,Mekarsari
Jawa Barat,Cianjur,Cikalongkulon,Mekarmulya
Jawa Barat,Cianjur,Cikalongkulon,Mekargalih
Jawa Barat,Cianjur,Cikalongkulon,Cigunungherang
Jawa Barat,Bandung,Cilengkrang,Jatiendah
Jawa Barat,Bandung,Cimenyan,Padasuka
Jawa Barat,Bandung,Cilengkrang,Cilengkrang
Jawa Barat,Bandung,Cimenyan,Sindanglaya
Jawa Barat,Bandung,Cimenyan,Cikadut
Jawa Barat,Bandung,Cilengkrang,Ciporeat
Jawa Barat,Bandung,Cilengkrang,Melatiwangi
Jawa Barat,Bandung,Cimenyan,Mandalamekar
Jawa Barat,Bandung,Cimenyan,Mekarsaluyu
Jawa Barat,Bandung,Cilengkrang,Girimekar
Jawa Barat,Bandung,Cimenyan,Mekarmanik
Jawa Barat,Bandung,Cimenyan,Ciburial
Jawa Barat,Bandung,Cimenyan,Cimenyan
Jawa Barat,Bandung,Cimenyan,Cibeunying
Jawa Barat,Bogor,Cibinong,Harapanjaya
Jawa Barat,Cirebon,Gunung Jati,Adidharma
Jawa Barat,Sumedang,Situraja,Ambit
Jawa Barat,Cirebon,Losari,Ambulu
Jawa Barat,Indramayu,Cikedung,Amis
Jawa Barat,Majalengka,Ligung,Ampel
Jawa Barat,Majalengka,Jatiwangi,Andir
Jawa Barat,Majalengka,Maja,Anggrawati
Jawa Barat,Indramayu,Anjatan,Anjatan
Jawa Barat,Indramayu,Anjatan,Anjatan Baru
Jawa Barat,Indramayu,Anjatan,Anjatan Utara
Jawa Barat,Indramayu,Arahan,Arahan Kidul
Jawa Barat,Indramayu,Arahan,Arahan Lor
Jawa Barat,Majalengka,Argapura,Argalingga
Jawa Barat,Cirebon,Harjamukti,Argasunya
Jawa Barat,Indramayu,Patrol,Arjasari
Jawa Barat,Cirebon,Arjawinangun,Arjawinangun
Jawa Barat,Cirebon,Lemahabang,Asem
Jawa Barat,Cirebon,Gunung Jati,Astana
Jawa Barat,Cirebon,Pangenan,Astanamukti
Jawa Barat,Cirebon,Astanajapura,Astanajapura
Jawa Barat,Cirebon,Losari,Astanalanggar
Jawa Barat,Cirebon,Tengah Tani,Astapada
Jawa Barat,Sumedang,Tanjungkerta,Awilega
Jawa Barat,Cirebon,Gunung Jati,Babadan
Jawa Barat,Indramayu,Sindang,Babadan
Jawa Barat,Majalengka,Jatitujuh,Babajurang
Jawa Barat,Cirebon,Babakan,Babakan
Jawa Barat,Cirebon,Sumber,Babakan
Jawa Barat,Cirebon,Ciwaringin,Babakan
Jawa Barat,Majalengka,Kertajati,Babakan
Jawa Barat,Sumedang,Conggeang,Babakan Asem
Jawa Barat,Cirebon,Babakan,Babakan Gebang
Jawa Barat,Majalengka,Majalengka,Babakan Jawa
Jawa Barat,Cirebon,Pabedilan,Babakan Losari
Jawa Barat,Cirebon,Pabedilan,Babakan Losari Lor
Jawa Barat,Majalengka,Kadipaten,Babakananyar
Jawa Barat,Indramayu,Gabuswetan,Babakanjaya
Jawa Barat,Majalengka,Rajagaluh,Babakankareo
Jawa Barat,Majalengka,Sukahaji,Babakanmanjeti
Jawa Barat,Sumedang,Sumedang Selatan,Baginda
Jawa Barat,Cirebon,Jamblang,Bakung Kidul
Jawa Barat,Cirebon,Jamblang,Bakung Lor
Jawa Barat,Cirebon,Dukupuntang,Balad
Jawa Barat,Majalengka,Sindangwangi,Balagedog
Jawa Barat,Indramayu,Gantar,Balareja
Jawa Barat,Cirebon,Palimanan,Balerante
Jawa Barat,Majalengka,Dawuan,Balida
Jawa Barat,Indramayu,Balongan,Balongan
Jawa Barat,Cirebon,Mundu,Bandengan
Jawa Barat,Indramayu,Widasari,Bangkaloa Ilir
Jawa Barat,Cirebon,Klangenan,Bangodua
Jawa Barat,Indramayu,Bangodua,Bangodua
Jawa Barat,Majalengka,Maja,Banjaran
Jawa Barat,Majalengka,Sumberjaya,Banjaran
Jawa Barat,Cirebon,Mundu,Banjarwangunan
Jawa Barat,Majalengka,Sindangwangi,Bantaragung
Jawa Barat,Majalengka,Kertajati,Bantarjati
Jawa Barat,Sumedang,Cisarua,Bantarmara
Jawa Barat,Majalengka,Ligung,Bantarwaru
Jawa Barat,Indramayu,Gantar,Bantarwaru
Jawa Barat,Majalengka,Panyingkiran,Bantrangsana
Jawa Barat,Sumedang,Tanjungkerta,Banyuasih
Jawa Barat,Majalengka,Cigasong,Baribis
Jawa Barat,Cirebon,Losari,Barisan
Jawa Barat,Cirebon,Tengah Tani,Battembat
Jawa Barat,Majalengka,Cigasong,Batujaya
Jawa Barat,Majalengka,Dawuan,Baturuyuk
Jawa Barat,Cirebon,Gegesik,Bayalangu Kidul
Jawa Barat,Cirebon,Gegesik,Bayalangu Lor
Jawa Barat,Majalengka,Sindang,Bayureja
Jawa Barat,Cirebon,Beber,Beber
Jawa Barat,Majalengka,Ligung,Beber
Jawa Barat,Cirebon,Palimanan,Beberan
Jawa Barat,Indramayu,Bangodua,Beduyut
Jawa Barat,Cirebon,Lemahabang,Belawa
Jawa Barat,Indramayu,Karangampel,Benda
Jawa Barat,Cirebon,Pangenan,Bendungan
Jawa Barat,Cirebon,Pangenan,Beringin
Jawa Barat,Majalengka,Ligung,Beusi
Jawa Barat,Majalengka,Jatitujuh,Biyawak
Jawa Barat,Cirebon,Karangwareng,Blender
Jawa Barat,Cirebon,Dukupuntang,Bobos
Jawa Barat,Cirebon,Plumbon,Bode Lor
Jawa Barat,Cirebon,Plumbon,Bodesari
Jawa Barat,Indramayu,Sukra,Bogor
Jawa Barat,Cirebon,Susukan,Bojong Kulon
Jawa Barat,Cirebon,Jamblang,Bojong Lor
Jawa Barat,Cirebon,Jamblang,Bojong Wetan
Jawa Barat,Majalengka,Dawuan,Bojongcideres
Jawa Barat,Cirebon,Babakan,Bojonggebang
Jawa Barat,Sumedang,Buahdua,Bojongloa
Jawa Barat,Cirebon,Ciledug,Bojongnegara
Jawa Barat,Indramayu,Indramayu,Bojongsari
Jawa Barat,Indramayu,Lohbener,Bojongslawi
Jawa Barat,Majalengka,Panyingkiran,Bonang
Jawa Barat,Indramayu,Sukagumiwang,Bondan
Jawa Barat,Indramayu,Bongas,Bongas
Jawa Barat,Majalengka,Sumberjaya,Bongas Kulon
Jawa Barat,Majalengka,Sumberjaya,Bongas Wetan
Jawa Barat,Sumedang,Paseh,Bongkok
Jawa Barat,Sumedang,Tanjungkerta,Boros
Jawa Barat,Cirebon,Ciwaringin,Bringin
Jawa Barat,Indramayu,Pasekan,Brondong
Jawa Barat,Sumedang,Buahdua,Buahdua
Jawa Barat,Majalengka,Sindangwangi,Buahkapas
Jawa Barat,Cirebon,Ciwaringin,Budur
Jawa Barat,Indramayu,Patrol,Bugel
Jawa Barat,Sumedang,Tomo,Bugel
Jawa Barat,Indramayu,Anjatan,Bugis
Jawa Barat,Indramayu,Anjatan,Bugistua
Jawa Barat,Cirebon,Arjawinangun,Bulak
Jawa Barat,Indramayu,Jatibarang,Bulak
Jawa Barat,Indramayu,Kandanghaur,Bulak
Jawa Barat,Indramayu,Jatibarang,Bulak Lor
Jawa Barat,Cirebon,Susukan,Bunder
Jawa Barat,Indramayu,Widasari,Bunder
Jawa Barat,Cirebon,Kapetakan,Bungko
Jawa Barat,Cirebon,Kapetakan,Bungko Lor
Jawa Barat,Majalengka,Palasah,Buniwangi
Jawa Barat,Cirebon,Astanajapura,Buntet
Jawa Barat,Majalengka,Ligung,Buntu
Jawa Barat,Majalengka,Jatiwangi,Burujul Kulon
Jawa Barat,Majalengka,Jatiwangi,Burujul Wetan
Jawa Barat,Cirebon,Gunung Jati,Buyut
Jawa Barat,Sumedang,Conggeang,Cacaban
Jawa Barat,Indramayu,Sukagumiwang,Cadang Pinggan
Jawa Barat,Majalengka,Sukahaji,Candrajaya
Jawa Barat,Indramayu,Kedokan Bunder,Cangkingan
Jawa Barat,Indramayu,Tukdana,Cangko
Jawa Barat,Cirebon,Dukupuntang,Cangkoak
Jawa Barat,Indramayu,Cantigi,Cangkring
Jawa Barat,Cirebon,Babakan,Cangkuang
Jawa Barat,Cirebon,Plered,Cangkring
Jawa Barat,Indramayu,Cantigi,Cantigi Kulon
Jawa Barat,Indramayu,Cantigi,Cantigi Wetan
Jawa Barat,Indramayu,Cantigi,Cemara
Jawa Barat,Indramayu,Losarang,Cemara Kulon
Jawa Barat,Cirebon,Talun,Cempaka
Jawa Barat,Cirebon,Plumbon,Cempaka
Jawa Barat,Indramayu,Lelea,Cempeh
Jawa Barat,Cirebon,Palimanan,Cengkuang
Jawa Barat,Cirebon,Palimanan,Ciawi
Jawa Barat,Cirebon,Susukan Lebak,Ciawi Asih
Jawa Barat,Cirebon,Beber,Ciawigajah
Jawa Barat,Cirebon,Susukan Lebak,Ciawijapura
Jawa Barat,Sumedang,Buahdua,Ciawitali
Jawa Barat,Indramayu,Sukagumiwang,Cibeber
Jawa Barat,Majalengka,Jatiwangi,Cibentar
Jawa Barat,Indramayu,Terisi,Cibereng
Jawa Barat,Sumedang,Cimalaka,Cibeureum Kulon
Jawa Barat,Sumedang,Cimalaka,Cibeureum Wetan
Jawa Barat,Sumedang,Conggeang,Cibeureuyeuh
Jawa Barat,Sumedang,Buahdua,Cibitung
Jawa Barat,Majalengka,Majalengka,Cibodas
Jawa Barat,Cirebon,Waled,Cibogo
Jawa Barat,Majalengka,Ligung,Cibogor
Jawa Barat,Majalengka,Jatiwangi,Cibolerang
Jawa Barat,Sumedang,Conggeang,Cibubuan
Jawa Barat,Sumedang,Ujungjaya,Cibuluh
Jawa Barat,Sumedang,Rancakalong,Cibunar
Jawa Barat,Sumedang,Rancakalong,Cibungur
Jawa Barat,Majalengka,Jatiwangi,Cicadas
Jawa Barat,Majalengka,Maja,Cicalung
Jawa Barat,Sumedang,Situraja,Cicarimanah
Jawa Barat,Majalengka,Cigasong,Cicenang
Jawa Barat,Majalengka,Majalengka,Cicurug
Jawa Barat,Indramayu,Arahan,Cidempet
Jawa Barat,Majalengka,Sumberjaya,Cidenok
Jawa Barat,Majalengka,Maja,Cieurih
Jawa Barat,Majalengka,Cigasong,Cigasong
Jawa Barat,Sumedang,Pamulihan,Cigendel
Jawa Barat,Sumedang,Tanjungkerta,Cigentur
Jawa Barat,Sumedang,Cisitu,Cigintung
Jawa Barat,Sumedang,Sumedang Selatan,Ciherang
Jawa Barat,Sumedang,Paseh,Cijambe
Jawa Barat,Sumedang,Tanjungsari,Cijambu
Jawa Barat,Majalengka,Majalengka,Cijati
Jawa Barat,Sumedang,Situraja,Cijati
Jawa Barat,Sumedang,Situraja,Cijeler
Jawa Barat,Sumedang,Pamulihan,Cijeruk
Jawa Barat,Sumedang,Jatigede,Cijeungjing
Jawa Barat,Majalengka,Panyingkiran,Cijurey
Jawa Barat,Sumedang,Situraja,Cikadu
Jawa Barat,Cirebon,Dukupuntang,Cikalahang
Jawa Barat,Majalengka,Sukahaji,Cikalong
Jawa Barat,Cirebon,Beber,Cikancas
Jawa Barat,Majalengka,Argapura,Cikaracak
Jawa Barat,Sumedang,Tanjungmedar,Cikaramas
Jawa Barat,Majalengka,Majalengka,Cikasarung
Jawa Barat,Indramayu,Terisi,Cikawung
Jawa Barat,Cirebon,Depok,Cikeduk
Jawa Barat,Indramayu,Cikedung,Cikedung Lor
Jawa Barat,Cirebon,Gempol,Cikeusal
Jawa Barat,Sumedang,Darmaraja,Cikeusi
Jawa Barat,Majalengka,Sukahaji,Cikeusik
Jawa Barat,Indramayu,Cikedung,Cikidung
Jawa Barat,Sumedang,Cimalaka,Cikole
Jawa Barat,Sumedang,Ganeas,Cikondang
Jawa Barat,Majalengka,Sukahaji,Cikoneng
Jawa Barat,Sumedang,Ganeas,Cikoneng
Jawa Barat,Sumedang,Ganeas,Cikonengkulon
Jawa Barat,Cirebon,Waled,Cikulak
Jawa Barat,Cirebon,Waled,Cikulak Kidul
Jawa Barat,Sumedang,Buahdua,Cikurubuk
Jawa Barat,Indramayu,Anjatan,Cilandak
Jawa Barat,Indramayu,Anjatan,Cilandak Lor
Jawa Barat,Sumedang,Buahdua,Cilangkap
Jawa Barat,Sumedang,Jatinangor,Cilayung
Jawa Barat,Cirebon,Ciledug,Ciledug Kulon
Jawa Barat,Cirebon,Ciledug,Ciledug Lor
Jawa Barat,Cirebon,Ciledug,Ciledug Tengah
Jawa Barat,Sumedang,Cisitu,Cilopang
Jawa Barat,Cirebon,Palimanan,Cilukrak
Jawa Barat,Sumedang,Cimalaka,Cimalaka
Jawa Barat,Sumedang,Cisarua,Cimara
Jawa Barat,Sumedang,Cimalaka,Cimuja
Jawa Barat,Sumedang,Cisitu,Cinangsi
Jawa Barat,Sumedang,Jatigede,Cintajaya
Jawa Barat,Majalengka,Sukahaji,Ciomas
Jawa Barat,Indramayu,Bongas,Cipaat
Jawa Barat,Majalengka,Kadipaten,Cipaku
Jawa Barat,Sumedang,Conggeang,Cipamekar
Jawa Barat,Sumedang,Sumedang Selatan,Cipameungpeuk
Jawa Barat,Cirebon,Dukupuntang,Cipanas
Jawa Barat,Sumedang,Tanjungkerta,Cipanas
Jawa Barat,Indramayu,Haurgeulis,Cipancuh
Jawa Barat,Sumedang,Cisarua,Cipandanwangi
Jawa Barat,Majalengka,Leuwimunding,Ciparay
Jawa Barat,Indramayu,Bongas,Cipedang
Jawa Barat,Sumedang,Ujungjaya,Cipelang
Jawa Barat,Sumedang,Tomo,Cipeles
Jawa Barat,Cirebon,Talun,Ciperna
Jawa Barat,Cirebon,Lemahabang,Cipeujeuh Kulon
Jawa Barat,Cirebon,Lemahabang,Cipeujeuh Wetan
Jawa Barat,Majalengka,Maja,Cipicung
Jawa Barat,Sumedang,Jatigede,Cipicung
Jawa Barat,Cirebon,Beber,Cipinang
Jawa Barat,Majalengka,Rajagaluh,Cipinang
Jawa Barat,Sumedang,Pamulihan,Ciptasari
Jawa Barat,Cirebon,Talun,Cirebon Girang
Jawa Barat,Cirebon,Waled,Cisaat
Jawa Barat,Cirebon,Dukupuntang,Cisaat
Jawa Barat,Sumedang,Cisarua,Cisalak
Jawa Barat,Majalengka,Palasah,Cisambeng
Jawa Barat,Sumedang,Jatigede,Cisampih
Jawa Barat,Sumedang,Cisarua,Cisarua
Jawa Barat,Majalengka,Rajagaluh,Cisetu
Jawa Barat,Sumedang,Cisitu,Cisitu
Jawa Barat,Sumedang,Buahdua,Citaleus
Jawa Barat,Sumedang,Pamulihan,Citali
Jawa Barat,Cirebon,Mundu,Citemu
Jawa Barat,Sumedang,Paseh,Citepok
Jawa Barat,Sumedang,Cimalaka,Citimun
Jawa Barat,Sumedang,Cisarua,Ciuyah
Jawa Barat,Cirebon,Ciwaringin,Ciwaringin
Jawa Barat,Sumedang,Conggeang,Conggeang Kulon
Jawa Barat,Sumedang,Conggeang,Conggeang Wetan
Jawa Barat,Cirebon,Gempol,Cupang
Jawa Barat,Cirebon,Susukan Lebak,Curug
Jawa Barat,Indramayu,Kandanghaur,Curug
Jawa Barat,Cirebon,Susukan Lebak,Curug Wetan
Jawa Barat,Indramayu,Juntinyuat,Dadap
Jawa Barat,Cirebon,Ciledug,Damarguna
Jawa Barat,Cirebon,Plumbon,Danamulya
Jawa Barat,Cirebon,Klangenan,Danawinangun
Jawa Barat,Sumedang,Tomo,Darmawangi
Jawa Barat,Cirebon,Tengah Tani,Dawuan
Jawa Barat,Majalengka,Dawuan,Dawuan
Jawa Barat,Sumedang,Ganeas,Dayeuhluhur
Jawa Barat,Cirebon,Depok,Depok
Jawa Barat,Indramayu,Sindang,Dermayu
Jawa Barat,Cirebon,Gebang,Dompyong Kulon
Jawa Barat,Cirebon,Gebang,Dompyong Wetan
Jawa Barat,Cirebon,Kesambi,Drajat
Jawa Barat,Indramayu,Gabuswetan,Drunten Kulon
Jawa Barat,Indramayu,Gabuswetan,Drunten Wetan
Jawa Barat,Cirebon,Kapetakan,Dukuh
Jawa Barat,Indramayu,Indramayu,Dukuh
Jawa Barat,Indramayu,Karangampel,Dukuh Jeruk
Jawa Barat,Indramayu,Karangampel,Dukuh Tengah
Jawa Barat,Indramayu,Krangkeng,Dukuhjati
Jawa Barat,Cirebon,Pabedilan,Dukuhwidara
Jawa Barat,Cirebon,Dukupuntang,Dukupuntang
Jawa Barat,Cirebon,Greged,Durajaya
Jawa Barat,Cirebon,Pangenan,Ender
Jawa Barat,Majalengka,Palasah,Enggalwangi
Jawa Barat,Indramayu,Kandanghaur,Eretan Kulon
Jawa Barat,Indramayu,Kandanghaur,Eretan Wetan
Jawa Barat,Indramayu,Gabuswetan,Gabus Kulon
Jawa Barat,Indramayu,Gabuswetan,Gabuswetan
Jawa Barat,Indramayu,Sliyeg,Gadingan
Jawa Barat,Cirebon,Gebang,Gagasari
Jawa Barat,Cirebon,Ciwaringin,Galagamba
Jawa Barat,Sumedang,Cimalaka,Galudra
Jawa Barat,Cirebon,Plered,Gamel
Jawa Barat,Majalengka,Kasokandel,Gandasari
Jawa Barat,Majalengka,Ligung,Gandawesi
Jawa Barat,Majalengka,Dawuan,Gandu
Jawa Barat,Sumedang,Ganeas,Ganeas
Jawa Barat,Indramayu,Gantar,Gantar
Jawa Barat,Majalengka,Sumberjaya,Garawangi
Jawa Barat,Majalengka,Sindang,Garawastu
Jawa Barat,Cirebon,Gebang,Gebang
Jawa Barat,Cirebon,Gebang,Gebang Ilir
Jawa Barat,Cirebon,Gebang,Gebang Kulon
Jawa Barat,Cirebon,Gebang,Gebang Mekar
Jawa Barat,Cirebon,Gebang,Gebang Udik
Jawa Barat,Indramayu,Sukagumiwang,Gedangan
Jawa Barat,Cirebon,Gegesik,Gegesik Kidul
Jawa Barat,Cirebon,Gegesik,Gegesik Kulon
Jawa Barat,Cirebon,Gegesik,Gegesik Lor
Jawa Barat,Cirebon,Gegesik,Gegesik Wetan
Jawa Barat,Cirebon,Sumber,Gegunung
Jawa Barat,Indramayu,Balongan,Gelarmendala
Jawa Barat,Majalengka,Sumberjaya,Gelok Mulya
Jawa Barat,Cirebon,Babakan,Gembongan
Jawa Barat,Cirebon,Babakan,Gembongan Mekar
Jawa Barat,Cirebon,Gempol,Gempol
Jawa Barat,Sumedang,Buahdua,Gendereh
Jawa Barat,Majalengka,Dawuan,Genteng
Jawa Barat,Cirebon,Tengah Tani,Gesik
Jawa Barat,Cirebon,Depok,Getasan
Jawa Barat,Cirebon,Pangenan,Getrakmoyan
Jawa Barat,Cirebon,Arjawinangun,Geyongan
Jawa Barat,Cirebon,Ciwaringin,Gintung Kidul
Jawa Barat,Cirebon,Susukan,Gintung Lor
Jawa Barat,Cirebon,Ciwaringin,Gintung Tengah
Jawa Barat,Cirebon,Ciwaringin,Gintungranjeng
Jawa Barat,Majalengka,Kasokandel,Girimukti
Jawa Barat,Sumedang,Sumedang Utara,Girimukti
Jawa Barat,Cirebon,Dukupuntang,Girinata
Jawa Barat,Cirebon,Plumbon,Gombang
Jawa Barat,Cirebon,Greged,Greged
Jawa Barat,Cirebon,Gunung Jati,Grogol
Jawa Barat,Cirebon,Kapetakan,Grogol
Jawa Barat,Sumedang,Tanjungsari,Gudang
Jawa Barat,Cirebon,Panguragan,Gujeg
Jawa Barat,Cirebon,Greged,Gumulung Lebak
Jawa Barat,Cirebon,Greged,Gumulung Tonggoh
Jawa Barat,Sumedang,Sumedang Selatan,Gunasari
Jawa Barat,Sumedang,Tanjungkerta,Gunturmekar
Jawa Barat,Majalengka,Sindang,Gunungkuning
Jawa Barat,Cirebon,Waled,Gunungsari
Jawa Barat,Majalengka,Kasokandel,Gunungsari
Jawa Barat,Indramayu,Sukagumiwang,Gunungsari
Jawa Barat,Majalengka,Argapura,Gunungwangi
Jawa Barat,Cirebon,Kaliwedi,Guwa Kidul
Jawa Barat,Cirebon,Beber,Halimpu
Jawa Barat,Sumedang,Buahdua,Hariang
Jawa Barat,Cirebon,Harjamukti,Harjamukti
Jawa Barat,Indramayu,Haurgeulis,Haurgeulis
Jawa Barat,Indramayu,Haurgeulis,Haurkolot
Jawa Barat,Sumedang,Paseh,Haurkuning
Jawa Barat,Majalengka,Argapura,Haurseah
Jawa Barat,Majalengka,Argapura,Heubeulisuk
Jawa Barat,Majalengka,Leuwimunding,Heuleut
Jawa Barat,Majalengka,Kadipaten,Heuleut
Jawa Barat,Cirebon,Pabuaran,Hulubanteng
Jawa Barat,Cirebon,Pabuaran,Hulubanteng Lor
Jawa Barat,Indramayu,Kandanghaur,Ilir
Jawa Barat,Majalengka,Sindang,Indrakila
Jawa Barat,Cirebon,Gunung Jati,Jadimulya
Jawa Barat,Cirebon,Gegesik,Jagapura Kidul
Jawa Barat,Cirebon,Gegesik,Jagapura Kulon
Jawa Barat,Cirebon,Gegesik,Jagapura Lor
Jawa Barat,Cirebon,Gegesik,Jagapura Wetan
Jawa Barat,Cirebon,Pekalipan,Jagasatru
Jawa Barat,Indramayu,Cikedung,Jambak
Jawa Barat,Indramayu,Kertasemaya,Jambe
Jawa Barat,Cirebon,Jamblang,Jamblang
Jawa Barat,Sumedang,Conggeang,Jambu
Jawa Barat,Indramayu,Losarang,Jangga
Jawa Barat,Cirebon,Astanajapura,Japurabakti
Jawa Barat,Cirebon,Astanajapura,Japura Kidul
Jawa Barat,Cirebon,Pangenan,Japura Lor
Jawa Barat,Cirebon,Susukan,Jatianom
Jawa Barat,Indramayu,Jatibarang,Jatibarang
Jawa Barat,Indramayu,Jatibarang,Jatibarang Baru
Jawa Barat,Sumedang,Sumedang Utara,Jatihurip
Jawa Barat,Sumedang,Situraja,Jatimekar
Jawa Barat,Cirebon,Gunung Jati,Jatimerta
Jawa Barat,Majalengka,Kasokandel,Jatimulya
Jawa Barat,Indramayu,Terisi,Jatimulya
Jawa Barat,Sumedang,Sumedang Utara,Jatimulya
Jawa Barat,Indramayu,Terisi,Jatimunggul
Jawa Barat,Majalengka,Panyingkiran,Jatipamor
Jawa Barat,Cirebon,Greged,Jatipancur
Jawa Barat,Cirebon,Karangwareng,Jatipiring
Jawa Barat,Cirebon,Susukan,Jatipura
Jawa Barat,Majalengka,Jatitujuh,Jatiraga
Jawa Barat,Cirebon,Pabuaran,Jatirenggang
Jawa Barat,Sumedang,Tanjungsari,Jatisari
Jawa Barat,Majalengka,Kasokandel,Jatisawit
Jawa Barat,Indramayu,Jatibarang,Jatisawit
Jawa Barat,Indramayu,Jatibarang,Jatisawit Lor
Jawa Barat,Cirebon,Ciledug,Jatiseeng
Jawa Barat,Majalengka,Panyingkiran,Jatiserang
Jawa Barat,Majalengka,Jatiwangi,Jatisura
Jawa Barat,Indramayu,Cikedung,Jatisura
Jawa Barat,Majalengka,Jatitujuh,Jatitengah
Jawa Barat,Majalengka,Jatitujuh,Jatitujuh
Jawa Barat,Majalengka,Jatiwangi,Jatiwangi
Jawa Barat,Indramayu,Kedokan Bunder,Jayalaksana
Jawa Barat,Indramayu,Kroya,Jayamulya
Jawa Barat,Indramayu,Kedokan Bunder,Jayawinangun
Jawa Barat,Majalengka,Sukahaji,Jayi
Jawa Barat,Sumedang,Jatigede,Jemah
Jawa Barat,Cirebon,Klangenan,Jemaras Kidul
Jawa Barat,Cirebon,Klangenan,Jemaras Lor
Jawa Barat,Sumedang,Tomo,Jembarwangi
Jawa Barat,Indramayu,Kertasemaya,Jengkok
Jawa Barat,Majalengka,Sindangwangi,Jerukleueut
Jawa Barat,Sumedang,Tanjungmedar,Jingkang
Jawa Barat,Indramayu,Losarang,Jumbleng
Jawa Barat,Cirebon,Arjawinangun,Jungjang
Jawa Barat,Cirebon,Arjawinangun,Jungjang Wetan
Jawa Barat,Indramayu,Juntinyuat,Juntikebon
Jawa Barat,Indramayu,Juntinyuat,Juntikedokan
Jawa Barat,Indramayu,Juntinyuat,Juntinyuat
Jawa Barat,Indramayu,Juntinyuat,Juntiweden
Jawa Barat,Sumedang,Tanjungsari,Kadakajaya
Jawa Barat,Majalengka,Kadipaten,Kadipaten
Jawa Barat,Sumedang,Jatigede,Kadu
Jawa Barat,Sumedang,Jatigede,Kadujaya
Jawa Barat,Sumedang,Situraja,Kaduwulung
Jawa Barat,Indramayu,Widasari,Kalensari
Jawa Barat,Cirebon,Panguragan,Kalianyar
Jawa Barat,Indramayu,Krangkeng,Kalianyar
Jawa Barat,Cirebon,Tengah Tani,Kalibaru
Jawa Barat,Cirebon,Pabedilan,Kalibuntu
Jawa Barat,Cirebon,Kaliwedi,Kalideres
Jawa Barat,Cirebon,Susukan Lebak,Kaligawe
Jawa Barat,Cirebon,Susukan Lebak,Kaligawe Wetan
Jawa Barat,Cirebon,Harjamukti,Kalijaga
Jawa Barat,Cirebon,Kedawung,Kalikoa
Jawa Barat,Indramayu,Jatibarang,Kalimati
Jawa Barat,Cirebon,Karangsembung,Kalimeang
Jawa Barat,Cirebon,Gebang,Kalimekar
Jawa Barat,Cirebon,Gebang,Kalimaro
Jawa Barat,Cirebon,Pabedilan,Kalimukti
Jawa Barat,Cirebon,Gebang,Kalipasung
Jawa Barat,Cirebon,Losari,Kalirahayu
Jawa Barat,Cirebon,Gunung Jati,Kalisapu
Jawa Barat,Cirebon,Losari,Kalisari
Jawa Barat,Cirebon,Tengah Tani,Kalitengah
Jawa Barat,Cirebon,Sumber,Kaliwadas
Jawa Barat,Cirebon,Kaliwedi,Kaliwedi Kidul
Jawa Barat,Cirebon,Kaliwedi,Kaliwedi Lor
Jawa Barat,Cirebon,Plered,Kaliwulu
Jawa Barat,Sumedang,Tanjungmedar,Kamal
Jawa Barat,Cirebon,Greged,Kamarang
Jawa Barat,Cirebon,Greged,Kamarang Lebak
Jawa Barat,Cirebon,Astanajapura,Kanci
Jawa Barat,Cirebon,Astanajapura,Kanci Kulon
Jawa Barat,Cirebon,Kapetakan,Kapetakan
Jawa Barat,Indramayu,Kedokan Bunder,Kaplongan
Jawa Barat,Indramayu,Karangampel,Kaplongan Lor
Jawa Barat,Indramayu,Krangkeng,Kapringan
Jawa Barat,Majalengka,Palasah,Karamat
Jawa Barat,Sumedang,Conggeang,Karang Layung
Jawa Barat,Cirebon,Susukan Lebak,Karangamangu
Jawa Barat,Indramayu,Karangampel,Karangampel
Jawa Barat,Indramayu,Karangampel,Karangampel Kidul
Jawa Barat,Cirebon,Panguragan,Karanganyar
Jawa Barat,Cirebon,Karangwareng,Karanganyar
Jawa Barat,Majalengka,Dawuan,Karanganyar
Jawa Barat,Indramayu,Indramayu,Karanganyar
Jawa Barat,Indramayu,Kandanghaur,Karanganyar
Jawa Barat,Indramayu,Pasekan,Karanganyar
Jawa Barat,Cirebon,Plumbon,Karangasem
Jawa Barat,Cirebon,Karangwareng,Karangasem
Jawa Barat,Majalengka,Leuwimunding,Karangasem
Jawa Barat,Indramayu,Terisi,Karangasem
Jawa Barat,Sumedang,Buahdua,Karangbungur
Jawa Barat,Indramayu,Bangodua,Karanggetas
Jawa Barat,Sumedang,Situraja,Karangheuleut
Jawa Barat,Cirebon,Kapetakan,Karangkendal
Jawa Barat,Indramayu,Tukdana,Karangkerta
Jawa Barat,Indramayu,Sukra,Karanglayung
Jawa Barat,Cirebon,Karangsembung,Karangmalang
Jawa Barat,Indramayu,Indramayu,Karangmalang
Jawa Barat,Cirebon,Karangsembung,Karangmekar
Jawa Barat,Cirebon,Plumbon,Karangmulya
Jawa Barat,Indramayu,Kandanghaur,Karangmulya
Jawa Barat,Sumedang,Darmaraja,Karangpakuan
Jawa Barat,Cirebon,Suranenggala,Karangreja
Jawa Barat,Cirebon,Arjawinangun,Karangsambung
Jawa Barat,Majalengka,Kadipaten,Karangsambung
Jawa Barat,Cirebon,Waled,Karangsari
Jawa Barat,Cirebon,Weru,Karangsari
Jawa Barat,Cirebon,Karangsembung,Karangsembung
Jawa Barat,Indramayu,Indramayu,Karangsong
Jawa Barat,Cirebon,Karangsembung,Karangsuwung
Jawa Barat,Cirebon,Karangsembung,Karangtengah
Jawa Barat,Indramayu,Haurgeulis,Karangtumaritis
Jawa Barat,Cirebon,Depok,Karangwangi
Jawa Barat,Cirebon,Karangwareng,Karangwangi
Jawa Barat,Cirebon,Babakan,Karangwangun
Jawa Barat,Cirebon,Karangwareng,Karangwareng
Jawa Barat,Cirebon,Sedong,Karangwuni
Jawa Barat,Majalengka,Cigasong,Karayunan
Jawa Barat,Sumedang,Jatigede,Karedok
Jawa Barat,Majalengka,Maja,Kartabasuki
Jawa Barat,Majalengka,Panyingkiran,Karyamukti
Jawa Barat,Sumedang,Tomo,Karyamukti
Jawa Barat,Cirebon,Kesambi,Karyamulya
Jawa Barat,Indramayu,Widasari,Kasmaran
Jawa Barat,Majalengka,Kasokandel,Kasokandel
Jawa Barat,Cirebon,Depok,Kasugengan Kidul
Jawa Barat,Cirebon,Depok,Kasugengan Lor
Jawa Barat,Majalengka,Majalengka,Kawunggirang
Jawa Barat,Majalengka,Cigasong,Kawunghilir
Jawa Barat,Cirebon,Plumbon,Kebarepan
Jawa Barat,Cirebon,Kejaksan,Kebonbaru
Jawa Barat,Sumedang,Ujungjaya,Keboncau
Jawa Barat,Sumedang,Sumedang Utara,Kebonjati
Jawa Barat,Sumedang,Cisarua,Kebonkalapa
Jawa Barat,Cirebon,Arjawinangun,Kebonturi
Jawa Barat,Indramayu,Jatibarang,Kebulen
Jawa Barat,Cirebon,Harjamukti,Kecapi
Jawa Barat,Cirebon,Talun,Kecomberan
Jawa Barat,Cirebon,Kedawung,Kedawung
Jawa Barat,Indramayu,Kedokan Bunder,Kedokan Agung
Jawa Barat,Indramayu,Kedokan Bunder,Kedokanbunder
Jawa Barat,Indramayu,Kedokan Bunder,Kedokanbunder Wetan
Jawa Barat,Indramayu,Gabuswetan,Kedokangabus
Jawa Barat,Cirebon,Susukan,Kedongdong
Jawa Barat,Cirebon,Dukupuntang,Kedongdong Kidul
Jawa Barat,Cirebon,Depok,Keduanan
Jawa Barat,Cirebon,Gempol,Kedungbunder
Jawa Barat,Cirebon,Gegesik,Kedungdalem
Jawa Barat,Cirebon,Kedawung,Kedungdawa
Jawa Barat,Indramayu,Gabuswetan,Kedungdawa
Jawa Barat,Cirebon,Kedawung,Kedungjaya
Jawa Barat,Majalengka,Ligung,Kedungkencana
Jawa Barat,Cirebon,Plumbon,Kedungsana
Jawa Barat,Majalengka,Ligung,Kedungsari
Jawa Barat,Indramayu,Krangkeng,Kedungwungu
Jawa Barat,Indramayu,Anjatan,Kedungwungu
Jawa Barat,Cirebon,Kejaksan,Kejaksan
Jawa Barat,Cirebon,Susukan,Kejiwan
Jawa Barat,Cirebon,Depok,Kejuden
Jawa Barat,Cirebon,Sumber,Kemantren
Jawa Barat,Cirebon,Tengah Tani,Kemlakagede
Jawa Barat,Cirebon,Gempol,Kempek
Jawa Barat,Cirebon,Sumber,Kenanga
Jawa Barat,Indramayu,Sindang,Kenanga
Jawa Barat,Cirebon,Astanajapura,Kendal
Jawa Barat,Indramayu,Terisi,Kendayakan
Jawa Barat,Indramayu,Indramayu,Kepandean
Jawa Barat,Cirebon,Talun,Kepongpongan
Jawa Barat,Cirebon,Palimanan,Kepuh
Jawa Barat,Cirebon,Dukupuntang,Kepunduan
Jawa Barat,Cirebon,Talun,Kerandon
Jawa Barat,Cirebon,Suranenggala,Keraton
Jawa Barat,Sumedang,Tanjungkerta,Kertaharja
Jawa Barat,Majalengka,Kertajati,Kertajati
Jawa Barat,Indramayu,Bongas,Kertajaya
Jawa Barat,Sumedang,Tanjungkerta,Kertamekar
Jawa Barat,Sumedang,Tanjungmedar,Kertamukti
Jawa Barat,Indramayu,Bongas,Kertamulya
Jawa Barat,Indramayu,Haurgeulis,Kertanegara
Jawa Barat,Cirebon,Weru,Kertasari
Jawa Barat,Majalengka,Kertajati,Kertasari
Jawa Barat,Majalengka,Ligung,Kertasari
Jawa Barat,Indramayu,Kertasemaya,Kertasemaya
Jawa Barat,Cirebon,Kapetakan,Kertasura
Jawa Barat,Cirebon,Sedong,Kertawangun
Jawa Barat,Cirebon,Kedawung,Kertawinangun
Jawa Barat,Majalengka,Kertajati,Kertawinangun
Jawa Barat,Indramayu,Kandanghaur,Kertawinangun
Jawa Barat,Indramayu,Tukdana,Kerticala
Jawa Barat,Cirebon,Kesambi,Kesambi
Jawa Barat,Cirebon,Kejaksan,Kesenden
Jawa Barat,Cirebon,Lemah Wungkuk,Kesepuhan
Jawa Barat,Indramayu,Lohbener,Kiajaran Kulon
Jawa Barat,Indramayu,Lohbener,Kiajaran Wetan
Jawa Barat,Cirebon,Klangenan,Klangenan
Jawa Barat,Cirebon,Gunung Jati,Klayan
Jawa Barat,Indramayu,Kertasemaya,Kliwed
Jawa Barat,Majalengka,Ligung,Kodasari
Jawa Barat,Cirebon,Beber,Kondangsari
Jawa Barat,Indramayu,Widasari,Kongsijaya
Jawa Barat,Indramayu,Anjatan,Kopyah
Jawa Barat,Sumedang,Sumedang Utara,Kotakaler
Jawa Barat,Sumedang,Sumedang Selatan,Kotakulon
Jawa Barat,Indramayu,Krangkeng,Krangkeng
Jawa Barat,Indramayu,Jatibarang,Krasak
Jawa Barat,Cirebon,Klangenan,Kreyo
Jawa Barat,Indramayu,Losarang,Krimun
Jawa Barat,Cirebon,Panguragan,Kroya
Jawa Barat,Indramayu,Kroya,Kroya
Jawa Barat,Cirebon,Talun,Kubang
Jawa Barat,Cirebon,Karangwareng,Kubangdeleg
Jawa Barat,Cirebon,Karangsembung,Kubangkarang
Jawa Barat,Sumedang,Ujungjaya,Kudangwangi
Jawa Barat,Cirebon,Babakan,Kudukeras
Jawa Barat,Cirebon,Babakan,Kudumulya
Jawa Barat,Majalengka,Majalengka,Kulur
Jawa Barat,Majalengka,Rajagaluh,Kumbung
Jawa Barat,Majalengka,Cigasong,Kutamanggu
Jawa Barat,Indramayu,Tukdana,Lajer
Jawa Barat,Indramayu,Cantigi,Lamarantarung
Jawa Barat,Majalengka,Leuwimunding,Lame
Jawa Barat,Indramayu,Lelea,Langgengsari
Jawa Barat,Indramayu,Lohbener,Langut
Jawa Barat,Indramayu,Lohbener,Lanjan
Jawa Barat,Cirebon,Harjamukti,Larangan
Jawa Barat,Indramayu,Lohbener,Larangan
Jawa Barat,Indramayu,Kertasemaya,Larangan Jambe
Jawa Barat,Cirebon,Greged,Lebak Mekar
Jawa Barat,Sumedang,Jatigede,Lebaksiuh
Jawa Barat,Indramayu,Lohbener,Legok
Jawa Barat,Sumedang,Paseh,Legok Kaler
Jawa Barat,Sumedang,Paseh,Legok Kidul
Jawa Barat,Indramayu,Lelea,Lelea
Jawa Barat,Cirebon,Lemahabang,Lemahabang
Jawa Barat,Indramayu,Indramayu,Lemahabang
Jawa Barat,Cirebon,Lemahabang,Lemahabang Kulon
Jawa Barat,Indramayu,Kertasemaya,Lemahayu
Jawa Barat,Indramayu,Indramayu,Lemahmekar
Jawa Barat,Cirebon,Panguragan,Lemahtamba
Jawa Barat,Cirebon,Lemah Wungkuk,Lemahwungkuk
Jawa Barat,Indramayu,Anjatan,Lempuyang
Jawa Barat,Majalengka,Sindangwangi,Lengkong Kulon
Jawa Barat,Majalengka,Sindangwangi,Lengkong Wetan
Jawa Barat,Cirebon,Ciledug,Leuweunggajah
Jawa Barat,Majalengka,Jatiwangi,Leuweunggede
Jawa Barat,Majalengka,Ligung,Leuweunghapit
Jawa Barat,Cirebon,Lemahabang,Leuwidingding
Jawa Barat,Indramayu,Widasari,Leuwigede
Jawa Barat,Majalengka,Kasokandel,Leuwikidang
Jawa Barat,Majalengka,Leuwimunding,Leuwikujang
Jawa Barat,Majalengka,Sindangwangi,Leuwilaja
Jawa Barat,Majalengka,Ligung,Leuwiliang Baru
Jawa Barat,Majalengka,Leuwimunding,Leuwimunding
Jawa Barat,Majalengka,Panyingkiran,Leuwiseeng
Jawa Barat,Majalengka,Kadipaten,Liangjulang
Jawa Barat,Sumedang,Cimalaka,Licin
Jawa Barat,Majalengka,Ligung,Ligung
Jawa Barat,Majalengka,Ligung,Ligung Lor
Jawa Barat,Indramayu,Juntinyuat,Limbangan
Jawa Barat,Indramayu,Patrol,Limpas
Jawa Barat,Indramayu,Arahan,Linggajati
Jawa Barat,Sumedang,Cisitu,Linggajaya
Jawa Barat,Indramayu,Jatibarang,Lobener
Jawa Barat,Bandung,Antapani,Antapani Kulon
Jawa Barat,Bandung,Antapani,Antapani Tengah
Jawa Barat,Bandung,Antapani,Antapani Wetan
Jawa Barat,Majalengka,Argapura,Argamukti
Jawa Barat,Bandung,Cicendo,Arjuna
Jawa Barat,Bandung,Sumur Bandung,Babakan Ciamis
Jawa Barat,Bandung,Kiaracondong,Babakan Surabaya
Jawa Barat,Sumedang,Situraja,Bangbayang
Jawa Barat,Bandung Barat,Cipongkor,Baranangsiang
Jawa Barat,Bandung Barat,Batujajar,Batujajar Timur
Jawa Barat,Sukabumi,Cibadak,Batununggal
Jawa Barat,Sukabumi,Cikidang,Bumisari
Jawa Barat,Sukabumi,Cisolok,Caringin
Jawa Barat,Majalengka,Maja,Cengal
Jawa Barat,Sukabumi,Cibadak,Cibadak
Jawa Barat,Sukabumi,Cisaat,Cibatu
Jawa Barat,Cimahi,Cimahi Selatan,Cibeureum
Jawa Barat,Sumedang,Jatinangor,Cibeusi
Jawa Barat,Bandung,Kiaracondong,Cicaheum
Jawa Barat,Sukabumi,Cikidang,Cicareuh
Jawa Barat,Sumedang,Darmaraja,Cieunteung
Jawa Barat,Bandung,Ujungberung,Cigending
Jawa Barat,Cirebon,Pasaleman,Cigobang
Jawa Barat,Bandung Barat,Cihampelas,Cihampelas
Jawa Barat,Bandung,Bandung Wetan,Cihapit
Jawa Barat,Sukabumi,Cicantayan,Cijalingan
Jawa Barat,Sukabumi,Cikidang,Cijambe
Jawa Barat,Bandung,Bandung Kulon,Cijerah
Jawa Barat,Sukabumi,Cikidang,Cikarae Thoyyibah
Jawa Barat,Sukabumi,Cisolok,Cikelat
Jawa Barat,Sukabumi,Cikidang,Cikidang
Jawa Barat,Sukabumi,Cikidang,Cikiray
Jawa Barat,Sukabumi,Cikole,Cikole
Jawa Barat,Cirebon,Ciledug,Ciledug Wetan
Jawa Barat,Sumedang,Jatinangor,Cileles
Jawa Barat,Sumedang,Pamulihan,Cilembu
Jawa Barat,Cirebon,Pasaleman,Cilengkrang
Jawa Barat,Cirebon,Pasaleman,Cilengkrang Girang
Jawa Barat,Sukabumi,Cicantayan,Cimahi
Jawa Barat,Sumedang,Jatinunggal,Cimanintin
Jawa Barat,Sumedang,Cisitu,Cimarga
Jawa Barat,Sumedang,Pamulihan,Cimarias
Jawa Barat,Sumedang,Pamulihan,Cinanggerang
Jawa Barat,Sumedang,Tanjungsari,Cinanjung
Jawa Barat,Bandung,Cibiru,Cipadung
Jawa Barat,Sumedang,Sumedang Selatan,Cipancar
Jawa Barat,Sumedang,Jatigede,Ciranggem
Jawa Barat,Sukabumi,Cikakak,Cirendang
Jawa Barat,Bandung,Andir,Ciroyom
Jawa Barat,Sukabumi,Cisaat,Cisaat
Jawa Barat,Sukabumi,Cicantayan,Cisande
Jawa Barat,Bandung,Arcamanik,Cisaranten Bina Harapan
Jawa Barat,Sukabumi,Cikole,Cisarua
Jawa Barat,Bandung,Cibiru,Cisurupan
Jawa Barat,Cirebon,Waled,Ciuyah
Jawa Barat,Sumedang,Darmaraja,Darmaraja
Jawa Barat,Bandung,Andir,Dungus Cariang
Jawa Barat,Bandung Barat,Batujajar,Galanggang
Jawa Barat,Sukabumi,Cikakak,Gandasoli
Jawa Barat,Bandung,Andir,Garuda
Jawa Barat,Bandung Barat,Saguling,Girimukti
Jawa Barat,Sukabumi,Cisolok,Gunungkaramat
Jawa Barat,Sumedang,Tanjungsari,Gunungmanik
Jawa Barat,Sukabumi,Cisolok,Gunungtanjung
Jawa Barat,Sumedang,Pamulihan,Haurgombong
Jawa Barat,Sukabumi,Cicantayan,Hegarmanah
Jawa Barat,Bandung,Cicendo,Husein Sastranegara
Jawa Barat,Bandung Barat,Saguling,Jati
Jawa Barat,Cirebon,Ciledug,Jatiseeng Kidul
Jawa Barat,Bandung,Batununggal,Kacapiring
Jawa Barat,Sukabumi,Gunungpuyuh,Karamat
Jawa Barat,Sukabumi,Gunungpuyuh,Karang Tengah
Jawa Barat,Bandung Barat,Cililin,Karanganyar
Jawa Barat,Sukabumi,Cibadak,Karangtengah
Jawa Barat,Bandung,Batununggal,Kebon Waru
Jawa Barat,Sumedang,Tanjungsari,Kutamandiri
Jawa Barat,Sukabumi,Sukaraja,Langensari
Jawa Barat,Sukabumi,Cicantayan,Lembursawah
Jawa Barat,Cimahi,Cimahi Selatan,Leuwigajah
Jawa Barat,Sukabumi,Sukaraja,Limbangan
Jawa Barat,Bandung,Andir,Maleber
Jawa Barat,Sukabumi,Cikakak,Margalaksana
Jawa Barat,Sumedang,Sumedang Selatan,Margamekar
Jawa Barat,Sumedang,Jatigede,Mekarasih
Jawa Barat,Sumedang,Pamulihan,Mekarbakti
Jawa Barat,Bandung Barat,Cihampelas,Mekarjaya
Jawa Barat,Cimahi,Cimahi Selatan,Melong
Jawa Barat,Bandung,Sumur Bandung,Merdeka
Jawa Barat,Sukabumi,Cisaat,Nagrak
Jawa Barat,Sukabumi,Cibadak,Neglasari
Jawa Barat,Majalengka,Maja,Nunuk Baru
Jawa Barat,Bandung,Cinambo,Pakemitan
Jawa Barat,Bandung,Cibiru,Palasari
Jawa Barat,Bandung Barat,Batujajar,Pangauban
Jawa Barat,Sukabumi,Cikidang,Pangkalan
Jawa Barat,Cirebon,Pasaleman,Pasaleman
Jawa Barat,Bandung,Ujungberung,Pasanggrahan
Jawa Barat,Bandung,Cibiru,Pasir Biru
Jawa Barat,Sukabumi,Sukaraja,Pasirhalang
Jawa Barat,Bandung,Ujungberung,Pasirjati
Jawa Barat,Bandung,Cicendo,Pasirkaliki
Jawa Barat,Bandung,Ujungberung,Pasirwangi
Jawa Barat,Sukabumi,Sukalarang,Prianganjaya
Jawa Barat,Sumedang,Tanjungsari,Raharja
Jawa Barat,Majalengka,Argapura,Sagara
Jawa Barat,Bandung Barat,Saguling,Saguling
Jawa Barat,Sukabumi,Cibadak,Sekarwangi
Jawa Barat,Sukabumi,Cikole,Selabatu
Jawa Barat,Sukabumi,Sukaraja,Selawi
Jawa Barat,Sukabumi,Sukalarang,Semplak
Jawa Barat,Bandung Barat,Cipongkor,Sirnagalih
Jawa Barat,Sukabumi,Cikakak,Sirnarasa
Jawa Barat,Sukabumi,Cikole,Subangjaya
Jawa Barat,Sumedang,Sumedang Selatan,Sukajaya
Jawa Barat,Sukabumi,Sukabumi,Sukajaya
Jawa Barat,Bandung,Cibeunying Kidul,Sukamaju
Jawa Barat,Sukabumi,Cisaat,Sukamanah
Jawa Barat,Bandung,Arcamanik,Sukamiskin
Jawa Barat,Sukabumi,Sukaraja,Sukaraja
Jawa Barat,Sukabumi,Cisolok,Sukarame
Jawa Barat,Sumedang,Darmaraja,Sukaratu
Jawa Barat,Sukabumi,Cisaat,Sukaresmi
Jawa Barat,Majalengka,Argapura,Sukasari Kaler
Jawa Barat,Majalengka,Argapura,Sukasari Kidul
Jawa Barat,Sukabumi,Cikidang,Tamansari
Jawa Barat,Bandung Barat,Cihampelas,Tanjungjaya
Jawa Barat,Majalengka,Argapura,Tejamulya
Jawa Barat,Sukabumi,Cibadak,Tenjojaya
Jawa Barat,Cimahi,Cimahi Selatan,Utama
Jawa Barat,Cirebon,Waled,Waled Asem
Jawa Barat,Cirebon,Waled,Waled Desa
Jawa Barat,Cirebon,Waled,Waled Kota
Jawa Barat,Majalengka,Maja,Wanahayu
Jawa Barat,Sukabumi,Cibadak,Warnajati
Jawa Barat,Kuningan,Jalaksana,Babakanmulya
Jawa Barat,Kuningan,Japara,Cengal
Jawa Barat,Kuningan,Ciawigebang,Cihirup
Jawa Barat,Kuningan,Japara,Cikeleng
Jawa Barat,Kuningan,Jalaksana,Ciniru
Jawa Barat,Kuningan,Japara,Dukuhdalem
Jawa Barat,Kuningan,Jalaksana,Jalaksana
Jawa Barat,Kuningan,Jalaksana,Nanggerang
Jawa Barat,Kuningan,Jalaksana,Padamenak
Jawa Barat,Kuningan,Ciawigebang,Padarama
Jawa Barat,Kuningan,Cipicung,Pamulihan
Jawa Barat,Kuningan,Japara,Rajadanu
Jawa Barat,Kuningan,Jalaksana,Sadamantra
Jawa Barat,Kuningan,Japara,Singkup
Jawa Barat,Kuningan,Cipicung,Suganangan
Jawa Barat,Kuningan,Ciawigebang,Sukadana
Jawa Barat,Kuningan,Jalaksana,Sukamukti
Jawa Barat,Kuningan,Ciawigebang,Sukaraja
Jawa Barat,Cianjur,Cibeber,Mayak
Jawa Barat,Cianjur,Cibeber,Kanoman
Jawa Barat,Cianjur,Cibeber,Sukamaju
Jawa Barat,Cianjur,Cibeber,Sukaraharja
Jawa Barat,Cianjur,Bojongpicung,Sukarama
Jawa Barat,Cianjur,Cibeber,Cibaregbeg
Jawa Barat,Cianjur,Cibeber,Peuteuycondong
Jawa Barat,Cianjur,Gekbrong,Cintaasih
Jawa Barat,Cianjur,Cibeber,Salamnunggal
Jawa Barat,Cianjur,Warungkondang,Sukamulya
Jawa Barat,Cianjur,Warungkondang,Cisarandi
Jawa Barat,Cianjur,Bojongpicung,Kemang
Jawa Barat,Bandung,Cileunyi,Cibiru Wetan
Jawa Barat,Cirebon,Waled,Ambit
Jawa Barat,Sumedang,Sukasari,Banyuresmi
Jawa Barat,Sumedang,Sukasari,Genteng
Jawa Barat,Sumedang,Sukasari,Nanggerang
Jawa Barat,Sumedang,Sukasari,Sindangsari
Jawa Barat,Subang,Cisalak,Cupunagara
Jawa Barat,Subang,Cisalak,Mayang
Jawa Barat,Subang,Cisalak,Sukakerti
Jawa Barat,Subang,Kasomalang,Pasanggrahan
Jawa Barat,Subang,Cisalak,Darmaga
Jawa Barat,Subang,Kasomalang,Sindangsari
Jawa Barat,Subang,Kasomalang,Kasomalang Wetan
Jawa Barat,Subang,Kasomalang,Bojongloa
Jawa Barat,Subang,Jalancagak,Kumpay
Jawa Barat,Subang,Cijambe,Cirangkong
Jawa Barat,Subang,Cijambe,Cijambe
Jawa Barat,Subang,Cijambe,Gunungtua
Jawa Barat,Subang,Cijambe,Tanjungwangi
Jawa Barat,Subang,Subang,Pasirkareumbi
Jawa Barat,Subang,Subang,Cigadung
Jawa Barat,Subang,Subang,Dangdeur
Jawa Barat,Subang,Pagaden Barat,Cidahu
Jawa Barat,Subang,Pagaden Barat,Sumurgintung
Jawa Barat,Subang,Pagaden Barat,Balimbing
Jawa Barat,Subang,Pagaden Barat,Cidadap
Jawa Barat,Subang,Pagaden Barat,Bendungan
Jawa Barat,Subang,Pagaden Barat,Mekarwangi
Jawa Barat,Subang,Cikaum,Cikaum Timur
Jawa Barat,Subang,Binong,Nanggerang
Jawa Barat,Subang,Cikaum,Tanjungsari Barat
Jawa Barat,Subang,Cikaum,Mekarsari
Jawa Barat,Subang,Tambakdahan,Tanjungrasa
Jawa Barat,Subang,Tambakdahan,Wanajaya
Jawa Barat,Subang,Sukasari,Curugreja
Jawa Barat,Subang,Sukasari,Batangsari
Jawa Barat,Subang,Sukasari,Sukamaju
Jawa Barat,Subang,Sukasari,Anggasari
Jawa Barat,Bekasi,Muaragembong,Pantai Bakti
Jawa Barat,Bekasi,Muaragembong,Pantai Bahagia
Jawa Barat,Bandung,Cilengkrang,Cipanjalu
Jawa Barat,Indramayu,Pasekan,Pabeanilir
Jawa Barat,Kuningan,Cilimus,Bojong
Jawa Barat,Kuningan,Cigandamekar,Bunigeulis
Jawa Barat,Kuningan,Cilimus,Caracas
Jawa Barat,Kuningan,Cilimus,Cibeureum
Jawa Barat,Kuningan,Cigandamekar,Cibuntu
Jawa Barat,Kuningan,Pasawahan,Cibuntu
Jawa Barat,Kuningan,Pasawahan,Cidahu
Jawa Barat,Kuningan,Cilimus,Cilimus
Jawa Barat,Kuningan,Pasawahan,Cimara
Jawa Barat,Kuningan,Mandirancan,Cirea
Jawa Barat,Kuningan,Japara,Citapen
Jawa Barat,Kuningan,Pasawahan,Ciwiru
Jawa Barat,Kuningan,Pancalang,Danalampah
Jawa Barat,Kuningan,Japara,Garatengah
Jawa Barat,Kuningan,Cigandamekar,Indapatra
Jawa Barat,Kuningan,Cigandamekar,Jambugeulis
Jawa Barat,Kuningan,Japara,Japara
Jawa Barat,Kuningan,Pasawahan,Kaduela
Jawa Barat,Kuningan,Pancalang,Kahiyangan
Jawa Barat,Kuningan,Cilimus,Kaliaren
Jawa Barat,Kuningan,Japara,Kalimati
Jawa Barat,Kuningan,Cigandamekar,Karangmuncang
Jawa Barat,Kuningan,Mandirancan,Kertawinangun
Jawa Barat,Kuningan,Cigandamekar,Koreak
Jawa Barat,Kuningan,Cilimus,Linggaindah
Jawa Barat,Kuningan,Cilimus,Linggamekar
Jawa Barat,Kuningan,Cilimus,Linggarjati
Jawa Barat,Kuningan,Cilimus,Linggasana
Jawa Barat,Kuningan,Mandirancan,Mandirancan
Jawa Barat,Kuningan,Jalaksana,Maniskidul
Jawa Barat,Kuningan,Jalaksana,Manislor
Jawa Barat,Kuningan,Pancalang,Mekarjaya
Jawa Barat,Kuningan,Mandirancan,Nanggela
Jawa Barat,Kuningan,Mandirancan,Nanggerangjaya
Jawa Barat,Kuningan,Pasawahan,Padabeunghar
Jawa Barat,Kuningan,Pasawahan,Padamatang
Jawa Barat,Kuningan,Mandirancan,Pakembangan
Jawa Barat,Kuningan,Cigandamekar,Panawuan
Jawa Barat,Kuningan,Pancalang,Pancalang
Jawa Barat,Kuningan,Pasawahan,Paniis
Jawa Barat,Kuningan,Pasawahan,Pasawahan
Jawa Barat,Kuningan,Pancalang,Patalagan
Jawa Barat,Kuningan,Jalaksana,Peusing
Jawa Barat,Kuningan,Pancalang,Rajawetan
Jawa Barat,Kuningan,Mandirancan,Randobawagirang
Jawa Barat,Kuningan,Mandirancan,Randobawailir
Jawa Barat,Kuningan,Mandirancan,Salakadomas
Jawa Barat,Kuningan,Cilimus,Sampora
Jawa Barat,Kuningan,Jalaksana,Sangkanerang
Jawa Barat,Kuningan,Cigandamekar,Sangkanurip
Jawa Barat,Kuningan,Cigandamekar,Sangkanmulya
Jawa Barat,Kuningan,Pancalang,Sarewu
Jawa Barat,Kuningan,Jalaksana,Sayana
Jawa Barat,Kuningan,Mandirancan,Seda
Jawa Barat,Kuningan,Jalaksana,Sembawa
Jawa Barat,Kuningan,Cilimus,Setianegara
Jawa Barat,Kuningan,Pancalang,Silebu
Jawa Barat,Kuningan,Pancalang,Sindangkempeng
Jawa Barat,Kuningan,Pasawahan,Singkup
Jawa Barat,Kuningan,Mandirancan,Sukasari
Jawa Barat,Kuningan,Pancalang,Sumbakeling
Jawa Barat,Kuningan,Pancalang,Tajurbuntu
Jawa Barat,Kuningan,Pancalang,Tarikolot
Jawa Barat,Kuningan,Pancalang,Tenjolayar
Jawa Barat,Kuningan,Cigandamekar,Timbang
Jawa Barat,Kuningan,Mandirancan,Trijaya
Jawa Barat,Kuningan,Japara,Wano
Jawa Barat,Subang,Tanjungsiang,Buniara
Jawa Barat,Subang,Tanjungsiang,Cikawung
Jawa Barat,Subang,Tanjungsiang,Tanjungsiang
Jawa Barat,Subang,Tanjungsiang,Kawungluwuk
Jawa Barat,Subang,Tanjungsiang,Sirap
Jawa Barat,Subang,Cisalak,Pakuhaji
Jawa Barat,Subang,Tanjungsiang,Cimeuhmal
Jawa Barat,Subang,Cisalak,Cimanggu
Jawa Barat,Subang,Cisalak,Gardusayang
Jawa Barat,Subang,Tanjungsiang,Sindanglaya
Jawa Barat,Subang,Cisalak,Cisalak
Jawa Barat,Subang,Cisalak,Cigadog
Jawa Barat,Subang,Tanjungsiang,Cibuluh
Jawa Barat,Subang,Tanjungsiang,Rancamanggung
Jawa Barat,Subang,Tanjungsiang,Gandasoli
Jawa Barat,Subang,Kasomalang,Sukamelang
Jawa Barat,Subang,Kasomalang,Tenjolaya
Jawa Barat,Subang,Cijambe,Cimenteng
Jawa Barat,Subang,Cibogo,Cibalandong Jaya
Jawa Barat,Subang,Cijambe,Bantarsari
Jawa Barat,Subang,Cijambe,Cikadu
Jawa Barat,Subang,Cijambe,Sukahurip
Jawa Barat,Subang,Subang,Wanareja
Jawa Barat,Subang,Subang,Soklat
Jawa Barat,Subang,Cibogo,Cinangsi
Jawa Barat,Subang,Subang,Karanganyar
Jawa Barat,Subang,Cibogo,Sadawarna
Jawa Barat,Subang,Cibogo,Belendung
Jawa Barat,Subang,Cibogo,Majasari
Jawa Barat,Subang,Cibogo,Cibogo
Jawa Barat,Subang,Cibogo,Padaasih
Jawa Barat,Subang,Cibogo,Cisaga
Jawa Barat,Subang,Cibogo,Sumurbarang
Jawa Barat,Subang,Subang,Sukamelang
Jawa Barat,Subang,Cipunagara,Wanasari
Jawa Barat,Subang,Pagaden,Jabong
Jawa Barat,Subang,Cipunagara,Sidamulya
Jawa Barat,Subang,Pagaden,Gembor
Jawa Barat,Subang,Pagaden,Gunungsembung
Jawa Barat,Subang,Cipunagara,Manyingsal
Jawa Barat,Subang,Pagaden,Gunungsari
Jawa Barat,Subang,Cipunagara,Sidajaya
Jawa Barat,Subang,Cipunagara,Padamulya
Jawa Barat,Subang,Pagaden Barat,Margahayu
Jawa Barat,Subang,Pagaden Barat,Pangsor
Jawa Barat,Subang,Pagaden,Sukamulya
Jawa Barat,Subang,Cipunagara,Jati
Jawa Barat,Subang,Cipunagara,Parigimulya
Jawa Barat,Subang,Pagaden Barat,Munjul
Jawa Barat,Subang,Cipunagara,Tanjung
Jawa Barat,Subang,Pagaden,Kamarung
Jawa Barat,Subang,Pagaden,Pagaden
Jawa Barat,Subang,Cipunagara,Kosambi
Jawa Barat,Subang,Pagaden,Neglasari
Jawa Barat,Subang,Pagaden,Sumbersari
Jawa Barat,Subang,Pagaden,Gambarsari
Jawa Barat,Subang,Compreng,Kiarasari
Jawa Barat,Subang,Cipunagara,Simpar
Jawa Barat,Subang,Binong,Karangsari
Jawa Barat,Subang,Binong,Cicadas
Jawa Barat,Subang,Binong,Kihiyang
Jawa Barat,Subang,Compreng,Jatireja
Jawa Barat,Subang,Binong,Karangwangi
Jawa Barat,Subang,Binong,Citrajaya
Jawa Barat,Subang,Compreng,Sukadana
Jawa Barat,Subang,Binong,Binong
Jawa Barat,Subang,Compreng,Sukatani
Jawa Barat,Subang,Binong,Kediri
Jawa Barat,Subang,Compreng,Mekarjaya
Jawa Barat,Subang,Cikaum,Tanjungsari Timur
Jawa Barat,Subang,Binong,Mulyasari
Jawa Barat,Subang,Compreng,Jatimulya
Jawa Barat,Subang,Compreng,Compreng
Jawa Barat,Subang,Tambakdahan,Tambakdahan
Jawa Barat,Subang,Tambakdahan,Bojongkeding
Jawa Barat,Subang,Compreng,Kalensari
Jawa Barat,Subang,Tambakdahan,Bojonegara
Jawa Barat,Subang,Pusakajaya,Cigugur
Jawa Barat,Subang,Tambakdahan,Rancaudik
Jawa Barat,Subang,Tambakdahan,Kertajaya
Jawa Barat,Subang,Tambakdahan,Mariuk
Jawa Barat,Subang,Pusakajaya,Rangdu
Jawa Barat,Subang,Tambakdahan,Gardumukti
Jawa Barat,Subang,Pusakajaya,Bojongjaya
Jawa Barat,Subang,Pamanukan,Bongas
Jawa Barat,Subang,Pusakajaya,Cigugur Kaler
Jawa Barat,Subang,Pusakajaya,Bojongtengah
Jawa Barat,Subang,Pamanukan,Rancahilir
Jawa Barat,Subang,Pamanukan,Rancasari
Jawa Barat,Subang,Pusakajaya,Pusakajaya
Jawa Barat,Subang,Pamanukan,Mulyasari
Jawa Barat,Subang,Pamanukan,Pamanukan
Jawa Barat,Subang,Sukasari,Sukasari
Jawa Barat,Subang,Sukasari,Sukareja
Jawa Barat,Subang,Pusakanagara,Pusakaratu
Jawa Barat,Subang,Pusakanagara,Kotasari
Jawa Barat,Subang,Pusakajaya,Karanganyar
Jawa Barat,Subang,Pamanukan,Pamanukan Hilir
Jawa Barat,Subang,Pamanukan,Lengkongjaya
Jawa Barat,Subang,Pusakajaya,Kebondanas
Jawa Barat,Subang,Pamanukan,Pamanukan Sebrang
Jawa Barat,Subang,Pusakanagara,Mundusari
Jawa Barat,Subang,Pusakanagara,Gempol
Jawa Barat,Subang,Legonkulon,Karangmulya
Jawa Barat,Subang,Pusakanagara,Kalentambo
Jawa Barat,Subang,Legonkulon,Bobos
Jawa Barat,Subang,Pusakanagara,Rancadaka
Jawa Barat,Subang,Legonkulon,Legonkulon
Jawa Barat,Subang,Legonkulon,Tegalurung
Jawa Barat,Subang,Legonkulon,Mayangan
Jawa Barat,Subang,Legonkulon,Legonwetan
Jawa Barat,Subang,Legonkulon,Pangarengan
Jawa Barat,Subang,Pusakanagara,Patimban
Jawa Barat,Indramayu,Tukdana,Gadel
Jawa Barat,Indramayu,Tukdana,Bodas
Jawa Barat,Cirebon,Kaliwedi,Guwa Lor
Jawa Barat,Bandung,Babakan Ciparay,Babakan Ciparay
Jawa Barat,Majalengka,Bantarujeg,Babakansari
Jawa Barat,Sumedang,Jatinunggal,Banjarsari
Jawa Barat,Bandung Barat,Cililin,Batulayang
Jawa Barat,Bandung,Bandung Kidul,Batununggal
Jawa Barat,Sukabumi,Cireunghas,Bencoy
Jawa Barat,Sukabumi,Cikembar,Bojong
Jawa Barat,Sukabumi,Cikembar,Bojongkembar
Jawa Barat,Sukabumi,Cikembar,Bojongraharja
Jawa Barat,Bandung Barat,Rongga,Bojongsalam
Jawa Barat,Sukabumi,Kebonpedes,Bojongsawah
Jawa Barat,Bandung Barat,Cililin,Bongas
Jawa Barat,Sukabumi,Bantargadung,Boyongsari
Jawa Barat,Sukabumi,Bantargadung,Buanajaya
Jawa Barat,Sukabumi,Palabuhanratu,Buniwangi
Jawa Barat,Sukabumi,Gegerbitung,Buniwangi
Jawa Barat,Sukabumi,Gegerbitung,Caringin
Jawa Barat,Bandung,Bojongloa Kidul,Cibaduyut
Jawa Barat,Bandung Barat,Cipongkor,Cibenda
Jawa Barat,Sukabumi,Palabuhanratu,Cibodas
Jawa Barat,Sukabumi,Gunungguruh,Cibolang
Jawa Barat,Bandung Barat,Cipongkor,Cicangkanghilir
Jawa Barat,Bandung,Bandung Kulon,Cigondewah Rahayu
Jawa Barat,Sumedang,Cimanggung,Cihanjuang
Jawa Barat,Majalengka,Maja,Cihaur
Jawa Barat,Bandung,Buahbatu,Cijaura
Jawa Barat,Sukabumi,Palabuhanratu,Cikadu
Jawa Barat,Sumedang,Cimanggung,Cikahuripan
Jawa Barat,Sukabumi,Cisolok,Cikahuripan
Jawa Barat,Sukabumi,Cikakak,Cikakak
Jawa Barat,Sukabumi,Cikembar,Cikembar
Jawa Barat,Sumedang,Jatinangor,Cikeruh
Jawa Barat,Majalengka,Bantarujeg,Cikidang
Jawa Barat,Sukabumi,Gunungguruh,Cikujang
Jawa Barat,Bandung Barat,Cililin,Cililin
Jawa Barat,Sukabumi,Palabuhanratu,Cimanggu
Jawa Barat,Sukabumi,Cikembar,Cimanggu
Jawa Barat,Sumedang,Cimanggung,Cimanggung
Jawa Barat,Bandung,Gedebage,Cimenerang
Jawa Barat,Majalengka,Banjaran,Cimeong
Jawa Barat,Bandung Barat,Cipongkor,Cintaasih
Jawa Barat,Sumedang,Jatinangor,Cintamulya
Jawa Barat,Sumedang,Jatinangor,Cipacing
Jawa Barat,Bandung,Rancasari,Cipamokolan
Jawa Barat,Sukabumi,Cireunghas,Cipurut
Jawa Barat,Bandung,Babakan Ciparay,Cirangrang
Jawa Barat,Sukabumi,Cireunghas,Cireunghas
Jawa Barat,Bandung,Gedebage,Cisantren Kidul
Jawa Barat,Sumedang,Jatinangor,Cisempur
Jawa Barat,Bandung,Regol,Ciseureuh
Jawa Barat,Sukabumi,Cisolok,Cisolok
Jawa Barat,Bandung Barat,Cipongkor,Citalem
Jawa Barat,Sukabumi,Warungkiara,Damarraja
Jawa Barat,Sukabumi,Warudoyong,Dayeuhluhur
Jawa Barat,Sukabumi,Citamiang,Gedongpanjang
Jawa Barat,Sukabumi,Warungkiara,Girijaya
Jawa Barat,Majalengka,Banjaran,Girimulya
Jawa Barat,Sukabumi,Gunungguruh,Gunungguruh
Jawa Barat,Majalengka,Bantarujeg,Gununglarang
Jawa Barat,Majalengka,Bantarujeg,Haurgeulis
Jawa Barat,Sumedang,Jatinangor,Hegarmanah
Jawa Barat,Sukabumi,Kebonpedes,Jambenenggang
Jawa Barat,Sumedang,Jatinangor,Jatimukti
Jawa Barat,Sukabumi,Baros,Jayamekar
Jawa Barat,Sumedang,Cibugel,Jayamekar
Jawa Barat,Sukabumi,Baros,Jayaraksa
Jawa Barat,Sukabumi,Cisolok,Karangpapak
Jawa Barat,Bandung Barat,Cililin,Karangtanjung
Jawa Barat,Bandung,Astana Anyar,Karasak
Jawa Barat,Majalengka,Banjaran,Kareo
Jawa Barat,Bandung,Bojongloa Kidul,Kebon Lega
Jawa Barat,Sukabumi,Gunungguruh,Kebonmanggu
Jawa Barat,Sumedang,Jatinunggal,Kirisik
Jawa Barat,Sukabumi,Cibeureum,Limusnunggal
Jawa Barat,Sukabumi,Bantargadung,Limusnunggal
Jawa Barat,Sumedang,Cimanggung,Mangunarga
Jawa Barat,Sukabumi,Bantargadung,Mangunjaya
Jawa Barat,Bandung,Rancasari,Manjahlega
Jawa Barat,Bandung,Babakan Ciparay,Margahayu Utara
Jawa Barat,Bandung,Buahbatu,Margasari
Jawa Barat,Bandung,Babakan Ciparay,Margasuka
Jawa Barat,Sumedang,Jatinangor,Mekargalih
Jawa Barat,Bandung Barat,Cipongkor,Mekarsari
Jawa Barat,Majalengka,Lemahsugih,Mekarwangi
Jawa Barat,Bandung Barat,Cipongkor,Neglasari
Jawa Barat,Garut,Bl. Limbangan,Pangeureunan
Jawa Barat,Majalengka,Banjaran,Panyindangan
Jawa Barat,Sukabumi,Cisolok,Pasirbaru
Jawa Barat,Bandung,Regol,Pasirluyu
Jawa Barat,Sumedang,Cimanggung,Pasirnanjung
Jawa Barat,Bandung Barat,Cihampelas,Pataruman
Jawa Barat,Sumedang,Jatinunggal,Pawenang
Jawa Barat,Bandung,Gedebage,Rancabolang
Jawa Barat,Sumedang,Darmaraja,Ranggon
Jawa Barat,Majalengka,Banjaran,Sangiang
Jawa Barat,Sumedang,Jatinunggal,Sarimekar
Jawa Barat,Bandung Barat,Cipongkor,Sarinagen
Jawa Barat,Sukabumi,Kebonpedes,Sasagaran
Jawa Barat,Sumedang,Cimanggung,Sawahdadap
Jawa Barat,Sumedang,Jatinangor,Sayang
Jawa Barat,Bandung,Buahbatu,Sekejati
Jawa Barat,Sumedang,Cimanggung,Sindanggalih
Jawa Barat,Sukabumi,Cibeureum,Sindangpalay
Jawa Barat,Sukabumi,Lembursitu,Sindangsari
Jawa Barat,Sumedang,Cimanggung,Sindulang
Jawa Barat,Bandung Barat,Cihampelas,Singajaya
Jawa Barat,Sukabumi,Gunungguruh,Sirnaresmi
Jawa Barat,Bandung Barat,Cihampelas,Situwangi
Jawa Barat,Sukabumi,Baros,Sudajaya Hilir
Jawa Barat,Sumedang,Cimanggung,Sukadana
Jawa Barat,Sukabumi,Cikakak,Sukamaju
Jawa Barat,Bandung Barat,Cipongkor,Sukamulya
Jawa Barat,Sukabumi,Cikembar,Sukamulya
Jawa Barat,Sumedang,Wado,Sukapura
Jawa Barat,Bandung Barat,Rongga,Sukaresmi
Jawa Barat,Majalengka,Banjaran,Sunia
Jawa Barat,Sumedang,Cibugel,Tamansari
Jawa Barat,Cirebon,Pasaleman,Tanjung Anom
Jawa Barat,Bandung Barat,Cihampelas,Tanjungwangi
Jawa Barat,Sumedang,Jatinunggal,Tarikolot
Jawa Barat,Sumedang,Cimanggung,Tegalmanggung
Jawa Barat,Cirebon,Pasaleman,Tonjong
Jawa Barat,Sukabumi,Warungkiara,Ubrug
Jawa Barat,Sumedang,Wado,Wado
Jawa Barat,Sukabumi,Cikakak,Cimaja
Jawa Barat,Kuningan,Cidahu,Cibulan
Jawa Barat,Kuningan,Cidahu,Cieurih
Jawa Barat,Kuningan,Ciawigebang,Cigarukgak
Jawa Barat,Kuningan,Ciawigebang,Cihaur
Jawa Barat,Kuningan,Cidahu,Cikeusik
Jawa Barat,Kuningan,Kramatmulya,Cikubangsari
Jawa Barat,Kuningan,Kramatmulya,Cilaja
Jawa Barat,Kuningan,Cipicung,Cimaranten
Jawa Barat,Kuningan,Kalimanggis,Cipancur
Jawa Barat,Kuningan,Cipicung,Cipicung
Jawa Barat,Kuningan,Sindangagung,Dukuhlor
Jawa Barat,Kuningan,Ciawigebang,Dukuhdalem
Jawa Barat,Kuningan,Kramatmulya,Gereba
Jawa Barat,Kuningan,Cidahu,Jatimulya
Jawa Barat,Kuningan,Kalimanggis,Kalimanggiswetan
Jawa Barat,Kuningan,Kuningan,Kasturi
Jawa Barat,Kuningan,Kuningan,Cirendang
Jawa Barat,Kuningan,Kalimanggis,Kertawana
Jawa Barat,Kuningan,Ciawigebang,Mekarjaya
Jawa Barat,Kuningan,Cimahi,Mekarjaya
Jawa Barat,Kuningan,Cipicung,Sukamukti
Jawa Barat,Kuningan,Cipicung,Susukan
Jawa Barat,Kuningan,Sindangagung,Taraju
Jawa Barat,Kuningan,Kramatmulya,Widarasari
Jawa Barat,Kuningan,Cigugur,Cipari
Jawa Barat,Kuningan,Cigugur,Babakanmulya
Jawa Barat,Kuningan,Darma,Gunungsirah
Jawa Barat,Kuningan,Cigugur,Gunungkeling
Jawa Barat,Kuningan,Darma,Sagarahiang
Jawa Barat,Cianjur,Campaka,Cimenteng
Jawa Barat,Cianjur,Campaka,Susukan
Jawa Barat,Cianjur,Campaka,Girimukti
Jawa Barat,Cianjur,Cibeber,Sukamanah
Jawa Barat,Cianjur,Cibeber,Cikondang
Jawa Barat,Cianjur,Cibeber,Cibadak
Jawa Barat,Cianjur,Cibeber,Cibokor
Jawa Barat,Cianjur,Cibeber,Girimulya
Jawa Barat,Bandung,Margaasih,Rahayu
Jawa Barat,Bandung,Margaasih,Cigondewah Hilir
Jawa Barat,Bandung,Kutawaringin,Jelegong
Jawa Barat,Bandung,Margaasih,Nanjung
Jawa Barat,Bandung,Cileunyi,Cibiru Hilir
Jawa Barat,Bandung,Margaasih,Margaasih
Jawa Barat,Bandung Barat,Rongga,Cibitung
Jawa Barat,Cirebon,Pasaleman,Cigobangwangi
Jawa Barat,Sumedang,Jatinunggal,Cipeundeuy
Jawa Barat,Sumedang,Sumedang Selatan,Citengah
Jawa Barat,Majalengka,Talaga,Gunungmanik
Jawa Barat,Majalengka,Sindang,Sindang
Jawa Barat,Sumedang,Jatinunggal,Sukamanah
Jawa Barat,Majalengka,Bantarujeg,Sukamenak
Jawa Barat,Kuningan,Cigugur,Puncak
Jawa Barat,Kuningan,Cigugur,Cisantana
Jawa Barat,Cianjur,Cibeber,Karangnunggal
Jawa Barat,Bandung,Cileunyi,Cinunuk
Jawa Barat,Bandung,Cileunyi,Cimekar
Jawa Barat,Bandung,Cileunyi,Cileunyi Kulon
Jawa Barat,Bandung,Cileunyi,Cileunyi Wetan
Jawa Tengah,Banyumas,Kedungbanteng,Melung
Jawa Tengah,Magelang,Muntilan,Menayu
Jawa Tengah,Brebes,Sirampog,Mendala
Jawa Tengah,Klaten,Kebonarum,Menden
Jawa Tengah,Purworejo,Ngombol,Mendiro
Jawa Tengah,Pekalongan,Lebakbarang,Mendolo
Jawa Tengah,Semarang,Sumowono,Mendongan
Jawa Tengah,Magelang,Mungkid,Mendut
Jawa Tengah,Banyumas,Rawalo,Menganti
Jawa Tengah,Kebumen,Sruweng,Menganti
Jawa Tengah,Temanggung,Tembarak,Menggoro
Jawa Tengah,Kebumen,Kebumen,Mengkowo
Jawa Tengah,Pekalongan,Bojong,Menjangan
Jawa Tengah,Magelang,Salaman,Menoreh
Jawa Tengah,Temanggung,Candiroto,Mento
Jawa Tengah,Demak,Mranggen,Menur
Jawa Tengah,Kendal,Singorojo,Merbuh
Jawa Tengah,Klaten,Klaten Selatan,Merbung
Jawa Tengah,Banjarnegara,Purwanegara,Merden
Jawa Tengah,Kebumen,Padureso,Merden
Jawa Tengah,Cilacap,Kroya,Mergawati
Jawa Tengah,Kebumen,Buayan,Mergosono
Jawa Tengah,Temanggung,Kedu,Mergowati
Jawa Tengah,Banyumas,Purwokerto Timur,Mersi
Jawa Tengah,Banjarnegara,Purwanegara,Mertasari
Jawa Tengah,Magelang,Mertoyudan,Mertoyudan
Jawa Tengah,Pekalongan,Talun,Mesoyi
Jawa Tengah,Banjarnegara,Pagentan,Metawana
Jawa Tengah,Semarang,Tembalang,Meteseh
Jawa Tengah,Kendal,Boja,Meteseh
Jawa Tengah,Boyolali,Mojosongo,Metuk
Jawa Tengah,Semarang,Mijen,Mijen
Jawa Tengah,Klaten,Trucuk,Mireng
Jawa Tengah,Kebumen,Mirit,Mirit
Jawa Tengah,Kebumen,Mirit,Miritpetikusan
Jawa Tengah,Semarang,Semarang Tengah,Miroto
Jawa Tengah,Purworejo,Gebang,Mlaran
Jawa Tengah,Semarang,Semarang Timur,Mlatibaru
Jawa Tengah,Semarang,Semarang Timur,Mlatiharjo
Jawa Tengah,Kendal,Patean,Mlatiharjo
Jawa Tengah,Banjarnegara,Punggelan,Mlaya
Jawa Tengah,Brebes,Sirampog,Mlayang
Jawa Tengah,Klaten,Gantiwarno,Mlese
Jawa Tengah,Klaten,Ceper,Mlese
Jawa Tengah,Semarang,Bandungan,Mlilir
Jawa Tengah,Boyolali,Cepogo,Mliwis
Jawa Tengah,Semarang,Ungaran Timur,Mluweh
Jawa Tengah,Klaten,Klaten Tengah,Mojayan
Jawa Tengah,Kendal,Ringinarum,Mojo
Jawa Tengah,Kendal,Plantungan,Mojoagung
Jawa Tengah,Boyolali,Teras,Mojolegi
Jawa Tengah,Temanggung,Bansari,Mojosari
Jawa Tengah,Boyolali,Mojosongo,Mojosongo
Jawa Tengah,Temanggung,Kedu,Mojotengah
Jawa Tengah,Tegal,Jatinegara,Mokaha
Jawa Tengah,Temanggung,Bulu,Mondoretno
Jawa Tengah,Kendal,Weleri,Montongsari
Jawa Tengah,Temanggung,Jumo,Morobongo
Jawa Tengah,Magelang,Srumbung,Mranggen
Jawa Tengah,Klaten,Jatinom,Mranggen
Jawa Tengah,Demak,Mranggen,Mranggen
Jawa Tengah,Temanggung,Bansari,Mranggen Kidul
Jawa Tengah,Temanggung,Bansari,Mranggen Tengah
Jawa Tengah,Purworejo,Purworejo,Mranti
Jawa Tengah,Kebumen,Bonorowo,Mrentul
Jawa Tengah,Pekalongan,Sragi,Mrican
Jawa Tengah,Kebumen,Kutowinangun,Mrinen
Jawa Tengah,Grobogan,Tanggungharjo,Mrisi
Jawa Tengah,Boyolali,Tamansari,Mriyan
Jawa Tengah,Temanggung,Temanggung,Mudal
Jawa Tengah,Boyolali,Boyolali,Mudal
Jawa Tengah,Purworejo,Purworejo,Mudal
Jawa Tengah,Purworejo,Loano,Mudalrejo
Jawa Tengah,Semarang,Semarang Selatan,Mugasari
Jawa Tengah,Cilacap,Kroya,Mujur
Jawa Tengah,Cilacap,Kroya,Mujur Lor
Jawa Tengah,Semarang,Kaliwungu,Mukiran
Jawa Tengah,Semarang,Pedurungan,Muktiharjo Kidul
Jawa Tengah,Semarang,Genuk,Muktiharjo Lor
Jawa Tengah,Cilacap,Gandrungmangu,Muktisari
Jawa Tengah,Kebumen,Kebumen,Muktisari
Jawa Tengah,Cilacap,Majenang,Mulyadadi
Jawa Tengah,Cilacap,Cipari,Mulyadadi
Jawa Tengah,Cilacap,Majenang,Mulyasari
Jawa Tengah,Tegal,Pagerbarang,Mulyoharjo
Jawa Tengah,Pekalongan,Kesesi,Mulyorejo
Jawa Tengah,Kendal,Sukorejo,Mulyosari
Jawa Tengah,Kebumen,Prembun,Mulyosri
Jawa Tengah,Tegal,Bumijawa,Muncanglarang
Jawa Tengah,Temanggung,Gemawang,Muncar
Jawa Tengah,Semarang,Susukan,Muncar
Jawa Tengah,Semarang,Bergas,Munding
Jawa Tengah,Klaten,Tulung,Mundu
Jawa Tengah,Magelang,Pakis,Muneng
Jawa Tengah,Temanggung,Candiroto,Muneng
Jawa Tengah,Magelang,Pakis,Munengwarangan
Jawa Tengah,Purworejo,Grabag,Munggangsari
Jawa Tengah,Magelang,Kaliangkrik,Munggangsari
Jawa Tengah,Temanggung,Ngadirejo,Munggangsari
Jawa Tengah,Kebumen,Petanahan,Munggu
Jawa Tengah,Magelang,Mungkid,Mungkid
Jawa Tengah,Temanggung,Temanggung,Mungseng
Jawa Tengah,Magelang,Muntilan,Muntilan
Jawa Tengah,Temanggung,Candiroto,Muntung
Jawa Tengah,Kebumen,Kebumen,Murtirejo
Jawa Tengah,Klaten,Gantiwarno,Muruh
Jawa Tengah,Boyolali,Musuk,Musuk
Jawa Tengah,Klaten,Gantiwarno,Mutihan
Jawa Tengah,Banjarnegara,Pagentan,Nagasari
Jawa Tengah,Purworejo,Grabag,Nambangan
Jawa Tengah,Temanggung,Temanggung,Nampirejo
Jawa Tengah,Purworejo,Purwodadi,Nampu
Jawa Tengah,Kebumen,Petanahan,Nampudadi
Jawa Tengah,Purworejo,Purwodadi,Nampurejo
Jawa Tengah,Klaten,Manisrenggo,Nangsri
Jawa Tengah,Kendal,Weleri,Nawangsari
Jawa Tengah,Brebes,Bumiayu,Negaradaha
Jawa Tengah,Cilacap,Cimanggu,Negarajati
Jawa Tengah,Brebes,Tonjong,Negarayu
Jawa Tengah,Klaten,Bayat,Nengahan
Jawa Tengah,Boyolali,Teras,Nepen
Jawa Tengah,Magelang,Secang,Ngabean
Jawa Tengah,Kebumen,Mirit,Ngabean
Jawa Tengah,Kendal,Boja,Ngabean
Jawa Tengah,Klaten,Karanganom,Ngabeyan
Jawa Tengah,Temanggung,Candiroto,Ngabeyan
Jawa Tengah,Magelang,Srumbung,Ngablak
Jawa Tengah,Magelang,Ngablak,Ngablak
Jawa Tengah,Boyolali,Wonosamodro,Ngablak
Jawa Tengah,Magelang,Borobudur,Ngadiharjo
Jawa Tengah,Wonosobo,Sapuran,Ngadikerso
Jawa Tengah,Semarang,Sumowono,Ngadikerso
Jawa Tengah,Temanggung,Kedu,Ngadimulyo
Jawa Tengah,Magelang,Dukun,Ngadipuro
Jawa Tengah,Magelang,Salaman,Ngadirejo
Jawa Tengah,Magelang,Tegalrejo,Ngadirejo
Jawa Tengah,Temanggung,Ngadirejo,Ngadirejo
Jawa Tengah,Purworejo,Kaligesing,Ngadirejo
Jawa Tengah,Semarang,Mijen,Ngadirgo
Jawa Tengah,Magelang,Secang,Ngadirojo
Jawa Tengah,Boyolali,Gladagsari,Ngadirojo
Jawa Tengah,Temanggung,Gemawang,Ngadisepi
Jawa Tengah,Temanggung,Selopampang,Ngaditirto
Jawa Tengah,Kendal,Sukorejo,Ngadiwarno
Jawa Tengah,Boyolali,Sambi,Ngaglik
Jawa Tengah,Purworejo,Gebang,Ngaglik
Jawa Tengah,Boyolali,Gladagsari,Ngagrong
Jawa Tengah,Semarang,Tuntang,Ngajaran
Jawa Tengah,Klaten,Klaten Selatan,Ngalas
Jawa Tengah,Temanggung,Bejen,Ngaliyan
Jawa Tengah,Semarang,Ngaliyan,Ngaliyan
Jawa Tengah,Purworejo,Pituruh,Ngampel
Jawa Tengah,Kendal,Ngampel,Ngampel Kulon
Jawa Tengah,Kendal,Ngampel,Ngampel Wetan
Jawa Tengah,Magelang,Salaman,Ngampeldento
Jawa Tengah,Semarang,Ambarawa,Ngampin
Jawa Tengah,Boyolali,Ampel,Ngampon
Jawa Tengah,Purworejo,Pituruh,Ngandagan
Jawa Tengah,Klaten,Gantiwarno,Ngandong
Jawa Tengah,Klaten,Polanharjo,Nganjat
Jawa Tengah,Klaten,Polanharjo,Ngaran
Jawa Tengah,Purworejo,Kaligesing,Ngaran
Jawa Tengah,Kendal,Singorojo,Ngareanak
Jawa Tengah,Temanggung,Ngadirejo,Ngaren
Jawa Tengah,Magelang,Borobudur,Ngargogondo
Jawa Tengah,Boyolali,Gladagsari,Ngargoloka
Jawa Tengah,Magelang,Dukun,Ngargomulyo
Jawa Tengah,Magelang,Salaman,Ngargoretno
Jawa Tengah,Magelang,Kajoran,Ngargosari
Jawa Tengah,Boyolali,Ampel,Ngargosari
Jawa Tengah,Purworejo,Loano,Ngargosari
Jawa Tengah,Kendal,Sukorejo,Ngargosari
Jawa Tengah,Magelang,Srumbung,Ngargosoko
Jawa Tengah,Magelang,Kaliangkrik,Ngargosoko
Jawa Tengah,Magelang,Tegalrejo,Ngasem
Jawa Tengah,Magelang,Grabag,Ngasinan
Jawa Tengah,Semarang,Susukan,Ngasinan
Jawa Tengah,Kebumen,Bonorowo,Ngasinan
Jawa Tengah,Purworejo,Bener,Ngasinan
Jawa Tengah,Kendal,Weleri,Ngasinan
Jawa Tengah,Magelang,Muntilan,Ngawen
Jawa Tengah,Klaten,Ngawen,Ngawen
Jawa Tengah,Kendal,Ringinarum,Ngawensari
Jawa Tengah,Magelang,Kaliangkrik,Ngawonggo
Jawa Tengah,Magelang,Windusari,Ngemplak
Jawa Tengah,Klaten,Kalikotes,Ngemplak
Jawa Tengah,Klaten,Karangnongko,Ngemplak
Jawa Tengah,Temanggung,Kandangan,Ngemplak
Jawa Tengah,Demak,Mranggen,Ngemplak
Jawa Tengah,Purworejo,Gebang,Ngemplak
Jawa Tengah,Semarang,Semarang Barat,Ngemplak Simongan
Jawa Tengah,Klaten,Manisrenggo,Ngemplakseneng
Jawa Tengah,Semarang,Bergas,Ngempon
Jawa Tengah,Boyolali,Ampel,Ngenden
Jawa Tengah,Magelang,Kaliangkrik,Ngendrokilo
Jawa Tengah,Magelang,Kajoran,Ngendrosari
Jawa Tengah,Purworejo,Ngombol,Ngentak
Jawa Tengah,Magelang,Bandongan,Ngepanrejo
Jawa Tengah,Klaten,Jogonalan,Ngering
Jawa Tengah,Kendal,Ringinarum,Ngerjo
Jawa Tengah,Semarang,Banyumanik,Ngesrep
Jawa Tengah,Kendal,Limbangan,Ngesrepbalong
Jawa Tengah,Semarang,Gunungpati,Ngijo
Jawa Tengah,Temanggung,Bulu,Ngimbrang
Jawa Tengah,Temanggung,Pringsurat,Ngipik
Jawa Tengah,Temanggung,Tretep,Nglarangan
Jawa Tengah,Purworejo,Bener,Nglaris
Jawa Tengah,Boyolali,Sambi,Nglembu
Jawa Tengah,Klaten,Klaten Selatan,Nglinggi
Jawa Tengah,Temanggung,Parakan,Nglondong
Jawa Tengah,Temanggung,Pringsurat,Nglorog
Jawa Tengah,Magelang,Srumbung,Nglumut
Jawa Tengah,Magelang,Ngluwar,Ngluwar
Jawa Tengah,Grobogan,Kedungjati,Ngombak
Jawa Tengah,Purworejo,Ngombol,Ngombol
Jawa Tengah,Magelang,Mungkid,Ngrajek
Jawa Tengah,Magelang,Grabag,Ngrancah
Jawa Tengah,Semarang,Banyubiru,Ngrapah
Jawa Tengah,Semarang,Getasan,Ngrawan
Jawa Tengah,Temanggung,Kranggan,Ngropoh
Jawa Tengah,Klaten,Kebonarum,Ngrundul
Jawa Tengah,Temanggung,Kranggan,Nguwet
Jawa Tengah,Salatiga,Argomulyo,Noborejo
Jawa Tengah,Kebumen,Buayan,Nogoraji
Jawa Tengah,Semarang,Getasan,Nogosaren
Jawa Tengah,Kendal,Kaliwungu,Nolokerto
Jawa Tengah,Semarang,Gunungpati,Nongkosawit
Jawa Tengah,Banyumas,Patikraja,Notog
Jawa Tengah,Pekalongan,Paninggaran,Notogiwang
Jawa Tengah,Banyumas,Sumpiuh,Nusadadi
Jawa Tengah,Cilacap,Sampang,Nusajati
Jawa Tengah,Banyumas,Kemranjen,Nusamangir
Jawa Tengah,Cilacap,Nusawungu,Nusawangkal
Jawa Tengah,Cilacap,Nusawungu,Nusawungu
Jawa Tengah,Semarang,Tengaran,Nyamat
Jawa Tengah,Pekalongan,Kajen,Nyamok
Jawa Tengah,Semarang,Ungaran Barat,Nyatnyono
Jawa Tengah,Semarang,Bringin,Nyemoh
Jawa Tengah,Kebumen,Kuwarasan,Ori
Jawa Tengah,Magelang,Mungkid,Pabelan
Jawa Tengah,Semarang,Pabelan,Pabelan
Jawa Tengah,Cilacap,Sampang,Paberasan
Jawa Tengah,Banyumas,Purwokerto Utara,Pabuaran
Jawa Tengah,Brebes,Salem,Pabuaran
Jawa Tengah,Purworejo,Purworejo,Pacekelan
Jawa Tengah,Klaten,Wedi,Pacing
Jawa Tengah,Purworejo,Kutoarjo,Pacor
Jawa Tengah,Semarang,Pabelan,Padaan
Jawa Tengah,Grobogan,Tanggungharjo,Padang
Jawa Tengah,Cilacap,Majenang,Padangjaya
Jawa Tengah,Cilacap,Majenang,Padangsari
Jawa Tengah,Semarang,Banyumanik,Padangsari
Jawa Tengah,Klaten,Karanganom,Padas
Jawa Tengah,Tegal,Jatinegara,Padasari
Jawa Tengah,Temanggung,Jumo,Padureso
Jawa Tengah,Kebumen,Padureso,Padureso
Jawa Tengah,Purworejo,Purworejo,Paduroso
Jawa Tengah,Purworejo,Ngombol,Pagak
Jawa Tengah,Banjarnegara,Purworeja Klampok,Pagak
Jawa Tengah,Kebumen,Karanggayam,Pagebangan
Jawa Tengah,Kebumen,Ambal,Pagedangan
Jawa Tengah,Banjarnegara,Pagedongan,Pagedongan
Jawa Tengah,Banjarnegara,Madukara,Pagelak
Jawa Tengah,Banjarnegara,Pagentan,Pagentan
Jawa Tengah,Semarang,Kaliwungu,Pager
Jawa Tengah,Banyumas,Kemranjen,Pageralang
Jawa Tengah,Tegal,Pagerbarang,Pagerbarang
Jawa Tengah,Banjarnegara,Wanayasa,Pagergunung
Jawa Tengah,Magelang,Ngablak,Pagergunung
Jawa Tengah,Temanggung,Bulu,Pagergunung
Jawa Tengah,Temanggung,Pringsurat,Pagergunung
Jawa Tengah,Kendal,Pageruyung,Pagergunung
Jawa Tengah,Boyolali,Musuk,Pagerjurang
Jawa Tengah,Tegal,Bumijawa,Pagerkasih
Jawa Tengah,Banjarnegara,Karangkobar,Pagerpelah
Jawa Tengah,Magelang,Mungkid,Pagersari
Jawa Tengah,Temanggung,Tlogomulyo,Pagersari
Jawa Tengah,Semarang,Bergas,Pagersari
Jawa Tengah,Kendal,Patean,Pagersari
Jawa Tengah,Kendal,Limbangan,Pagertoyo
Jawa Tengah,Kendal,Pageruyung,Pageruyung
Jawa Tengah,Tegal,Balapulang,Pagerwangi
Jawa Tengah,Kendal,Limbangan,Pagerwojo
Jawa Tengah,Brebes,Paguyangan,Pagojengan
Jawa Tengah,Cilacap,Binangun,Pagubugan
Jawa Tengah,Cilacap,Binangun,Pagubugan Kulon
Jawa Tengah,Pekalongan,Karangdadap,Pagumenganmas
Jawa Tengah,Brebes,Paguyangan,Paguyangan
Jawa Tengah,Cilacap,Majenang,Pahonjean
Jawa Tengah,Purworejo,Kemiri,Paitan
Jawa Tengah,Banyumas,Kalibagor,Pajerukan
Jawa Tengah,Pekalongan,Kedungwuni,Pajomblangan
Jawa Tengah,Klaten,Jogonalan,Pakahan
Jawa Tengah,Banjarnegara,Madukara,Pakelen
Jawa Tengah,Purworejo,Gebang,Pakem
Jawa Tengah,Tegal,Slawi,Pakembaran
Jawa Tengah,Tegal,Pangkah,Paketiban
Jawa Tengah,Cilacap,Sampang,Paketingan
Jawa Tengah,Semarang,Gunungpati,Pakintelan
Jawa Tengah,Magelang,Pakis,Pakis
Jawa Tengah,Semarang,Bringin,Pakis
Jawa Tengah,Kendal,Limbangan,Pakis
Jawa Tengah,Kendal,Patean,Pakisan
Jawa Tengah,Purworejo,Bruno,Pakisarum
Jawa Tengah,Pekalongan,Kedungwuni,Pakisputih
Jawa Tengah,Purworejo,Banyuurip,Pakisrejo
Jawa Tengah,Semarang,Bandungan,Pakopen
Jawa Tengah,Brebes,Paguyangan,Pakujati
Jawa Tengah,Tegal,Margasari,Pakulaut
Jawa Tengah,Magelang,Ngluwar,Pakunden
Jawa Tengah,Kebumen,Buayan,Pakuran
Jawa Tengah,Kebumen,Sruweng,Pakuran
Jawa Tengah,Temanggung,Bulu,Pakurejo
Jawa Tengah,Semarang,Pedurungan,Palebon
Jawa Tengah,Cilacap,Wanareja,Palugon
Jawa Tengah,Brebes,Ketanggungan,Pamedaran
Jawa Tengah,Banyumas,Baturraden,Pamijen
Jawa Tengah,Brebes,Bumiayu,Pamijen
Jawa Tengah,Tegal,Balapulang,Pamiritan
Jawa Tengah,Demak,Guntur,Pamongan
Jawa Tengah,Purworejo,Pituruh,Pamriyan
Jawa Tengah,Kendal,Gemuh,Pamriyan
Jawa Tengah,Cilacap,Karangpucung,Pamulihan
Jawa Tengah,Brebes,Larangan,Pamulihan
Jawa Tengah,Pekalongan,Lebakbarang,Pamutuh
Jawa Tengah,Magelang,Secang,Pancuranmas
Jawa Tengah,Banyumas,Sumpiuh,Pandak
Jawa Tengah,Banyumas,Baturraden,Pandak
Jawa Tengah,Banjarnegara,Pandanarum,Pandanarum
Jawa Tengah,Kebumen,Klirong,Pandanlor
Jawa Tengah,Purworejo,Kaligesing,Pandanrejo
Jawa Tengah,Magelang,Srumbung,Pandanretno
Jawa Tengah,Magelang,Kajoran,Pandanretno
Jawa Tengah,Banjarnegara,Wanayasa,Pandansari
Jawa Tengah,Magelang,Kajoran,Pandansari
Jawa Tengah,Brebes,Paguyangan,Pandansari
Jawa Tengah,Semarang,Semarang Tengah,Pandansari
Jawa Tengah,Kebumen,Sruweng,Pandansari
Jawa Tengah,Magelang,Ngablak,Pandean
Jawa Tengah,Semarang,Gayamsari,Pandean Lamper
Jawa Tengah,Temanggung,Bulu,Pandemulyo
Jawa Tengah,Klaten,Wedi,Pandes
Jawa Tengah,Klaten,Jatinom,Pandeyan
Jawa Tengah,Cilacap,Karangpucung,Pangawaren
Jawa Tengah,Brebes,Bantarkawung,Pangebatan
Jawa Tengah,Purworejo,Purworejo,Pangenjurutengah
Jawa Tengah,Purworejo,Purworejo,Pangenrejo
Jawa Tengah,Klaten,Kemalang,Panggang
Jawa Tengah,Purworejo,Butuh,Panggeldlangu
Jawa Tengah,Banjarnegara,Mandiraja,Panggisari
Jawa Tengah,Semarang,Semarang Utara,Panggung Kidul
Jawa Tengah,Pekalongan,Karangdadap,Pangkah
Jawa Tengah,Tegal,Pangkah,Pangkah
Jawa Tengah,Purworejo,Pituruh,Pangkalan
Jawa Tengah,Cilacap,Cimanggu,Panimbang
Jawa Tengah,Pekalongan,Paninggaran,Paninggaran
Jawa Tengah,Semarang,Ambarawa,Panjang
Jawa Tengah,Magelang,Magelang Tengah,Panjang
Jawa Tengah,Kebumen,Gombong,Panjangsari
Jawa Tengah,Kebumen,Karanganyar,Panjatan
Jawa Tengah,Kebumen,Kebumen,Panjer
Jawa Tengah,Pekalongan,Bojong,Pantianom
Jawa Tengah,Pekalongan,Kesesi,Pantirejo
Jawa Tengah,Cilacap,Dayeuhluhur,Panulisan
Jawa Tengah,Cilacap,Dayeuhluhur,Panulisan Barat
Jawa Tengah,Cilacap,Dayeuhluhur,Panulisan Timur
Jawa Tengah,Temanggung,Kledung,Paponan
Jawa Tengah,Banyumas,Banyumas,Papringan
Jawa Tengah,Semarang,Kaliwungu,Papringan
Jawa Tengah,Banjarnegara,Purwanegara,Parakan
Jawa Tengah,Temanggung,Parakan,Parakan Kauman
Jawa Tengah,Kendal,Pageruyung,Parakan Sebaran
Jawa Tengah,Temanggung,Parakan,Parakan Wetan
Jawa Tengah,Banjarnegara,Banjarnegara,Parakancanggah
Jawa Tengah,Boyolali,Cepogo,Paras
Jawa Tengah,Temanggung,Kranggan,Pare
Jawa Tengah,Magelang,Mungkid,Paremono
Jawa Tengah,Brebes,Banjarharjo,Parereja
Jawa Tengah,Magelang,Salaman,Paripurno
Jawa Tengah,Magelang,Windusari,Pasangsari
Jawa Tengah,Purworejo,Grabag,Pasaranom
Jawa Tengah,Kebumen,Ambal,Pasarsenen
Jawa Tengah,Klaten,Bayat,Paseban
Jawa Tengah,Banjarnegara,Pandanarum,Pasegeran
Jawa Tengah,Banjarnegara,Banjarmangu,Paseh
Jawa Tengah,Semarang,Ambarawa,Pasekan
Jawa Tengah,Kendal,Boja,Pasigitan
Jawa Tengah,Banyumas,Banyumas,Pasinggangan
Jawa Tengah,Kebumen,Ayah,Pasir
Jawa Tengah,Banyumas,Purwokerto Barat,Pasir Kidul
Jawa Tengah,Banyumas,Purwokerto Barat,Pasirmuncang
Jawa Tengah,Brebes,Salem,Pasirpanjang
Jawa Tengah,Klaten,Wedi,Pasung
Jawa Tengah,Klaten,Ceper,Pasungan
Jawa Tengah,Banjarnegara,Batur,Pasurenan
Jawa Tengah,Temanggung,Bulu,Pasuruan
Jawa Tengah,Cilacap,Binangun,Pasuruhan
Jawa Tengah,Banjarnegara,Karangkobar,Pasuruhan
Jawa Tengah,Magelang,Mertoyudan,Pasuruhan
Jawa Tengah,Temanggung,Wonoboyo,Pateken
Jawa Tengah,Semarang,Tengaran,Patemon
Jawa Tengah,Semarang,Gunungpati,Patemon
Jawa Tengah,Kebumen,Gombong,Patemon
Jawa Tengah,Magelang,Dukun,Paten
Jawa Tengah,Banyumas,Patikraja,Patikraja
Jawa Tengah,Cilacap,Patimuan,Patimuan
Jawa Tengah,Kebumen,Mirit,Patukgawemulyo
Jawa Tengah,Kebumen,Bonorowo,Patukrejo
Jawa Tengah,Kebumen,Mirit,Patukrejomulyo
Jawa Tengah,Purworejo,Grabag,Patutrejo
Jawa Tengah,Banjarnegara,Karangkobar,Paweden
Jawa Tengah,Magelang,Secang,Payaman
Jawa Tengah,Kendal,Weleri,Payung
Jawa Tengah,Semarang,Kaliwungu,Payungan
Jawa Tengah,Kebumen,Prembun,Pecarikan
Jawa Tengah,Tegal,Dukuhwaru,Pedagangan
Jawa Tengah,Semarang,Banyumanik,Pedalangan
Jawa Tengah,Pekalongan,Karanganyar,Pedawang
Jawa Tengah,Semarang,Pedurungan,Pedurungan Kidul
Jawa Tengah,Semarang,Pedurungan,Pedurungan Lor
Jawa Tengah,Semarang,Pedurungan,Pedurungan Tengah
Jawa Tengah,Cilacap,Cipari,Pegadingan
Jawa Tengah,Banyumas,Patikraja,Pegalongan
Jawa Tengah,Kendal,Pegandon,Pegandon
Jawa Tengah,Kendal,Ringinarum,Pegerdawung
Jawa Tengah,Banjarnegara,Pejawaran,Pegundungan
Jawa Tengah,Kebumen,Kutowinangun,Pejagatan
Jawa Tengah,Kebumen,Pejagoan,Pejagoan
Jawa Tengah,Purworejo,Ngombol,Pejagran
Jawa Tengah,Banjarnegara,Pejawaran,Pejawaran
Jawa Tengah,Kebumen,Padureso,Pejengkolan
Jawa Tengah,Purworejo,Pituruh,Pekacangan
Jawa Tengah,Purworejo,Bener,Pekacangan
Jawa Tengah,Banyumas,Kalibagor,Pekaja
Jawa Tengah,Banjarnegara,Banjarmangu,Pekandangan
Jawa Tengah,Banjarnegara,Batur,Pekasiran
Jawa Tengah,Banjarnegara,Madukara,Pekauman
Jawa Tengah,Banjarnegara,Susukan,Pekikiran
Jawa Tengah,Pekalongan,Kajen,Pekiringanageng
Jawa Tengah,Pekalongan,Kajen,Pekiringanalit
Jawa Tengah,Cilacap,Kroya,Pekuncen
Jawa Tengah,Kendal,Pegandon,Pekuncen
Jawa Tengah,Kebumen,Sempor,Pekuncen
Jawa Tengah,Banyumas,Banyumas,Pekunden
Jawa Tengah,Semarang,Semarang Tengah,Pekunden
Jawa Tengah,Kebumen,Kutowinangun,Pekunden
Jawa Tengah,Kebumen,Mirit,Pekutan
Jawa Tengah,Purworejo,Bayan,Pekutan
Jawa Tengah,Kebumen,Adimulyo,Pekuwon
Jawa Tengah,Purworejo,Gebang,Pelutan
Jawa Tengah,Brebes,Banjarharjo,Penanggapan
Jawa Tengah,Kendal,Pegandon,Penanggulan
Jawa Tengah,Banjarnegara,Wanayasa,Penanggungan
Jawa Tengah,Kendal,Weleri,Penaruban
Jawa Tengah,Banjarnegara,Susukan,Penarusan Kulon
Jawa Tengah,Banjarnegara,Susukan,Penarusan Wetan
Jawa Tengah,Banjarnegara,Madukara,Penawangan
Jawa Tengah,Semarang,Pringapus,Penawangan
Jawa Tengah,Banjarnegara,Sigaluh,Panawaren
Jawa Tengah,Kebumen,Karangsambung,Pencil
Jawa Tengah,Tegal,Lebaksiu,Pendawa
Jawa Tengah,Brebes,Banjarharjo,Pende
Jawa Tengah,Temanggung,Kranggan,Pendowo
Jawa Tengah,Kebumen,Ambal,Peneket
Jawa Tengah,Tegal,Pangkah,Pener
Jawa Tengah,Cilacap,Majenang,Pengadegan
Jawa Tengah,Pekalongan,Wonopringgo,Pengadentengah
Jawa Tengah,Brebes,Bantarkawung,Pengarasan
Jawa Tengah,Magelang,Kaliangkrik,Pengarengan
Jawa Tengah,Kebumen,Pejagoan,Pengaringan
Jawa Tengah,Kebumen,Sruweng,Pengempon
Jawa Tengah,Semarang,Pedurungan,Penggaron Kidul
Jawa Tengah,Semarang,Genuk,Penggaron Lor
Jawa Tengah,Brebes,Bumiayu,Penggarutan
Jawa Tengah,Boyolali,Boyolali,Penggung
Jawa Tengah,Temanggung,Bulu,Pengilon
Jawa Tengah,Kebumen,Karanggayam,Penimbun
Jawa Tengah,Kebumen,Pejagoan,Peniron
Jawa Tengah,Kendal,Brangsong,Penjalin
Jawa Tengah,Boyolali,Simo,Pentur
Jawa Tengah,Tegal,Kedungbanteng,Penujah
Jawa Tengah,Purworejo,Gebang,Penungkulan
Jawa Tengah,Banjarnegara,Pejawaran,Penusupan
Jawa Tengah,Kebumen,Sruweng,Penusupan
Jawa Tengah,Tegal,Pangkah,Penusupan
Jawa Tengah,Tegal,Jatinegara,Penyalahan
Jawa Tengah,Kendal,Weleri,Penyangkringan
Jawa Tengah,Cilacap,Sidareja,Penyarang
Jawa Tengah,Purworejo,Pituruh,Pepe
Jawa Tengah,Klaten,Ngawen,Pepe
Jawa Tengah,Grobogan,Tegowanu,Pepe
Jawa Tengah,Brebes,Tonjong,Pepedan
Jawa Tengah,Klaten,Prambanan,Pereng
Jawa Tengah,Kendal,Sukorejo,Peron
Jawa Tengah,Kendal,Limbangan,Peron
Jawa Tengah,Cilacap,Cimanggu,Pesahangan
Jawa Tengah,Kebumen,Kutowinangun,Pesalakan
Jawa Tengah,Cilacap,Kroya,Pesanggrahan
Jawa Tengah,Banjarnegara,Pagedongan,Pesangkalan
Jawa Tengah,Banyumas,Tambak,Pesantren
Jawa Tengah,Banjarnegara,Wanayasa,Pesantren
Jawa Tengah,Temanggung,Wonoboyo,Pesantren
Jawa Tengah,Semarang,Mijen,Pesantren
Jawa Tengah,Tegal,Pagerbarang,Pesarean
Jawa Tengah,Kendal,Sukorejo,Pesaren
Jawa Tengah,Cilacap,Binangun,Pesawahan
Jawa Tengah,Banyumas,Rawalo,Pesawahan
Jawa Tengah,Kendal,Pegandon,Pesawahan
Jawa Tengah,Magelang,Grabag,Pesidi
Jawa Tengah,Klaten,Wedi,Pesu
Jawa Tengah,Kebumen,Prembun,Pesuningan
Jawa Tengah,Kebumen,Puring,Pesuruhan
Jawa Tengah,Banjarnegara,Madukara,Petambakan
Jawa Tengah,Kebumen,Petanahan,Petanahan
Jawa Tengah,Banyumas,Kemranjen,Petarangan
Jawa Tengah,Temanggung,Kledung,Petarangan
Jawa Tengah,Semarang,Semarang Selatan,Peterongan
Jawa Tengah,Banyumas,Kalibagor,Petir
Jawa Tengah,Banjarnegara,Purwanegara,Petir
Jawa Tengah,Temanggung,Ngadirejo,Petirejo
Jawa Tengah,Semarang,Gajahmungkur,Petompon
Jawa Tengah,Banjarnegara,Punggelan,Petuguran
Jawa Tengah,Purworejo,Pituruh,Petuguran
Jawa Tengah,Magelang,Pakis,Petung
Jawa Tengah,Temanggung,Bejen,Petung
Jawa Tengah,Kendal,Pageruyung,Petung
Jawa Tengah,Banyumas,Somagede,Piasa Kulon
Jawa Tengah,Banjarnegara,Susukan,Piasa Wetan
Jawa Tengah,Purworejo,Bagelen,Piji
Jawa Tengah,Semarang,Semarang Tengah,Pindrikan Kidul
Jawa Tengah,Semarang,Semarang Tengah,Pindrikan Lor
Jawa Tengah,Boyolali,Karanggede,Pinggir
Jawa Tengah,Banjarnegara,Rakit,Pingit
Jawa Tengah,Temanggung,Pringsurat,Pingit
Jawa Tengah,Banjarnegara,Pandanarum,Pingit Lor
Jawa Tengah,Magelang,Secang,Pirikan
Jawa Tengah,Temanggung,Wonoboyo,Pitrosari
Jawa Tengah,Purworejo,Pituruh,Pituruh
Jawa Tengah,Semarang,Sumowono,Piyanggang
Jawa Tengah,Purworejo,Ngombol,Piyono
Jawa Tengah,Semarang,Gunungpati,Plalangan
Jawa Tengah,Semarang,Pedurungan,Plamongansari
Jawa Tengah,Banyumas,Somagede,Plana
Jawa Tengah,Purworejo,Purwodadi,Plandi
Jawa Tengah,Banyumas,Tambak,Plangkapan
Jawa Tengah,Kendal,Kaliwungu Selatan,Plantaran
Jawa Tengah,Kebumen,Karanganyar,Plarangan
Jawa Tengah,Klaten,Jogonalan,Plawikan
Jawa Tengah,Semarang,Semarang Selatan,Pleburan
Jawa Tengah,Semarang,Sumowono,Pledokan
Jawa Tengah,Kebumen,Ambal,Plempukan Kembaran
Jawa Tengah,Purworejo,Purworejo,Plipir
Jawa Tengah,Purworejo,Bruno,Plipiran
Jawa Tengah,Semarang,Semarang Utara,Plombokan
Jawa Tengah,Brebes,Sirampog,Plompong
Jawa Tengah,Banjarnegara,Kalibening,Plorengan
Jawa Tengah,Temanggung,Candiroto,Plosogaden
Jawa Tengah,Magelang,Ngluwar,Plosogede
Jawa Tengah,Kendal,Patean,Plososari
Jawa Tengah,Temanggung,Selopampang,Plumbon
Jawa Tengah,Semarang,Suruh,Plumbon
Jawa Tengah,Kebumen,Karangsambung,Plumbon
Jawa Tengah,Banjarnegara,Pagentan,Plumbungan
Jawa Tengah,Semarang,Bancak,Plumutan
Jawa Tengah,Klaten,Kebonarum,Pluneng
Jawa Tengah,Wonosobo,Wadaslintang,Plunjaran
Jawa Tengah,Pekalongan,Kedungwuni,Podo
Jawa Tengah,Pekalongan,Karanganyar,Pododadi
Jawa Tengah,Kebumen,Klirong,Podoluhur
Jawa Tengah,Semarang,Ngaliyan,Podorejo
Jawa Tengah,Pekalongan,Kesesi,Podosari
Jawa Tengah,Kebumen,Kebumen,Adikarso
Jawa Tengah,Magelang,Muntilan,Adikarto
Jawa Tengah,Kebumen,Adimulyo,Adikarto
Jawa Tengah,Kebumen,Adimulyo,Adiluhur
Jawa Tengah,Cilacap,Wanareja,Adimulya
Jawa Tengah,Kebumen,Adimulyo,Adimulyo
Jawa Tengah,Banjarnegara,Rakit,Adipasir
Jawa Tengah,Magelang,Kaliangkrik,Adipuro
Jawa Tengah,Banyumas,Kebasen,Adisana
Jawa Tengah,Brebes,Bumiayu,Adisana
Jawa Tengah,Kebumen,Pejagoan,Aditirto
Jawa Tengah,Kebumen,Buayan,Adiwarno
Jawa Tengah,Purworejo,Grabag,Aglik
Jawa Tengah,Cilacap,Binangun,Alangamba
Jawa Tengah,Banyumas,Kemranjen,Alasmalang
Jawa Tengah,Banjarnegara,Karangkobar,Ambal
Jawa Tengah,Kebumen,Ambal,Ambalkebrek
Jawa Tengah,Kebumen,Ambal,Ambalkliwonan
Jawa Tengah,Kebumen,Buluspesantren,Ambalkumolo
Jawa Tengah,Kebumen,Ambal,Ambalresmi
Jawa Tengah,Magelang,Mungkid,Ambartawang
Jawa Tengah,Kebumen,Ambal,Ambarwinangun
Jawa Tengah,Banjarnegara,Banjarnegara,Ampelsari
Jawa Tengah,Kebumen,Petanahan,Ampelsari
Jawa Tengah,Kebumen,Buluspesantren,Ampih
Jawa Tengah,Purworejo,Butuh,Andong
Jawa Tengah,Banyumas,Purwokerto Timur,Arcawinangun
Jawa Tengah,Banjarnegara,Banjarnegara,Argasoka
Jawa Tengah,Tegal,Jatinegara,Argatawang
Jawa Tengah,Kebumen,Ayah,Argopeni
Jawa Tengah,Kebumen,Kebumen,Argopeni
Jawa Tengah,Kebumen,Ayah,Argosari
Jawa Tengah,Banjarnegara,Pagentan,Aribaya
Jawa Tengah,Kebumen,Adimulyo,Arjomulyo
Jawa Tengah,Kebumen,Adimulyo,Arjosari
Jawa Tengah,Kebumen,Puring,Arjowinangun
Jawa Tengah,Kebumen,Buluspesantren,Arjowinangun
Jawa Tengah,Banjarnegara,Kalibening,Asinan
Jawa Tengah,Semarang,Bawen,Asinan
Jawa Tengah,Purworejo,Ngombol,Awu-awu
Jawa Tengah,Kebumen,Ayah,Ayah
Jawa Tengah,Cilacap,Kroya,Ayamalas
Jawa Tengah,Kebumen,Buluspesantren,Ayamputih
Jawa Tengah,Banjarnegara,Pagentan,Babadan
Jawa Tengah,Kebumen,Kutowinangun,Babadsari
Jawa Tengah,Cilacap,Karangpucung,Babakan
Jawa Tengah,Banjarnegara,Punggelan,Badakarya
Jawa Tengah,Banjarnegara,Rakit,Badamita
Jawa Tengah,Semarang,Susukan,Badran
Jawa Tengah,Temanggung,Kranggan,Badran
Jawa Tengah,Purworejo,Bagelen,Bagelen
Jawa Tengah,Kebumen,Prembun,Bagung
Jawa Tengah,Temanggung,Parakan,Bagusan
Jawa Tengah,Temanggung,Selopampang,Bagusan
Jawa Tengah,Purworejo,Banyuurip,Bajangrejo
Jawa Tengah,Cilacap,Kroya,Bajing
Jawa Tengah,Cilacap,Kroya,Bajing Kulon
Jawa Tengah,Banjarnegara,Batur,Bakal
Jawa Tengah,Demak,Guntur,Bakalrejo
Jawa Tengah,Semarang,Susukan,Bakalrejo
Jawa Tengah,Boyolali,Cepogo,Bakulan
Jawa Tengah,Klaten,Jogonalan,Bakung
Jawa Tengah,Purworejo,Grabag,Bakurejo
Jawa Tengah,Tegal,Balapulang,Balapulang Kulon
Jawa Tengah,Tegal,Balapulang,Balapulang Wetan
Jawa Tengah,Tegal,Lebaksiu,Balaradin
Jawa Tengah,Magelang,Grabag,Baleagung
Jawa Tengah,Purworejo,Purworejo,Baledono
Jawa Tengah,Temanggung,Kandangan,Baledu
Jawa Tengah,Magelang,Kaliangkrik,Balekerto
Jawa Tengah,Klaten,Kemalang,Balerante
Jawa Tengah,Magelang,Kaliangkrik,Balerejo
Jawa Tengah,Temanggung,Tlogomulyo,Balerejo
Jawa Tengah,Magelang,Windusari,Balesari
Jawa Tengah,Temanggung,Bansari,Balesari
Jawa Tengah,Kebumen,Padureso,Balingasal
Jawa Tengah,Kebumen,Bonorowo,Balorejo
Jawa Tengah,Banjarnegara,Wanayasa,Balun
Jawa Tengah,Semarang,Ngaliyan,Bambankerep
Jawa Tengah,Magelang,Kajoran,Bambusari
Jawa Tengah,Magelang,Grabag,Banaran
Jawa Tengah,Temanggung,Tembarak,Banaran
Jawa Tengah,Temanggung,Gemawang,Banaran
Jawa Tengah,Boyolali,Boyolali,Banaran
Jawa Tengah,Semarang,Bancak,Bancak
Jawa Tengah,Banyumas,Purwokerto Utara,Bancarkembar
Jawa Tengah,Semarang,Ungaran Barat,Bandarjo
Jawa Tengah,Magelang,Windusari,Bandarsedayu
Jawa Tengah,Semarang,Bringin,Banding
Jawa Tengah,Banjarnegara,Sigaluh,Bandingan
Jawa Tengah,Banjarnegara,Bawang,Bandingan
Jawa Tengah,Banjarnegara,Rakit,Bandingan
Jawa Tengah,Magelang,Bandongan,Bandongan
Jawa Tengah,Boyolali,Wonosegoro,Bandung
Jawa Tengah,Kebumen,Kebumen,Bandung
Jawa Tengah,Purworejo,Kutoarjo,Bandung
Jawa Tengah,Klaten,Jatinom,Bandungan
Jawa Tengah,Semarang,Bandungan,Bandungan
Jawa Tengah,Temanggung,Kedu,Bandunggede
Jawa Tengah,Purworejo,Bayan,Bandungkidul
Jawa Tengah,Magelang,Ngablak,Bandungrejo
Jawa Tengah,Demak,Mranggen,Bandungrejo
Jawa Tengah,Purworejo,Bayan,Bandungrejo
Jawa Tengah,Brebes,Banjarharjo,Bandungsari
Jawa Tengah,Brebes,Bantarkawung,Bangbayang
Jawa Tengah,Semarang,Genuk,Bangetayu Kulon
Jawa Tengah,Semarang,Genuk,Bangetayu Wetan
Jawa Tengah,Cilacap,Binangun,Bangkal
Jawa Tengah,Banyumas,Kebasen,Bangsa
Jawa Tengah,Boyolali,Teras,Bangsalan
Jawa Tengah,Magelang,Kajoran,Bangsri
Jawa Tengah,Semarang,Semarang Tengah,Bangunharjo
Jawa Tengah,Cilacap,Kedungreja,Bangunreja
Jawa Tengah,Kendal,Pageruyung,Bangunsari
Jawa Tengah,Kebumen,Karangsambung,Banioro
Jawa Tengah,Magelang,Kajoran,Banjaragung
Jawa Tengah,Brebes,Salem,Banjaran
Jawa Tengah,Tegal,Balapulang,Banjaranyar
Jawa Tengah,Kebumen,Ayah,Banjararjo
Jawa Tengah,Cilacap,Nusawungu,Banjareja
Jawa Tengah,Magelang,Kaliangkrik,Banjarejo
Jawa Tengah,Pekalongan,Karanganyar,Banjarejo
Jawa Tengah,Demak,Guntur,Banjarejo
Jawa Tengah,Kebumen,Puring,Banjarejo
Jawa Tengah,Kebumen,Kuwarasan,Banjarejo
Jawa Tengah,Purworejo,Bayan,Banjarejo
Jawa Tengah,Kendal,Boja,Banjarejo
Jawa Tengah,Magelang,Kajoran,Banjaretno
Jawa Tengah,Magelang,Salaman,Banjarharjo
Jawa Tengah,Brebes,Banjarharjo,Banjarharjo
Jawa Tengah,Banjarnegara,Banjarmangu,Banjarkulon
Jawa Tengah,Brebes,Banjarharjo,Banjarlor
Jawa Tengah,Banjarnegara,Banjarmangu,Banjarmangu
Jawa Tengah,Magelang,Mertoyudan,Banjarnegoro
Jawa Tengah,Banyumas,Sumpiuh,Banjarpanepen
Jawa Tengah,Banyumas,Rawalo,Banjarparakan
Jawa Tengah,Cilacap,Nusawungu,Banjarsari
Jawa Tengah,Purworejo,Purwodadi,Banjarsari
Jawa Tengah,Magelang,Grabag,Banjarsari
Jawa Tengah,Magelang,Windusari,Banjarsari
Jawa Tengah,Pekalongan,Talun,Banjarsari
Jawa Tengah,Brebes,Bantarkawung,Banjarsari
Jawa Tengah,Temanggung,Kandangan,Banjarsari
Jawa Tengah,Temanggung,Ngadirejo,Banjarsari
Jawa Tengah,Temanggung,Bejen,Banjarsari
Jawa Tengah,Kebumen,Ambal,Banjarsari
Jawa Tengah,Kebumen,Gombong,Banjarsari
Jawa Tengah,Banyumas,Sumbang,Banjarsari Kulon
Jawa Tengah,Banyumas,Sumbang,Banjarsari Wetan
Jawa Tengah,Cilacap,Nusawungu,Banjarwaru
Jawa Tengah,Kebumen,Petanahan,Banjarwinangun
Jawa Tengah,Banjarnegara,Mandiraja,Banjengan
Jawa Tengah,Kebumen,Buluspesantren,Banjurmukadan
Jawa Tengah,Kebumen,Buluspesantren,Banjurpasar
Jawa Tengah,Temanggung,Bansari,Bansari
Jawa Tengah,Temanggung,Bulu,Bansari
Jawa Tengah,Semarang,Bancak,Bantal
Jawa Tengah,Cilacap,Wanareja,Bantar
Jawa Tengah,Banjarnegara,Wanayasa,Bantar
Jawa Tengah,Brebes,Bantarkawung,Bantarkawung
Jawa Tengah,Pekalongan,Lebakbarang,Bantarkulon
Jawa Tengah,Cilacap,Cimanggu,Bantarmangu
Jawa Tengah,Cilacap,Cimanggu,Bantarpanjang
Jawa Tengah,Banyumas,Purwokerto Barat,Bantarsoka
Jawa Tengah,Banjarnegara,Madukara,Bantarwaru
Jawa Tengah,Brebes,Bantarkawung,Bantarwaru
Jawa Tengah,Boyolali,Karanggede,Bantengan
Jawa Tengah,Banyumas,Sumbang,Banteran
Jawa Tengah,Temanggung,Candiroto,Bantir
Jawa Tengah,Magelang,Srumbung,Banyuadem
Jawa Tengah,Klaten,Karangnongko,Banyuaeng
Jawa Tengah,Boyolali,Ampel,Banyuanyar
Jawa Tengah,Purworejo,Loano,Banyuasin Kembaran
Jawa Tengah,Purworejo,Loano,Banyuasin Separe
Jawa Tengah,Magelang,Dukun,Banyubiru
Jawa Tengah,Semarang,Banyubiru,Banyubiru
Jawa Tengah,Magelang,Dukun,Banyudono
Jawa Tengah,Semarang,Bandungan,Banyukuning
Jawa Tengah,Semarang,Banyumanik,Banyumanik
Jawa Tengah,Demak,Mranggen,Banyumeneng
Jawa Tengah,Wonosobo,Sapuran,Banyumudal
Jawa Tengah,Kebumen,Buayan,Banyumudal
Jawa Tengah,Kendal,Singorojo,Banyuringin
Jawa Tengah,Klaten,Bayat,Banyuripan
Jawa Tengah,Magelang,Mertoyudan,Banyurojo
Jawa Tengah,Magelang,Sawangan,Banyuroto
Jawa Tengah,Kebumen,Adimulyo,Banyuroto
Jawa Tengah,Magelang,Grabag,Banyusari
Jawa Tengah,Magelang,Tegalrejo,Banyusari
Jawa Tengah,Magelang,Pakis,Banyusidi
Jawa Tengah,Magelang,Tegalrejo,Banyuurip
Jawa Tengah,Temanggung,Temanggung,Banyuurip
Jawa Tengah,Purworejo,Banyuurip,Banyuurip
Jawa Tengah,Kendal,Ngampel,Banyuurip
Jawa Tengah,Magelang,Bandongan,Banyuwangi
Jawa Tengah,Purworejo,Grabag,Banyuyoso
Jawa Tengah,Purworejo,Bagelen,Bapangsari
Jawa Tengah,Semarang,Ambarawa,Baran
Jawa Tengah,Temanggung,Jumo,Barang
Jawa Tengah,Klaten,Klaten Tengah,Bareng
Jawa Tengah,Klaten,Klaten Utara,Barenglor
Jawa Tengah,Brebes,Ketanggungan,Baros
Jawa Tengah,Klaten,Manisrenggo,Barukan
Jawa Tengah,Semarang,Tengaran,Barukan
Jawa Tengah,Semarang,Semarang Selatan,Barusari
Jawa Tengah,Banyumas,Kedungbanteng,Baseh
Jawa Tengah,Klaten,Kebonarum,Basin
Jawa Tengah,Magelang,Candimulyo,Bateh
Jawa Tengah,Tegal,Balapulang,Batuagung
Jawa Tengah,Tegal,Bumijawa,Batumirah
Jawa Tengah,Tegal,Bojong,Batunyana
Jawa Tengah,Banjarnegara,Batur,Batur
Jawa Tengah,Semarang,Getasan,Batur
Jawa Tengah,Klaten,Gantiwarno,Baturan
Jawa Tengah,Magelang,Salam,Baturono
Jawa Tengah,Pekalongan,Talun,Batursari
Jawa Tengah,Brebes,Sirampog,Batursari
Jawa Tengah,Temanggung,Kledung,Batursari
Jawa Tengah,Temanggung,Candiroto,Batursari
Jawa Tengah,Demak,Mranggen,Batursari
Jawa Tengah,Banjarnegara,Bawang,Bawang
Jawa Tengah,Magelang,Tempuran,Bawang
Jawa Tengah,Magelang,Pakis,Bawang
Jawa Tengah,Semarang,Bawen,Bawen
Jawa Tengah,Klaten,Kemalang,Bawukan
Jawa Tengah,Purworejo,Bayan,Bayan
Jawa Tengah,Purworejo,Kutoarjo,Bayem
Jawa Tengah,Kendal,Boja,Bebengan
Jawa Tengah,Pekalongan,Paninggaran,Bedagung
Jawa Tengah,Banjarnegara,Kalibening,Bedana
Jawa Tengah,Semarang,Jambu,Bedono
Jawa Tengah,Purworejo,Kemiri,Bedono Karangduwur
Jawa Tengah,Purworejo,Kemiri,Bedono Kluwung
Jawa Tengah,Purworejo,Kemiri,Bedono Pageron
Jawa Tengah,Tegal,Bumijawa,Begawat
Jawa Tengah,Semarang,Ambarawa,Bejalen
Jawa Tengah,Semarang,Pabelan,Bejaten
Jawa Tengah,Temanggung,Bejen,Bejen
Jawa Tengah,Banjarnegara,Banjarmangu,Beji
Jawa Tengah,Banyumas,Kedungbanteng,Beji
Jawa Tengah,Banjarnegara,Pejawaran,Beji
Jawa Tengah,Banjarnegara,Pandanarum,Beji
Jawa Tengah,Klaten,Tulung,Beji
Jawa Tengah,Semarang,Ungaran Timur,Beji
Jawa Tengah,Semarang,Suruh,Beji Lor
Jawa Tengah,Kebumen,Sempor,Bejiruyung
Jawa Tengah,Klaten,Karanganom,Beku
Jawa Tengah,Klaten,Klaten Utara,Belangwetan
Jawa Tengah,Klaten,Bayat,Beluk
Jawa Tengah,Purworejo,Banyuurip,Bencorejo
Jawa Tengah,Brebes,Sirampog,Benda
Jawa Tengah,Klaten,Manisrenggo,Bendan
Jawa Tengah,Boyolali,Banyudono,Bendan
Jawa Tengah,Semarang,Gajahmungkur,Bendan Dhuwur
Jawa Tengah,Semarang,Gajahmungkur,Bendan Ngisor
Jawa Tengah,Kebumen,Klirong,Bendogarap
Jawa Tengah,Purworejo,Gebang,Bendosari
Jawa Tengah,Kendal,Plantungan,Bendosari
Jawa Tengah,Purworejo,Grabag,Bendungan
Jawa Tengah,Temanggung,Tretep,Bendungan
Jawa Tengah,Semarang,Pabelan,Bendungan
Jawa Tengah,Semarang,Gajahmungkur,Bendungan
Jawa Tengah,Kebumen,Kuwarasan,Bendungan
Jawa Tengah,Cilacap,Majenang,Bener
Jawa Tengah,Semarang,Tengaran,Bener
Jawa Tengah,Purworejo,Bener,Bener
Jawa Tengah,Kebumen,Ambal,Benerkulon
Jawa Tengah,Kebumen,Ambal,Benerwetan
Jawa Tengah,Cilacap,Karangpucung,Bengbulang
Jawa Tengah,Klaten,Jatinom,Bengking
Jawa Tengah,Purworejo,Bener,Benowo
Jawa Tengah,Brebes,Salem,Bentar
Jawa Tengah,Brebes,Salem,Bentarsari
Jawa Tengah,Semarang,Bergas,Bergas Kidul
Jawa Tengah,Semarang,Bergas,Bergas Lor
Jawa Tengah,Semarang,Ngaliyan,Bringin
Jawa Tengah,Banyumas,Purwokerto Selatan,Berkoh
Jawa Tengah,Banjarnegara,Susukan,Berta
Jawa Tengah,Magelang,Kaliangkrik,Beseran
Jawa Tengah,Purworejo,Bayan,Besole
Jawa Tengah,Klaten,Jatinom,Beteng
Jawa Tengah,Magelang,Borobudur,Bigaran
Jawa Tengah,Cilacap,Binangun,Binangun
Jawa Tengah,Banyumas,Banyumas,Binangun
Jawa Tengah,Banjarnegara,Karangkobar,Binangun
Jawa Tengah,Purworejo,Butuh,Binangun
Jawa Tengah,Kebumen,Karanggayam,Binangun
Jawa Tengah,Cilacap,Dayeuhluhur,Bingkeng
Jawa Tengah,Banjarnegara,Bawang,Binorong
Jawa Tengah,Klaten,Wedi,Birit
Jawa Tengah,Banjarnegara,Pejawaran,Biting
Jawa Tengah,Banjarnegara,Bawang,Blambangan
Jawa Tengah,Klaten,Karanganom,Blanceran
Jawa Tengah,Brebes,Banjarharjo,Blandongan
Jawa Tengah,Kebumen,Poncowarno,Blater
Jawa Tengah,Purworejo,Bener,Bleber
Jawa Tengah,Purworejo,Pituruh,Blekatuk
Jawa Tengah,Purworejo,Purwodadi,Blendung
Jawa Tengah,Kebumen,Ambal,Blengorkulon
Jawa Tengah,Kebumen,Ambal,Blengorwetan
Jawa Tengah,Demak,Guntur,Blerong
Jawa Tengah,Magelang,Ngluwar,Bligo
Jawa Tengah,Pekalongan,Doro,Bligorejo
Jawa Tengah,Banjarnegara,Mandiraja,Blimbing
Jawa Tengah,Klaten,Karangnongko,Blimbing
Jawa Tengah,Temanggung,Kandangan,Blimbing
Jawa Tengah,Purworejo,Bruno,Blimbing
Jawa Tengah,Kendal,Boja,Blimbing
Jawa Tengah,Banjarnegara,Madukara,Blitar
Jawa Tengah,Magelang,Mungkid,Blondo
Jawa Tengah,Magelang,Ngluwar,Blongkeng
Jawa Tengah,Kendal,Brangsong,Blorok
Jawa Tengah,Salatiga,Sidorejo,Blotongan
Jawa Tengah,Tegal,Dukuhwaru,Blubuk
Jawa Tengah,Kendal,Plantungan,Blumah
Jawa Tengah,Banyumas,Purwokerto Utara,Bobosan
Jawa Tengah,Kebumen,Buluspesantren,Bocor
Jawa Tengah,Pekalongan,Kandangserang,Bodas
Jawa Tengah,Banyumas,Sumpiuh,Bogangin
Jawa Tengah,Tegal,Pangkah,Bogares Kidul
Jawa Tengah,Tegal,Pangkah,Bogares Lor
Jawa Tengah,Klaten,Bayat,Bogem
Jawa Tengah,Demak,Guntur,Bogosari
Jawa Tengah,Cilacap,Majenang,Boja
Jawa Tengah,Kendal,Boja,Boja
Jawa Tengah,Banjarnegara,Sigaluh,Bojanegara
Jawa Tengah,Temanggung,Kedu,Bojonegoro
Jawa Tengah,Purworejo,Ngombol,Bojong
Jawa Tengah,Magelang,Mungkid,Bojong
Jawa Tengah,Tegal,Bojong,Bojong
Jawa Tengah,Temanggung,Tretep,Bojong
Jawa Tengah,Pekalongan,Kandangserang,Bojongkoneng
Jawa Tengah,Pekalongan,Bojong,Bojonglor
Jawa Tengah,Semarang,Semarang Barat,Bojongsalaman
Jawa Tengah,Cilacap,Kedungreja,Bojongsari
Jawa Tengah,Kebumen,Alian,Bojongsari
Jawa Tengah,Pekalongan,Bojong,Bojongwetan
Jawa Tengah,Cilacap,Dayeuhluhur,Bolang
Jawa Tengah,Banjarnegara,Punggelan,Bondolharjo
Jawa Tengah,Magelang,Mertoyudan,Bondowoso
Jawa Tengah,Purworejo,Purwodadi,Bongkot
Jawa Tengah,Semarang,Semarang Barat,Bongsari
Jawa Tengah,Kebumen,Adimulyo,Bonjok
Jawa Tengah,Kebumen,Bonorowo,Bonjokkidul
Jawa Tengah,Kebumen,Bonorowo,Bonjoklor
Jawa Tengah,Temanggung,Tretep,Bonjor
Jawa Tengah,Klaten,Tulung,Bono
Jawa Tengah,Semarang,Suruh,Bonomerto
Jawa Tengah,Kebumen,Bonorowo,Bonorowo
Jawa Tengah,Kebumen,Sempor,Bonosari
Jawa Tengah,Klaten,Jatinom,Bonyokan
Jawa Tengah,Klaten,Manisrenggo,Borangan
Jawa Tengah,Magelang,Borobudur,Borobudur
Jawa Tengah,Purworejo,Banyuurip,Borokulon
Jawa Tengah,Klaten,Polanharjo,Borongan
Jawa Tengah,Purworejo,Banyuurip,Borowetan
Jawa Tengah,Semarang,Bancak,Boto
Jawa Tengah,Purworejo,Bayan,Botodaleman
Jawa Tengah,Temanggung,Tembarak,Botoputih
Jawa Tengah,Purworejo,Bayan,Botorejo
Jawa Tengah,Pekalongan,Paninggaran,Botosari
Jawa Tengah,Grobogan,Tanggungharjo,Brabo
Jawa Tengah,Purworejo,Purwodadi,Bragolan
Jawa Tengah,Boyolali,Mojosongo,Brajan
Jawa Tengah,Klaten,Prambanan,Brajan
Jawa Tengah,Demak,Karangawen,Brambang
Jawa Tengah,Klaten,Wedi,Brangkal
Jawa Tengah,Klaten,Karanganom,Brangkal
Jawa Tengah,Cilacap,Sampang,Brani
Jawa Tengah,Semarang,Ungaran Barat,Branjang
Jawa Tengah,Kebumen,Buluspesantren,Brecong
Jawa Tengah,Purworejo,Purworejo,Brenggong
Jawa Tengah,Banjarnegara,Susukan,Brengkok
Jawa Tengah,Purworejo,Pituruh,Brengkol
Jawa Tengah,Pekalongan,Kajen,Brengkolang
Jawa Tengah,Magelang,Srumbung,Bringin
Jawa Tengah,Semarang,Bringin,Bringin
Jawa Tengah,Purworejo,Bayan,Bringin
Jawa Tengah,Kendal,Sukorejo,Bringinsari
Jawa Tengah,Purworejo,Ngombol,Briyan
Jawa Tengah,Pekalongan,Kesesi,Brondong
Jawa Tengah,Purworejo,Bruno,Brondong
Jawa Tengah,Purworejo,Purwodadi,Brondongrejo
Jawa Tengah,Semarang,Jambu,Brongkol
Jawa Tengah,Demak,Mranggen,Brumbung
Jawa Tengah,Semarang,Semarang Tengah,Brumbungan
Jawa Tengah,Purworejo,Bruno,Brunorejo
Jawa Tengah,Purworejo,Bruno,Brunosari
Jawa Tengah,Brebes,Ketanggungan,Buara
Jawa Tengah,Kebumen,Buayan,Buayan
Jawa Tengah,Pekalongan,Kandangserang,Bubak
Jawa Tengah,Semarang,Mijen,Bubakan
Jawa Tengah,Purworejo,Purwodadi,Bubutan
Jawa Tengah,Semarang,Semarang Timur,Bugangan
Jawa Tengah,Purworejo,Bagelen,Bugel
Jawa Tengah,Salatiga,Sidorejo,Bugel
Jawa Tengah,Klaten,Prambanan,Bugisan
Jawa Tengah,Tegal,Balapulang,Bukateja
Jawa Tengah,Pekalongan,Bojong,Bukur
Jawa Tengah,Pekalongan,Sragi,Bulaksari
Jawa Tengah,Temanggung,Selopampang,Bulan
Jawa Tengah,Temanggung,Bulu,Bulu
Jawa Tengah,Semarang,Semarang Utara,Bulu Lor
Jawa Tengah,Cilacap,Patimuan,Bulupayung
Jawa Tengah,Magelang,Mertoyudan,Bulurejo
Jawa Tengah,Kebumen,Ayah,Bulurejo
Jawa Tengah,Purworejo,Gebang,Bulus
Jawa Tengah,Semarang,Tembalang,Bulusan
Jawa Tengah,Cilacap,Gandrungmangu,Bulusari
Jawa Tengah,Demak,Sayung,Bulusari
Jawa Tengah,Kebumen,Buluspesantren,Buluspesantren
Jawa Tengah,Semarang,Semarang Selatan,Bulustalan
Jawa Tengah,Semarang,Sumowono,Bumen
Jawa Tengah,Kebumen,Rowokele,Bumiagung
Jawa Tengah,Magelang,Kajoran,Bumiayu
Jawa Tengah,Brebes,Bumiayu,Bumiayu
Jawa Tengah,Temanggung,Selopampang,Bumiayu
Jawa Tengah,Kendal,Weleri,Bumiayu
Jawa Tengah,Magelang,Borobudur,Bumiharjo
Jawa Tengah,Klaten,Kemalang,Bumiharjo
Jawa Tengah,Demak,Guntur,Bumiharjo
Jawa Tengah,Kebumen,Klirong,Bumiharjo
Jawa Tengah,Tegal,Bumijawa,Bumijawa
Jawa Tengah,Cilacap,Kedungreja,Bumireja
Jawa Tengah,Magelang,Mungkid,Bumirejo
Jawa Tengah,Magelang,Kaliangkrik,Bumirejo
Jawa Tengah,Demak,Karangawen,Bumirejo
Jawa Tengah,Kebumen,Puring,Bumirejo
Jawa Tengah,Kebumen,Kebumen,Bumirejo
Jawa Tengah,Banyumas,Tambak,Buniayu
Jawa Tengah,Tegal,Bojong,Buniwah
Jawa Tengah,Brebes,Sirampog,Buniwah
Jawa Tengah,Klaten,Klaten Tengah,Buntalan
Jawa Tengah,Cilacap,Kroya,Buntu
Jawa Tengah,Purworejo,Butuh,Butuh
Jawa Tengah,Magelang,Sawangan,Butuh
Jawa Tengah,Boyolali,Mojosongo,Butuh
Jawa Tengah,Semarang,Tengaran,Butuh
Jawa Tengah,Temanggung,Temanggung,Butuh
Jawa Tengah,Semarang,Semarang Barat,Cabean
Jawa Tengah,Boyolali,Cepogo,Cabeankunti
Jawa Tengah,Magelang,Magelang Tengah,Cacaban
Jawa Tengah,Kendal,Singorojo,Cacaban
Jawa Tengah,Purworejo,Bener,Cacaban Kidul
Jawa Tengah,Purworejo,Bener,Cacaban Lor
Jawa Tengah,Temanggung,Bansari,Campuranom
Jawa Tengah,Temanggung,Tretep,Campurejo
Jawa Tengah,Kendal,Boja,Campurejo
Jawa Tengah,Temanggung,Parakan,Campursalam
Jawa Tengah,Temanggung,Ngadirejo,Campursari
Jawa Tengah,Temanggung,Bulu,Campursari
Jawa Tengah,Klaten,Wedi,Canan
Jawa Tengah,Purworejo,Ngombol,Candi
Jawa Tengah,Semarang,Candisari,Candi
Jawa Tengah,Semarang,Bandungan,Candi
Jawa Tengah,Boyolali,Ampel,Candi
Jawa Tengah,Kebumen,Karanganyar,Candi
Jawa Tengah,Semarang,Sumowono,Candigaron
Jawa Tengah,Boyolali,Cepogo,Candigatak
Jawa Tengah,Magelang,Candimulyo,Candimulyo
Jawa Tengah,Temanggung,Kedu,Candimulyo
Jawa Tengah,Kebumen,Kebumen,Candimulyo
Jawa Tengah,Purworejo,Banyuurip,Candingasinan
Jawa Tengah,Magelang,Borobudur,Candirejo
Jawa Tengah,Klaten,Ngawen,Candirejo
Jawa Tengah,Semarang,Tuntang,Candirejo
Jawa Tengah,Semarang,Pringapus,Candirejo
Jawa Tengah,Semarang,Ungaran Barat,Candirejo
Jawa Tengah,Kebumen,Ayah,Candirenggo
Jawa Tengah,Magelang,Secang,Candiretno
Jawa Tengah,Temanggung,Candiroto,Candiroto
Jawa Tengah,Magelang,Secang,Candisari
Jawa Tengah,Magelang,Windusari,Candisari
Jawa Tengah,Boyolali,Gladagsari,Candisari
Jawa Tengah,Temanggung,Bansari,Candisari
Jawa Tengah,Temanggung,Tlogomulyo,Candisari
Jawa Tengah,Demak,Mranggen,Candisari
Jawa Tengah,Purworejo,Banyuurip,Candisari
Jawa Tengah,Banjarnegara,Mandiraja,Candiwulan
Jawa Tengah,Kebumen,Kebumen,Candiwulan
Jawa Tengah,Kebumen,Adimulyo,Candiwulan
Jawa Tengah,Temanggung,Kledung,Canggal
Jawa Tengah,Temanggung,Candiroto,Canggal
Jawa Tengah,Semarang,Mijen,Cangkiran
Jawa Tengah,Purworejo,Purworejo,Cangkrepkidul
Jawa Tengah,Purworejo,Purworejo,Cangkreplor
Jawa Tengah,Grobogan,Tegowanu,Cangkring
Jawa Tengah,Kebumen,Sadang,Cangkring
Jawa Tengah,Tegal,Jatinegara,Capar
Jawa Tengah,Brebes,Salem,Capar
Jawa Tengah,Temanggung,Kandangan,Caruban
Jawa Tengah,Kebumen,Adimulyo,Caruban
Jawa Tengah,Kendal,Ringinarum,Caruban
Jawa Tengah,Tegal,Bumijawa,Carul
Jawa Tengah,Cilacap,Cipari,Caruy
Jawa Tengah,Boyolali,Sambi,Catur
Jawa Tengah,Temanggung,Parakan,Caturanom
Jawa Tengah,Klaten,Jatinom,Cawan
Jawa Tengah,Tegal,Bumijawa,Cawitali
Jawa Tengah,Salatiga,Argomulyo,Cebongan
Jawa Tengah,Temanggung,Wonoboyo,Cemoro
Jawa Tengah,Tegal,Bumijawa,Cempaka
Jawa Tengah,Brebes,Songgom,Cenang
Jawa Tengah,Banjarnegara,Banjarnegara,Cendana
Jawa Tengah,Tegal,Balapulang,Cenggini
Jawa Tengah,Purworejo,Banyuurip,Cengkawakrejo
Jawa Tengah,Kendal,Singorojo,Cening
Jawa Tengah,Purworejo,Bruno,Cepedak
Jawa Tengah,Boyolali,Cepogo,Cepogo
Jawa Tengah,Semarang,Gunungpati,Cepoko
Jawa Tengah,Kendal,Gemuh,Cepokomulyo
Jawa Tengah,Klaten,Gantiwarno,Ceporan
Jawa Tengah,Tegal,Jatinegara,Cerih
Jawa Tengah,Boyolali,Sambi,Cermo
Jawa Tengah,Cilacap,Cimanggu,Cibalung
Jawa Tengah,Brebes,Banjarharjo,Cibendung
Jawa Tengah,Brebes,Bantarkawung,Cibentang
Jawa Tengah,Banyumas,Sumbang,Ciberem
Jawa Tengah,Cilacap,Majenang,Cibeunying
Jawa Tengah,Tegal,Balapulang,Cibunar
Jawa Tengah,Cilacap,Karangpucung,Cidadap
Jawa Tengah,Brebes,Banjarharjo,Cigadung
Jawa Tengah,Cilacap,Wanareja,Cigintung
Jawa Tengah,Brebes,Banjarharjo,Cihaur
Jawa Tengah,Cilacap,Cimanggu,Cijati
Jawa Tengah,Cilacap,Dayeuhluhur,Cijeruk
Jawa Tengah,Brebes,Banjarharjo,Cikakak
Jawa Tengah,Brebes,Ketanggungan,Cikeusal Kidul
Jawa Tengah,Brebes,Ketanggungan,Cikeusal Lor
Jawa Tengah,Cilacap,Kedungreja,Ciklapa
Jawa Tengah,Tegal,Bojong,Cikura
Jawa Tengah,Brebes,Banjarharjo,Cikuya
Jawa Tengah,Cilacap,Cimanggu,Cilempuyang
Jawa Tengah,Brebes,Paguyangan,Cilibur
Jawa Tengah,Cilacap,Wanareja,Cilongkrang
Jawa Tengah,Tegal,Balapulang,Cilongok
Jawa Tengah,Cilacap,Majenang,Cilopadang
Jawa Tengah,Cilacap,Dayeuhluhur,Cilumping
Jawa Tengah,Cilacap,Cimanggu,Cimanggu
Jawa Tengah,Cilacap,Patimuan,Cimrutu
Jawa Tengah,Brebes,Bantarkawung,Cinanas
Jawa Tengah,Cilacap,Gandrungmangu,Cinangsi
Jawa Tengah,Banyumas,Kebasen,Cindaga
Jawa Tengah,Tegal,Bumijawa,Cintamanik
Jawa Tengah,Cilacap,Patimuan,Cinyawang
Jawa Tengah,Brebes,Bantarkawung,Ciomas
Jawa Tengah,Brebes,Banjarharjo,Cipajang
Jawa Tengah,Cilacap,Cipari,Cipari
Jawa Tengah,Brebes,Paguyangan,Cipetung
Jawa Tengah,Cilacap,Karangpucung,Ciporos
Jawa Tengah,Brebes,Salem,Ciputih
Jawa Tengah,Cilacap,Karangpucung,Ciruyung
Jawa Tengah,Cilacap,Cimanggu,Cisalak
Jawa Tengah,Brebes,Ketanggungan,Ciseureuh
Jawa Tengah,Cilacap,Gandrungmangu,Cisumur
Jawa Tengah,Cilacap,Cipari,Cisuru
Jawa Tengah,Brebes,Salem,Citimbang
Jawa Tengah,Magelang,Grabag,Citrosono
Jawa Tengah,Cilacap,Dayeuhluhur,Ciwalen
Jawa Tengah,Banjarnegara,Madukara,Clapar
Jawa Tengah,Kebumen,Karanggayam,Clapar
Jawa Tengah,Purworejo,Bagelen,Clapar
Jawa Tengah,Boyolali,Musuk,Cluntang
Jawa Tengah,Magelang,Grabag,Cokro
Jawa Tengah,Klaten,Tulung,Cokro
Jawa Tengah,Purworejo,Ngombol,Cokroyasan
Jawa Tengah,Banjarnegara,Pejawaran,Condongcampur
Jawa Tengah,Kebumen,Sruweng,Condongcampur
Jawa Tengah,Purworejo,Banyuurip,Condongsari
Jawa Tengah,Magelang,Muntilan,Congkrang
Jawa Tengah,Temanggung,Bejen,Congkrang
Jawa Tengah,Klaten,Prambanan,Cucukan
Jawa Tengah,Semarang,Tengaran,Cukil
Jawa Tengah,Semarang,Suruh,Cukilan
Jawa Tengah,Purworejo,Ngombol,Curug
Jawa Tengah,Grobogan,Tegowanu,Curug
Jawa Tengah,Tegal,Pangkah,Curug
Jawa Tengah,Pekalongan,Petungkriyono,Curugmuncar
Jawa Tengah,Kendal,Patean,Curugsewu
Jawa Tengah,Semarang,Suruh,Dadap Ayam
Jawa Tengah,Semarang,Semarang Utara,Dadapsari
Jawa Tengah,Purworejo,Bagelen,Dadirejo
Jawa Tengah,Klaten,Tulung,Dalangan
Jawa Tengah,Klaten,Tulung,Daleman
Jawa Tengah,Magelang,Pakis,Daleman Kidul
Jawa Tengah,Kendal,Sukorejo,Damarjati
Jawa Tengah,Magelang,Windusari,Dampit
Jawa Tengah,Banjarnegara,Punggelan,Danakerta
Jawa Tengah,Banyumas,Banyumas,Danaraja
Jawa Tengah,Banjarnegara,Purwanegara,Danaraja
Jawa Tengah,Tegal,Margasari,Danaraja
Jawa Tengah,Tegal,Balapulang,Danareja
Jawa Tengah,Tegal,Bojong,Danasari
Jawa Tengah,Cilacap,Nusawungu,Danasri
Jawa Tengah,Cilacap,Nusawungu,Danasri Kidul
Jawa Tengah,Cilacap,Nusawungu,Danasri Lor
Jawa Tengah,Tegal,Balapulang,Danawarih
Jawa Tengah,Temanggung,Parakan,Dangkel
Jawa Tengah,Klaten,Klaten Selatan,Danguran
Jawa Tengah,Temanggung,Bulu,Danupayan
Jawa Tengah,Magelang,Mertoyudan,Danurejo
Jawa Tengah,Temanggung,Kedu,Danurejo
Jawa Tengah,Banjarnegara,Pejawaran,Darmayasa
Jawa Tengah,Kendal,Kaliwungu Selatan,Darupono
Jawa Tengah,Magelang,Pakis,Daseh
Jawa Tengah,Cilacap,Dayeuhluhur,Datar
Jawa Tengah,Banyumas,Sumbang,Datar
Jawa Tengah,Banjarnegara,Madukara,Dawuhan
Jawa Tengah,Banyumas,Banyumas,Dawuhan
Jawa Tengah,Banjarnegara,Wanayasa,Dawuhan
Jawa Tengah,Brebes,Sirampog,Dawuhan
Jawa Tengah,Banyumas,Kedungbanteng,Dawuhan Kulon
Jawa Tengah,Banyumas,Kedungbanteng,Dawuhan Wetan
Jawa Tengah,Magelang,Tegalrejo,Dawung
Jawa Tengah,Kendal,Pegandon,Dawungsari
Jawa Tengah,Cilacap,Dayeuhluhur,Dayeuhluhur
Jawa Tengah,Semarang,Tuntang,Delik
Jawa Tengah,Klaten,Karangnongko,Demakijo
Jawa Tengah,Kebumen,Ayah,Demangsari
Jawa Tengah,Kendal,Ngampel,Dempelrejo
Jawa Tengah,Klaten,Wedi,Dengkeng
Jawa Tengah,Banjarnegara,Bawang,Depok
Jawa Tengah,Pekalongan,Lebakbarang,Depok
Jawa Tengah,Tegal,Pangkah,Depok
Jawa Tengah,Temanggung,Parakan,Depokharjo
Jawa Tengah,Purworejo,Ngombol,Depokrejo
Jawa Tengah,Kebumen,Kebumen,Depokrejo
Jawa Tengah,Semarang,Pringapus,Derekan
Jawa Tengah,Banjarnegara,Susukan,Derik
Jawa Tengah,Banjarnegara,Susukan,Dermasari
Jawa Tengah,Tegal,Pangkah,Dermasuci
Jawa Tengah,Semarang,Suruh,Dersansari
Jawa Tengah,Purworejo,Bayan,Dewi
Jawa Tengah,Magelang,Mertoyudan,Deyangan
Jawa Tengah,Banjarnegara,Batur,Dieng Kulon
Jawa Tengah,Purworejo,Kemiri,Dilem
Jawa Tengah,Semarang,Bergas,Diwak
Jawa Tengah,Purworejo,Butuh,Dlangu
Jawa Tengah,Magelang,Tegalrejo,Dlimas
Jawa Tengah,Klaten,Ceper,Dlimas
Jawa Tengah,Temanggung,Ngadirejo,Dlimoyo
Jawa Tengah,Boyolali,Mojosongo,Dlingo
Jawa Tengah,Purworejo,Pituruh,Dlisen Wetan
Jawa Tengah,Purworejo,Pituruh,Dlisenkulon
Jawa Tengah,Boyolali,Karanggede,Dologan
Jawa Tengah,Demak,Sayung,Dombo
Jawa Tengah,Pekalongan,Paninggaran,Domiyang
Jawa Tengah,Klaten,Kemalang,Dompol
Jawa Tengah,Klaten,Jogonalan,Dompyongan
Jawa Tengah,Magelang,Secang,Donomulyo
Jawa Tengah,Purworejo,Purworejo,Donorati
Jawa Tengah,Magelang,Tegalrejo,Donorejo
Jawa Tengah,Magelang,Secang,Donorejo
Jawa Tengah,Kebumen,Sempor,Donorejo
Jawa Tengah,Purworejo,Kaligesing,Donorejo
Jawa Tengah,Magelang,Mertoyudan,Donorojo
Jawa Tengah,Temanggung,Tretep,Donorojo
Jawa Tengah,Kebumen,Sruweng,Donosari
Jawa Tengah,Pekalongan,Talun,Donowangun
Jawa Tengah,Boyolali,Teras,Doplang
Jawa Tengah,Semarang,Bawen,Doplang
Jawa Tengah,Purworejo,Purworejo,Doplang
Jawa Tengah,Pekalongan,Doro,Doro
Jawa Tengah,Pekalongan,Doro,Dororejo
Jawa Tengah,Kebumen,Klirong,Dorowati
Jawa Tengah,Boyolali,Tamansari,Dragan
Jawa Tengah,Klaten,Ngawen,Drono
Jawa Tengah,Temanggung,Tembarak,Drono
Jawa Tengah,Purworejo,Grabag,Dudukulon
Jawa Tengah,Purworejo,Grabag,Duduwetan
Jawa Tengah,Klaten,Bayat,Dukuh
Jawa Tengah,Salatiga,Sidomukti,Dukuh
Jawa Tengah,Tegal,Margasari,Dukuh Tengah
Jawa Tengah,Tegal,Jatinegara,Dukuhbangsa
Jawa Tengah,Tegal,Bumijawa,Dukuhbenda
Jawa Tengah,Tegal,Lebaksiu,Dukuhdamu
Jawa Tengah,Purworejo,Grabag,Dukuhdungus
Jawa Tengah,Tegal,Pangkah,Dukuhjati Kidul
Jawa Tengah,Tegal,Kedungbanteng,Dukuhjati Wetan
Jawa Tengah,Tegal,Lebaksiu,Dukuhlo
Jawa Tengah,Brebes,Songgom,Dukuhmaja
Jawa Tengah,Purworejo,Bayan,Dukuhrejo
Jawa Tengah,Kebumen,Ambal,Dukuhrejosari
Jawa Tengah,Tegal,Slawi,Dukuhsalam
Jawa Tengah,Tegal,Pangkah,Dukuhsembung
Jawa Tengah,Tegal,Bojong,Dukuhtengah
Jawa Tengah,Brebes,Bumiayu,Dukuhturi
Jawa Tengah,Tegal,Dukuhwaru,Dukuhwaru
Jawa Tengah,Tegal,Slawi,Dukuhwringin
Jawa Tengah,Magelang,Dukun,Dukun
Jawa Tengah,Banjarnegara,Pagedongan,Duren
Jawa Tengah,Temanggung,Bejen,Duren
Jawa Tengah,Semarang,Tengaran,Duren
Jawa Tengah,Semarang,Sumowono,Duren
Jawa Tengah,Semarang,Bandungan,Duren
Jawa Tengah,Purworejo,Bagelen,Durensari
Jawa Tengah,Klaten,Ngawen,Duwet
Jawa Tengah,Pekalongan,Bojong,Duwet
Jawa Tengah,Kebumen,Ambal,Entak
Jawa Tengah,Semarang,Semarang Tengah,Gabahan
Jawa Tengah,Klaten,Wedi,Gadungan
Jawa Tengah,Kebumen,Klirong,Gadungrejo
Jawa Tengah,Semarang,Gajahmungkur,Gajahmungkur
Jawa Tengah,Grobogan,Tegowanu,Gaji
Jawa Tengah,Demak,Guntur,Gaji
Jawa Tengah,Pekalongan,Wonopringgo,Galangpengampon
Jawa Tengah,Kendal,Gemuh,Galih
Jawa Tengah,Brebes,Tonjong,Galuhtimur
Jawa Tengah,Banyumas,Kebasen,Gambarsari
Jawa Tengah,Temanggung,Selopampang,Gambasan
Jawa Tengah,Pekalongan,Kajen,Gandarum
Jawa Tengah,Banyumas,Sumbang,Gandatapa
Jawa Tengah,Brebes,Salem,Gandoang
Jawa Tengah,Temanggung,Kaloran,Gandon
Jawa Tengah,Cilacap,Gandrungmangu,Gandrungmangu
Jawa Tengah,Cilacap,Gandrungmangu,Gandrungmanis
Jawa Tengah,Temanggung,Tembarak,Gandu
Jawa Tengah,Temanggung,Ngadirejo,Gandu Wetan
Jawa Tengah,Temanggung,Kaloran,Gandulan
Jawa Tengah,Temanggung,Bulu,Gandurejo
Jawa Tengah,Magelang,Bandongan,Gandusari
Jawa Tengah,Kebumen,Kuwarasan,Gandusari
Jawa Tengah,Brebes,Salem,Ganggawang
Jawa Tengah,Purworejo,Purworejo,Ganggeng
Jawa Tengah,Magelang,Sawangan,Gantang
Jawa Tengah,Tegal,Jatinegara,Gantungan
Jawa Tengah,Boyolali,Wonosamodro,Garangan
Jawa Tengah,Pekalongan,Kandangserang,Garungwiyoro
Jawa Tengah,Klaten,Ngawen,Gatak
Jawa Tengah,Klaten,Klaten Selatan,Gayamprit
Jawa Tengah,Semarang,Gayamsari,Gayamsari
Jawa Tengah,Kendal,Gemuh,Gebang
Jawa Tengah,Purworejo,Gebang,Gebang
Jawa Tengah,Grobogan,Tegowanu,Gebangan
Jawa Tengah,Kendal,Pageruyung,Gebangan
Jawa Tengah,Banyumas,Tambak,Gebangsari
Jawa Tengah,Semarang,Genuk,Gebangsari
Jawa Tengah,Kebumen,Klirong,Gebangsari
Jawa Tengah,Temanggung,Kaloran,Geblog
Jawa Tengah,Kebumen,Buayan,Geblug
Jawa Tengah,Semarang,Bergas,Gebugan
Jawa Tengah,Purworejo,Purwodadi,Gedangan
Jawa Tengah,Semarang,Tuntang,Gedangan
Jawa Tengah,Boyolali,Cepogo,Gedangan
Jawa Tengah,Semarang,Ungaran Timur,Gedanganak
Jawa Tengah,Klaten,Jatinom,Gedaren
Jawa Tengah,Semarang,Banyumanik,Gedawang
Jawa Tengah,Temanggung,Tlogomulyo,Gedegan
Jawa Tengah,Purworejo,Kemiri,Gedong
Jawa Tengah,Semarang,Banyubiru,Gedong
Jawa Tengah,Kendal,Patean,Gedong
Jawa Tengah,Klaten,Tulung,Gedongjetis
Jawa Tengah,Temanggung,Jumo,Gedongsari
Jawa Tengah,Brebes,Songgom,Gegerkunci
Jawa Tengah,Magelang,Pakis,Gejagan
Jawa Tengah,Temanggung,Ngadirejo,Gejagan
Jawa Tengah,Pekalongan,Kajen,Gejlig
Jawa Tengah,Banjarnegara,Rakit,Gelang
Jawa Tengah,Magelang,Magelang Tengah,Gelangan
Jawa Tengah,Semarang,Pedurungan,Gemah
Jawa Tengah,Klaten,Karangnongko,Gemampir
Jawa Tengah,Temanggung,Gemawang,Gemawang
Jawa Tengah,Semarang,Jambu,Gemawang
Jawa Tengah,Klaten,Kalikotes,Gemblegan
Jawa Tengah,Banjarnegara,Pejawaran,Gembol
Jawa Tengah,Pekalongan,Kandangserang,Gembong
Jawa Tengah,Banjarnegara,Sigaluh,Gembongan
Jawa Tengah,Kebumen,Kebumen,Gemeksekti
Jawa Tengah,Klaten,Karanganom,Gempol
Jawa Tengah,Kendal,Gemuh,Gemuhblanten
Jawa Tengah,Banjarnegara,Bawang,Gemuruh
Jawa Tengah,Salatiga,Tingkir,Gendongan
Jawa Tengah,Klaten,Prambanan,Geneng
Jawa Tengah,Magelang,Ngablak,Genikan
Jawa Tengah,Magelang,Windusari,Genito
Jawa Tengah,Klaten,Gantiwarno,Gentan
Jawa Tengah,Temanggung,Kranggan,Gentan
Jawa Tengah,Semarang,Susukan,Gentan
Jawa Tengah,Banjarnegara,Pagedongan,Gentansari
Jawa Tengah,Cilacap,Kroya,Gentasari
Jawa Tengah,Semarang,Jambu,Genting
Jawa Tengah,Boyolali,Cepogo,Genting
Jawa Tengah,Kendal,Sukorejo,Gentinggunung
Jawa Tengah,Temanggung,Bansari,Gentingsari
Jawa Tengah,Semarang,Ungaran Barat,Genuk
Jawa Tengah,Semarang,Genuk,Genuksari
Jawa Tengah,Purworejo,Purwodadi,Geparang
Jawa Tengah,Klaten,Klaten Utara,Gergunung
Jawa Tengah,Purworejo,Kemiri,Gesikan
Jawa Tengah,Klaten,Gantiwarno,Gesikan
Jawa Tengah,Kebumen,Kebumen,Gesikan
Jawa Tengah,Purworejo,Purwodadi,Gesing
Jawa Tengah,Temanggung,Kandangan,Gesing
Jawa Tengah,Pekalongan,Wonopringgo,Getas
Jawa Tengah,Temanggung,Kaloran,Getas
Jawa Tengah,Kendal,Singorojo,Getas
Jawa Tengah,Semarang,Getasan,Getasan
Jawa Tengah,Kendal,Pageruyung,Getasblawong
Jawa Tengah,Semarang,Pabelan,Giling
Jawa Tengah,Temanggung,Temanggung,Gilingsari
Jawa Tengah,Boyolali,Wonosamodro,Gilirejo
Jawa Tengah,Kebumen,Karanggayam,Ginandong
Jawa Tengah,Purworejo,Gebang,Gintungan
Jawa Tengah,Cilacap,Gandrungmangu,Gintungreja
Jawa Tengah,Purworejo,Pituruh,Girigondo
Jawa Tengah,Purworejo,Kemiri,Girijoyo
Jawa Tengah,Magelang,Secang,Girikulon
Jawa Tengah,Purworejo,Kemiri,Girimulyo
Jawa Tengah,Magelang,Windusari,Girimulyo
Jawa Tengah,Magelang,Borobudur,Giripurno
Jawa Tengah,Temanggung,Ngadirejo,Giripurno
Jawa Tengah,Kebumen,Karanganyar,Giripurno
Jawa Tengah,Purworejo,Ngombol,Girirejo
Jawa Tengah,Magelang,Tempuran,Girirejo
Jawa Tengah,Magelang,Kaliangkrik,Girirejo
Jawa Tengah,Magelang,Ngablak,Girirejo
Jawa Tengah,Magelang,Tegalrejo,Girirejo
Jawa Tengah,Magelang,Borobudur,Giritengah
Jawa Tengah,Banjarnegara,Pejawaran,Giritirta
Jawa Tengah,Kebumen,Karanggayam,Giritirto
Jawa Tengah,Magelang,Kaliangkrik,Giriwarno
Jawa Tengah,Magelang,Grabag,Giriwetan
Jawa Tengah,Semarang,Semarang Barat,Gisikdrono
Jawa Tengah,Kebumen,Sruweng,Giwangretno
Jawa Tengah,Magelang,Candimulyo,Giyanti
Jawa Tengah,Temanggung,Temanggung,Giyanti
Jawa Tengah,Kebumen,Rowokele,Giyanti
Jawa Tengah,Purworejo,Bruno,Giyombong
Jawa Tengah,Temanggung,Jumo,Giyono
Jawa Tengah,Boyolali,Gladagsari,Gladagsari
Jawa Tengah,Klaten,Jatinom,Glagah
Jawa Tengah,Magelang,Tegalrejo,Glagahombo
Jawa Tengah,Klaten,Polanharjo,Glagahwangi
Jawa Tengah,Temanggung,Parakan,Glapansari
Jawa Tengah,Semarang,Pabelan,Glawan
Jawa Tengah,Klaten,Karanganom,Gledeg
Jawa Tengah,Banjarnegara,Mandiraja,Glempang
Jawa Tengah,Klaten,Klaten Selatan,Glodogan
Jawa Tengah,Kebumen,Karanggayam,Glontor
Jawa Tengah,Semarang,Ungaran Barat,Gogik
Jawa Tengah,Semarang,Bringin,Gogodalem
Jawa Tengah,Purworejo,Banyuurip,Golok
Jawa Tengah,Kebumen,Gombong,Gombong
Jawa Tengah,Wonosobo,Watumalang,Gondang
Jawa Tengah,Magelang,Mungkid,Gondang
Jawa Tengah,Pekalongan,Wonopringgo,Gondang
Jawa Tengah,Klaten,Kebonarum,Gondang
Jawa Tengah,Kendal,Limbangan,Gondang
Jawa Tengah,Klaten,Jogonalan,Gondangan
Jawa Tengah,Kebumen,Ambal,Gondanglegi
Jawa Tengah,Magelang,Windusari,Gondangrejo
Jawa Tengah,Magelang,Pakis,Gondangsari
Jawa Tengah,Boyolali,Ampel,Gondangslamet
Jawa Tengah,Temanggung,Kedu,Gondangwayang
Jawa Tengah,Temanggung,Ngadirejo,Gondangwinangun
Jawa Tengah,Kendal,Pageruyung,Gondoharum
Jawa Tengah,Semarang,Jambu,Gondoriyo
Jawa Tengah,Semarang,Bergas,Gondoriyo
Jawa Tengah,Semarang,Ngaliyan,Gondoriyo
Jawa Tengah,Magelang,Muntilan,Gondosuli
Jawa Tengah,Temanggung,Bulu,Gondosuli
Jawa Tengah,Magelang,Sawangan,Gondowangi
Jawa Tengah,Kendal,Limbangan,Gonoharjo
Jawa Tengah,Temanggung,Pringsurat,Gowak
Jawa Tengah,Purworejo,Bruno,Gowong
Jawa Tengah,Purworejo,Grabag,Grabag
Jawa Tengah,Magelang,Grabag,Grabag
Jawa Tengah,Klaten,Jogonalan,Granting
Jawa Tengah,Purworejo,Bayan,Grantung
Jawa Tengah,Temanggung,Tembarak,Greges
Jawa Tengah,Banyumas,Purwokerto Utara,Grendeng
Jawa Tengah,Kebumen,Karanganyar,Grenggeng
Jawa Tengah,Banjarnegara,Banjarmangu,Gripit
Jawa Tengah,Tegal,Pangkah,Grobog Kulon
Jawa Tengah,Tegal,Pangkah,Grobog Wetan
Jawa Tengah,Banjarnegara,Pejawaran,Grogol
Jawa Tengah,Boyolali,Karanggede,Grogolan
Jawa Tengah,Kebumen,Petanahan,Grogolbeningsari
Jawa Tengah,Kebumen,Petanahan,Grogolpenatus
Jawa Tengah,Magelang,Tempuran,Growong
Jawa Tengah,Banyumas,Kemranjen,Grujugan
Jawa Tengah,Kebumen,Petanahan,Grujugan
Jawa Tengah,Grobogan,Gubug,Gubug
Jawa Tengah,Boyolali,Cepogo,Gubug
Jawa Tengah,Kendal,Pegandon,Gubugsari
Jawa Tengah,Tegal,Bumijawa,Guci
Jawa Tengah,Magelang,Salam,Gulon
Jawa Tengah,Kebumen,Kuwarasan,Gumawang
Jawa Tengah,Purworejo,Pituruh,Gumawangrejo
Jawa Tengah,Tegal,Dukuhwaru,Gumayun
Jawa Tengah,Banjarnegara,Karangkobar,Gumelar
Jawa Tengah,Banyumas,Tambak,Gumelar Kidul
Jawa Tengah,Banyumas,Tambak,Gumelar Lor
Jawa Tengah,Magelang,Pakis,Gumelem
Jawa Tengah,Pekalongan,Petungkriyono,Gumelem
Jawa Tengah,Banjarnegara,Susukan,Gumelem Kulon
Jawa Tengah,Banjarnegara,Susukan,Gumelem Wetan
Jawa Tengah,Banjarnegara,Wanadadi,Gumingsir
Jawa Tengah,Banjarnegara,Pagentan,Gumingsir
Jawa Tengah,Banjarnegara,Purwanegara,Gumiwang
Jawa Tengah,Boyolali,Teras,Gumukrejo
Jawa Tengah,Klaten,Karangnongko,Gumul
Jawa Tengah,Klaten,Klaten Tengah,Gumulan
Jawa Tengah,Demak,Guntur,Guntur
Jawa Tengah,Temanggung,Temanggung,Guntur
Jawa Tengah,Purworejo,Bener,Guntur
Jawa Tengah,Boyolali,Simo,Gunung
Jawa Tengah,Semarang,Suruh,Gunung Tumpeng
Jawa Tengah,Tegal,Bumijawa,Gunungagung
Jawa Tengah,Purworejo,Bruno,Gunungcondong
Jawa Tengah,Klaten,Bayat,Gununggajah
Jawa Tengah,Temanggung,Jumo,Gununggempol
Jawa Tengah,Banjarnegara,Madukara,Gununggiana
Jawa Tengah,Banjarnegara,Pagedongan,Gunungjati
Jawa Tengah,Tegal,Bojong,Gunungjati
Jawa Tengah,Brebes,Salem,Gunungjaya
Jawa Tengah,Banjarnegara,Kalibening,Gununglangit
Jawa Tengah,Brebes,Salem,Gununglarang
Jawa Tengah,Kebumen,Kuwarasan,Gunungmujil
Jawa Tengah,Semarang,Gunungpati,Gunungpati
Jawa Tengah,Temanggung,Candiroto,Gunungpayung
Jawa Tengah,Magelang,Muntilan,Gunungpring
Jawa Tengah,Cilacap,Sidareja,Gunungreja
Jawa Tengah,Magelang,Windusari,Gunungsari
Jawa Tengah,Temanggung,Bansari,Gunungsari
Jawa Tengah,Boyolali,Wonosamodro,Gunungsari
Jawa Tengah,Kebumen,Karanggayam,Gunungsari
Jawa Tengah,Brebes,Salem,Gunungsugih
Jawa Tengah,Brebes,Salem,Gunungtajem
Jawa Tengah,Purworejo,Kemiri,Gunungteges
Jawa Tengah,Cilacap,Karangpucung,Gunungtelu
Jawa Tengah,Purworejo,Kaligesing,Gunungwangi
Jawa Tengah,Pekalongan,Karanganyar,Gutomo
Jawa Tengah,Purworejo,Purwodadi,Guyangan
Jawa Tengah,Purworejo,Loano,Guyangan
Jawa Tengah,Cilacap,Dayeuhluhur,Hanum
Jawa Tengah,Purworejo,Kaligesing,Hardimulyo
Jawa Tengah,Purworejo,Bagelen,Hargorojo
Jawa Tengah,Purworejo,Grabag,Harjobinangun
Jawa Tengah,Kebumen,Kuwarasan,Harjodowo
Jawa Tengah,Kendal,Sukorejo,Harjodowo
Jawa Tengah,Pekalongan,Doro,Harjosari
Jawa Tengah,Semarang,Bawen,Harjosari
Jawa Tengah,Tegal,Balapulang,Harjowinangun
Jawa Tengah,Purworejo,Kaligesing,Hulosobo
Jawa Tengah,Brebes,Sirampog,Igirklanceng
Jawa Tengah,Brebes,Salem,Indrajaya
Jawa Tengah,Kebumen,Buluspesantren,Indrosari
Jawa Tengah,Kebumen,Sruweng,Jabres
Jawa Tengah,Klaten,Gantiwarno,Jabung
Jawa Tengah,Semarang,Banyumanik,Jabungan
Jawa Tengah,Klaten,Karangnongko,Jagalan
Jawa Tengah,Semarang,Semarang Tengah,Jagalan
Jawa Tengah,Pekalongan,Kesesi,Jagung
Jawa Tengah,Banjarnegara,Mandiraja,Jalatunda
Jawa Tengah,Magelang,Pakis,Jambewangi
Jawa Tengah,Klaten,Karanganom,Jambeyan
Jawa Tengah,Temanggung,Gemawang,Jambon
Jawa Tengah,Cilacap,Wanareja,Jambu
Jawa Tengah,Temanggung,Kledung,Jambu
Jawa Tengah,Semarang,Jambu,Jambu
Jawa Tengah,Klaten,Ceper,Jambukulon
Jawa Tengah,Temanggung,Temanggung,Jampirejo
Jawa Tengah,Temanggung,Temanggung,Jampiroso
Jawa Tengah,Demak,Mranggen,Jamus
Jawa Tengah,Temanggung,Jumo,Jamusan
Jawa Tengah,Magelang,Ngluwar,Jamuskauman
Jawa Tengah,Semarang,Tembalang,Jangli
Jawa Tengah,Klaten,Polanharjo,Janti
Jawa Tengah,Magelang,Tegalrejo,Japan
Jawa Tengah,Klaten,Bayat,Jarum
Jawa Tengah,Cilacap,Binangun,Jati
Jawa Tengah,Magelang,Sawangan,Jati
Jawa Tengah,Purworejo,Bener,Jati
Jawa Tengah,Kendal,Plantungan,Jati
Jawa Tengah,Semarang,Mijen,Jatibarang
Jawa Tengah,Brebes,Jatibarang,Jatibarang Kidul
Jawa Tengah,Semarang,Bergas,Jatijajar
Jawa Tengah,Kebumen,Ayah,Jatijajar
Jawa Tengah,Purworejo,Purwodadi,Jatikontal
Jawa Tengah,Tegal,Margasari,Jatilaba
Jawa Tengah,Banjarnegara,Wanayasa,Jatilawang
Jawa Tengah,Boyolali,Wonosamodro,Jatilawang
Jawa Tengah,Kebumen,Rowokele,Jatiluhur
Jawa Tengah,Kebumen,Karanganyar,Jatiluhur
Jawa Tengah,Brebes,Songgom,Jatimakmur
Jawa Tengah,Purworejo,Purwodadi,Jatimalang
Jawa Tengah,Kebumen,Klirong,Jatimalang
Jawa Tengah,Tegal,Lebaksiu,Jatimulya
Jawa Tengah,Kebumen,Petanahan,Jatimulyo
Jawa Tengah,Kebumen,Alian,Jatimulyo
Jawa Tengah,Kebumen,Kuwarasan,Jatimulyo
Jawa Tengah,Tegal,Jatinegara,Jatinegara
Jawa Tengah,Kebumen,Sempor,Jatinegara
Jawa Tengah,Semarang,Candisari,Jatingaleh
Jawa Tengah,Purworejo,Bayan,Jatingarang
Jawa Tengah,Klaten,Jatinom,Jatinom
Jawa Tengah,Grobogan,Gubug,Jatipecaron
Jawa Tengah,Klaten,Trucuk,Jatipuro
Jawa Tengah,Kebumen,Poncowarno,Jatipurus
Jawa Tengah,Semarang,Suruh,Jatirejo
Jawa Tengah,Semarang,Gunungpati,Jatirejo
Jawa Tengah,Purworejo,Kaligesing,Jatirejo
Jawa Tengah,Kendal,Ngampel,Jatirejo
Jawa Tengah,Brebes,Songgom,Jatirokeh
Jawa Tengah,Kebumen,Buayan,Jatiroto
Jawa Tengah,Semarang,Pringapus,Jatirunggo
Jawa Tengah,Cilacap,Kedungreja,Jatisari
Jawa Tengah,Semarang,Mijen,Jatisari
Jawa Tengah,Kebumen,Kebumen,Jatisari
Jawa Tengah,Brebes,Bumiayu,Jatisawit
Jawa Tengah,Tegal,Pagerbarang,Jatiwangi
Jawa Tengah,Purworejo,Kemiri,Jatiwangsan
Jawa Tengah,Kendal,Limbangan,Jawisari
Jawa Tengah,Magelang,Salaman,Jebengsari
Jawa Tengah,Klaten,Karanganom,Jeblog
Jawa Tengah,Klaten,Klaten Utara,Jebugan
Jawa Tengah,Tegal,Bumijawa,Jejeg
Jawa Tengah,Temanggung,Kledung,Jeketro
Jawa Tengah,Boyolali,Cepogo,Jelok
Jawa Tengah,Purworejo,Kaligesing,Jelok
Jawa Tengah,Brebes,Ketanggungan,Jemasih
Jawa Tengah,Klaten,Jatinom,Jemawan
Jawa Tengah,Banjarnegara,Punggelan,Jembangan
Jawa Tengah,Kebumen,Poncowarno,Jembangan
Jawa Tengah,Tegal,Margasari,Jembayat
Jawa Tengah,Semarang,Pabelan,Jembrak
Jawa Tengah,Kebumen,Kebumen,Jemur
Jawa Tengah,Kebumen,Pejagoan,Jemur
Jawa Tengah,Cilacap,Majenang,Jenang
Jawa Tengah,Purworejo,Purwodadi,Jenarkidul
Jawa Tengah,Purworejo,Purwodadi,Jenarlor
Jawa Tengah,Purworejo,Purwodadi,Jenarwetan
Jawa Tengah,Banjarnegara,Banjarmangu,Jenggawur
Jawa Tengah,Cilacap,Binangun,Jepara Kulon
Jawa Tengah,Cilacap,Binangun,Jepara Wetan
Jawa Tengah,Semarang,Tugu,Jerakah
Jawa Tengah,Boyolali,Selo,Jeruk
Jawa Tengah,Magelang,Srumbung,Jerukagung
Jawa Tengah,Kebumen,Klirong,Jerukagung
Jawa Tengah,Purworejo,Ngombol,Jeruken
Jawa Tengah,Kendal,Kaliwungu Selatan,Jerukgiling
Jawa Tengah,Semarang,Getasan,Jetak
Jawa Tengah,Pekalongan,Wonopringgo,Jetakkidul
Jawa Tengah,Pekalongan,Wonopringgo,Jetaklengkong
Jawa Tengah,Demak,Sayung,Jetaksari
Jawa Tengah,Cilacap,Nusawungu,Jetis
Jawa Tengah,Klaten,Karangnongko,Jetis
Jawa Tengah,Klaten,Klaten Selatan,Jetis
Jawa Tengah,Temanggung,Selopampang,Jetis
Jawa Tengah,Semarang,Kaliwungu,Jetis
Jawa Tengah,Semarang,Bandungan,Jetis
Jawa Tengah,Purworejo,Loano,Jetis
Jawa Tengah,Semarang,Bandungan,Jimbaran
Jawa Tengah,Klaten,Kalikotes,Jimbung
Jawa Tengah,Klaten,Polanharjo,Jimus
Jawa Tengah,Kebumen,Ayah,Jintung
Jawa Tengah,Brebes,Bantarkawung,Jipang
Jawa Tengah,Klaten,Karangnongko,Jiwan
Jawa Tengah,Klaten,Wedi,Jiwowetan
Jawa Tengah,Kebumen,Buayan,Jladri
Jawa Tengah,Boyolali,Gladagsari,Jlarem
Jawa Tengah,Kebumen,Kutowinangun,Jlegiwinangun
Jawa Tengah,Banjarnegara,Karangkobar,Jlegong
Jawa Tengah,Temanggung,Bejen,Jlegong
Jawa Tengah,Semarang,Bancak,Jlumpang
Jawa Tengah,Purworejo,Purwodadi,Jogoboyo
Jawa Tengah,Kebumen,Petanahan,Jogomertan
Jawa Tengah,Magelang,Tempuran,Jogomulyo
Jawa Tengah,Kebumen,Buayan,Jogomulyo
Jawa Tengah,Magelang,Ngablak,Jogonayan
Jawa Tengah,Magelang,Mertoyudan,Jogonegoro
Jawa Tengah,Kebumen,Buluspesantren,Jogopaten
Jawa Tengah,Klaten,Gantiwarno,Jogoprayan
Jawa Tengah,Purworejo,Purwodadi,Jogoresan
Jawa Tengah,Klaten,Kalikotes,Jogosetran
Jawa Tengah,Kebumen,Klirong,Jogosimo
Jawa Tengah,Magelang,Ngablak,Jogoyasan
Jawa Tengah,Banjarnegara,Bawang,Joho
Jawa Tengah,Klaten,Prambanan,Joho
Jawa Tengah,Temanggung,Temanggung,Joho
Jawa Tengah,Kebumen,Adimulyo,Joho
Jawa Tengah,Pekalongan,Talun,Jolotigo
Jawa Tengah,Purworejo,Ngombol,Jombang
Jawa Tengah,Semarang,Candisari,Jomblang
Jawa Tengah,Boyolali,Cepogo,Jombong
Jawa Tengah,Klaten,Ceper,Jombor
Jawa Tengah,Temanggung,Jumo,Jombor
Jawa Tengah,Semarang,Tuntang,Jombor
Jawa Tengah,Klaten,Klaten Tengah,Jomboran
Jawa Tengah,Klaten,Klaten Utara,Jonggrangan
Jawa Tengah,Purworejo,Bayan,Jono
Jawa Tengah,Purworejo,Ngombol,Joso
Jawa Tengah,Klaten,Bayat,Jotangan
Jawa Tengah,Klaten,Jogonalan,Joton
Jawa Tengah,Temanggung,Tembarak,Jragan
Jawa Tengah,Demak,Karangawen,Jragung
Jawa Tengah,Boyolali,Selo,Jrakah
Jawa Tengah,Purworejo,Bayan,Jrakah
Jawa Tengah,Pekalongan,Karangdadap,Jrebengkembang
Jawa Tengah,Semarang,Sumowono,Jubelan
Jawa Tengah,Grobogan,Kedungjati,Jumo
Jawa Tengah,Temanggung,Jumo,Jumo
Jawa Tengah,Magelang,Salam,Jumoyo
Jawa Tengah,Klaten,Karanganom,Jungkare
Jawa Tengah,Temanggung,Temanggung,Jurang
Jawa Tengah,Kendal,Plantungan,Jurangagung
Jawa Tengah,Klaten,Karanganom,Jurangjero
Jawa Tengah,Magelang,Magelang Selatan,Jurangombo Utara
Jawa Tengah,Boyolali,Mojosongo,Jurug
Jawa Tengah,Kebumen,Prembun,Kabekelan
Jawa Tengah,Kebumen,Prembun,Kabuaran
Jawa Tengah,Tegal,Dukuhwaru,Kabunan
Jawa Tengah,Klaten,Klaten Tengah,Kabupaten
Jawa Tengah,Temanggung,Selopampang,Kacepit
Jawa Tengah,Klaten,Wedi,Kadibolo
Jawa Tengah,Klaten,Karangnongko,Kadilajo
Jawa Tengah,Klaten,Wedi,Kadilanggon
Jawa Tengah,Magelang,Salam,Kadiluwih
Jawa Tengah,Klaten,Karanganom,Kadirejo
Jawa Tengah,Semarang,Pabelan,Kadirejo
Jawa Tengah,Boyolali,Teras,Kadireso
Jawa Tengah,Brebes,Salem,Kadumanis
Jawa Tengah,Tegal,Slawi,Kagok
Jawa Tengah,Klaten,Ngawen,Kahuman
Jawa Tengah,Klaten,Polanharjo,Kahuman
Jawa Tengah,Pekalongan,Kesesi,Kaibahan
Jawa Tengah,Kebumen,Ambal,Kaibon
Jawa Tengah,Kebumen,Ambal,Kaibonpetangkuran
Jawa Tengah,Magelang,Pakis,Kajangkoso
Jawa Tengah,Pekalongan,Kajen,Kajen
Jawa Tengah,Klaten,Ceper,Kajen
Jawa Tengah,Tegal,Lebaksiu,Kajen
Jawa Tengah,Pekalongan,Kajen,Kajongan
Jawa Tengah,Magelang,Kajoran,Kajoran
Jawa Tengah,Klaten,Klaten Selatan,Kajoran
Jawa Tengah,Kebumen,Karanggayam,Kajoran
Jawa Tengah,Magelang,Bandongan,Kalegen
Jawa Tengah,Kebumen,Puring,Kaleng
Jawa Tengah,Magelang,Salaman,Kaliabu
Jawa Tengah,Banjarnegara,Purwanegara,Kaliajir
Jawa Tengah,Magelang,Kaliangkrik,Kaliangkrik
Jawa Tengah,Banyumas,Kalibagor,Kalibagor
Jawa Tengah,Kebumen,Kebumen,Kalibagor
Jawa Tengah,Tegal,Balapulang,Kalibakung
Jawa Tengah,Temanggung,Gemawang,Kalibanger
Jawa Tengah,Kebumen,Ayah,Kalibangkang
Jawa Tengah,Semarang,Semarang Barat,Kalibanteng Kidul
Jawa Tengah,Semarang,Semarang Barat,Kalibanteng Kulon
Jawa Tengah,Kendal,Patean,Kalibareng
Jawa Tengah,Semarang,Tuntang,Kalibeji
Jawa Tengah,Kebumen,Sempor,Kalibeji
Jawa Tengah,Banjarnegara,Sigaluh,Kalibenda
Jawa Tengah,Banjarnegara,Kalibening,Kalibening
Jawa Tengah,Magelang,Dukun,Kalibening
Jawa Tengah,Kebumen,Karanggayam,Kalibening
Jawa Tengah,Salatiga,Tingkir,Kalibening
Jawa Tengah,Kendal,Sukorejo,Kalibogor
Jawa Tengah,Pekalongan,Paninggaran,Kaliboja
Jawa Tengah,Banjarnegara,Kalibening,Kalibombong
Jawa Tengah,Purworejo,Bener,Kaliboto
Jawa Tengah,Salatiga,Sidomukti,Kalicacing
Jawa Tengah,Semarang,Pedurungan,Kalicari
Jawa Tengah,Kendal,Patean,Kalices
Jawa Tengah,Banyumas,Kalibagor,Kalicupak Kidul
Jawa Tengah,Banyumas,Kalibagor,Kalicupak Lor
Jawa Tengah,Brebes,Bumiayu,Kalierang
Jawa Tengah,Kendal,Boja,Kaligading
Jawa Tengah,Pekalongan,Karangdadap,Kaligawe
Jawa Tengah,Semarang,Gayamsari,Kaligawe
Jawa Tengah,Klaten,Wedi,Kaligayam
Jawa Tengah,Tegal,Margasari,Kaligayam
Jawa Tengah,Kebumen,Karangsambung,Kaligending
Jawa Tengah,Boyolali,Gladagsari,Kaligentong
Jawa Tengah,Purworejo,Kutoarjo,Kaligesing
Jawa Tengah,Purworejo,Pituruh,Kaligintung
Jawa Tengah,Brebes,Sirampog,Kaligiri
Jawa Tengah,Purworejo,Kemiri,Kaliglagah
Jawa Tengah,Purworejo,Loano,Kaliglagah
Jawa Tengah,Purworejo,Pituruh,Kaligondang
Jawa Tengah,Purworejo,Kaligesing,Kaligono
Jawa Tengah,Wonosobo,Wadaslintang,Kaligowong
Jawa Tengah,Kebumen,Padureso,Kaligubug
Jawa Tengah,Purworejo,Kaligesing,Kaliharjo
Jawa Tengah,Pekalongan,Sragi,Kalijambe
Jawa Tengah,Semarang,Bringin,Kalijambe
Jawa Tengah,Purworejo,Bener,Kalijambe
Jawa Tengah,Tegal,Bojong,Kalijambu
Jawa Tengah,Kebumen,Alian,Kalijaya
Jawa Tengah,Purworejo,Pituruh,Kalijering
Jawa Tengah,Kebumen,Padureso,Kalijering
Jawa Tengah,Kebumen,Kebumen,Kalijirek
Jawa Tengah,Magelang,Secang,Kalijoso
Jawa Tengah,Magelang,Windusari,Kalijoso
Jawa Tengah,Pekalongan,Kajen,Kalijoyo
Jawa Tengah,Brebes,Tonjong,Kalijurang
Jawa Tengah,Purworejo,Loano,Kalikalong
Jawa Tengah,Semarang,Ungaran Timur,Kalikayen
Jawa Tengah,Klaten,Trucuk,Kalikebo
Jawa Tengah,Banyumas,Kedungbanteng,Kalikesur
Jawa Tengah,Purworejo,Pituruh,Kalikotes
Jawa Tengah,Klaten,Kalikotes,Kalikotes
Jawa Tengah,Semarang,Bringin,Kalikurmo
Jawa Tengah,Magelang,Grabag,Kalikuto
Jawa Tengah,Banjarnegara,Purworeja Klampok,Kalilandak
Jawa Tengah,Brebes,Bumiayu,Kalilangkap
Jawa Tengah,Pekalongan,Karangdadap,Kalilembu
Jawa Tengah,Brebes,Sirampog,Kaliloka
Jawa Tengah,Kendal,Patean,Kalilumpang
Jawa Tengah,Banjarnegara,Banjarmangu,Kalilunjar
Jawa Tengah,Banjarnegara,Pejawaran,Kalilunjar
Jawa Tengah,Pekalongan,Kesesi,Kalimade
Jawa Tengah,Temanggung,Kaloran,Kalimanggis
Jawa Tengah,Grobogan,Kedungjati,Kalimaro
Jawa Tengah,Purworejo,Pituruh,Kalimati
Jawa Tengah,Purworejo,Kemiri,Kalimeneng
Jawa Tengah,Purworejo,Bayan,Kalimiru
Jawa Tengah,Pekalongan,Doro,Kalimojosari
Jawa Tengah,Boyolali,Wonosamodro,Kalinanas
Jawa Tengah,Magelang,Mertoyudan,Kalinegoro
Jawa Tengah,Purworejo,Loano,Kalinongko
Jawa Tengah,Brebes,Bumiayu,Kalinusu
Jawa Tengah,Pekalongan,Paninggaran,Kaliombo
Jawa Tengah,Banyumas,Kalibagor,Kaliori
Jawa Tengah,Kendal,Sukorejo,Kalipakis
Jawa Tengah,Pekalongan,Bojong,Kalipancur
Jawa Tengah,Semarang,Ngaliyan,Kalipancur
Jawa Tengah,Banjarnegara,Purwanegara,Kalipelus
Jawa Tengah,Kebumen,Ayah,Kalipoh
Jawa Tengah,Magelang,Grabag,Kalipucang
Jawa Tengah,Kebumen,Kuwarasan,Kalipurwo
Jawa Tengah,Kebumen,Kutowinangun,Kaliputih
Jawa Tengah,Kebumen,Alian,Kaliputih
Jawa Tengah,Kendal,Singorojo,Kaliputih
Jawa Tengah,Kebumen,Alian,Kalirancang
Jawa Tengah,Purworejo,Grabag,Kalirejo
Jawa Tengah,Magelang,Salaman,Kalirejo
Jawa Tengah,Pekalongan,Talun,Kalirejo
Jawa Tengah,Temanggung,Kledung,Kalirejo
Jawa Tengah,Semarang,Ungaran Timur,Kalirejo
Jawa Tengah,Kebumen,Kebumen,Kalirejo
Jawa Tengah,Kebumen,Karanggayam,Kalirejo
Jawa Tengah,Purworejo,Bagelen,Kalirejo
Jawa Tengah,Kendal,Singorojo,Kalirejo
Jawa Tengah,Banyumas,Kebasen,Kalisalak
Jawa Tengah,Banyumas,Kedungbanteng,Kalisalak
Jawa Tengah,Magelang,Salaman,Kalisalak
Jawa Tengah,Tegal,Margasari,Kalisalak
Jawa Tengah,Kebumen,Karangsambung,Kalisana
Jawa Tengah,Tegal,Slawi,Kalisapu
Jawa Tengah,Magelang,Tempuran,Kalisari
Jawa Tengah,Kebumen,Rowokele,Kalisari
Jawa Tengah,Banjarnegara,Kalibening,Kalisat Kidul
Jawa Tengah,Semarang,Gunungpati,Kalisegoro
Jawa Tengah,Purworejo,Loano,Kalisemo
Jawa Tengah,Semarang,Ungaran Barat,Kalisidi
Jawa Tengah,Banyumas,Banyumas,Kalisube
Jawa Tengah,Brebes,Bumiayu,Kalisumur
Jawa Tengah,Purworejo,Ngombol,Kalitanjung
Jawa Tengah,Purworejo,Bener,Kalitapas
Jawa Tengah,Banjarnegara,Purwanegara,Kalitengah
Jawa Tengah,Klaten,Wedi,Kalitengah
Jawa Tengah,Demak,Mranggen,Kalitengah
Jawa Tengah,Kebumen,Gombong,Kalitengah
Jawa Tengah,Purworejo,Gebang,Kalitengkek
Jawa Tengah,Banjarnegara,Pagentan,Kalitlaga
Jawa Tengah,Banjarnegara,Madukara,Kaliurip
Jawa Tengah,Purworejo,Kemiri,Kaliurip
Jawa Tengah,Purworejo,Bener,Kaliurip
Jawa Tengah,Brebes,Bumiayu,Kaliwadas
Jawa Tengah,Purworejo,Bener,Kaliwader
Jawa Tengah,Purworejo,Butuh,Kaliwatubumi
Jawa Tengah,Purworejo,Butuh,Kaliwatukranggan
Jawa Tengah,Banyumas,Kebasen,Kaliwedi
Jawa Tengah,Grobogan,Tanggungharjo,Kaliwenang
Jawa Tengah,Banjarnegara,Purworeja Klampok,Kaliwinasuh
Jawa Tengah,Semarang,Candisari,Kaliwiru
Jawa Tengah,Cilacap,Kedungreja,Kaliwungu
Jawa Tengah,Banjarnegara,Mandiraja,Kaliwungu
Jawa Tengah,Semarang,Kaliwungu,Kaliwungu
Jawa Tengah,Kebumen,Klirong,Kaliwungu
Jawa Tengah,Purworejo,Bruno,Kaliwungu
Jawa Tengah,Tegal,Balapulang,Kaliwungu
Jawa Tengah,Purworejo,Ngombol,Kaliwungukidul
Jawa Tengah,Purworejo,Ngombol,Kaliwungulor
Jawa Tengah,Semarang,Ungaran Timur,Kalongan
Jawa Tengah,Temanggung,Kaloran,Kaloran
Jawa Tengah,Brebes,Larangan,Kamal
Jawa Tengah,Purworejo,Bruno,Kambangan
Jawa Tengah,Tegal,Lebaksiu,Kambangan
Jawa Tengah,Kebumen,Alian,Kambangsari
Jawa Tengah,Purworejo,Bener,Kamijoro
Jawa Tengah,Magelang,Srumbung,Kamongan
Jawa Tengah,Banyumas,Tambak,Kamulyan
Jawa Tengah,Kebumen,Kuwarasan,Kamulyan
Jawa Tengah,Temanggung,Kandangan,Kandangan
Jawa Tengah,Semarang,Bawen,Kandangan
Jawa Tengah,Pekalongan,Kandangserang,Kandangserang
Jawa Tengah,Banjarnegara,Wanadadi,Kandangwangi
Jawa Tengah,Banyumas,Somagede,Kanding
Jawa Tengah,Semarang,Gunungpati,Kandri
Jawa Tengah,Demak,Mranggen,Kangkung
Jawa Tengah,Magelang,Ngablak,Kanigoro
Jawa Tengah,Klaten,Karangnongko,Kanoman
Jawa Tengah,Purworejo,Kemiri,Kapiteran
Jawa Tengah,Magelang,Pakis,Kaponan
Jawa Tengah,Magelang,Sawangan,Kapuhan
Jawa Tengah,Pekalongan,Lebakbarang,Kapundutan
Jawa Tengah,Grobogan,Tanggungharjo,Kapung
Jawa Tengah,Klaten,Polanharjo,Kapungan
Jawa Tengah,Semarang,Pabelan,Karang Gondang
Jawa Tengah,Semarang,Semarang Tengah,Karang Kidul
Jawa Tengah,Banyumas,Baturraden,Karang Tengah
Jawa Tengah,Klaten,Karanganom,Karangan
Jawa Tengah,Purworejo,Butuh,Karanganom
Jawa Tengah,Klaten,Karanganom,Karanganom
Jawa Tengah,Klaten,Klaten Utara,Karanganom
Jawa Tengah,Kendal,Weleri,Karanganom
Jawa Tengah,Banjarnegara,Madukara,Karanganyar
Jawa Tengah,Cilacap,Gandrungmangu,Karanganyar
Jawa Tengah,Banyumas,Patikraja,Karanganyar
Jawa Tengah,Banjarnegara,Purwanegara,Karanganyar
Jawa Tengah,Banjarnegara,Kalibening,Karanganyar
Jawa Tengah,Purworejo,Purwodadi,Karanganyar
Jawa Tengah,Magelang,Borobudur,Karanganyar
Jawa Tengah,Tegal,Kedungbanteng,Karanganyar
Jawa Tengah,Semarang,Tuntang,Karanganyar
Jawa Tengah,Semarang,Tugu,Karanganyar
Jawa Tengah,Boyolali,Tamansari,Karanganyar
Jawa Tengah,Kebumen,Karanganyar,Karanganyar
Jawa Tengah,Kendal,Plantungan,Karanganyar
Jawa Tengah,Tegal,Pagerbarang,Karanganyar
Jawa Tengah,Semarang,Candisari,Karanganyar Gunung
Jawa Tengah,Cilacap,Sampang,Karangasem
Jawa Tengah,Pekalongan,Talun,Karangasem
Jawa Tengah,Demak,Sayung,Karangasem
Jawa Tengah,Demak,Karangawen,Karangawen
Jawa Tengah,Semarang,Semarang Barat,Karangayu
Jawa Tengah,Brebes,Larangan,Karangbale
Jawa Tengah,Brebes,Ketanggungan,Karangbandung
Jawa Tengah,Kebumen,Buayan,Karangbolong
Jawa Tengah,Banyumas,Kalibagor,Karangdadap
Jawa Tengah,Pekalongan,Karangdadap,Karangdadap
Jawa Tengah,Tegal,Margasari,Karangdawa
Jawa Tengah,Kendal,Weleri,Karangdowo
Jawa Tengah,Klaten,Jogonalan,Karangdukuh
Jawa Tengah,Klaten,Kebonarum,Karangduren
Jawa Tengah,Semarang,Tengaran,Karangduren
Jawa Tengah,Kebumen,Ayah,Karangduwur
Jawa Tengah,Kebumen,Petanahan,Karangduwur
Jawa Tengah,Banyumas,Patikraja,Karangendep
Jawa Tengah,Kebumen,Petanahan,Karanggadung
Jawa Tengah,Kebumen,Karanggayam,Karanggayam
Jawa Tengah,Cilacap,Sidareja,Karanggedang
Jawa Tengah,Banyumas,Sumpiuh,Karanggedang
Jawa Tengah,Kebumen,Sruweng,Karanggedang
Jawa Tengah,Purworejo,Bruno,Karanggedang
Jawa Tengah,Kebumen,Mirit,Karanggede
Jawa Tengah,Temanggung,Ngadirejo,Karanggedong
Jawa Tengah,Boyolali,Boyolali,Karanggeneng
Jawa Tengah,Purworejo,Pituruh,Karanggetas
Jawa Tengah,Cilacap,Gandrungmangu,Karanggintung
Jawa Tengah,Banyumas,Kemranjen,Karanggintung
Jawa Tengah,Banyumas,Sumbang,Karanggintung
Jawa Tengah,Kebumen,Klirong,Karangglonggong
Jawa Tengah,Banjarnegara,Karangkobar,Karanggondang
Jawa Tengah,Pekalongan,Kandangserang,Karanggondang
Jawa Tengah,Pekalongan,Karanganyar,Karanggondang
Jawa Tengah,Banjarnegara,Wanadadi,Karangjambe
Jawa Tengah,Kebumen,Sruweng,Karangjambu
Jawa Tengah,Tegal,Balapulang,Karangjambu
Jawa Tengah,Cilacap,Sampang,Karangjati
Jawa Tengah,Banyumas,Kemranjen,Karangjati
Jawa Tengah,Semarang,Bergas,Karangjati
Jawa Tengah,Banjarnegara,Susukan,Karangjati
Jawa Tengah,Boyolali,Wonosegoro,Karangjati
Jawa Tengah,Brebes,Tonjong,Karangjongkeng
Jawa Tengah,Magelang,Secang,Karangkajen
Jawa Tengah,Kebumen,Alian,Karangkembang
Jawa Tengah,Banjarnegara,Wanadadi,Karangkemiri
Jawa Tengah,Kebumen,Karanganyar,Karangkemiri
Jawa Tengah,Boyolali,Tamansari,Karangkendal
Jawa Tengah,Banyumas,Purwokerto Selatan,Karangklesem
Jawa Tengah,Banjarnegara,Karangkobar,Karangkobar
Jawa Tengah,Grobogan,Kedungjati,Karanglangu
Jawa Tengah,Banyumas,Purwokerto Barat,Karanglewas Lor
Jawa Tengah,Brebes,Jatibarang,Karanglo
Jawa Tengah,Klaten,Polanharjo,Karanglo
Jawa Tengah,Klaten,Klaten Selatan,Karanglo
Jawa Tengah,Purworejo,Kemiri,Karangluas
Jawa Tengah,Brebes,Banjarharjo,Karangmaja
Jawa Tengah,Semarang,Mijen,Karangmalang
Jawa Tengah,Kendal,Boja,Karangmanggis
Jawa Tengah,Banjarnegara,Sigaluh,Karangmangu
Jawa Tengah,Cilacap,Kroya,Karangmangu
Jawa Tengah,Banyumas,Baturraden,Karangmangu
Jawa Tengah,Kebumen,Karanggayam,Karangmojo
Jawa Tengah,Tegal,Bojong,Karangmulya
Jawa Tengah,Purworejo,Purwodadi,Karangmulyo
Jawa Tengah,Kendal,Pegandon,Karangmulyo
Jawa Tengah,Cilacap,Binangun,Karangnangka
Jawa Tengah,Banyumas,Kedungbanteng,Karangnangka
Jawa Tengah,Banjarnegara,Pagentan,Karangnangka
Jawa Tengah,Boyolali,Mojosongo,Karangnongko
Jawa Tengah,Klaten,Karangnongko,Karangnongko
Jawa Tengah,Klaten,Trucuk,Karangpakel
Jawa Tengah,Cilacap,Nusawungu,Karangpakis
Jawa Tengah,Brebes,Bantarkawung,Karangpari
Jawa Tengah,Grobogan,Tegowanu,Karangpasar
Jawa Tengah,Banyumas,Tambak,Karangpetir
Jawa Tengah,Kebumen,Pejagoan,Karangpoh
Jawa Tengah,Cilacap,Karangpucung,Karangpucung
Jawa Tengah,Banyumas,Tambak,Karangpucung
Jawa Tengah,Banyumas,Purwokerto Selatan,Karangpucung
Jawa Tengah,Kebumen,Sruweng,Karangpule
Jawa Tengah,Cilacap,Nusawungu,Karangputat
Jawa Tengah,Banyumas,Banyumas,Karangrau
Jawa Tengah,Cilacap,Cimanggu,Karangreja
Jawa Tengah,Cilacap,Cipari,Karangreja
Jawa Tengah,Magelang,Borobudur,Karangrejo
Jawa Tengah,Pekalongan,Kesesi,Karangrejo
Jawa Tengah,Semarang,Gajahmungkur,Karangrejo
Jawa Tengah,Kebumen,Petanahan,Karangrejo
Jawa Tengah,Kebumen,Karanggayam,Karangrejo
Jawa Tengah,Purworejo,Kutoarjo,Karangrejo
Jawa Tengah,Purworejo,Loano,Karangrejo
Jawa Tengah,Semarang,Genuk,Karangroto
Jawa Tengah,Banyumas,Kemranjen,Karangsalam
Jawa Tengah,Banjarnegara,Susukan,Karangsalam
Jawa Tengah,Banyumas,Kedungbanteng,Karangsalam Kidul
Jawa Tengah,Banyumas,Baturraden,Karangsalam Lor
Jawa Tengah,Kebumen,Karangsambung,Karangsambung
Jawa Tengah,Cilacap,Cimanggu,Karangsari
Jawa Tengah,Banyumas,Kebasen,Karangsari
Jawa Tengah,Banjarnegara,Punggelan,Karangsari
Jawa Tengah,Banjarnegara,Pejawaran,Karangsari
Jawa Tengah,Purworejo,Purwodadi,Karangsari
Jawa Tengah,Pekalongan,Karanganyar,Karangsari
Jawa Tengah,Kebumen,Buayan,Karangsari
Jawa Tengah,Kebumen,Kutowinangun,Karangsari
Jawa Tengah,Kebumen,Kebumen,Karangsari
Jawa Tengah,Kebumen,Sruweng,Karangsari
Jawa Tengah,Purworejo,Bener,Karangsari
Jawa Tengah,Cilacap,Nusawungu,Karangsembung
Jawa Tengah,Brebes,Songgom,Karangsembung
Jawa Tengah,Temanggung,Gemawang,Karangseneng
Jawa Tengah,Demak,Mranggen,Karangsono
Jawa Tengah,Purworejo,Ngombol,Karangtalun
Jawa Tengah,Magelang,Ngluwar,Karangtalun
Jawa Tengah,Kebumen,Alian,Karangtanjung
Jawa Tengah,Cilacap,Nusawungu,Karangtawang
Jawa Tengah,Temanggung,Kedu,Karangtejo
Jawa Tengah,Temanggung,Jumo,Karangtejo
Jawa Tengah,Semarang,Semarang Timur,Karangtempel
Jawa Tengah,Banjarnegara,Banjarnegara,Karangtengah
Jawa Tengah,Banjarnegara,Batur,Karangtengah
Jawa Tengah,Banjarnegara,Wanayasa,Karangtengah
Jawa Tengah,Semarang,Tuntang,Karangtengah
Jawa Tengah,Kebumen,Karanggayam,Karangtengah
Jawa Tengah,Kebumen,Poncowarno,Karangtengah
Jawa Tengah,Cilacap,Kroya,Karangturi
Jawa Tengah,Banyumas,Sumbang,Karangturi
Jawa Tengah,Klaten,Gantiwarno,Karangturi
Jawa Tengah,Semarang,Semarang Timur,Karangturi
Jawa Tengah,Banyumas,Purwokerto Utara,Karangwangkal
Jawa Tengah,Purworejo,Kutoarjo,Karangwuluh
Jawa Tengah,Temanggung,Pringsurat,Karangwuni
Jawa Tengah,Banjarnegara,Pagentan,Karekan
Jawa Tengah,Magelang,Grabag,Kartoharjo
Jawa Tengah,Pekalongan,Kesesi,Karyomukti
Jawa Tengah,Banjarnegara,Wanadadi,Kasilib
Jawa Tengah,Banjarnegara,Wanayasa,Kasimpar
Jawa Tengah,Pekalongan,Petungkriyono,Kasimpar
Jawa Tengah,Banjarnegara,Kalibening,Kasinoman
Jawa Tengah,Banjarnegara,Pagentan,Kasmaran
Jawa Tengah,Temanggung,Ngadirejo,Kataan
Jawa Tengah,Klaten,Gantiwarno,Katekan
Jawa Tengah,Temanggung,Ngadirejo,Katekan
Jawa Tengah,Purworejo,Kutoarjo,Katerban
Jawa Tengah,Semarang,Semarang Tengah,Kauman
Jawa Tengah,Salatiga,Sidorejo,Kauman Kidul
Jawa Tengah,Semarang,Pabelan,Kauman Lor
Jawa Tengah,Kebumen,Kebumen,Kawedusan
Jawa Tengah,Semarang,Ungaran Timur,Kawengen
Jawa Tengah,Banyumas,Sumbang,Kawungcarang
Jawa Tengah,Banjarnegara,Pagentan,Kayuares
Jawa Tengah,Pekalongan,Karanganyar,Kayugeritan
Jawa Tengah,Klaten,Jatinom,Kayumas
Jawa Tengah,Pekalongan,Petungkriyono,Kayupuring
Jawa Tengah,Kebumen,Klirong,Kebadongan
Jawa Tengah,Kebumen,Pejagoan,Kebagoran
Jawa Tengah,Banjarnegara,Mandiraja,Kebakalan
Jawa Tengah,Kebumen,Karanggayam,Kebakalan
Jawa Tengah,Banjarnegara,Mandiraja,Kebanaran
Jawa Tengah,Brebes,Bantarkawung,Kebandungan
Jawa Tengah,Banyumas,Sumbang,Kebanggan
Jawa Tengah,Kebumen,Poncowarno,Kebapangan
Jawa Tengah,Banyumas,Kemranjen,Kebarongan
Jawa Tengah,Banyumas,Kebasen,Kebasen
Jawa Tengah,Temanggung,Kaloran,Keblukan
Jawa Tengah,Banyumas,Kedungbanteng,Kebocoran
Jawa Tengah,Banyumas,Sumpiuh,Kebokura
Jawa Tengah,Klaten,Bayat,Kebon
Jawa Tengah,Magelang,Bandongan,Kebonagung
Jawa Tengah,Magelang,Tegalrejo,Kebonagung
Jawa Tengah,Pekalongan,Kajen,Kebonagung
Jawa Tengah,Brebes,Jatibarang,Kebonagung
Jawa Tengah,Grobogan,Tegowanu,Kebonagung
Jawa Tengah,Temanggung,Selopampang,Kebonagung
Jawa Tengah,Semarang,Sumowono,Kebonagung
Jawa Tengah,Semarang,Semarang Timur,Kebonagung
Jawa Tengah,Kendal,Ngampel,Kebonagung
Jawa Tengah,Klaten,Manisrenggo,Kebonalas
Jawa Tengah,Boyolali,Karanggede,Kebonan
Jawa Tengah,Demak,Mranggen,Kebonbatur
Jawa Tengah,Boyolali,Boyolali,Kebonbimo
Jawa Tengah,Banjarnegara,Bawang,Kebondalem
Jawa Tengah,Temanggung,Bejen,Kebondalem
Jawa Tengah,Semarang,Jambu,Kebondalem
Jawa Tengah,Purworejo,Kutoarjo,Kebondalem
Jawa Tengah,Klaten,Prambanan,Kebondalem Kidul
Jawa Tengah,Klaten,Prambanan,Kebondalem Lor
Jawa Tengah,Semarang,Banyubiru,Kebondowo
Jawa Tengah,Kendal,Pageruyung,Kebongembong
Jawa Tengah,Boyolali,Musuk,Kebongulo
Jawa Tengah,Purworejo,Loano,Kebongunung
Jawa Tengah,Klaten,Polanharjo,Kebonharjo
Jawa Tengah,Magelang,Kaliangkrik,Kebonlegi
Jawa Tengah,Magelang,Salaman,Kebonrejo
Jawa Tengah,Magelang,Candimulyo,Kebonrejo
Jawa Tengah,Pekalongan,Karangdadap,Kebonrowopucang
Jawa Tengah,Purworejo,Purwodadi,Kebonsari
Jawa Tengah,Magelang,Borobudur,Kebonsari
Jawa Tengah,Pekalongan,Karangdadap,Kebonsari
Jawa Tengah,Temanggung,Wonoboyo,Kebonsari
Jawa Tengah,Temanggung,Temanggung,Kebonsari
Jawa Tengah,Kebumen,Petanahan,Kebonsari
Jawa Tengah,Semarang,Suruh,Kebowan
Jawa Tengah,Kebumen,Pejagoan,Kebulusan
Jawa Tengah,Banyumas,Baturraden,Kebumen
Jawa Tengah,Semarang,Banyubiru,Kebumen
Jawa Tengah,Temanggung,Pringsurat,Kebumen
Jawa Tengah,Kebumen,Kebumen,Kebumen
Jawa Tengah,Kendal,Sukorejo,Kebumen
Jawa Tengah,Purworejo,Ngombol,Keburuhan
Jawa Tengah,Purworejo,Pituruh,Keburusan
Jawa Tengah,Banjarnegara,Pagedongan,Kebutuhduwur
Jawa Tengah,Banjarnegara,Pagedongan,Kebutuhjurang
Jawa Tengah,Salatiga,Sidomukti,Kecandran
Jawa Tengah,Klaten,Manisrenggo,Kecemen
Jawa Tengah,Banjarnegara,Punggelan,Kecepit
Jawa Tengah,Banyumas,Kemranjen,Kecila
Jawa Tengah,Banjarnegara,Purworeja Klampok,Kecitran
Jawa Tengah,Kebumen,Puring,Kedalemankulon
Jawa Tengah,Kebumen,Puring,Kedalemanwetan
Jawa Tengah,Cilacap,Kroya,Kedawung
Jawa Tengah,Tegal,Bojong,Kedawung
Jawa Tengah,Temanggung,Kandangan,Kedawung
Jawa Tengah,Banjarnegara,Susukan,Kedawung
Jawa Tengah,Kebumen,Pejagoan,Kedawung
Jawa Tengah,Magelang,Ngablak,Keditan
Jawa Tengah,Kendal,Plantungan,Kediten
Jawa Tengah,Purworejo,Ngombol,Kedondong
Jawa Tengah,Temanggung,Kedu,Kedu
Jawa Tengah,Purworejo,Butuh,Kedungagung
Jawa Tengah,Kendal,Ringinarum,Kedungasri
Jawa Tengah,Banyumas,Kedungbanteng,Kedungbanteng
Jawa Tengah,Tegal,Kedungbanteng,Kedungbanteng
Jawa Tengah,Purworejo,Pituruh,Kedungbatur
Jawa Tengah,Cilacap,Nusawungu,Kedungbenda
Jawa Tengah,Brebes,Larangan,Kedungbokor
Jawa Tengah,Kendal,Limbangan,Kedungboto
Jawa Tengah,Kebumen,Prembun,Kedungbulus
Jawa Tengah,Kebumen,Poncowarno,Kedungdowo
Jawa Tengah,Kendal,Ringinarum,Kedunggading
Jawa Tengah,Banyumas,Banyumas,Kedunggede
Jawa Tengah,Kebumen,Sadang,Kedunggong
Jawa Tengah,Purworejo,Kaligesing,Kedunggubah
Jawa Tengah,Grobogan,Kedungjati,Kedungjati
Jawa Tengah,Kebumen,Sempor,Kedungjati
Jawa Tengah,Purworejo,Grabag,Kedungkamal
Jawa Tengah,Pekalongan,Karangdadap,Kedungkebo
Jawa Tengah,Purworejo,Kemiri,Kedunglo
Jawa Tengah,Purworejo,Bener,Kedungloteng
Jawa Tengah,Banyumas,Sumbang,Kedungmalang
Jawa Tengah,Purworejo,Butuh,Kedungmulyo
Jawa Tengah,Semarang,Tembalang,Kedungmundu
Jawa Tengah,Brebes,Paguyangan,Kedungoleng
Jawa Tengah,Semarang,Mijen,Kedungpane
Jawa Tengah,Pekalongan,Kedungwuni,Kedungpatangewu
Jawa Tengah,Boyolali,Wonosamodro,Kedungpilang
Jawa Tengah,Purworejo,Loano,Kedungpoh
Jawa Tengah,Purworejo,Kemiri,Kedungpomahankulon
Jawa Tengah,Purworejo,Kemiri,Kedungpomahanwetan
Jawa Tengah,Banyumas,Kemranjen,Kedungpring
Jawa Tengah,Purworejo,Bener,Kedungpucang
Jawa Tengah,Kebumen,Gombong,Kedungpuji
Jawa Tengah,Banyumas,Patikraja,Kedungrandu
Jawa Tengah,Cilacap,Kedungreja,Kedungreja
Jawa Tengah,Semarang,Suruh,Kedungringin
Jawa Tengah,Purworejo,Butuh,Kedungsari
Jawa Tengah,Magelang,Bandongan,Kedungsari
Jawa Tengah,Magelang,Magelang Utara,Kedungsari
Jawa Tengah,Kebumen,Klirong,Kedungsari
Jawa Tengah,Purworejo,Purworejo,Kedungsari
Jawa Tengah,Kendal,Singorojo,Kedungsari
Jawa Tengah,Purworejo,Butuh,Kedungsri
Jawa Tengah,Tegal,Pagerbarang,Kedungsugih
Jawa Tengah,Kendal,Kaliwungu Selatan,Kedungsuren
Jawa Tengah,Temanggung,Kandangan,Kedungumpul
Jawa Tengah,Banyumas,Banyumas,Kedunguter
Jawa Tengah,Kebumen,Prembun,Kedungwaru
Jawa Tengah,Kebumen,Karangsambung,Kedungwaru
Jawa Tengah,Kebumen,Ayah,Kedungweru
Jawa Tengah,Kebumen,Klirong,Kedungwinangun
Jawa Tengah,Banyumas,Patikraja,Kedungwringin
Jawa Tengah,Kebumen,Sempor,Kedungwringin
Jawa Tengah,Banyumas,Purwokerto Barat,Kedungwuluh
Jawa Tengah,Banyumas,Patikraja,Kedungwuluh Kidul
Jawa Tengah,Banyumas,Patikraja,Kedungwuluh Lor
Jawa Tengah,Tegal,Jatinegara,Kedungwungu
Jawa Tengah,Grobogan,Tegowanu,Kedungwungu
Jawa Tengah,Pekalongan,Kedungwuni,Kedungwuni Timur
Jawa Tengah,Purworejo,Purwodadi,Keduren
Jawa Tengah,Grobogan,Tegowanu,Kejawan
Jawa Tengah,Kebumen,Sruweng,Kejawang
Jawa Tengah,Banyumas,Banyumas,Kejawar
Jawa Tengah,Magelang,Muntilan,Keji
Jawa Tengah,Semarang,Ungaran Barat,Keji
Jawa Tengah,Semarang,Jambu,Kelurahan
Jawa Tengah,Purworejo,Kutoarjo,Kemadu Lor
Jawa Tengah,Klaten,Kemalang,Kemalang
Jawa Tengah,Semarang,Banyubiru,Kemambang
Jawa Tengah,Kebumen,Alian,Kemangguan
Jawa Tengah,Purworejo,Bagelen,Kemanukan
Jawa Tengah,Pekalongan,Bojong,Kemasan
Jawa Tengah,Banyumas,Somagede,Kemawi
Jawa Tengah,Semarang,Sumowono,Kemawi
Jawa Tengah,Boyolali,Gladagsari,Kembang
Jawa Tengah,Demak,Mranggen,Kembangarum
Jawa Tengah,Semarang,Semarang Barat,Kembangarum
Jawa Tengah,Purworejo,Ngombol,Kembangkuning
Jawa Tengah,Purworejo,Pituruh,Kembangkuning
Jawa Tengah,Magelang,Windusari,Kembangkuning
Jawa Tengah,Boyolali,Cepogo,Kembangkuning
Jawa Tengah,Magelang,Borobudur,Kembanglimus
Jawa Tengah,Temanggung,Kandangan,Kembangsari
Jawa Tengah,Semarang,Semarang Tengah,Kembangsari
Jawa Tengah,Boyolali,Musuk,Kembangsari
Jawa Tengah,Kebumen,Ambal,Kembangsawit
Jawa Tengah,Magelang,Candimulyo,Kembaran
Jawa Tengah,Kebumen,Kebumen,Kembaran
Jawa Tengah,Purworejo,Loano,Kemejing
Jawa Tengah,Semarang,Susukan,Kemetul
Jawa Tengah,Semarang,Semarang Timur,Kemijen
Jawa Tengah,Magelang,Srumbung,Kemiren
Jawa Tengah,Banjarnegara,Sigaluh,Kemiri
Jawa Tengah,Banyumas,Sumpiuh,Kemiri
Jawa Tengah,Boyolali,Mojosongo,Kemiri
Jawa Tengah,Klaten,Tulung,Kemiri
Jawa Tengah,Temanggung,Kaloran,Kemiri
Jawa Tengah,Purworejo,Gebang,Kemiri
Jawa Tengah,Purworejo,Kemiri,Kemiri Kidul
Jawa Tengah,Brebes,Jatibarang,Kemiriamba
Jawa Tengah,Purworejo,Kemiri,Kemirilor
Jawa Tengah,Temanggung,Gemawang,Kemiriombo
Jawa Tengah,Magelang,Magelang Tengah,Kemirirejo
Jawa Tengah,Semarang,Sumowono,Kemitir
Jawa Tengah,Temanggung,Tembarak,Kemloko
Jawa Tengah,Temanggung,Kranggan,Kemloko
Jawa Tengah,Cilacap,Binangun,Kemojing
Jawa Tengah,Purworejo,Bruno,Kemranggen
Jawa Tengah,Banjarnegara,Susukan,Kemranggon
Jawa Tengah,Klaten,Prambanan,Kemudo
Jawa Tengah,Kebumen,Adimulyo,Kemujan
Jawa Tengah,Kebumen,Gombong,Kemukus
Jawa Tengah,Temanggung,Bejen,Kemuning
Jawa Tengah,Banyumas,Baturraden,Kemutug Kidul
Jawa Tengah,Banyumas,Baturraden,Kemutug Lor
Jawa Tengah,Magelang,Tempuran,Kemutuk
Jawa Tengah,Magelang,Borobudur,Kenalan
Jawa Tengah,Magelang,Pakis,Kenalan
Jawa Tengah,Banjarnegara,Banjarmangu,Kendaga
Jawa Tengah,Purworejo,Pituruh,Kendalrejo
Jawa Tengah,Klaten,Kemalang,Kendalsari
Jawa Tengah,Tegal,Pangkah,Kendalserut
Jawa Tengah,Semarang,Kaliwungu,Kener
Jawa Tengah,Magelang,Dukun,Keningar
Jawa Tengah,Banyumas,Kedungbanteng,Keniten
Jawa Tengah,Kebumen,Ambal,Kenoyojayan
Jawa Tengah,Banjarnegara,Madukara,Kenteng
Jawa Tengah,Semarang,Susukan,Kenteng
Jawa Tengah,Semarang,Bandungan,Kenteng
Jawa Tengah,Kebumen,Sempor,Kenteng
Jawa Tengah,Purworejo,Purwodadi,Kentengrejo
Jawa Tengah,Magelang,Windusari,Kentengsari
Jawa Tengah,Grobogan,Kedungjati,Kentengsari
Jawa Tengah,Temanggung,Candiroto,Kentengsari
Jawa Tengah,Banjarnegara,Batur,Kepakisan
Jawa Tengah,Purworejo,Purwodadi,Keponggok
Jawa Tengah,Boyolali,Tamansari,Keposong
Jawa Tengah,Cilacap,Binangun,Kepudang
Jawa Tengah,Purworejo,Kutoarjo,Kepuh
Jawa Tengah,Klaten,Manisrenggo,Kepurun
Jawa Tengah,Klaten,Kemalang,Keputran
Jawa Tengah,Purworejo,Kemiri,Kerep
Jawa Tengah,Temanggung,Tlogomulyo,Kerokan
Jawa Tengah,Tegal,Pagerbarang,Kertaharja
Jawa Tengah,Brebes,Banjarharjo,Kertasari
Jawa Tengah,Banjarnegara,Mandiraja,Kertayasa
Jawa Tengah,Klaten,Gantiwarno,Kerten
Jawa Tengah,Kebumen,Mirit,Kertodeso
Jawa Tengah,Purworejo,Grabag,Kertojayan
Jawa Tengah,Kendal,Brangsong,Kertomulyo
Jawa Tengah,Banjarnegara,Kalibening,Kertosari
Jawa Tengah,Temanggung,Jumo,Kertosari
Jawa Tengah,Temanggung,Temanggung,Kertosari
Jawa Tengah,Kendal,Singorojo,Kertosari
Jawa Tengah,Purworejo,Banyuurip,Kertosono
Jawa Tengah,Purworejo,Pituruh,Kesawen
Jawa Tengah,Purworejo,Grabag,Kese
Jawa Tengah,Semarang,Sumowono,Keseneng
Jawa Tengah,Purworejo,Purworejo,Keseneng
Jawa Tengah,Banjarnegara,Banjarmangu,Kesenet
Jawa Tengah,Pekalongan,Kesesi,Kesesi
Jawa Tengah,Purworejo,Ngombol,Kesidan
Jawa Tengah,Semarang,Tuntang,Kesongo
Jawa Tengah,Tegal,Lebaksiu,Kesuben
Jawa Tengah,Purworejo,Purwodadi,Kesugihan
Jawa Tengah,Banyumas,Sumpiuh,Ketanda
Jawa Tengah,Klaten,Klaten Utara,Ketandan
Jawa Tengah,Semarang,Suruh,Ketanggi
Jawa Tengah,Cilacap,Sampang,Ketanggung
Jawa Tengah,Purworejo,Purwodadi,Ketangi
Jawa Tengah,Magelang,Kaliangkrik,Ketangi
Jawa Tengah,Semarang,Susukan,Ketapang
Jawa Tengah,Magelang,Grabag,Ketawang
Jawa Tengah,Purworejo,Grabag,Ketawangrejo
Jawa Tengah,Magelang,Sawangan,Ketep
Jawa Tengah,Temanggung,Jumo,Ketitang
Jawa Tengah,Pekalongan,Bojong,Ketitangkidul
Jawa Tengah,Pekalongan,Bojong,Ketitanglor
Jawa Tengah,Purworejo,Bayan,Ketiwijayan
Jawa Tengah,Purworejo,Bener,Ketosari
Jawa Tengah,Boyolali,Wonosegoro,Ketoyan
Jawa Tengah,Purworejo,Butuh,Ketug
Jawa Tengah,Magelang,Pakis,Ketundan
Jawa Tengah,Magelang,Dukun,Ketunggeng
Jawa Tengah,Kebumen,Petanahan,Kewangunan
Jawa Tengah,Kebumen,Pejagoan,Kewayuhan
Jawa Tengah,Banjarnegara,Rakit,Kincang
Jawa Tengah,Klaten,Tulung,Kiringan
Jawa Tengah,Boyolali,Boyolali,Kiringan
Jawa Tengah,Purworejo,Kutoarjo,Kiyangkongrejo
Jawa Tengah,Boyolali,Selo,Klakah
Jawa Tengah,Brebes,Jatibarang,Klampis
Jawa Tengah,Banjarnegara,Purworeja Klampok,Klampok
Jawa Tengah,Purworejo,Ngombol,Klandaran
Jawa Tengah,Banjarnegara,Punggelan,Klapa
Jawa Tengah,Boyolali,Karanggede,Klari
Jawa Tengah,Klaten,Klaten Tengah,Klaten
Jawa Tengah,Temanggung,Kledung,Kledung
Jawa Tengah,Purworejo,Banyuurip,Kledung Karangdalem
Jawa Tengah,Purworejo,Banyuurip,Kledungkradenan
Jawa Tengah,Magelang,Grabag,Klegen
Jawa Tengah,Kebumen,Klirong,Klegenrejo
Jawa Tengah,Kebumen,Klirong,Klegenwonosari
Jawa Tengah,Purworejo,Butuh,Klepu
Jawa Tengah,Temanggung,Kranggan,Klepu
Jawa Tengah,Temanggung,Pringsurat,Klepu
Jawa Tengah,Semarang,Pringapus,Klepu
Jawa Tengah,Kebumen,Sruweng,Klepusanggar
Jawa Tengah,Semarang,Tengaran,Klero
Jawa Tengah,Pekalongan,Kandangserang,Klesem
Jawa Tengah,Magelang,Grabag,Kleteran
Jawa Tengah,Banyumas,Somagede,Klinting
Jawa Tengah,Kendal,Boja,Kliris
Jawa Tengah,Kebumen,Klirong,Klirong
Jawa Tengah,Grobogan,Kedungjati,Klitikan
Jawa Tengah,Purworejo,Banyuurip,Kliwonan
Jawa Tengah,Magelang,Tegalrejo,Klopo
Jawa Tengah,Kebumen,Gombong,Klopogodo
Jawa Tengah,Kebumen,Buluspesantren,Kloposawit
Jawa Tengah,Boyolali,Karanggede,Klumpit
Jawa Tengah,Cilacap,Nusawungu,Klumprit
Jawa Tengah,Banyumas,Purwokerto Barat,Kober
Jawa Tengah,Klaten,Prambanan,Kokosan
Jawa Tengah,Boyolali,Teras,Kopen
Jawa Tengah,Semarang,Getasan,Kopeng
Jawa Tengah,Semarang,Susukan,Koripan
Jawa Tengah,Kebumen,Kutowinangun,Korowelang
Jawa Tengah,Banyumas,Sumbang,Kotayasa
Jawa Tengah,Klaten,Prambanan,Kotesan
Jawa Tengah,Temanggung,Temanggung,Kowangan
Jawa Tengah,Banyumas,Sumpiuh,Kradenan
Jawa Tengah,Magelang,Srumbung,Kradenan
Jawa Tengah,Klaten,Trucuk,Kradenan
Jawa Tengah,Semarang,Kaliwungu,Kradenan
Jawa Tengah,Kebumen,Ambal,Kradenan
Jawa Tengah,Magelang,Pakis,Kragilan
Jawa Tengah,Boyolali,Mojosongo,Kragilan
Jawa Tengah,Klaten,Gantiwarno,Kragilan
Jawa Tengah,Purworejo,Gebang,Kragilan
Jawa Tengah,Klaten,Jogonalan,Kraguman
Jawa Tengah,Klaten,Kalikotes,Krajan
Jawa Tengah,Klaten,Jatinom,Krajan
Jawa Tengah,Temanggung,Tembarak,Krajan
Jawa Tengah,Kebumen,Alian,Krakal
Jawa Tengah,Klaten,Bayat,Krakitan
Jawa Tengah,Semarang,Tembalang,Kramas
Jawa Tengah,Temanggung,Kranggan,Kramat
Jawa Tengah,Magelang,Magelang Utara,Kramat Selatan
Jawa Tengah,Magelang,Magelang Utara,Kramat Utara
Jawa Tengah,Banjarnegara,Banjarnegara,Krandegan
Jawa Tengah,Pekalongan,Paninggaran,Krandegan
Jawa Tengah,Kebumen,Puring,Krandegan
Jawa Tengah,Purworejo,Bayan,Krandegan
Jawa Tengah,Pekalongan,Kesesi,Krandon
Jawa Tengah,Demak,Guntur,Krandon
Jawa Tengah,Semarang,Suruh,Krandon Lor
Jawa Tengah,Klaten,Manisrenggo,Kranggan
Jawa Tengah,Semarang,Ambarawa,Kranggan
Jawa Tengah,Temanggung,Kranggan,Kranggan
Jawa Tengah,Semarang,Semarang Tengah,Kranggan
Jawa Tengah,Banyumas,Purwokerto Timur,Kranji
Jawa Tengah,Semarang,Semarang Barat,Krapyak
Jawa Tengah,Magelang,Salaman,Krasak
Jawa Tengah,Boyolali,Teras,Krasak
Jawa Tengah,Temanggung,Candiroto,Krawitan
Jawa Tengah,Temanggung,Gemawang,Krempong
Jawa Tengah,Purworejo,Bagelen,Krendetan
Jawa Tengah,Brebes,Paguyangan,Kretek
Jawa Tengah,Kebumen,Rowokele,Kretek
Jawa Tengah,Kendal,Pageruyung,Krikil
Jawa Tengah,Klaten,Bayat,Krikilan
Jawa Tengah,Magelang,Secang,Krincing
Jawa Tengah,Magelang,Dukun,Krinjing
Jawa Tengah,Magelang,Kajoran,Krinjing
Jawa Tengah,Kebumen,Petanahan,Kritig
Jawa Tengah,Semarang,Semarang Barat,Krobokan
Jawa Tengah,Magelang,Sawangan,Krogowanan
Jawa Tengah,Kendal,Gemuh,Krompaan
Jawa Tengah,Pekalongan,Talun,Krompeng
Jawa Tengah,Cilacap,Kroya,Kroya
Jawa Tengah,Purworejo,Gebang,Kroyo
Jawa Tengah,Purworejo,Kemiri,Kroyokulon
Jawa Tengah,Purworejo,Kemiri,Kroyolor
Jawa Tengah,Kebumen,Mirit,Krubungan
Jawa Tengah,Magelang,Kajoran,Krumpakan
Jawa Tengah,Temanggung,Kledung,Kruwisan
Jawa Tengah,Banjarnegara,Wanayasa,Kubang
Jawa Tengah,Brebes,Ketanggungan,Kubangsari
Jawa Tengah,Brebes,Ketanggungan,Kubangwungu
Jawa Tengah,Tegal,Slawi,Kudaile
Jawa Tengah,Semarang,Genuk,Kudu
Jawa Tengah,Klaten,Ceper,Kujon
Jawa Tengah,Pekalongan,Karanganyar,Kulu
Jawa Tengah,Wonosobo,Wadaslintang,Kumejing
Jawa Tengah,Purworejo,Grabag,Kumpulrejo
Jawa Tengah,Salatiga,Argomulyo,Kumpulrejo
Jawa Tengah,Purworejo,Ngombol,Kumpulsari
Jawa Tengah,Cilacap,Sidareja,Kunci
Jawa Tengah,Klaten,Karanganom,Kunden
Jawa Tengah,Temanggung,Kedu,Kundisari
Jawa Tengah,Semarang,Semarang Utara,Kuningan
Jawa Tengah,Purworejo,Butuh,Kunir
Jawa Tengah,Purworejo,Butuh,Kunirejokulon
Jawa Tengah,Purworejo,Butuh,Kunirejowetan
Jawa Tengah,Banyumas,Sumpiuh,Kuntili
Jawa Tengah,Semarang,Ambarawa,Kupang
Jawa Tengah,Temanggung,Pringsurat,Kupen
Jawa Tengah,Demak,Karangawen,Kuripan
Jawa Tengah,Cilacap,Dayeuhluhur,Kutaagung
Jawa Tengah,Banjarnegara,Banjarnegara,Kutabanjarnegara
Jawa Tengah,Cilacap,Cimanggu,Kutabima
Jawa Tengah,Banyumas,Kedungbanteng,Kutaliman
Jawa Tengah,Brebes,Tonjong,Kutamendala
Jawa Tengah,Cilacap,Cipari,Kutasari
Jawa Tengah,Banyumas,Baturraden,Kutasari
Jawa Tengah,Banjarnegara,Purwanegara,Kutawuluh
Jawa Tengah,Banjarnegara,Madukara,Kutayasa
Jawa Tengah,Banjarnegara,Bawang,Kutayasa
Jawa Tengah,Brebes,Tonjong,Kutayu
Jawa Tengah,Temanggung,Kedu,Kutoanyar
Jawa Tengah,Purworejo,Kutoarjo,Kutoarjo
Jawa Tengah,Pekalongan,Kajen,Kutorejo
Jawa Tengah,Pekalongan,Lebakbarang,Kutorembet
Jawa Tengah,Pekalongan,Kajen,Kutorojo
Jawa Tengah,Pekalongan,Doro,Kutosari
Jawa Tengah,Pekalongan,Karanganyar,Kutosari
Jawa Tengah,Kebumen,Kebumen,Kutosari
Jawa Tengah,Kebumen,Kutowinangun,Kutowinangun
Jawa Tengah,Salatiga,Tingkir,Kutowinangun Kidul
Jawa Tengah,Salatiga,Tingkir,Kutowinangun Lor
Jawa Tengah,Semarang,Jambu,Kuwarasan
Jawa Tengah,Kebumen,Kuwarasan,Kuwarasan
Jawa Tengah,Kebumen,Kutowinangun,Kuwarisan
Jawa Tengah,Grobogan,Gubug,Kuwaron
Jawa Tengah,Kebumen,Kuwarasan,Kuwaru
Jawa Tengah,Purworejo,Ngombol,Kuwukan
Jawa Tengah,Purworejo,Kutoarjo,Kuwurejo
Jawa Tengah,Magelang,Kajoran,Kwaderan
Jawa Tengah,Temanggung,Kledung,Kwadungan Gunung
Jawa Tengah,Temanggung,Kledung,Kwadungan Jurang
Jawa Tengah,Pekalongan,Wonopringgo,Kwagean
Jawa Tengah,Temanggung,Kaloran,Kwarakan
Jawa Tengah,Klaten,Ngawen,Kwaren
Jawa Tengah,Pekalongan,Kesesi,Kwasen
Jawa Tengah,Pekalongan,Kedungwuni,Kwayangan
Jawa Tengah,Pekalongan,Kesesi,Kwigaran
Jawa Tengah,Purworejo,Ngombol,Laban
Jawa Tengah,Kebumen,Ambal,Lajer
Jawa Tengah,Pekalongan,Paninggaran,Lambanggelun
Jawa Tengah,Pekalongan,Kandangserang,Lambur
Jawa Tengah,Boyolali,Tamansari,Lampar
Jawa Tengah,Semarang,Semarang Selatan,Lamper Kidul
Jawa Tengah,Semarang,Semarang Selatan,Lamper Lor
Jawa Tengah,Semarang,Semarang Selatan,Lamper Tengah
Jawa Tengah,Wonosobo,Wadaslintang,Lancar
Jawa Tengah,Purworejo,Butuh,Langenrejo
Jawa Tengah,Pekalongan,Kesesi,Langensari
Jawa Tengah,Semarang,Ungaran Barat,Langensari
Jawa Tengah,Temanggung,Tlogomulyo,Langgeng
Jawa Tengah,Pekalongan,Kedungwuni,Langkap
Jawa Tengah,Brebes,Bumiayu,Langkap
Jawa Tengah,Kebumen,Karangsambung,Langse
Jawa Tengah,Semarang,Sumowono,Lanjan
Jawa Tengah,Boyolali,Tamansari,Lanjaran
Jawa Tengah,Banjarnegara,Pagentan,Larangan
Jawa Tengah,Brebes,Larangan,Larangan
Jawa Tengah,Temanggung,Bejen,Larangan Luwok
Jawa Tengah,Wonosobo,Mojotengah,Larangankulon
Jawa Tengah,Brebes,Bumiayu,Laren
Jawa Tengah,Pekalongan,Doro,Larikan
Jawa Tengah,Banjarnegara,Pandanarum,Lawen
Jawa Tengah,Cilacap,Gandrungmangu,Layansari
Jawa Tengah,Magelang,Grabag,Lebak
Jawa Tengah,Semarang,Bringin,Lebak
Jawa Tengah,Pekalongan,Lebakbarang,Lebakbarang
Jawa Tengah,Tegal,Lebaksiu,Lebakgowah
Jawa Tengah,Tegal,Lebaksiu,Lebaksiu Kidul
Jawa Tengah,Tegal,Lebaksiu,Lebaksiu Lor
Jawa Tengah,Banjarnegara,Pagedongan,Lebakwangi
Jawa Tengah,Tegal,Jatinegara,Lebakwangi
Jawa Tengah,Kendal,Boja,Leban
Jawa Tengah,Banyumas,Sumpiuh,Lebeng
Jawa Tengah,Salatiga,Argomulyo,Ledok
Jawa Tengah,Purworejo,Bener,Legetan
Jawa Tengah,Brebes,Bantarkawung,Legok
Jawa Tengah,Pekalongan,Karanganyar,Legokalong
Jawa Tengah,Pekalongan,Bojong,Legokclile
Jawa Tengah,Pekalongan,Wonopringgo,Legokgunung
Jawa Tengah,Temanggung,Tlogomulyo,Legoksari
Jawa Tengah,Banjarnegara,Wanayasa,Legoksayem
Jawa Tengah,Banjarnegara,Karangkobar,Leksana
Jawa Tengah,Pekalongan,Doro,Lemahabang
Jawa Tengah,Kebumen,Kuwarasan,Lemahduwur
Jawa Tengah,Semarang,Bawen,Lemahireng
Jawa Tengah,Banjarnegara,Wanadadi,Lemahjaya
Jawa Tengah,Tegal,Jatinegara,Lembasari
Jawa Tengah,Semarang,Bancak,Lembu
Jawa Tengah,Kebumen,Mirit,Lembupurwo
Jawa Tengah,Semarang,Gajahmungkur,Lempongsari
Jawa Tengah,Temanggung,Candiroto,Lempuyang
Jawa Tengah,Boyolali,Selo,Lencoh
Jawa Tengah,Banjarnegara,Rakit,Lengkong
Jawa Tengah,Tegal,Bojong,Lengkong
Jawa Tengah,Semarang,Ungaran Barat,Lerep
Jawa Tengah,Kebumen,Poncowarno,Lerepkebumen
Jawa Tengah,Magelang,Kajoran,Lesanpuro
Jawa Tengah,Klaten,Manisrenggo,Leses
Jawa Tengah,Semarang,Ungaran Timur,Leyangan
Jawa Tengah,Banjarnegara,Madukara,Limbangan
Jawa Tengah,Cilacap,Wanareja,Limbangan
Jawa Tengah,Pekalongan,Karanganyar,Limbangan
Jawa Tengah,Purworejo,Bener,Limbangan
Jawa Tengah,Kendal,Limbangan,Limbangan
Jawa Tengah,Banyumas,Sumbang,Limpakuwus
Jawa Tengah,Brebes,Tonjong,Linggapura
Jawa Tengah,Banjarnegara,Wanadadi,Linggasari
Jawa Tengah,Pekalongan,Kajen,Linggoasri
Jawa Tengah,Purworejo,Loano,Loano
Jawa Tengah,Semarang,Ambarawa,Lodoyong
Jawa Tengah,Pekalongan,Karangdadap,Logandeng
Jawa Tengah,Kebumen,Karanggayam,Logandu
Jawa Tengah,Klaten,Karangnongko,Logede
Jawa Tengah,Kebumen,Pejagoan,Logede
Jawa Tengah,Pekalongan,Karanganyar,Lolong
Jawa Tengah,Purworejo,Kemiri,Loning
Jawa Tengah,Semarang,Tuntang,Lopait
Jawa Tengah,Banyumas,Rawalo,Losari
Jawa Tengah,Magelang,Pakis,Losari
Jawa Tengah,Magelang,Grabag,Losari
Jawa Tengah,Temanggung,Tlogomulyo,Losari
Jawa Tengah,Semarang,Sumowono,Losari
Jawa Tengah,Temanggung,Bejen,Lowungu
Jawa Tengah,Purworejo,Butuh,Lubangdukuh
Jawa Tengah,Purworejo,Butuh,Lubangindangan
Jawa Tengah,Purworejo,Butuh,Lubangkidul
Jawa Tengah,Purworejo,Butuh,Lubanglor
Jawa Tengah,Purworejo,Butuh,Lubangsampang
Jawa Tengah,Purworejo,Gebang,Lugosobo
Jawa Tengah,Purworejo,Butuh,Lugu
Jawa Tengah,Purworejo,Butuh,Lugurejo
Jawa Tengah,Kebumen,Kutowinangun,Lumbu
Jawa Tengah,Pekalongan,Paninggaran,Lumeneng
Jawa Tengah,Kebumen,Kutowinangun,Lundong
Jawa Tengah,Temanggung,Temanggung,Lungge
Jawa Tengah,Purworejo,Pituruh,Luweng Kidul
Jawa Tengah,Purworejo,Pituruh,Luwenglor
Jawa Tengah,Tegal,Jatinegara,Luwijawa
Jawa Tengah,Banjarnegara,Rakit,Luwung
Jawa Tengah,Brebes,Larangan,Luwunggede
Jawa Tengah,Boyolali,Mojosongo,Madu
Jawa Tengah,Magelang,Kajoran,Madugondo
Jawa Tengah,Banjarnegara,Madukara,Madukara
Jawa Tengah,Magelang,Kajoran,Madukoro
Jawa Tengah,Cilacap,Wanareja,Madura
Jawa Tengah,Kebumen,Puring,Madurejo
Jawa Tengah,Temanggung,Temanggung,Madureso
Jawa Tengah,Kebumen,Kuwarasan,Madureso
Jawa Tengah,Magelang,Kaliangkrik,Maduretno
Jawa Tengah,Kebumen,Buluspesantren,Maduretno
Jawa Tengah,Cilacap,Wanareja,Madusari
Jawa Tengah,Magelang,Secang,Madusari
Jawa Tengah,Magelang,Secang,Madyocondro
Jawa Tengah,Magelang,Ngablak,Madyogondo
Jawa Tengah,Magelang,Magelang Tengah,Magelang
Jawa Tengah,Kendal,Kaliwungu Selatan,Magelung
Jawa Tengah,Magelang,Ngablak,Magersari
Jawa Tengah,Magelang,Magelang Selatan,Magersari
Jawa Tengah,Magelang,Borobudur,Majaksingi
Jawa Tengah,Banjarnegara,Bawang,Majalengka
Jawa Tengah,Banjarnegara,Pagentan,Majasari
Jawa Tengah,Banjarnegara,Banjarmangu,Majatengah
Jawa Tengah,Banjarnegara,Kalibening,Majatengah
Jawa Tengah,Klaten,Tulung,Majegan
Jawa Tengah,Cilacap,Wanareja,Majingklak
Jawa Tengah,Purworejo,Kutoarjo,Majir
Jawa Tengah,Cilacap,Wanareja,Malabar
Jawa Tengah,Brebes,Banjarharjo,Malahayu
Jawa Tengah,Purworejo,Ngombol,Malang
Jawa Tengah,Klaten,Tulung,Malangan
Jawa Tengah,Klaten,Kebonarum,Malangjiwan
Jawa Tengah,Purworejo,Banyuurip,Malangrejo
Jawa Tengah,Temanggung,Bulu,Malangsari
Jawa Tengah,Temanggung,Kandangan,Malebo
Jawa Tengah,Cilacap,Cimanggu,Mandala
Jawa Tengah,Temanggung,Temanggung,Manding
Jawa Tengah,Banjarnegara,Mandiraja,Mandiraja Kulon
Jawa Tengah,Banjarnegara,Mandiraja,Mandiraja Wetan
Jawa Tengah,Banyumas,Kebasen,Mandirancan
Jawa Tengah,Temanggung,Parakan,Mandisari
Jawa Tengah,Semarang,Getasan,Manggihan
Jawa Tengah,Brebes,Sirampog,Manggis
Jawa Tengah,Boyolali,Mojosongo,Manggis
Jawa Tengah,Temanggung,Ngadirejo,Manggong
Jawa Tengah,Kendal,Plantungan,Manggungmangu
Jawa Tengah,Kendal,Weleri,Manggungsari
Jawa Tengah,Semarang,Tugu,Mangkang Wetan
Jawa Tengah,Magelang,Kaliangkrik,Mangli
Jawa Tengah,Kebumen,Kuwarasan,Mangli
Jawa Tengah,Semarang,Tembalang,Mangunharjo
Jawa Tengah,Semarang,Tugu,Mangunharjo
Jawa Tengah,Kebumen,Adimulyo,Mangunharjo
Jawa Tengah,Purworejo,Butuh,Mangunjayan
Jawa Tengah,Kebumen,Mirit,Mangunranan
Jawa Tengah,Magelang,Kajoran,Mangunrejo
Jawa Tengah,Magelang,Tegalrejo,Mangunrejo
Jawa Tengah,Magelang,Sawangan,Mangunsari
Jawa Tengah,Magelang,Windusari,Mangunsari
Jawa Tengah,Grobogan,Tegowanu,Mangunsari
Jawa Tengah,Temanggung,Ngadirejo,Mangunsari
Jawa Tengah,Semarang,Gunungpati,Mangunsari
Jawa Tengah,Salatiga,Sidomukti,Mangunsari
Jawa Tengah,Magelang,Dukun,Mangunsoko
Jawa Tengah,Kebumen,Ayah,Mangunweni
Jawa Tengah,Klaten,Ngawen,Manjung
Jawa Tengah,Klaten,Ngawen,Manjungan
Jawa Tengah,Magelang,Salam,Mantingan
Jawa Tengah,Banjarnegara,Bawang,Mantrianom
Jawa Tengah,Semarang,Semarang Barat,Manyaran
Jawa Tengah,Boyolali,Karanggede,Manyaran
Jawa Tengah,Tegal,Margasari,Marga Ayu
Jawa Tengah,Cilacap,Sidareja,Margasari
Jawa Tengah,Tegal,Margasari,Margasari
Jawa Tengah,Demak,Karangawen,Margohayu
Jawa Tengah,Temanggung,Kandangan,Margolelo
Jawa Tengah,Kendal,Pegandon,Margomulyo
Jawa Tengah,Kendal,Limbangan,Margosari
Jawa Tengah,Magelang,Salaman,Margoyoso
Jawa Tengah,Purworejo,Loano,Maron
Jawa Tengah,Banjarnegara,Bawang,Masaran
Jawa Tengah,Cilacap,Dayeuhluhur,Matenggeng
Jawa Tengah,Klaten,Ngawen,Mayungan
Jawa Tengah,Purworejo,Bener,Mayungsari
Jawa Tengah,Grobogan,Tegowanu,Medani
Jawa Tengah,Temanggung,Ngadirejo,Medari
Jawa Tengah,Banjarnegara,Wanadadi,Medayu
Jawa Tengah,Semarang,Suruh,Medayu
Jawa Tengah,Purworejo,Bener,Medono
Jawa Tengah,Kendal,Boja,Medono
Jawa Tengah,Klaten,Ceper,Meger
Jawa Tengah,Purworejo,Pituruh,Megulungkidul
Jawa Tengah,Purworejo,Pituruh,Megulunglor
Jawa Tengah,Magelang,Candimulyo,Mejing
Jawa Tengah,Cilacap,Cipari,Mekarsari
Jawa Tengah,Kebumen,Kutowinangun,Mekarsari
Jawa Tengah,Kebumen,Adimulyo,Meles
Jawa Tengah,Klaten,Wedi,Melikan
Jawa Tengah,Wonosobo,Kertek,Damarkasiyan
Jawa Tengah,Wonosobo,Mojotengah,Keseneng
Jawa Tengah,Wonosobo,Watumalang,Lumajang
Jawa Tengah,Wonosobo,Garung,Gemblengan
Jawa Tengah,Wonosobo,Garung,Sendangsari
Jawa Tengah,Wonosobo,Watumalang,Watumalang
Jawa Tengah,Wonosobo,Mojotengah,wonokromo
Jawa Tengah,Wonosobo,Garung,Lengkong
Jawa Tengah,Wonosobo,Watumalang,Pasuruhan
Jawa Tengah,Wonosobo,Garung,Kayugiyang
Jawa Tengah,Wonosobo,Mojotengah,Derongisor
Jawa Tengah,Wonosobo,Garung,Garung
Jawa Tengah,Wonosobo,Garung,Siwuran
Jawa Tengah,Wonosobo,Garung,Kuripan
Jawa Tengah,Wonosobo,Watumalang,Wonokampir
Jawa Tengah,Wonosobo,Garung,Jengkol
Jawa Tengah,Wonosobo,Watumalang,Binangun
Jawa Tengah,Wonosobo,Mojotengah,Kebrengan
Jawa Tengah,Wonosobo,Garung,Sitiharjo
Jawa Tengah,Wonosobo,Garung,Tegalsari
Jawa Tengah,Wonosobo,Mojotengah,Slukatan
Jawa Tengah,Wonosobo,Mojotengah,Deroduwur
Jawa Tengah,Wonosobo,Watumalang,Krinjing
Jawa Tengah,Wonosobo,Garung,Tlogo
Jawa Tengah,Wonosobo,Garung,Maron
Jawa Tengah,Wonosobo,Watumalang,Kalidesel
Jawa Tengah,Wonosobo,Watumalang,Mutisari
Jawa Tengah,Wonosobo,Garung,Menjer
Jawa Tengah,Wonosobo,Kejajar,Sigedang
Jawa Tengah,Wonosobo,Garung,Laranganlor
Jawa Tengah,Wonosobo,Garung,Mlandi
Jawa Tengah,Wonosobo,Kejajar,Kreo
Jawa Tengah,Wonosobo,Kejajar,Serang
Jawa Tengah,Wonosobo,Kejajar,Sembungan
Jawa Tengah,Wonosobo,Kejajar,Campursari
Jawa Tengah,Wonosobo,Kejajar,Tieng
Jawa Tengah,Wonosobo,Kejajar,Kejajar
Jawa Tengah,Wonosobo,Kejajar,Sikunang
Jawa Tengah,Wonosobo,Kejajar,Parikesit
Jawa Tengah,Wonosobo,Kejajar,Jojogan
Jawa Tengah,Wonosobo,Kejajar,Surengede
Jawa Tengah,Wonosobo,Kejajar,Igirmranak
Jawa Tengah,Wonosobo,Kejajar,Dieng
Jawa Tengah,Wonosobo,Kejajar,Patakbanteng
Jawa Tengah,Banyumas,Jatilawang,Adisara
Jawa Tengah,Banyumas,Ajibarang,Ajibarang Kulon
Jawa Tengah,Banyumas,Ajibarang,Ajibarang Wetan
Jawa Tengah,Banyumas,Karanglewas,Babakan
Jawa Tengah,Banyumas,Pekuncen,Banjaranyar
Jawa Tengah,Banyumas,Ajibarang,Banjarsari
Jawa Tengah,Banyumas,Sokaraja,Banjarsari Kidul
Jawa Tengah,Banyumas,Jatilawang,Bantar
Jawa Tengah,Banyumas,Kembaran,Bantarwuni
Jawa Tengah,Banyumas,Wangon,Banteran
Jawa Tengah,Banyumas,Cilongok,Batuanten
Jawa Tengah,Banyumas,Lumbir,Besuki
Jawa Tengah,Banyumas,Kembaran,Bojongsari
Jawa Tengah,Banyumas,Pekuncen,Candinegara
Jawa Tengah,Banyumas,Lumbir,Canduk
Jawa Tengah,Banyumas,Pekuncen,Cibangkong
Jawa Tengah,Banyumas,Ajibarang,Ciberung
Jawa Tengah,Banyumas,Lumbir,Cidora
Jawa Tengah,Banyumas,Gumelar,Cihonje
Jawa Tengah,Banyumas,Wangon,Cikakak
Jawa Tengah,Banyumas,Pekuncen,Cikawung
Jawa Tengah,Banyumas,Pekuncen,Cikembulan
Jawa Tengah,Banyumas,Cilongok,Cikidang
Jawa Tengah,Banyumas,Gumelar,Cilangkap
Jawa Tengah,Banyumas,Cilongok,Cilongok
Jawa Tengah,Banyumas,Lumbir,Cingebul
Jawa Tengah,Banyumas,Cilongok,Cipete
Jawa Tengah,Banyumas,Lumbir,Cirahab
Jawa Tengah,Banyumas,Ajibarang,Darmakradenan
Jawa Tengah,Banyumas,Lumbir,Dermaji
Jawa Tengah,Banyumas,Kembaran,Dukuhwaluh
Jawa Tengah,Banyumas,Gumelar,Gancang
Jawa Tengah,Banyumas,Jatilawang,Gentawangi
Jawa Tengah,Banyumas,Purwojati,Gerduren
Jawa Tengah,Banyumas,Pekuncen,Glempang
Jawa Tengah,Banyumas,Gumelar,Gumelar
Jawa Tengah,Banyumas,Jatilawang,Gunung Wetan
Jawa Tengah,Banyumas,Cilongok,Gununglurah
Jawa Tengah,Banyumas,Wangon,Jambu
Jawa Tengah,Banyumas,Cilongok,Jatisaba
Jawa Tengah,Banyumas,Ajibarang,Jingkang
Jawa Tengah,Banyumas,Karanglewas,Jipang
Jawa Tengah,Banyumas,Sokaraja,Jompo Kulon
Jawa Tengah,Banyumas,Wangon,Jurangbahas
Jawa Tengah,Banyumas,Ajibarang,Kalibenda
Jawa Tengah,Banyumas,Sokaraja,Kalikidang
Jawa Tengah,Banyumas,Purwojati,Kaliputih
Jawa Tengah,Banyumas,Cilongok,Kalisari
Jawa Tengah,Banyumas,Purwojati,Kalitapen
Jawa Tengah,Banyumas,Purwojati,Kaliurip
Jawa Tengah,Banyumas,Purwojati,Kaliwangi
Jawa Tengah,Banyumas,Kembaran,Karang Tengah
Jawa Tengah,Banyumas,Jatilawang,Karanganyar
Jawa Tengah,Banyumas,Ajibarang,Karangbawang
Jawa Tengah,Banyumas,Sokaraja,Karangduren
Jawa Tengah,Banyumas,Lumbir,Karanggayam
Jawa Tengah,Banyumas,Karanglewas,Karanggude
Jawa Tengah,Banyumas,Sokaraja,Karangkedawung
Jawa Tengah,Banyumas,Karanglewas,Karangkemiri
Jawa Tengah,Banyumas,Gumelar,Karangkemojing
Jawa Tengah,Banyumas,Pekuncen,Karangklesem
Jawa Tengah,Banyumas,Jatilawang,Karanglewas
Jawa Tengah,Banyumas,Karanglewas,Karanglewas Kidul
Jawa Tengah,Banyumas,Cilongok,Karanglo
Jawa Tengah,Banyumas,Purwojati,Karangmangu
Jawa Tengah,Banyumas,Sokaraja,Karangnanas
Jawa Tengah,Banyumas,Sokaraja,Karangrau
Jawa Tengah,Banyumas,Kembaran,Karangsari
Jawa Tengah,Banyumas,Kembaran,Karangsoka
Jawa Tengah,Banyumas,Purwojati,Karangtalun Kidul
Jawa Tengah,Banyumas,Purwojati,Karangtalun Lor
Jawa Tengah,Banyumas,Cilongok,Kasegeran
Jawa Tengah,Banyumas,Karanglewas,Kediri
Jawa Tengah,Banyumas,Sokaraja,Kedondong
Jawa Tengah,Banyumas,Lumbir,Kedunggede
Jawa Tengah,Banyumas,Gumelar,Kedungurang
Jawa Tengah,Banyumas,Jatilawang,Kedungwringin
Jawa Tengah,Banyumas,Kembaran,Kembaran
Jawa Tengah,Banyumas,Sokaraja,Klahang
Jawa Tengah,Banyumas,Wangon,Klapagading
Jawa Tengah,Banyumas,Wangon,Klapagading Kulon
Jawa Tengah,Banyumas,Purwojati,Klapasawit
Jawa Tengah,Banyumas,Ajibarang,Kracak
Jawa Tengah,Banyumas,Pekuncen,Krajan
Jawa Tengah,Banyumas,Pekuncen,Kranggan
Jawa Tengah,Banyumas,Cilongok,Langgongsari
Jawa Tengah,Banyumas,Kembaran,Ledug
Jawa Tengah,Banyumas,Kembaran,Kramat
Jawa Tengah,Banyumas,Ajibarang,Lesmana
Jawa Tengah,Banyumas,Kembaran,Linggasari
Jawa Tengah,Banyumas,Lumbir,Lumbir
Jawa Tengah,Banyumas,Jatilawang,Margasana
Jawa Tengah,Banyumas,Cilongok,Pageraji
Jawa Tengah,Banyumas,Sokaraja,Pamijen
Jawa Tengah,Banyumas,Ajibarang,Pancasan
Jawa Tengah,Banyumas,Ajibarang,Pancurendang
Jawa Tengah,Banyumas,Ajibarang,Pandansari
Jawa Tengah,Banyumas,Cilongok,Panembangan
Jawa Tengah,Banyumas,Karanglewas,Pangebatan
Jawa Tengah,Banyumas,Gumelar,Paningkaban
Jawa Tengah,Banyumas,Cilongok,Panusupan
Jawa Tengah,Banyumas,Lumbir,Parungkamal
Jawa Tengah,Banyumas,Karanglewas,Pasir Kulon
Jawa Tengah,Banyumas,Karanglewas,Pasir Lor
Jawa Tengah,Banyumas,Karanglewas,Pasir Wetan
Jawa Tengah,Banyumas,Pekuncen,Pasiraman Kidul
Jawa Tengah,Banyumas,Pekuncen,Pasiraman Lor
Jawa Tengah,Banyumas,Cilongok,Pejogol
Jawa Tengah,Banyumas,Jatilawang,Pekuncen
Jawa Tengah,Banyumas,Pekuncen,Pekuncen
Jawa Tengah,Banyumas,Wangon,Pengadegan
Jawa Tengah,Banyumas,Cilongok,Pernasidi
Jawa Tengah,Banyumas,Pekuncen,Petahunan
Jawa Tengah,Banyumas,Kembaran,Pliken
Jawa Tengah,Banyumas,Kembaran,Purbadana
Jawa Tengah,Banyumas,Kembaran,Purwodadi
Jawa Tengah,Banyumas,Purwojati,Purwojati
Jawa Tengah,Banyumas,Cilongok,Rancamaya
Jawa Tengah,Banyumas,Wangon,Randegan
Jawa Tengah,Banyumas,Wangon,Rawaheng
Jawa Tengah,Banyumas,Kembaran,Sambeng Kulon
Jawa Tengah,Banyumas,Cilongok,Sambirata
Jawa Tengah,Banyumas,Gumelar,Samudra
Jawa Tengah,Banyumas,Gumelar,Samudra Kulon
Jawa Tengah,Banyumas,Ajibarang,Sawangan
Jawa Tengah,Banyumas,Pekuncen,Semedo
Jawa Tengah,Banyumas,Karanglewas,Singasari
Jawa Tengah,Banyumas,Sokaraja,Sokaraja Kidul
Jawa Tengah,Banyumas,Sokaraja,Sokaraja Kulon
Jawa Tengah,Banyumas,Sokaraja,Sokaraja Lor
Jawa Tengah,Banyumas,Sokaraja,Sokaraja Tengah
Jawa Tengah,Banyumas,Sokaraja,Sokaraja Wetan
Jawa Tengah,Banyumas,Cilongok,Sokawera
Jawa Tengah,Banyumas,Cilongok,Sudimara
Jawa Tengah,Banyumas,Karanglewas,Sunyalangu
Jawa Tengah,Banyumas,Karanglewas,Tamansari
Jawa Tengah,Banyumas,Kembaran,Tambaksari Kidul
Jawa Tengah,Banyumas,Jatilawang,Tinggarjaya
Jawa Tengah,Banyumas,Ajibarang,Tipar Kidul
Jawa Tengah,Banyumas,Gumelar,Tlaga
Jawa Tengah,Banyumas,Jatilawang,Tunjung
Jawa Tengah,Banyumas,Wangon,Wangon
Jawa Tengah,Banyumas,Wangon,Windunegara
Jawa Tengah,Banyumas,Sokaraja,Wiradadi
Jawa Tengah,Banyumas,Wangon,Wlahar
Jawa Tengah,Banyumas,Pekuncen,Tumiyang
Jawa Tengah,Banyumas,Cilongok,Karangtengah
Jawa Tengah,Banyumas,Sokaraja,Lemberang
Jawa Tengah,Batang,Bawang,Pranten
Jawa Tengah,Batang,Blado,Gerlang
Jawa Tengah,Batang,Reban,Pacet
Jawa Tengah,Batang,Blado,Kalitengah
Jawa Tengah,Batang,Reban,Mojotengah
Jawa Tengah,Batang,Bawang,Kalirejo
Jawa Tengah,Batang,Bawang,Gunungsari
Jawa Tengah,Batang,Bawang,Jambangan
Jawa Tengah,Batang,Bawang,Deles
Jawa Tengah,Batang,Bawang,Jlamprang
Jawa Tengah,Batang,Bawang,Wonosari
Jawa Tengah,Batang,Bawang,Sidoharjo
Jawa Tengah,Batang,Bawang,Candigugur
Jawa Tengah,Batang,Reban,Ngroto
Jawa Tengah,Batang,Reban,Cablikan
Jawa Tengah,Batang,Blado,Bismo
Jawa Tengah,Batang,Bawang,Bawang
Jawa Tengah,Batang,Blado,Keteleng
Jawa Tengah,Batang,Bawang,Pangempon
Jawa Tengah,Batang,Blado,Kembanglangit
Jawa Tengah,Batang,Bawang,Sangubanyu
Jawa Tengah,Batang,Bawang,Soka
Jawa Tengah,Batang,Bawang,Pasusukan
Jawa Tengah,Batang,Reban,Ngadirejo
Jawa Tengah,Batang,Bawang,Candirejo
Jawa Tengah,Batang,Blado,Kalisari
Jawa Tengah,Batang,Reban,Adinuso
Jawa Tengah,Batang,Bawang,Surjo
Jawa Tengah,Batang,Reban,Tambakboyo
Jawa Tengah,Batang,Blado,Bawang
Jawa Tengah,Batang,Bandar,Tombo
Jawa Tengah,Batang,Blado,Pesantren
Jawa Tengah,Batang,Tersono,Sumurbanger
Jawa Tengah,Batang,Blado,Besani
Jawa Tengah,Batang,Wonotunggal,Silurah
Jawa Tengah,Batang,Bawang,Getas
Jawa Tengah,Batang,Reban,Wonorojo
Jawa Tengah,Batang,Reban,Reban
Jawa Tengah,Batang,Blado,Wonobodro
Jawa Tengah,Batang,Blado,Kambangan
Jawa Tengah,Batang,Reban,Kepundung
Jawa Tengah,Batang,Bawang,Sibebek
Jawa Tengah,Batang,Bawang,Purbo
Jawa Tengah,Batang,Reban,Kumesu
Jawa Tengah,Batang,Blado,Blado
Jawa Tengah,Batang,Blado,Keputon
Jawa Tengah,Batang,Reban,Kalisari
Jawa Tengah,Batang,Reban,Padomasan
Jawa Tengah,Batang,Tersono,Sidalang
Jawa Tengah,Batang,Tersono,Banteng
Jawa Tengah,Batang,Blado,Selopajang Timur
Jawa Tengah,Batang,Reban,Karanganyar
Jawa Tengah,Batang,Bandar,Wonomerto
Jawa Tengah,Batang,Tersono,Wanar
Jawa Tengah,Batang,Blado,Cokro
Jawa Tengah,Batang,Blado,Selopajang Barat
Jawa Tengah,Batang,Wonotunggal,Sodong
Jawa Tengah,Batang,Reban,Polodoro
Jawa Tengah,Batang,Bandar,Tumbrep
Jawa Tengah,Batang,Tersono,Margosono
Jawa Tengah,Batang,Reban,Semampir
Jawa Tengah,Batang,Bandar,Wonodadi
Jawa Tengah,Batang,Tersono,Plosowangi
Jawa Tengah,Batang,Tersono,Gondo
Jawa Tengah,Batang,Tersono,Sendang
Jawa Tengah,Batang,Limpung,Lobang
Jawa Tengah,Batang,Reban,Sukomangli
Jawa Tengah,Batang,Pecalungan,Gemuh
Jawa Tengah,Batang,Reban,Sojomerto
Jawa Tengah,Batang,Reban,Wonosobo
Jawa Tengah,Batang,Bandar,Sidayu
Jawa Tengah,Batang,Blado,Kalipancur
Jawa Tengah,Batang,Wonotunggal,Gringgingsari
Jawa Tengah,Batang,Bandar,Binangun
Jawa Tengah,Batang,Bandar,Toso
Jawa Tengah,Batang,Tersono,Rejosari Timur
Jawa Tengah,Batang,Tersono,Boja
Jawa Tengah,Batang,Limpung,Wonokerso
Jawa Tengah,Batang,Pecalungan,Keniten
Jawa Tengah,Batang,Pecalungan,Selokarto
Jawa Tengah,Batang,Bandar,Bandar
Jawa Tengah,Batang,Limpung,Sukorejo
Jawa Tengah,Batang,Limpung,Ngaliyan
Jawa Tengah,Batang,Bandar,Pesalakan
Jawa Tengah,Batang,Tersono,Pujut
Jawa Tengah,Batang,Tersono,Rejosari Barat
Jawa Tengah,Batang,Limpung,Tembok
Jawa Tengah,Batang,Tersono,Harjowinangun Barat
Jawa Tengah,Batang,Tersono,Tersono
Jawa Tengah,Batang,Wonotunggal,Kedungmalang
Jawa Tengah,Batang,Pecalungan,Siguci
Jawa Tengah,Batang,Limpung,Plumbon
Jawa Tengah,Batang,Limpung,Donorejo
Jawa Tengah,Batang,Limpung,Sidomulyo
Jawa Tengah,Batang,Bandar,Wonokerto
Jawa Tengah,Batang,Pecalungan,Gumawang
Jawa Tengah,Batang,Tersono,Harjowinangun Timur
Jawa Tengah,Batang,Tersono,Tanjungsari
Jawa Tengah,Batang,Pecalungan,Randu
Jawa Tengah,Batang,Limpung,Limpung
Jawa Tengah,Batang,Pecalungan,Pretek
Jawa Tengah,Batang,Tersono,Tegalombo
Jawa Tengah,Batang,Limpung,Babadan
Jawa Tengah,Batang,Limpung,Amongrogo
Jawa Tengah,Batang,Limpung,Sempu
Jawa Tengah,Batang,Limpung,Kepuh
Jawa Tengah,Batang,Limpung,Kalisalak
Jawa Tengah,Batang,Pecalungan,Pecalungan
Jawa Tengah,Batang,Bandar,Candi
Jawa Tengah,Batang,Bandar,Kluwih
Jawa Tengah,Batang,Bandar,Puncanggading
Jawa Tengah,Batang,Bandar,Tambahrejo
Jawa Tengah,Batang,Tersono,Kebumen
Jawa Tengah,Batang,Pecalungan,Gombong
Jawa Tengah,Batang,Tersono,Kranggan
Jawa Tengah,Batang,Wonotunggal,Sendang
Jawa Tengah,Batang,Limpung,Dlisen
Jawa Tengah,Batang,Gringsing,Tedunan
Jawa Tengah,Batang,Subah,Karangtengah
Jawa Tengah,Batang,Subah,Menjangan
Jawa Tengah,Batang,Gringsing,Madugowongjati
Jawa Tengah,Batang,Limpung,Pungangan
Jawa Tengah,Batang,Limpung,Rowosari
Jawa Tengah,Batang,Wonotunggal,Wonotunggal
Jawa Tengah,Batang,Banyuputih,Kalangsono
Jawa Tengah,Batang,Wonotunggal,Brokoh
Jawa Tengah,Batang,Subah,Mangunharjo
Jawa Tengah,Batang,Bandar,Simpar
Jawa Tengah,Batang,Banyuputih,Bulu
Jawa Tengah,Batang,Banyuputih,Luwung
Jawa Tengah,Batang,Wonotunggal,Kemligi
Jawa Tengah,Batang,Pecalungan,Bandung
Jawa Tengah,Batang,Banyuputih,Dlimas
Jawa Tengah,Batang,Tulis,Manggis
Jawa Tengah,Batang,Subah,Keborangan
Jawa Tengah,Batang,Tersono,Satriyan
Jawa Tengah,Batang,Subah,Tenggulangharjo
Jawa Tengah,Batang,Wonotunggal,Wates
Jawa Tengah,Batang,Warungasem,Pandansari
Jawa Tengah,Batang,Bandar,Wonosegoro
Jawa Tengah,Batang,Subah,Kumejing
Jawa Tengah,Batang,Wonotunggal,Brayo
Jawa Tengah,Batang,Tulis,Jolosekti
Jawa Tengah,Batang,Gringsing,Sentul
Jawa Tengah,Batang,Gringsing,Mentosari
Jawa Tengah,Batang,Banyuputih,Banaran
Jawa Tengah,Batang,Gringsing,Surodadi
Jawa Tengah,Batang,Subah,Kalimanggis
Jawa Tengah,Batang,Bandar,Batiombo
Jawa Tengah,Batang,Subah,Jatisari
Jawa Tengah,Batang,Subah,Durenombo
Jawa Tengah,Batang,Gringsing,Kutosari
Jawa Tengah,Batang,Warungasem,Kaliwareng
Jawa Tengah,Batang,Wonotunggal,Kreyo
Jawa Tengah,Batang,Wonotunggal,Sigayam
Jawa Tengah,Batang,Warungasem,Sidorejo
Jawa Tengah,Batang,Tulis,Siberuk
Jawa Tengah,Batang,Banyuputih,Timbang
Jawa Tengah,Batang,Warungasem,Pejambon
Jawa Tengah,Batang,Tulis,Posong
Jawa Tengah,Batang,Gringsing,Plelen
Jawa Tengah,Batang,Tulis,Cluwuk
Jawa Tengah,Batang,Wonotunggal,Siwatu
Jawa Tengah,Batang,Gringsing,Gringsing
Jawa Tengah,Batang,Tulis,Sembojo
Jawa Tengah,Batang,Banyuputih,Penundan
Jawa Tengah,Batang,Tulis,Wringingintung
Jawa Tengah,Batang,Wonotunggal,Penangkan
Jawa Tengah,Batang,Banyuputih,Banyuputih
Jawa Tengah,Batang,Blado,Gondang
Jawa Tengah,Pemalang,Bodeh,Babakan
Jawa Tengah,Pemalang,Belik,Badak
Jawa Tengah,Pemalang,Randudongkal,Banjaranyar
Jawa Tengah,Pemalang,Bantarbolang,Banjarsari
Jawa Tengah,Pemalang,Bantarbolang,Bantarbolang
Jawa Tengah,Pemalang,Moga,Banyumudal
Jawa Tengah,Pemalang,Pulosari,Batursari
Jawa Tengah,Pemalang,Belik,Belik
Jawa Tengah,Pemalang,Belik,Beluk
Jawa Tengah,Pemalang,Watukumpul,Bodas
Jawa Tengah,Pemalang,Bodeh,Bodeh
Jawa Tengah,Pemalang,Watukumpul,Bongas
Jawa Tengah,Pemalang,Belik,Bulakan
Jawa Tengah,Pemalang,Bodeh,Cangak
Jawa Tengah,Pemalang,Watukumpul,Cawet
Jawa Tengah,Pemalang,Warungpring,Cibuyur
Jawa Tengah,Pemalang,Watukumpul,Cikadu
Jawa Tengah,Pemalang,Pulosari,Cikendung
Jawa Tengah,Pemalang,Pulosari,Clekatakan
Jawa Tengah,Pemalang,Warungpring,Datar
Jawa Tengah,Pemalang,Pulosari,Gambuhan
Jawa Tengah,Pemalang,Watukumpul,Gapura
Jawa Tengah,Pemalang,Randudongkal,Gembyang
Jawa Tengah,Pemalang,Moga,Gendoang
Jawa Tengah,Pemalang,Bantarbolang,Glandang
Jawa Tengah,Pemalang,Belik,Gombong
Jawa Tengah,Pemalang,Randudongkal,Gongseng
Jawa Tengah,Pemalang,Bodeh,Gunungbatu
Jawa Tengah,Pemalang,Belik,Gunungjaya
Jawa Tengah,Pemalang,Pulosari,Gunungsari
Jawa Tengah,Pemalang,Belik,Gunungtiga
Jawa Tengah,Pemalang,Bodeh,Jatingarang
Jawa Tengah,Pemalang,Bodeh,Jatiroyom
Jawa Tengah,Pemalang,Watukumpul,Jojogan
Jawa Tengah,Pemalang,Bodeh,Jraganan
Jawa Tengah,Pemalang,Pulosari,Jurangmangu
Jawa Tengah,Pemalang,Randudongkal,Kalimas
Jawa Tengah,Pemalang,Belik,Kalisaleh
Jawa Tengah,Pemalang,Randudongkal,Kalitorong
Jawa Tengah,Pemalang,Bantarbolang,Karanganyar
Jawa Tengah,Pemalang,Bodeh,Karangbrai
Jawa Tengah,Pemalang,Warungpring,Karangdawa
Jawa Tengah,Pemalang,Randudongkal,Karangmoncol
Jawa Tengah,Pemalang,Pulosari,Karangsari
Jawa Tengah,Pemalang,Bodeh,Kebandaran
Jawa Tengah,Pemalang,Bodeh,Kebandungan
Jawa Tengah,Pemalang,Moga,Kebanggan
Jawa Tengah,Pemalang,Bantarbolang,Kebon Gede
Jawa Tengah,Pemalang,Randudongkal,Kecepit
Jawa Tengah,Pemalang,Randudongkal,Kejene
Jawa Tengah,Pemalang,Bodeh,Kesesirejo
Jawa Tengah,Pemalang,Randudongkal,Kreyo
Jawa Tengah,Pemalang,Belik,Kuta
Jawa Tengah,Pemalang,Bantarbolang,Kuta
Jawa Tengah,Pemalang,Bodeh,Kwasen
Jawa Tengah,Pemalang,Bantarbolang,Lenggerong
Jawa Tengah,Pemalang,Randudongkal,Lodaya
Jawa Tengah,Pemalang,Bodeh,Longkeyang
Jawa Tengah,Pemalang,Watukumpul,Majakerta
Jawa Tengah,Pemalang,Watukumpul,Majalangu
Jawa Tengah,Pemalang,Moga,Mandiraja
Jawa Tengah,Pemalang,Randudongkal,Mangli
Jawa Tengah,Pemalang,Watukumpul,Medayu
Jawa Tengah,Pemalang,Randudongkal,Mejagong
Jawa Tengah,Pemalang,Belik,Mendelem
Jawa Tengah,Pemalang,Warungpring,Mereng
Jawa Tengah,Pemalang,Moga,Moga
Jawa Tengah,Pemalang,Pulosari,Nyalembeng
Jawa Tengah,Pemalang,Bantarbolang,Pabuaran
Jawa Tengah,Pemalang,Watukumpul,Pagelaran
Jawa Tengah,Pemalang,Pulosari,Pagenteran
Jawa Tengah,Pemalang,Bantarbolang,Paguyangan
Jawa Tengah,Pemalang,Warungpring,Pakembaran
Jawa Tengah,Pemalang,Bodeh,Parunggalih
Jawa Tengah,Pemalang,Bodeh,Pasir
Jawa Tengah,Pemalang,Bodeh,Payung
Jawa Tengah,Pemalang,Bantarbolang,Pedagung
Jawa Tengah,Pemalang,Bantarbolang,Pegiringan
Jawa Tengah,Pemalang,Pulosari,Penakir
Jawa Tengah,Pemalang,Randudongkal,Penusupan
Jawa Tengah,Pemalang,Moga,Pepedan
Jawa Tengah,Pemalang,Moga,Plakaran
Jawa Tengah,Pemalang,Pulosari,Pulosari
Jawa Tengah,Pemalang,Bantarbolang,Purana
Jawa Tengah,Pemalang,Randudongkal,Randudongkal
Jawa Tengah,Pemalang,Randudongkal,Rembul
Jawa Tengah,Pemalang,Bantarbolang,Sambeng
Jawa Tengah,Pemalang,Bantarbolang,Sarwodadi
Jawa Tengah,Pemalang,Randudongkal,Semaya
Jawa Tengah,Pemalang,Randudongkal,Semingkir
Jawa Tengah,Pemalang,Belik,Sikasur
Jawa Tengah,Pemalang,Moga,Sima
Jawa Tengah,Pemalang,Belik,Simpur
Jawa Tengah,Pemalang,Pulosari,Siremeng
Jawa Tengah,Pemalang,Ampelgading,Sokawati
Jawa Tengah,Pemalang,Bantarbolang,Sumurkidang
Jawa Tengah,Pemalang,Bantarbolang,Suru
Jawa Tengah,Pemalang,Watukumpul,Tambi
Jawa Tengah,Pemalang,Randudongkal,Tanahbaya
Jawa Tengah,Pemalang,Ampelgading,Tegalsari Barat
Jawa Tengah,Pemalang,Watukumpul,Tlagasana
Jawa Tengah,Pemalang,Moga,Walangsanga
Jawa Tengah,Pemalang,Bantarbolang,Wanarata
Jawa Tengah,Pemalang,Moga,Wangkelang
Jawa Tengah,Pemalang,Warungpring,Warungpring
Jawa Tengah,Pemalang,Watukumpul,Watukumpul
Jawa Tengah,Pemalang,Watukumpul,Wisnu
Jawa Tengah,Cilacap,Kroya,Sikampuh
Jawa Tengah,Banyumas,Sokaraja,Banjaranyar
Jawa Tengah,Cilacap,Gandrungmangu,Kertajaya
Jawa Tengah,Banyumas,Sumbang,Karangcegak
Jawa Tengah,Banyumas,Kembaran,Sambeng Wetan
Jawa Tengah,Wonosobo,Selomerto,Plobangan
Jawa Tengah,Cilacap,Sampang,Karangtengah
Jawa Tengah,Banyumas,Rawalo,Tipar
Jawa Tengah,Wonosobo,Kaliwiro,Medono
Jawa Tengah,Wonosobo,Watumalang,Bumiroso
Jawa Tengah,Wonosobo,Kejajar,Buntu
Jawa Tengah,Tegal,Bojong,Kajenengan
Jawa Tengah,Banyumas,Kalibagor,Kalisogra Wetan
Jawa Tengah,Brebes,Paguyangan,Winduaji
Jawa Tengah,Tegal,Jatinegara,Tamansari
Jawa Tengah,Banyumas,Pekuncen,Karangkemiri
Jawa Tengah,Wonosobo,Kejajar,Tambi
Jawa Tengah,Banjarnegara,Purworeja Klampok,Kalimandi
Jawa Tengah,Banyumas,Baturraden,Ketenger
Jawa Tengah,Cilacap,Karangpucung,Sidamulya
Jawa Tengah,Purbalingga,Rembang,Tanalum
Jawa Tengah,Purbalingga,Karangjambu,Jingkang
Jawa Tengah,Purworejo,Pituruh,Karanganyar
Jawa Tengah,Wonosobo,Wadaslintang,Karanganyar
Jawa Tengah,Kendal,Patean,Sidodadi
Jawa Tengah,Temanggung,Kranggan,Bengkal
Jawa Tengah,Magelang,Magelang Selatan,Jurangombo Selatan
Jawa Tengah,Magelang,Secang,Jambewangi
Jawa Tengah,Magelang,Srumbung,Kaliurang
Jawa Tengah,Boyolali,Tamansari,Jemowo
Jawa Tengah,Batang,Bawang,Kebaturan
Jawa Tengah,Purbalingga,Rembang,Panusupan
Jawa Tengah,Pemalang,Watukumpul,Tundagan
Jawa Tengah,Wonosobo,Kertek,Candiyasan
Jawa Tengah,Wonosobo,Kertek,Banjar
Jawa Tengah,Pekalongan,Kandangserang,Luragung
Jawa Tengah,Magelang,Sawangan,Podosoko
Jawa Tengah,Magelang,Candimulyo,Podosoko
Jawa Tengah,Kebumen,Petanahan,Podourip
Jawa Tengah,Magelang,Pakis,Pogalan
Jawa Tengah,Purworejo,Bayan,Pogungjurutengah
Jawa Tengah,Purworejo,Bayan,Pogungkalangan
Jawa Tengah,Purworejo,Bayan,Pogungrejo
Jawa Tengah,Kebumen,Karanganyar,Pohkumbang
Jawa Tengah,Semarang,Ambarawa,Pojoksari
Jawa Tengah,Klaten,Ceper,Pokak
Jawa Tengah,Semarang,Mijen,Polaman
Jawa Tengah,Klaten,Polanharjo,Polan
Jawa Tengah,Magelang,Srumbung,Polengan
Jawa Tengah,Semarang,Getasan,Polobogo
Jawa Tengah,Purworejo,Butuh,Polomarto
Jawa Tengah,Semarang,Bawen,Polosiri
Jawa Tengah,Purworejo,Pituruh,Polowangi
Jawa Tengah,Klaten,Tulung,Pomah
Jawa Tengah,Kendal,Gemuh,Poncorejo
Jawa Tengah,Semarang,Bawen,Poncoruso
Jawa Tengah,Kebumen,Poncowarno,Poncowarno
Jawa Tengah,Klaten,Karanganom,Pondok
Jawa Tengah,Kebumen,Kuwarasan,Pondokgebangsari
Jawa Tengah,Semarang,Gunungpati,Pongangan
Jawa Tengah,Klaten,Polanharjo,Ponggok
Jawa Tengah,Pekalongan,Kesesi,Ponolawen
Jawa Tengah,Semarang,Bringin,Popongan
Jawa Tengah,Purworejo,Banyuurip,Popongan
Jawa Tengah,Magelang,Magelang Utara,Potrobangsan
Jawa Tengah,Magelang,Tempuran,Prajeksari
Jawa Tengah,Demak,Sayung,Prampelan
Jawa Tengah,Temanggung,Bejen,Prangkokan
Jawa Tengah,Grobogan,Gubug,Pranten
Jawa Tengah,Purworejo,Pituruh,Prapagkidul
Jawa Tengah,Purworejo,Pituruh,Prapaglor
Jawa Tengah,Kebumen,Ambal,Prasutan
Jawa Tengah,Klaten,Jogonalan,Prawatan
Jawa Tengah,Banyumas,Tambak,Prembun
Jawa Tengah,Kebumen,Prembun,Prembun
Jawa Tengah,Banjarnegara,Banjarmangu,Prendengan
Jawa Tengah,Purworejo,Pituruh,Prigelan
Jawa Tengah,Banjarnegara,Sigaluh,Prigi
Jawa Tengah,Grobogan,Kedungjati,Prigi
Jawa Tengah,Kebumen,Pejagoan,Prigi
Jawa Tengah,Banjarnegara,Sigaluh,Pringamba
Jawa Tengah,Banjarnegara,Pandanarum,Pringamba
Jawa Tengah,Temanggung,Ngadirejo,Pringapus
Jawa Tengah,Semarang,Pringapus,Pringapus
Jawa Tengah,Purworejo,Kutoarjo,Pringgowijayan
Jawa Tengah,Magelang,Tempuran,Pringombo
Jawa Tengah,Semarang,Pringapus,Pringsari
Jawa Tengah,Pekalongan,Kajen,Pringsurat
Jawa Tengah,Temanggung,Pringsurat,Pringsurat
Jawa Tengah,Kebumen,Rowokele,Pringtutul
Jawa Tengah,Tegal,Slawi,Procot
Jawa Tengah,Magelang,Mungkid,Progowati
Jawa Tengah,Pekalongan,Kedungwuni,Proto
Jawa Tengah,Purworejo,Gebang,Prumben
Jawa Tengah,Tegal,Margasari,Prupuk Selatan
Jawa Tengah,Tegal,Margasari,Prupuk Utara
Jawa Tengah,Brebes,Bumiayu,Pruwatan
Jawa Tengah,Kendal,Pageruyung,Pucakwangi
Jawa Tengah,Banjarnegara,Bawang,Pucang
Jawa Tengah,Magelang,Secang,Pucang
Jawa Tengah,Purworejo,Bayan,Pucangagung
Jawa Tengah,Kebumen,Ambal,Pucangan
Jawa Tengah,Kebumen,Sadang,Pucangan
Jawa Tengah,Magelang,Srumbung,Pucanganom
Jawa Tengah,Klaten,Tulung,Pucangmiliran
Jawa Tengah,Kendal,Pegandon,Pucangrejo
Jawa Tengah,Kendal,Weleri,Pucuksari
Jawa Tengah,Semarang,Bancak,Pucung
Jawa Tengah,Cilacap,Kroya,Pucung Kidul
Jawa Tengah,Cilacap,Kroya,Pucung Lor
Jawa Tengah,Banjarnegara,Purwanegara,Pucungbedug
Jawa Tengah,Magelang,Muntilan,Pucungrejo
Jawa Tengah,Magelang,Kajoran,Pucungroto
Jawa Tengah,Purworejo,Kaligesing,Pucungroto
Jawa Tengah,Magelang,Grabag,Pucungsari
Jawa Tengah,Semarang,Banyumanik,Pudakpayung
Jawa Tengah,Kendal,Pegandon,Puguh
Jawa Tengah,Kendal,Boja,Puguh
Jawa Tengah,Kebumen,Bonorowo,Pujodadi
Jawa Tengah,Kebumen,Karangsambung,Pujotirto
Jawa Tengah,Kebumen,Puring,Puliharjo
Jawa Tengah,Boyolali,Boyolali,Pulisen
Jawa Tengah,Klaten,Jatinom,Puluhan
Jawa Tengah,Purworejo,Ngombol,Pulutan
Jawa Tengah,Salatiga,Sidorejo,Pulutan
Jawa Tengah,Tegal,Bojong,Puncangluwuk
Jawa Tengah,Demak,Karangawen,Pundenarum
Jawa Tengah,Purworejo,Purwodadi,Pundensari
Jawa Tengah,Wonosobo,Mojotengah,Pungangan
Jawa Tengah,Pekalongan,Doro,Pungangan
Jawa Tengah,Banjarnegara,Punggelan,Punggelan
Jawa Tengah,Purworejo,Kemiri,Purbayan
Jawa Tengah,Brebes,Tonjong,Purbayasa
Jawa Tengah,Temanggung,Bansari,Purborejo
Jawa Tengah,Temanggung,Ngadirejo,Purbosari
Jawa Tengah,Kebumen,Buayan,Purbowangi
Jawa Tengah,Purworejo,Kaligesing,Purbowono
Jawa Tengah,Cilacap,Patimuan,Purwadadi
Jawa Tengah,Banyumas,Purwokerto Utara,Purwanegara
Jawa Tengah,Banjarnegara,Purworeja Klampok,Purwareja
Jawa Tengah,Banjarnegara,Mandiraja,Purwasaba
Jawa Tengah,Banjarnegara,Punggelan,Purwasana
Jawa Tengah,Cilacap,Wanareja,Purwasari
Jawa Tengah,Cilacap,Nusawungu,Purwodadi
Jawa Tengah,Banyumas,Tambak,Purwodadi
Jawa Tengah,Banjarnegara,Karangkobar,Purwodadi
Jawa Tengah,Purworejo,Purwodadi,Purwodadi
Jawa Tengah,Magelang,Tegalrejo,Purwodadi
Jawa Tengah,Brebes,Tonjong,Purwodadi
Jawa Tengah,Temanggung,Tembarak,Purwodadi
Jawa Tengah,Kebumen,Kuwarasan,Purwodadi
Jawa Tengah,Kebumen,Sruweng,Purwodeso
Jawa Tengah,Semarang,Semarang Tengah,Purwodinatan
Jawa Tengah,Kendal,Boja,Purwogondo
Jawa Tengah,Kebumen,Puring,Purwoharjo
Jawa Tengah,Banyumas,Purwokerto Selatan,Purwokerto Kidul
Jawa Tengah,Banyumas,Purwokerto Selatan,Purwokerto Kulon
Jawa Tengah,Banyumas,Purwokerto Timur,Purwokerto Lor
Jawa Tengah,Banyumas,Purwokerto Timur,Purwokerto Wetan
Jawa Tengah,Banjarnegara,Purwanegara,Purwonegoro
Jawa Tengah,Magelang,Candimulyo,Purworejo
Jawa Tengah,Semarang,Suruh,Purworejo
Jawa Tengah,Temanggung,Temanggung,Purworejo
Jawa Tengah,Purworejo,Purworejo,Purworejo
Jawa Tengah,Kendal,Ringinarum,Purworejo
Jawa Tengah,Banyumas,Baturraden,Purwosari
Jawa Tengah,Purworejo,Purwodadi,Purwosari
Jawa Tengah,Magelang,Salaman,Purwosari
Jawa Tengah,Magelang,Tegalrejo,Purwosari
Jawa Tengah,Magelang,Secang,Purwosari
Jawa Tengah,Temanggung,Kranggan,Purwosari
Jawa Tengah,Temanggung,Wonoboyo,Purwosari
Jawa Tengah,Semarang,Semarang Utara,Purwosari
Jawa Tengah,Semarang,Mijen,Purwosari
Jawa Tengah,Kebumen,Puring,Purwosari
Jawa Tengah,Purworejo,Kutoarjo,Purwosari
Jawa Tengah,Kendal,Sukorejo,Purwosari
Jawa Tengah,Semarang,Ngaliyan,Purwoyoso
Jawa Tengah,Purworejo,Bruno,Puspo
Jawa Tengah,Boyolali,Musuk,Pusporenggo
Jawa Tengah,Temanggung,Bulu,Putat
Jawa Tengah,Brebes,Paguyangan,Ragatunjung
Jawa Tengah,Kebumen,Padureso,Rahayu
Jawa Tengah,Brebes,Tonjong,Rajawetan
Jawa Tengah,Tegal,Pagerbarang,Rajegwesi
Jawa Tengah,Banjarnegara,Rakit,Rakit
Jawa Tengah,Banjarnegara,Madukara,Rakitan
Jawa Tengah,Magelang,Mungkid,Rambeanak
Jawa Tengah,Tegal,Pangkah,Rancawiru
Jawa Tengah,Banjarnegara,Sigaluh,Randegan
Jawa Tengah,Banyumas,Kebasen,Randegan
Jawa Tengah,Salatiga,Argomulyo,Randuacir
Jawa Tengah,Semarang,Tugu,Randugarut
Jawa Tengah,Semarang,Bergas,Randugunting
Jawa Tengah,Klaten,Jatinom,Randulanang
Jawa Tengah,Pekalongan,Bojong,Randumuktiwaren
Jawa Tengah,Pekalongan,Doro,Randusari
Jawa Tengah,Boyolali,Teras,Randusari
Jawa Tengah,Klaten,Prambanan,Randusari
Jawa Tengah,Semarang,Semarang Selatan,Randusari
Jawa Tengah,Tegal,Pagerbarang,Randusari
Jawa Tengah,Kebumen,Buayan,Rangkah
Jawa Tengah,Kebumen,Klirong,Ranterejo
Jawa Tengah,Kebumen,Buluspesantren,Rantewringin
Jawa Tengah,Purworejo,Ngombol,Rasukan
Jawa Tengah,Banjarnegara,Pejawaran,Ratamba
Jawa Tengah,Cilacap,Patimuan,Rawaapu
Jawa Tengah,Banyumas,Rawalo,Rawalo
Jawa Tengah,Purworejo,Kemiri,Rebug
Jawa Tengah,Purworejo,Gebang,Redin
Jawa Tengah,Kebumen,Rowokele,Redisari
Jawa Tengah,Semarang,Tengaran,Regunung
Jawa Tengah,Cilacap,Kedungreja,Rejamulya
Jawa Tengah,Banjarnegara,Madukara,Rejasa
Jawa Tengah,Banjarnegara,Banjarmangu,Rejasari
Jawa Tengah,Banyumas,Purwokerto Barat,Rejasari
Jawa Tengah,Cilacap,Cimanggu,Rejodadi
Jawa Tengah,Semarang,Semarang Timur,Rejomulyo
Jawa Tengah,Purworejo,Grabag,Rejosari
Jawa Tengah,Purworejo,Kemiri,Rejosari
Jawa Tengah,Magelang,Bandongan,Rejosari
Jawa Tengah,Magelang,Pakis,Rejosari
Jawa Tengah,Pekalongan,Bojong,Rejosari
Jawa Tengah,Temanggung,Bansari,Rejosari
Jawa Tengah,Temanggung,Wonoboyo,Rejosari
Jawa Tengah,Demak,Karangawen,Rejosari
Jawa Tengah,Semarang,Jambu,Rejosari
Jawa Tengah,Semarang,Bancak,Rejosari
Jawa Tengah,Temanggung,Pringsurat,Rejosari
Jawa Tengah,Semarang,Semarang Timur,Rejosari
Jawa Tengah,Kendal,Ngampel,Rejosari
Jawa Tengah,Klaten,Jogonalan,Rejoso
Jawa Tengah,Purworejo,Kemiri,Rejowinangun
Jawa Tengah,Magelang,Magelang Selatan,Rejowinangun Selatan
Jawa Tengah,Magelang,Magelang Tengah,Rejowinangun Utara
Jawa Tengah,Semarang,Suruh,Reksosari
Jawa Tengah,Semarang,Bringin,Rembes
Jawa Tengah,Tegal,Bojong,Rembul
Jawa Tengah,Banyumas,Baturraden,Rempoah
Jawa Tengah,Purworejo,Gebang,Rendeng
Jawa Tengah,Boyolali,Wonosamodro,Repaking
Jawa Tengah,Wonosobo,Sapuran,Rimpak
Jawa Tengah,Purworejo,Loano,Rimun
Jawa Tengah,Purworejo,Ngombol,Ringgit
Jawa Tengah,Magelang,Tempuran,Ringinanom
Jawa Tengah,Temanggung,Parakan,Ringinanom
Jawa Tengah,Kendal,Ringinarum,Ringinarum
Jawa Tengah,Grobogan,Gubug,Ringinharjo
Jawa Tengah,Grobogan,Gubug,Ringinkidul
Jawa Tengah,Boyolali,Musuk,Ringinlarik
Jawa Tengah,Grobogan,Tanggungharjo,Ringinpitu
Jawa Tengah,Kebumen,Buayan,Rogodadi
Jawa Tengah,Kebumen,Buayan,Rogodono
Jawa Tengah,Semarang,Kaliwungu,Rogomulyo
Jawa Tengah,Pekalongan,Doro,Rogoselo
Jawa Tengah,Wonosobo,Kepil,Ropoh
Jawa Tengah,Temanggung,Kandangan,Rowo
Jawa Tengah,Kebumen,Mirit,Rowo
Jawa Tengah,Purworejo,Kemiri,Rowobayem
Jawa Tengah,Semarang,Banyubiru,Rowoboni
Jawa Tengah,Kendal,Ringinarum,Rowobranten
Jawa Tengah,Pekalongan,Kedungwuni,Rowocacing
Jawa Tengah,Purworejo,Grabag,Rowodadi
Jawa Tengah,Purworejo,Butuh,Rowodadi
Jawa Tengah,Kebumen,Rowokele,Rowokele
Jawa Tengah,Pekalongan,Wonopringgo,Rowokembu
Jawa Tengah,Pekalongan,Kajen,Rowolaku
Jawa Tengah,Purworejo,Grabag,Roworejo
Jawa Tengah,Kebumen,Kebumen,Roworejo
Jawa Tengah,Grobogan,Gubug,Rowosari
Jawa Tengah,Semarang,Tembalang,Rowosari
Jawa Tengah,Semarang,Tuntang,Rowosari
Jawa Tengah,Kebumen,Bonorowo,Rowosari
Jawa Tengah,Cilacap,Gandrungmangu,Rungkang
Jawa Tengah,Pekalongan,Kajen,Sabarwangi
Jawa Tengah,Klaten,Trucuk,Sabranglor
Jawa Tengah,Cilacap,Majenang,Sadabumi
Jawa Tengah,Cilacap,Majenang,Sadahayu
Jawa Tengah,Kebumen,Sadang,Sadangkulon
Jawa Tengah,Kebumen,Sadang,Sadangwetan
Jawa Tengah,Semarang,Gunungpati,Sadeng
Jawa Tengah,Boyolali,Teras,Salakan
Jawa Tengah,Pekalongan,Kedungwuni,Salakbrojo
Jawa Tengah,Magelang,Salam,Salam
Jawa Tengah,Magelang,Grabag,Salam
Jawa Tengah,Purworejo,Gebang,Salam
Jawa Tengah,Magelang,Salaman,Salaman
Jawa Tengah,Semarang,Semarang Barat,Salamanmloyo
Jawa Tengah,Banjarnegara,Mandiraja,Salamerta
Jawa Tengah,Magelang,Bandongan,Salamkanci
Jawa Tengah,Temanggung,Selopampang,Salamrejo
Jawa Tengah,Temanggung,Kedu,Salamsari
Jawa Tengah,Kendal,Boja,Salamsari
Jawa Tengah,Salatiga,Sidorejo,Salatiga
Jawa Tengah,Cilacap,Majenang,Salebu
Jawa Tengah,Brebes,Salem,Salem
Jawa Tengah,Pekalongan,Kajen,Salit
Jawa Tengah,Magelang,Kajoran,Sambak
Jawa Tengah,Semarang,Bawen,Samban
Jawa Tengah,Purworejo,Pituruh,Sambeng
Jawa Tengah,Magelang,Borobudur,Sambeng
Jawa Tengah,Purworejo,Bayan,Sambeng
Jawa Tengah,Semarang,Bringin,Sambirejo
Jawa Tengah,Semarang,Gayamsari,Sambirejo
Jawa Tengah,Pekalongan,Kajen,Sambiroto
Jawa Tengah,Semarang,Tembalang,Sambiroto
Jawa Tengah,Banjarnegara,Punggelan,Sambong
Jawa Tengah,Kendal,Weleri,Sambongsari
Jawa Tengah,Magelang,Grabag,Sambungrejo
Jawa Tengah,Boyolali,Selo,Samiran
Jawa Tengah,Temanggung,Kandangan,Samiranan
Jawa Tengah,Semarang,Getasan,Samirono
Jawa Tengah,Cilacap,Sampang,Sampang
Jawa Tengah,Banjarnegara,Karangkobar,Sampang
Jawa Tengah,Kebumen,Sempor,Sampang
Jawa Tengah,Semarang,Gajahmungkur,Sampangan
Jawa Tengah,Boyolali,Gladagsari,Sampetan
Jawa Tengah,Pekalongan,Wonopringgo,Sampih
Jawa Tengah,Purworejo,Kemiri,Samping
Jawa Tengah,Magelang,Kajoran,Sangen
Jawa Tengah,Klaten,Prambanan,Sanggrahan
Jawa Tengah,Temanggung,Kranggan,Sanggrahan
Jawa Tengah,Banyumas,Rawalo,Sanggreman
Jawa Tengah,Tegal,Bojong,Sangkanayu
Jawa Tengah,Tegal,Balapulang,Sangkanjaya
Jawa Tengah,Pekalongan,Kajen,Sangkanjoyo
Jawa Tengah,Purworejo,Grabag,Sangubanyu
Jawa Tengah,Kebumen,Buluspesantren,Sangubanyu
Jawa Tengah,Boyolali,Tamansari,Sangup
Jawa Tengah,Klaten,Manisrenggo,Sapen
Jawa Tengah,Demak,Guntur,Sarirejo
Jawa Tengah,Semarang,Semarang Timur,Sarirejo
Jawa Tengah,Banjarnegara,Pejawaran,Sarwodadi
Jawa Tengah,Kebumen,Mirit,Sarwogadung
Jawa Tengah,Pekalongan,Wonopringgo,Sastrodirjan
Jawa Tengah,Semarang,Gayamsari,Sawah Besar
Jawa Tengah,Banjarnegara,Sigaluh,Sawal
Jawa Tengah,Banyumas,Kebasen,Sawangan
Jawa Tengah,Banjarnegara,Punggelan,Sawangan
Jawa Tengah,Purworejo,Pituruh,Sawangan
Jawa Tengah,Magelang,Sawangan,Sawangan
Jawa Tengah,Pekalongan,Paninggaran,Sawangan
Jawa Tengah,Pekalongan,Doro,Sawangan
Jawa Tengah,Kebumen,Alian,Sawangan
Jawa Tengah,Kebumen,Kuwarasan,Sawangan
Jawa Tengah,Banyumas,Patikraja,Sawangan Wetan
Jawa Tengah,Magelang,Salaman,Sawangargo
Jawa Tengah,Klaten,Gantiwarno,Sawit
Jawa Tengah,Purworejo,Banyuurip,Sawit
Jawa Tengah,Magelang,Mungkid,Sawitan
Jawa Tengah,Kebumen,Sadang,Seboro
Jawa Tengah,Purworejo,Banyuurip,Seborokrapyak
Jawa Tengah,Purworejo,Ngombol,Seboropasar
Jawa Tengah,Boyolali,Gladagsari,Seboto
Jawa Tengah,Purworejo,Ngombol,Secang
Jawa Tengah,Magelang,Secang,Secang
Jawa Tengah,Magelang,Muntilan,Sedayu
Jawa Tengah,Kendal,Gemuh,Sedayu
Jawa Tengah,Klaten,Tulung,Sedayu
Jawa Tengah,Purworejo,Loano,Sedayu
Jawa Tengah,Cilacap,Cipari,Segaralangu
Jawa Tengah,Semarang,Pabelan,Segiri
Jawa Tengah,Semarang,Gunungpati,Sekaran
Jawa Tengah,Klaten,Klaten Utara,Sekarsuli
Jawa Tengah,Kebumen,Adimulyo,Sekarteja
Jawa Tengah,Purworejo,Pituruh,Sekartejo
Jawa Tengah,Semarang,Semarang Tengah,Sekayu
Jawa Tengah,Banyumas,Sumpiuh,Selandaka
Jawa Tengah,Banyumas,Sumpiuh,Selanegara
Jawa Tengah,Kebumen,Kebumen,Selang
Jawa Tengah,Tegal,Dukuhwaru,Selapura
Jawa Tengah,Kebumen,Alian,Seliling
Jawa Tengah,Kebumen,Karangsambung,Seling
Jawa Tengah,Boyolali,Selo,Selo
Jawa Tengah,Kendal,Patean,Selo
Jawa Tengah,Magelang,Salam,Seloboro
Jawa Tengah,Boyolali,Ampel,Selodoko
Jawa Tengah,Kebumen,Karanggayam,Selogiri
Jawa Tengah,Kendal,Sukorejo,Selokaton
Jawa Tengah,Kebumen,Sempor,Selokerto
Jawa Tengah,Magelang,Ngablak,Selomirah
Jawa Tengah,Magelang,Kaliangkrik,Selomoyo
Jawa Tengah,Temanggung,Selopampang,Selopampang
Jawa Tengah,Magelang,Ngablak,Seloprojo
Jawa Tengah,Temanggung,Bejen,Selosabrang
Jawa Tengah,Kebumen,Mirit,Selotumpeng
Jawa Tengah,Purworejo,Bagelen,Semagung
Jawa Tengah,Kebumen,Sempor,Semali
Jawa Tengah,Banjarnegara,Banjarnegara,Semampir
Jawa Tengah,Purworejo,Pituruh,Semampir
Jawa Tengah,Kebumen,Buayan,Semampir
Jawa Tengah,Kebumen,Gombong,Semanding
Jawa Tengah,Klaten,Klaten Tengah,Semangkak
Jawa Tengah,Banjarnegara,Pejawaran,Semangkung
Jawa Tengah,Banjarnegara,Banjarnegara,Semarang
Jawa Tengah,Purworejo,Purworejo,Semawung
Jawa Tengah,Purworejo,Kutoarjo,Semawung Daleman
Jawa Tengah,Purworejo,Kutoarjo,Semawung Kembaran
Jawa Tengah,Banjarnegara,Kalibening,Sembawa
Jawa Tengah,Kebumen,Prembun,Sembirkadipaten
Jawa Tengah,Tegal,Pagerbarang,Semboja
Jawa Tengah,Klaten,Wedi,Sembung
Jawa Tengah,Semarang,Genuk,Sembungharjo
Jawa Tengah,Magelang,Windusari,Semen
Jawa Tengah,Temanggung,Wonoboyo,Semen
Jawa Tengah,Kebumen,Gombong,Semondo
Jawa Tengah,Purworejo,Bagelen,Semono
Jawa Tengah,Semarang,Pabelan,Semowo
Jawa Tengah,Kebumen,Sempor,Sempor
Jawa Tengah,Semarang,Bringin,Sendang
Jawa Tengah,Boyolali,Karanggede,Sendang
Jawa Tengah,Kebumen,Padureso,Sendangdalem
Jawa Tengah,Semarang,Tembalang,Sendangguwo
Jawa Tengah,Semarang,Tembalang,Sendangmulyo
Jawa Tengah,Purworejo,Purwodadi,Sendangsari
Jawa Tengah,Purworejo,Bener,Sendangsari
Jawa Tengah,Magelang,Mungkid,Senden
Jawa Tengah,Klaten,Ngawen,Senden
Jawa Tengah,Boyolali,Selo,Senden
Jawa Tengah,Pekalongan,Talun,Sengare
Jawa Tengah,Magelang,Dukun,Sengi
Jawa Tengah,Klaten,Prambanan,Sengon
Jawa Tengah,Semarang,Banyubiru,Sepakung
Jawa Tengah,Cilacap,Majenang,Sepatnunggal
Jawa Tengah,Cilacap,Cipari,Serang
Jawa Tengah,Banjarnegara,Bawang,Serang
Jawa Tengah,Banjarnegara,Madukara,Sered
Jawa Tengah,Purworejo,Gebang,Seren
Jawa Tengah,Kebumen,Kuwarasan,Serut
Jawa Tengah,Tegal,Balapulang,Sesepan
Jawa Tengah,Kebumen,Buluspesantren,Setrojenar
Jawa Tengah,Magelang,Grabag,Seworan
Jawa Tengah,Magelang,Dukun,Sewukan
Jawa Tengah,Brebes,Larangan,Siandong
Jawa Tengah,Banyumas,Kemranjen,Sibalung
Jawa Tengah,Banyumas,Kemranjen,Sibrama
Jawa Tengah,Banyumas,Patikraja,Sidabowa
Jawa Tengah,Banjarnegara,Kalibening,Sidakangen
Jawa Tengah,Cilacap,Patimuan,Sidamukti
Jawa Tengah,Banyumas,Rawalo,Sidamulih
Jawa Tengah,Cilacap,Sidareja,Sidamulya
Jawa Tengah,Cilacap,Wanareja,Sidamulya
Jawa Tengah,Banyumas,Kemranjen,Sidamulya
Jawa Tengah,Tegal,Pagerbarang,Sidamulya
Jawa Tengah,Cilacap,Kedungreja,Sidanegara
Jawa Tengah,Banjarnegara,Punggelan,Sidarata
Jawa Tengah,Cilacap,Sidareja,Sidareja
Jawa Tengah,Purworejo,Kutoarjo,Sidarum
Jawa Tengah,Cilacap,Sampang,Sidasari
Jawa Tengah,Cilacap,Cipari,Sidasari
Jawa Tengah,Cilacap,Binangun,Sidaurip
Jawa Tengah,Cilacap,Gandrungmangu,Sidaurip
Jawa Tengah,Cilacap,Binangun,Sidayu
Jawa Tengah,Kebumen,Gombong,Sidayu
Jawa Tengah,Banjarnegara,Pejawaran,Sidengok
Jawa Tengah,Magelang,Tempuran,Sidoagung
Jawa Tengah,Kebumen,Sruweng,Sidoagung
Jawa Tengah,Kebumen,Sruweng,Sidoarjo
Jawa Tengah,Kebumen,Puring,Sidobunder
Jawa Tengah,Purworejo,Kemiri,Sidodadi
Jawa Tengah,Kebumen,Puring,Sidodadi
Jawa Tengah,Magelang,Grabag,Sidogede
Jawa Tengah,Kebumen,Prembun,Sidogede
Jawa Tengah,Purworejo,Purwodadi,Sidoharjo
Jawa Tengah,Pekalongan,Doro,Sidoharjo
Jawa Tengah,Temanggung,Candiroto,Sidoharjo
Jawa Tengah,Semarang,Susukan,Sidoharjo
Jawa Tengah,Kebumen,Puring,Sidoharjo
Jawa Tengah,Kebumen,Sempor,Sidoharum
Jawa Tengah,Demak,Guntur,Sidokumpul
Jawa Tengah,Kendal,Patean,Sidokumpul
Jawa Tengah,Purworejo,Gebang,Sidoleren
Jawa Tengah,Kebumen,Ambal,Sidoluhur
Jawa Tengah,Kendal,Kaliwungu Selatan,Sidomakmur
Jawa Tengah,Kebumen,Buluspesantren,Sidomoro
Jawa Tengah,Pekalongan,Karanganyar,Sidomukti
Jawa Tengah,Semarang,Bandungan,Sidomukti
Jawa Tengah,Kebumen,Ambal,Sidomukti
Jawa Tengah,Kebumen,Adimulyo,Sidomukti
Jawa Tengah,Kebumen,Kuwarasan,Sidomukti
Jawa Tengah,Purworejo,Bener,Sidomukti
Jawa Tengah,Kendal,Weleri,Sidomukti
Jawa Tengah,Purworejo,Butuh,Sidomulyo
Jawa Tengah,Magelang,Salaman,Sidomulyo
Jawa Tengah,Magelang,Candimulyo,Sidomulyo
Jawa Tengah,Magelang,Secang,Sidomulyo
Jawa Tengah,Pekalongan,Lebakbarang,Sidomulyo
Jawa Tengah,Pekalongan,Kesesi,Sidomulyo
Jawa Tengah,Boyolali,Ampel,Sidomulyo
Jawa Tengah,Semarang,Ungaran Timur,Sidomulyo
Jawa Tengah,Kebumen,Petanahan,Sidomulyo
Jawa Tengah,Kebumen,Ambal,Sidomulyo
Jawa Tengah,Kebumen,Adimulyo,Sidomulyo
Jawa Tengah,Kebumen,Karanganyar,Sidomulyo
Jawa Tengah,Purworejo,Purworejo,Sidomulyo
Jawa Tengah,Magelang,Kajoran,Sidorejo
Jawa Tengah,Magelang,Bandongan,Sidorejo
Jawa Tengah,Magelang,Tegalrejo,Sidorejo
Jawa Tengah,Klaten,Kemalang,Sidorejo
Jawa Tengah,Demak,Karangawen,Sidorejo
Jawa Tengah,Temanggung,Temanggung,Sidorejo
Jawa Tengah,Kebumen,Ambal,Sidorejo
Jawa Tengah,Purworejo,Purworejo,Sidorejo
Jawa Tengah,Salatiga,Tingkir,Sidorejo Kidul
Jawa Tengah,Salatiga,Sidorejo,Sidorejo Lor
Jawa Tengah,Magelang,Salaman,Sidosari
Jawa Tengah,Pekalongan,Kesesi,Sidosari
Jawa Tengah,Kebumen,Padureso,Sidototo
Jawa Tengah,Magelang,Kajoran,Sidowangi
Jawa Tengah,Klaten,Polanharjo,Sidowayah
Jawa Tengah,Banjarnegara,Sigaluh,Sigaluh
Jawa Tengah,Banjarnegara,Banjarmangu,Sigeblog
Jawa Tengah,Temanggung,Tretep,Sigedong
Jawa Tengah,Tegal,Bumijawa,Sigedong
Jawa Tengah,Banjarnegara,Banjarmangu,Sijenggung
Jawa Tengah,Banjarnegara,Banjarmangu,Sijeruk
Jawa Tengah,Purworejo,Pituruh,Sikambang
Jawa Tengah,Cilacap,Nusawungu,Sikanco
Jawa Tengah,Banyumas,Sumbang,Sikapat
Jawa Tengah,Kebumen,Buayan,Sikayu
Jawa Tengah,Banjarnegara,Kalibening,Sikumpul
Jawa Tengah,Banyumas,Sumbang,Silado
Jawa Tengah,Banjarnegara,Mandiraja,Simbang
Jawa Tengah,Pekalongan,Petungkriyono,Simego
Jawa Tengah,Temanggung,Tretep,Simpar
Jawa Tengah,Pekalongan,Kajen,Sinangohprendeng
Jawa Tengah,Cilacap,Karangpucung,Sindangbarang
Jawa Tengah,Brebes,Banjarharjo,Sindangheula
Jawa Tengah,Brebes,Kersana,Sindangjaya
Jawa Tengah,Brebes,Ketanggungan,Sindangjaya
Jawa Tengah,Cilacap,Majenang,Sindangsari
Jawa Tengah,Brebes,Bantarkawung,Sindangwangi
Jawa Tengah,Banjarnegara,Pandanarum,Sinduaji
Jawa Tengah,Purworejo,Purworejo,Sindurjan
Jawa Tengah,Banjarnegara,Sigaluh,Singamerta
Jawa Tengah,Purworejo,Ngombol,Singkilkulon
Jawa Tengah,Purworejo,Ngombol,Singkilwetan
Jawa Tengah,Kendal,Singorojo,Singorojo
Jawa Tengah,Boyolali,Mojosongo,Singosari
Jawa Tengah,Kebumen,Ambal,Singosari
Jawa Tengah,Kebumen,Mirit,Singoyudan
Jawa Tengah,Kebumen,Ambal,Sinungrejo
Jawa Tengah,Banjarnegara,Banjarmangu,Sipedang
Jawa Tengah,Magelang,Salam,Sirahan
Jawa Tengah,Banyumas,Kemranjen,Sirau
Jawa Tengah,Banjarnegara,Purworeja Klampok,Sirkandi
Jawa Tengah,Kebumen,Bonorowo,Sirnoboyo
Jawa Tengah,Banjarnegara,Pandanarum,Sirongge
Jawa Tengah,Banjarnegara,Kalibening,Sirukem
Jawa Tengah,Banjarnegara,Kalibening,Sirukun
Jawa Tengah,Boyolali,Boyolali,Siswodipuran
Jawa Tengah,Tegal,Jatinegara,Sitail
Jawa Tengah,Kebumen,Puring,Sitiadi
Jawa Tengah,Kebumen,Mirit,Sitibentar
Jawa Tengah,Kebumen,Klirong,Sitirejo
Jawa Tengah,Banjarnegara,Rakit,Situwangi
Jawa Tengah,Semarang,Kaliwungu,Siwal
Jawa Tengah,Semarang,Gayamsari,Siwalan
Jawa Tengah,Tegal,Lebaksiu,Slarangkidul
Jawa Tengah,Tegal,Dukuhwaru,Slaranglor
Jawa Tengah,Banjarnegara,Karangkobar,Slatri
Jawa Tengah,Tegal,Slawi,Slawi Kulon
Jawa Tengah,Tegal,Slawi,Slawi Wetan
Jawa Tengah,Temanggung,Pringsurat,Soborejo
Jawa Tengah,Klaten,Jatinom,Socokangsi
Jawa Tengah,Kendal,Gemuh,Sojomerto
Jawa Tengah,Kebumen,Poncowarno,Soka
Jawa Tengah,Banjarnegara,Banjarnegara,Sokanandi
Jawa Tengah,Banyumas,Purwokerto Timur,Sokanegara
Jawa Tengah,Banjarnegara,Pagentan,Sokaraja
Jawa Tengah,Tegal,Bumijawa,Sokasari
Jawa Tengah,Tegal,Bumijawa,Sokatengah
Jawa Tengah,Banyumas,Somagede,Sokawera
Jawa Tengah,Banyumas,Patikraja,Sokawera
Jawa Tengah,Banjarnegara,Banjarnegara,Sokayasa
Jawa Tengah,Purworejo,Bagelen,Soko
Jawa Tengah,Purworejo,Bagelen,Sokoagung
Jawa Tengah,Purworejo,Kutoarjo,Sokoharjo
Jawa Tengah,Magelang,Muntilan,Sokorini
Jawa Tengah,Pekalongan,Karanganyar,Sokosari
Jawa Tengah,Purworejo,Banyuurip,Sokowaten
Jawa Tengah,Pekalongan,Kajen,Sokoyoso
Jawa Tengah,Klaten,Manisrenggo,Solodiran
Jawa Tengah,Banyumas,Somagede,Somagede
Jawa Tengah,Kebumen,Sempor,Somagede
Jawa Tengah,Banyumas,Somagede,Somakaton
Jawa Tengah,Banjarnegara,Mandiraja,Somawangi
Jawa Tengah,Purworejo,Pituruh,Somogede
Jawa Tengah,Magelang,Ngluwar,Somokaton
Jawa Tengah,Klaten,Karangnongko,Somokaton
Jawa Tengah,Magelang,Salam,Somoketro
Jawa Tengah,Purworejo,Bruno,Somoleter
Jawa Tengah,Purworejo,Kaligesing,Somongari
Jawa Tengah,Klaten,Jogonalan,Somopuro
Jawa Tengah,Purworejo,Bagelen,Somorejo
Jawa Tengah,Pekalongan,Petungkriyono,Songgodadi
Jawa Tengah,Brebes,Songgom,Songgom
Jawa Tengah,Brebes,Songgom,Songgom Lor
Jawa Tengah,Magelang,Candimulyo,Sonorejo
Jawa Tengah,Klaten,Tulung,Sorogaten
Jawa Tengah,Magelang,Sawangan,Soronalan
Jawa Tengah,Temanggung,Pringsurat,Soropadan
Jawa Tengah,Klaten,Karanganom,Soropaten
Jawa Tengah,Magelang,Tegalrejo,Soroyudan
Jawa Tengah,Boyolali,Karanggede,Sranten
Jawa Tengah,Semarang,Tuntang,Sraten
Jawa Tengah,Kebumen,Ayah,Srati
Jawa Tengah,Klaten,Ceper,Srebegan
Jawa Tengah,Tegal,Pagerbarang,Srengseng
Jawa Tengah,Brebes,Sirampog,Sridadi
Jawa Tengah,Pekalongan,Kesesi,Srinahan
Jawa Tengah,Magelang,Salaman,Sriwedari
Jawa Tengah,Magelang,Muntilan,Sriwedari
Jawa Tengah,Kendal,Limbangan,Sriwulan
Jawa Tengah,Temanggung,Tlogomulyo,Sriwungu
Jawa Tengah,Semarang,Banyumanik,Srondol Kulon
Jawa Tengah,Semarang,Banyumanik,Srondol Wetan
Jawa Tengah,Banyumas,Kalibagor,Srowot
Jawa Tengah,Magelang,Srumbung,Srumbung
Jawa Tengah,Boyolali,Musuk,Sruni
Jawa Tengah,Kebumen,Puring,Srusuhjurutengah
Jawa Tengah,Semarang,Tengaran,Sruwen
Jawa Tengah,Kebumen,Sruweng,Sruweng
Jawa Tengah,Purworejo,Ngombol,Sruwoh
Jawa Tengah,Purworejo,Butuh,Sruwohdukuh
Jawa Tengah,Purworejo,Butuh,Sruwohrejo
Jawa Tengah,Magelang,Salam,Sucen
Jawa Tengah,Temanggung,Gemawang,Sucen
Jawa Tengah,Purworejo,Bayan,Sucenjurutengah
Jawa Tengah,Cilacap,Sidareja,Sudagaran
Jawa Tengah,Banyumas,Banyumas,Sudagaran
Jawa Tengah,Magelang,Srumbung,Sudimoro
Jawa Tengah,Boyolali,Teras,Sudimoro
Jawa Tengah,Klaten,Tulung,Sudimoro
Jawa Tengah,Purworejo,Purworejo,Sudimoro
Jawa Tengah,Kendal,Ngampel,Sudipayung
Jawa Tengah,Purworejo,Kaligesing,Sudorogo
Jawa Tengah,Semarang,Tengaran,Sugihan
Jawa Tengah,Grobogan,Tanggungharjo,Sugihmanik
Jawa Tengah,Magelang,Grabag,Sugihmas
Jawa Tengah,Kebumen,Adimulyo,Sugihwaras
Jawa Tengah,Boyolali,Cepogo,Sukabumi
Jawa Tengah,Magelang,Bandongan,Sukodadi
Jawa Tengah,Kendal,Singorojo,Sukodadi
Jawa Tengah,Purworejo,Kemiri,Sukogelap
Jawa Tengah,Pekalongan,Kandangserang,Sukoharjo
Jawa Tengah,Semarang,Pabelan,Sukoharjo
Jawa Tengah,Magelang,Kajoran,Sukomakmur
Jawa Tengah,Purworejo,Purwodadi,Sukomanah
Jawa Tengah,Kendal,Patean,Sukomangli
Jawa Tengah,Temanggung,Jumo,Sukomarto
Jawa Tengah,Magelang,Kajoran,Sukomulyo
Jawa Tengah,Kebumen,Rowokele,Sukomulyo
Jawa Tengah,Kendal,Kaliwungu Selatan,Sukomulyo
Jawa Tengah,Boyolali,Musuk,Sukorame
Jawa Tengah,Magelang,Mertoyudan,Sukorejo
Jawa Tengah,Magelang,Kajoran,Sukorejo
Jawa Tengah,Magelang,Tegalrejo,Sukorejo
Jawa Tengah,Pekalongan,Kesesi,Sukorejo
Jawa Tengah,Klaten,Wedi,Sukorejo
Jawa Tengah,Grobogan,Tegowanu,Sukorejo
Jawa Tengah,Demak,Guntur,Sukorejo
Jawa Tengah,Semarang,Suruh,Sukorejo
Jawa Tengah,Semarang,Gunungpati,Sukorejo
Jawa Tengah,Boyolali,Musuk,Sukorejo
Jawa Tengah,Kendal,Sukorejo,Sukorejo
Jawa Tengah,Klaten,Manisrenggo,Sukorini
Jawa Tengah,Magelang,Bandongan,Sukosari
Jawa Tengah,Purworejo,Bener,Sukowuwuh
Jawa Tengah,Banyumas,Purwokerto Utara,Sumampir
Jawa Tengah,Tegal,Bumijawa,Sumbaga
Jawa Tengah,Banyumas,Sumbang,Sumbang
Jawa Tengah,Tegal,Jatinegara,Sumbarang
Jawa Tengah,Purworejo,Pituruh,Sumber
Jawa Tengah,Magelang,Dukun,Sumber
Jawa Tengah,Kebumen,Kebumen,Sumberadi
Jawa Tengah,Purworejo,Grabag,Sumberagung
Jawa Tengah,Kendal,Weleri,Sumberagung
Jawa Tengah,Kendal,Limbangan,Sumberahayu
Jawa Tengah,Magelang,Tempuran,Sumberarum
Jawa Tengah,Banjarnegara,Batur,Sumberejo
Jawa Tengah,Magelang,Ngablak,Sumberejo
Jawa Tengah,Klaten,Klaten Selatan,Sumberejo
Jawa Tengah,Demak,Mranggen,Sumberejo
Jawa Tengah,Semarang,Pabelan,Sumberejo
Jawa Tengah,Kendal,Kaliwungu,Sumberejo
Jawa Tengah,Kebumen,Ambal,Sumberjati
Jawa Tengah,Purworejo,Ngombol,Sumberrejo
Jawa Tengah,Purworejo,Purwodadi,Sumberrejo
Jawa Tengah,Magelang,Mertoyudan,Sumberrejo
Jawa Tengah,Purworejo,Purwodadi,Sumbersari
Jawa Tengah,Purworejo,Butuh,Sumbersari
Jawa Tengah,Wonosobo,Wadaslintang,Sumbersari
Jawa Tengah,Purworejo,Banyuurip,Sumbersari
Jawa Tengah,Kendal,Ngampel,Sumbersari
Jawa Tengah,Boyolali,Cepogo,Sumbung
Jawa Tengah,Tegal,Kedungbanteng,Sumingkir
Jawa Tengah,Semarang,Getasan,Sumogawe
Jawa Tengah,Semarang,Sumowono,Sumowono
Jawa Tengah,Purworejo,Kaligesing,Sumowono
Jawa Tengah,Cilacap,Dayeuhluhur,Sumpinghayu
Jawa Tengah,Banyumas,Sumpiuh,Sumpiuh
Jawa Tengah,Pekalongan,Sragi,Sumubkidul
Jawa Tengah,Boyolali,Tamansari,Sumur
Jawa Tengah,Kendal,Brangsong,Sumur
Jawa Tengah,Magelang,Grabag,Sumurarum
Jawa Tengah,Semarang,Banyumanik,Sumurboto
Jawa Tengah,Pekalongan,Bojong,Sumurjomblangbogo
Jawa Tengah,Semarang,Gunungpati,Sumurrejo
Jawa Tengah,Klaten,Jogonalan,Sumyang
Jawa Tengah,Temanggung,Parakan,Sunggingsari
Jawa Tengah,Tegal,Bojong,Suniarsih
Jawa Tengah,Purworejo,Kutoarjo,Suren
Jawa Tengah,Banyumas,Kalibagor,Suro
Jawa Tengah,Kebumen,Ambal,Surobayan
Jawa Tengah,Magelang,Candimulyo,Surodadi
Jawa Tengah,Magelang,Candimulyo,Surojoyo
Jawa Tengah,Tegal,Pagerbarang,Surokidul
Jawa Tengah,Kendal,Pageruyung,Surokonto Kulon
Jawa Tengah,Kendal,Pageruyung,Surokonto Wetan
Jawa Tengah,Kebumen,Puring,Surorejan
Jawa Tengah,Purworejo,Banyuurip,Surorejo
Jawa Tengah,Boyolali,Selo,Suroteleng
Jawa Tengah,Kebumen,Alian,Surotrunan
Jawa Tengah,Semarang,Suruh,Suruh
Jawa Tengah,Cilacap,Karangpucung,Surusunda
Jawa Tengah,Purworejo,Ngombol,Susuk
Jawa Tengah,Banyumas,Sumbang,Susukan
Jawa Tengah,Banjarnegara,Wanayasa,Susukan
Jawa Tengah,Semarang,Susukan,Susukan
Jawa Tengah,Semarang,Ungaran Timur,Susukan
Jawa Tengah,Banjarnegara,Susukan,Susukan
Jawa Tengah,Magelang,Kajoran,Sutopati
Jawa Tengah,Purworejo,Kemiri,Sutoragan
Jawa Tengah,Banjarnegara,Wanayasa,Suwidak
Jawa Tengah,Kendal,Limbangan,Tabet
Jawa Tengah,Grobogan,Tegowanu,Tajemsari
Jawa Tengah,Klaten,Prambanan,Taji
Jawa Tengah,Semarang,Getasan,Tajuk
Jawa Tengah,Pekalongan,Kandangserang,Tajur
Jawa Tengah,Tegal,Pangkah,Talok
Jawa Tengah,Pekalongan,Talun,Talun
Jawa Tengah,Klaten,Kemalang,Talun
Jawa Tengah,Banjarnegara,Madukara,Talunamba
Jawa Tengah,Magelang,Muntilan,Tamanagung
Jawa Tengah,Kendal,Sukorejo,Tamanrejo
Jawa Tengah,Kendal,Limbangan,Tamanrejo
Jawa Tengah,Purworejo,Butuh,Tamansari
Jawa Tengah,Demak,Mranggen,Tamansari
Jawa Tengah,Kebumen,Kebumen,Tamanwinangun
Jawa Tengah,Kebumen,Adimulyo,Tambaharjo
Jawa Tengah,Kendal,Pageruyung,Tambahrejo
Jawa Tengah,Kendal,Limbangan,Tambahsari
Jawa Tengah,Boyolali,Mojosongo,Tambak
Jawa Tengah,Kebumen,Klirong,Tambakagung
Jawa Tengah,Semarang,Ngaliyan,Tambakaji
Jawa Tengah,Klaten,Jogonalan,Tambakan
Jawa Tengah,Grobogan,Gubug,Tambakan
Jawa Tengah,Semarang,Ambarawa,Tambakboyo
Jawa Tengah,Kebumen,Puring,Tambakmulyo
Jawa Tengah,Banyumas,Rawalo,Tambaknegara
Jawa Tengah,Kebumen,Klirong,Tambakprogaten
Jawa Tengah,Cilacap,Kedungreja,Tambakreja
Jawa Tengah,Kebumen,Buluspesantren,Tambakrejo
Jawa Tengah,Purworejo,Purworejo,Tambakrejo
Jawa Tengah,Pekalongan,Kajen,Tambakroto
Jawa Tengah,Cilacap,Kedungreja,Tambaksari
Jawa Tengah,Cilacap,Wanareja,Tambaksari
Jawa Tengah,Kebumen,Kuwarasan,Tambaksari
Jawa Tengah,Brebes,Bantarkawung,Tambakserang
Jawa Tengah,Banyumas,Sumbang,Tambaksogra
Jawa Tengah,Semarang,Mijen,Tambangan
Jawa Tengah,Klaten,Kalikotes,Tambongwetan
Jawa Tengah,Magelang,Tegalrejo,Tampingan
Jawa Tengah,Kendal,Boja,Tampingan
Jawa Tengah,Kendal,Sukorejo,Tampingwinarno
Jawa Tengah,Magelang,Candimulyo,Tampirkulon
Jawa Tengah,Magelang,Candimulyo,Tampirwetan
Jawa Tengah,Kebumen,Kebumen,Tanahsari
Jawa Tengah,Semarang,Tembalang,Tandang
Jawa Tengah,Boyolali,Ampel,Tanduk
Jawa Tengah,Pekalongan,Paninggaran,Tangeran
Jawa Tengah,Banyumas,Somagede,Tanggeran
Jawa Tengah,Brebes,Tonjong,Tanggeran
Jawa Tengah,Kebumen,Sruweng,Tanggeran
Jawa Tengah,Grobogan,Tegowanu,Tanggirejo
Jawa Tengah,Kebumen,Klirong,Tanggulangin
Jawa Tengah,Temanggung,Selopampang,Tanggulanom
Jawa Tengah,Magelang,Tempuran,Tanggulrejo
Jawa Tengah,Grobogan,Tanggungharjo,Tanggungharjo
Jawa Tengah,Brebes,Ketanggungan,Tanggungsari
Jawa Tengah,Klaten,Kemalang,Tangkil
Jawa Tengah,Demak,Guntur,Tangkis
Jawa Tengah,Purworejo,Bayan,Tangkisan
Jawa Tengah,Klaten,Jogonalan,Tangkisan Pos
Jawa Tengah,Banyumas,Purwokerto Selatan,Tanjung
Jawa Tengah,Purworejo,Ngombol,Tanjung
Jawa Tengah,Magelang,Muntilan,Tanjung
Jawa Tengah,Semarang,Bringin,Tanjung
Jawa Tengah,Klaten,Wedi,Tanjungan
Jawa Tengah,Banjarnegara,Rakit,Tanjunganom
Jawa Tengah,Purworejo,Butuh,Tanjunganom
Jawa Tengah,Wonosobo,Kepil,Tanjunganom
Jawa Tengah,Magelang,Salaman,Tanjunganom
Jawa Tengah,Purworejo,Banyuurip,Tanjunganom
Jawa Tengah,Pekalongan,Kajen,Tanjungkulon
Jawa Tengah,Kebumen,Kutowinangun,Tanjungmeru
Jawa Tengah,Purworejo,Ngombol,Tanjungrejo
Jawa Tengah,Kebumen,Buluspesantren,Tanjungrejo
Jawa Tengah,Purworejo,Bayan,Tanjungrejo
Jawa Tengah,Magelang,Borobudur,Tanjungsari
Jawa Tengah,Magelang,Windusari,Tanjungsari
Jawa Tengah,Pekalongan,Kajen,Tanjungsari
Jawa Tengah,Klaten,Manisrenggo,Tanjungsari
Jawa Tengah,Temanggung,Tlogomulyo,Tanjungsari
Jawa Tengah,Temanggung,Bejen,Tanjungsari
Jawa Tengah,Kebumen,Petanahan,Tanjungsari
Jawa Tengah,Kebumen,Buluspesantren,Tanjungsari
Jawa Tengah,Kebumen,Kutowinangun,Tanjungsari
Jawa Tengah,Kebumen,Kutowinangun,Tanjungseto
Jawa Tengah,Banjarnegara,Punggelan,Tanjungtirta
Jawa Tengah,Kebumen,Alian,Tanuharjo
Jawa Tengah,Temanggung,Bansari,Tanurejo
Jawa Tengah,Banjarnegara,Wanadadi,Tapen
Jawa Tengah,Purworejo,Pituruh,Tapen
Jawa Tengah,Brebes,Paguyangan,Taraban
Jawa Tengah,Cilacap,Wanareja,Tarisi
Jawa Tengah,Klaten,Karanganom,Tarubasan
Jawa Tengah,Boyolali,Selo,Tarubatang
Jawa Tengah,Purworejo,Pituruh,Tasikmadu
Jawa Tengah,Klaten,Manisrenggo,Taskombang
Jawa Tengah,Semarang,Susukan,Tawang
Jawa Tengah,Semarang,Semarang Barat,Tawangmas
Jawa Tengah,Klaten,Bayat,Tawangrejo
Jawa Tengah,Boyolali,Teras,Tawangsari
Jawa Tengah,Temanggung,Tembarak,Tawangsari
Jawa Tengah,Temanggung,Wonoboyo,Tawangsari
Jawa Tengah,Purworejo,Kaligesing,Tawangsari
Jawa Tengah,Cilacap,Karangpucung,Tayem
Jawa Tengah,Cilacap,Karangpucung,Tayem Timur
Jawa Tengah,Tegal,Lebaksiu,Tegalandong
Jawa Tengah,Purworejo,Purwodadi,Tegalaren
Jawa Tengah,Magelang,Borobudur,Tegalarum
Jawa Tengah,Demak,Mranggen,Tegalarum
Jawa Tengah,Purworejo,Butuh,Tegalgondo
Jawa Tengah,Banjarnegara,Pagentan,Tegaljeruk
Jawa Tengah,Purworejo,Banyuurip,Tegalkuning
Jawa Tengah,Klaten,Kemalang,Tegalmulyo
Jawa Tengah,Magelang,Srumbung,Tegalrandu
Jawa Tengah,Brebes,Banjarharjo,Tegalreja
Jawa Tengah,Purworejo,Grabag,Tegalrejo
Jawa Tengah,Magelang,Tegalrejo,Tegalrejo
Jawa Tengah,Temanggung,Ngadirejo,Tegalrejo
Jawa Tengah,Semarang,Tengaran,Tegalrejo
Jawa Tengah,Temanggung,Bulu,Tegalrejo
Jawa Tengah,Boyolali,Sawit,Tegalrejo
Jawa Tengah,Kebumen,Poncowarno,Tegalrejo
Jawa Tengah,Purworejo,Banyuurip,Tegalrejo
Jawa Tengah,Salatiga,Argomulyo,Tegalrejo
Jawa Tengah,Kebumen,Petanahan,Tegalretno
Jawa Tengah,Temanggung,Parakan,Tegalroso
Jawa Tengah,Cilacap,Sidareja,Tegalsari
Jawa Tengah,Magelang,Candimulyo,Tegalsari
Jawa Tengah,Semarang,Candisari,Tegalsari
Jawa Tengah,Temanggung,Kedu,Tegalsari
Jawa Tengah,Boyolali,Karanggede,Tegalsari
Jawa Tengah,Kebumen,Adimulyo,Tegalsari
Jawa Tengah,Purworejo,Bruno,Tegalsari
Jawa Tengah,Temanggung,Bulu,Tegalurung
Jawa Tengah,Semarang,Tengaran,Tegalwaton
Jawa Tengah,Klaten,Klaten Selatan,Tegalyoso
Jawa Tengah,Semarang,Banyubiru,Tegaron
Jawa Tengah,Kendal,Pegandon,Tegorejo
Jawa Tengah,Temanggung,Kaloran,Tegowanuh
Jawa Tengah,Grobogan,Tegowanu,Tegowanukulon
Jawa Tengah,Grobogan,Tegowanu,Tegowanuwetan
Jawa Tengah,Kendal,Ringinarum,Tejorejo
Jawa Tengah,Magelang,Ngablak,Tejosari
Jawa Tengah,Brebes,Bantarkawung,Telaga
Jawa Tengah,Banyumas,Purwokerto Selatan,Teluk
Jawa Tengah,Demak,Karangawen,Teluk
Jawa Tengah,Magelang,Tempuran,Temanggal
Jawa Tengah,Kebumen,Adimulyo,Temanggal
Jawa Tengah,Magelang,Kaliangkrik,Temanggung
Jawa Tengah,Temanggung,Temanggung,Temanggung I
Jawa Tengah,Temanggung,Temanggung,Temanggung II
Jawa Tengah,Semarang,Tembalang,Tembalang
Jawa Tengah,Temanggung,Tembarak,Tembarak
Jawa Tengah,Magelang,Candimulyo,Tembelang
Jawa Tengah,Pekalongan,Lebakbarang,Tembelangunung
Jawa Tengah,Brebes,Salem,Tembongraja
Jawa Tengah,Tegal,Balapulang,Tembongwah
Jawa Tengah,Magelang,Candimulyo,Tempak
Jawa Tengah,Temanggung,Tretep,Tempelsari
Jawa Tengah,Banjarnegara,Wanayasa,Tempuran
Jawa Tengah,Temanggung,Kaloran,Tempuran
Jawa Tengah,Semarang,Bringin,Tempuran
Jawa Tengah,Magelang,Tempuran,Tempurejo
Jawa Tengah,Magelang,Candimulyo,Tempursari
Jawa Tengah,Klaten,Ngawen,Tempursari
Jawa Tengah,Klaten,Jatinom,Temuireng
Jawa Tengah,Demak,Guntur,Temuroso
Jawa Tengah,Semarang,Tengaran,Tengaran
Jawa Tengah,Temanggung,Wonoboyo,Tening
Jawa Tengah,Pekalongan,Paninggaran,Tenogo
Jawa Tengah,Kebumen,Adimulyo,Tepakyang
Jawa Tengah,Purworejo,Loano,Tepansari
Jawa Tengah,Purworejo,Kutoarjo,Tepus Kulon
Jawa Tengah,Purworejo,Kutoarjo,Tepus Wetan
Jawa Tengah,Temanggung,Kaloran,Tepusen
Jawa Tengah,Boyolali,Teras,Teras
Jawa Tengah,Semarang,Pabelan,Terban
Jawa Tengah,Brebes,Bantarkawung,Terlaya
Jawa Tengah,Magelang,Salam,Tersangede
Jawa Tengah,Purworejo,Pituruh,Tersidikidul
Jawa Tengah,Purworejo,Pituruh,Tersidilor
Jawa Tengah,Kebumen,Prembun,Tersobo
Jawa Tengah,Klaten,Jatinom,Tibayan
Jawa Tengah,Magelang,Magelang Selatan,Tidar Selatan
Jawa Tengah,Magelang,Magelang Selatan,Tidar Utara
Jawa Tengah,Klaten,Manisrenggo,Tijayan
Jawa Tengah,Tegal,Lebaksiu,Timbangreja
Jawa Tengah,Pekalongan,Lebakbarang,Timbangsari
Jawa Tengah,Semarang,Susukan,Timpik
Jawa Tengah,Cilacap,Sidareja,Tinggarjaya
Jawa Tengah,Salatiga,Tingkir,Tingkir Lor
Jawa Tengah,Salatiga,Tingkir,Tingkir Tengah
Jawa Tengah,Semarang,Banyumanik,Tinjomoyo
Jawa Tengah,Magelang,Salam,Tirto
Jawa Tengah,Magelang,Grabag,Tirto
Jawa Tengah,Kebumen,Poncowarno,Tirtomoyo
Jawa Tengah,Kendal,Plantungan,Tirtomulyo
Jawa Tengah,Magelang,Sawangan,Tirtosari
Jawa Tengah,Klaten,Jogonalan,Titang
Jawa Tengah,Brebes,Banjarharjo,Tiwulandu
Jawa Tengah,Banjarnegara,Punggelan,Tlaga
Jawa Tengah,Banjarnegara,Banjarnegara,Tlagawera
Jawa Tengah,Banjarnegara,Pejawaran,Tlahab
Jawa Tengah,Temanggung,Kledung,Tlahab
Jawa Tengah,Boyolali,Sawit,Tlawong
Jawa Tengah,Kebumen,Karangsambung,Tlepok
Jawa Tengah,Purworejo,Grabag,Tlepokkulon
Jawa Tengah,Purworejo,Grabag,Tlepokwetan
Jawa Tengah,Temanggung,Kaloran,Tleter
Jawa Tengah,Temanggung,Tlogomulyo,Tlilir
Jawa Tengah,Klaten,Prambanan,Tlogo
Jawa Tengah,Temanggung,Tretep,Tlogo
Jawa Tengah,Semarang,Tuntang,Tlogo
Jawa Tengah,Purworejo,Kaligesing,Tlogobulu
Jawa Tengah,Kebumen,Mirit,Tlogodepok
Jawa Tengah,Purworejo,Kaligesing,Tlogoguwo
Jawa Tengah,Pekalongan,Petungkriyono,Tlogohendro
Jawa Tengah,Purworejo,Bagelen,Tlogokotes
Jawa Tengah,Boyolali,Selo,Tlogolele
Jawa Tengah,Grobogan,Gubug,Tlogomulyo
Jawa Tengah,Temanggung,Tlogomulyo,Tlogomulyo
Jawa Tengah,Semarang,Pedurungan,Tlogomulyo
Jawa Tengah,Pekalongan,Petungkriyono,Tlogopakis
Jawa Tengah,Kendal,Plantungan,Tlogopayung
Jawa Tengah,Kebumen,Mirit,Tlogopragoto
Jawa Tengah,Temanggung,Kandangan,Tlogopucang
Jawa Tengah,Purworejo,Purwodadi,Tlogorejo
Jawa Tengah,Purworejo,Butuh,Tlogorejo
Jawa Tengah,Magelang,Grabag,Tlogorejo
Jawa Tengah,Grobogan,Tegowanu,Tlogorejo
Jawa Tengah,Demak,Karangawen,Tlogorejo
Jawa Tengah,Demak,Guntur,Tlogorejo
Jawa Tengah,Temanggung,Temanggung,Tlogorejo
Jawa Tengah,Kebumen,Bonorowo,Tlogorejo
Jawa Tengah,Purworejo,Kaligesing,Tlogorejo
Jawa Tengah,Kebumen,Ayah,Tlogosari
Jawa Tengah,Semarang,Pedurungan,Tlogosari Kulon
Jawa Tengah,Semarang,Pedurungan,Tlogosari Wetan
Jawa Tengah,Purworejo,Gebang,Tlogosono
Jawa Tengah,Klaten,Kemalang,Tlogowatu
Jawa Tengah,Temanggung,Bansari,Tlogowero
Jawa Tengah,Demak,Guntur,Tlogoweru
Jawa Tengah,Kebumen,Alian,Tlogowulung
Jawa Tengah,Temanggung,Kaloran,Tlogowungu
Jawa Tengah,Semarang,Tuntang,Tlompakan
Jawa Tengah,Semarang,Getasan,Tolokan
Jawa Tengah,Klaten,Klaten Tengah,Tonggalan
Jawa Tengah,Tegal,Kedungbanteng,Tonggara
Jawa Tengah,Brebes,Tonjong,Tonjong
Jawa Tengah,Magelang,Bandongan,Tonoboyo
Jawa Tengah,Pekalongan,Kedungwuni,Tosaran
Jawa Tengah,Kebumen,Karangsambung,Totogan
Jawa Tengah,Klaten,Gantiwarno,Towangsan
Jawa Tengah,Wonosobo,Kaliwiro,Tracap
Jawa Tengah,Temanggung,Parakan,Traji
Jawa Tengah,Tegal,Bumijawa,Traju
Jawa Tengah,Pekalongan,Kandangserang,Trajumas
Jawa Tengah,Magelang,Bandongan,Trasan
Jawa Tengah,Tegal,Slawi,Trayeman
Jawa Tengah,Semarang,Sumowono,Trayu
Jawa Tengah,Kendal,Singorojo,Trayu
Jawa Tengah,Magelang,Mungkid,Treko
Jawa Tengah,Magelang,Candimulyo,Trenten
Jawa Tengah,Kebumen,Petanahan,Tresnorejo
Jawa Tengah,Temanggung,Tretep,Tretep
Jawa Tengah,Banjarnegara,Punggelan,Tribuana
Jawa Tengah,Purworejo,Loano,Tridadi
Jawa Tengah,Kendal,Gemuh,Triharjo
Jawa Tengah,Kebumen,Sruweng,Trikarso
Jawa Tengah,Purworejo,Grabag,Trimulyo
Jawa Tengah,Kendal,Sukorejo,Trimulyo
Jawa Tengah,Purworejo,Loano,Trirejo
Jawa Tengah,Kendal,Boja,Trisobo
Jawa Tengah,Kebumen,Kutowinangun,Triwarno
Jawa Tengah,Purworejo,Banyuurip,Triwarno
Jawa Tengah,Klaten,Karanganom,Troso
Jawa Tengah,Boyolali,Sambi,Trosobo
Jawa Tengah,Klaten,Wedi,Trotok
Jawa Tengah,Klaten,Trucuk,Trucuk
Jawa Tengah,Semarang,Bringin,Truko
Jawa Tengah,Klaten,Klaten Selatan,Trunuh
Jawa Tengah,Kebumen,Buayan,Tugu
Jawa Tengah,Magelang,Tempuran,Tugurejo
Jawa Tengah,Semarang,Tugu,Tugurejo
Jawa Tengah,Semarang,Pabelan,Tukang
Jawa Tengah,Kebumen,Puring,Tukinggedong
Jawa Tengah,Temanggung,Kledung,Tuksari
Jawa Tengah,Magelang,Borobudur,Tuksongo
Jawa Tengah,Klaten,Tulung,Tulung
Jawa Tengah,Purworejo,Grabag,Tulusrejo
Jawa Tengah,Purworejo,Ngombol,Tumenggungan
Jawa Tengah,Banyumas,Kebasen,Tumiyang
Jawa Tengah,Kebumen,Prembun,Tunggalroso
Jawa Tengah,Banjarnegara,Sigaluh,Tunggara
Jawa Tengah,Purworejo,Kutoarjo,Tunggorono
Jawa Tengah,Purworejo,Grabag,Tunggulrejo
Jawa Tengah,Kendal,Brangsong,Tunggulsari
Jawa Tengah,Purworejo,Ngombol,Tunjungan
Jawa Tengah,Grobogan,Tegowanu,Tunjungharjo
Jawa Tengah,Kebumen,Sempor,Tunjungseto
Jawa Tengah,Purworejo,Pituruh,Tunjungtejo
Jawa Tengah,Semarang,Tuntang,Tuntang
Jawa Tengah,Purworejo,Kutoarjo,Tuntungpait
Jawa Tengah,Purworejo,Kutoarjo,Tursino
Jawa Tengah,Purworejo,Kemiri,Turus
Jawa Tengah,Klaten,Polanharjo,Turus
Jawa Tengah,Tegal,Bojong,Tuwel
Jawa Tengah,Banjarnegara,Pagedongan,Twelagiri
Jawa Tengah,Semarang,Kaliwungu,Udanwuh
Jawa Tengah,Semarang,Pabelan,Ujung-ujung
Jawa Tengah,Cilacap,Majenang,Ujungbarang
Jawa Tengah,Pekalongan,Kesesi,Ujungnegoro
Jawa Tengah,Purworejo,Grabag,Ukirsari
Jawa Tengah,Magelang,Windusari,Umbulsari
Jawa Tengah,Semarang,Ungaran Barat,Ungaran
Jawa Tengah,Kebumen,Kutowinangun,Ungaran
Jawa Tengah,Boyolali,Ampel,Urutsewu
Jawa Tengah,Magelang,Kajoran,Wadas
Jawa Tengah,Temanggung,Kandangan,Wadas
Jawa Tengah,Purworejo,Bener,Wadas
Jawa Tengah,Kendal,Plantungan,Wadas
Jawa Tengah,Kebumen,Karangsambung,Wadasmalang
Jawa Tengah,Kebumen,Rowokele,Wagirpandan
Jawa Tengah,Kebumen,Adimulyo,Wajasari
Jawa Tengah,Purworejo,Kemiri,Waled
Jawa Tengah,Boyolali,Simo,Walen
Jawa Tengah,Purworejo,Ngombol,Walikoro
Jawa Tengah,Temanggung,Temanggung,Walitelon Selatan
Jawa Tengah,Temanggung,Temanggung,Walitelon Utara
Jawa Tengah,Kebumen,Buluspesantren,Waluyo
Jawa Tengah,Kebumen,Puring,Waluyorejo
Jawa Tengah,Brebes,Songgom,Wanacala
Jawa Tengah,Banjarnegara,Sigaluh,Wanacipta
Jawa Tengah,Banjarnegara,Wanadadi,Wanadadi
Jawa Tengah,Banjarnegara,Bawang,Wanadri
Jawa Tengah,Banjarnegara,Wanadadi,Wanakarsa
Jawa Tengah,Banjarnegara,Wanayasa,Wanaraja
Jawa Tengah,Cilacap,Wanareja,Wanareja
Jawa Tengah,Brebes,Sirampog,Wanareja
Jawa Tengah,Tegal,Margasari,Wanasari
Jawa Tengah,Brebes,Songgom,Wanatawang
Jawa Tengah,Brebes,Paguyangan,Wanatirta
Jawa Tengah,Banjarnegara,Wanayasa,Wanayasa
Jawa Tengah,Pekalongan,Bojong,Wangandowo
Jawa Tengah,Klaten,Polanharjo,Wangen
Jawa Tengah,Pekalongan,Kandangserang,Wangkelang
Jawa Tengah,Klaten,Trucuk,Wanglu
Jawa Tengah,Banjarnegara,Banjarnegara,Wangon
Jawa Tengah,Purworejo,Banyuurip,Wangunrejo
Jawa Tengah,Brebes,Salem,Wanoja
Jawa Tengah,Magelang,Borobudur,Wanurejo
Jawa Tengah,Purworejo,Kemiri,Wanurojo
Jawa Tengah,Temanggung,Parakan,Wanutengah
Jawa Tengah,Purworejo,Butuh,Wareng
Jawa Tengah,Purworejo,Pituruh,Waru
Jawa Tengah,Brebes,Bantarkawung,Waru
Jawa Tengah,Demak,Mranggen,Waru
Jawa Tengah,Purworejo,Ngombol,Wasiat
Jawa Tengah,Magelang,Dukun,Wates
Jawa Tengah,Temanggung,Wonoboyo,Wates
Jawa Tengah,Semarang,Getasan,Wates
Jawa Tengah,Semarang,Ngaliyan,Wates
Jawa Tengah,Magelang,Magelang Utara,Wates
Jawa Tengah,Banyumas,Tambak,Watuagung
Jawa Tengah,Semarang,Tuntang,Watuagung
Jawa Tengah,Purworejo,Bruno,Watuduwur
Jawa Tengah,Pekalongan,Kesesi,Watugajah
Jawa Tengah,Brebes,Tonjong,Watujaya
Jawa Tengah,Kebumen,Ayah,Watukelir
Jawa Tengah,Temanggung,Parakan,Watukumpul
Jawa Tengah,Purworejo,Purwodadi,Watukuro
Jawa Tengah,Kebumen,Pejagoan,Watulawang
Jawa Tengah,Pekalongan,Kesesi,Watupayung
Jawa Tengah,Banjarnegara,Bawang,Watuurip
Jawa Tengah,Kendal,Weleri,Weleri
Jawa Tengah,Pekalongan,Paninggaran,Werdi
Jawa Tengah,Kebumen,Mirit,Wergonayan
Jawa Tengah,Purworejo,Ngombol,Wero
Jawa Tengah,Kebumen,Gombong,Wero
Jawa Tengah,Kebumen,Puring,Wetonkulon
Jawa Tengah,Kebumen,Puring,Wetonwetan
Jawa Tengah,Cilacap,Binangun,Widarapayung Kulon
Jawa Tengah,Cilacap,Binangun,Widarapayung Wetan
Jawa Tengah,Kebumen,Karangsambung,Widoro
Jawa Tengah,Pekalongan,Paninggaran,Winduaji
Jawa Tengah,Brebes,Salem,Winduasri
Jawa Tengah,Banyumas,Kedungbanteng,Windujaya
Jawa Tengah,Pekalongan,Kesesi,Windurojo
Jawa Tengah,Brebes,Salem,Windusakti
Jawa Tengah,Magelang,Windusari,Windusari
Jawa Tengah,Purworejo,Ngombol,Wingkoharjo
Jawa Tengah,Purworejo,Ngombol,Wingkomulyo
Jawa Tengah,Purworejo,Ngombol,Wingkosanggrahan
Jawa Tengah,Purworejo,Ngombol,Wingkosigromulyo
Jawa Tengah,Purworejo,Ngombol,Wingkotinumpuk
Jawa Tengah,Banjarnegara,Bawang,Winong
Jawa Tengah,Purworejo,Kemiri,Winong
Jawa Tengah,Boyolali,Boyolali,Winong
Jawa Tengah,Kebumen,Mirit,Winong
Jawa Tengah,Kendal,Ngampel,Winong
Jawa Tengah,Purworejo,Gebang,Winongkidul
Jawa Tengah,Purworejo,Gebang,Winonglor
Jawa Tengah,Banjarnegara,Bawang,Wiramastra
Jawa Tengah,Klaten,Bayat,Wiro
Jawa Tengah,Kebumen,Mirit,Wirogaten
Jawa Tengah,Semarang,Banyubiru,Wirogomo
Jawa Tengah,Kebumen,Mirit,Wiromartan
Jawa Tengah,Purworejo,Butuh,Wironatan
Jawa Tengah,Kendal,Patean,Wirosari
Jawa Tengah,Semarang,Bringin,Wiru
Jawa Tengah,Purworejo,Kutoarjo,Wirun
Jawa Tengah,Brebes,Larangan,Wlahar
Jawa Tengah,Banyumas,Patikraja,Wlahar Kulon
Jawa Tengah,Banyumas,Kalibagor,Wlahar Wetan
Jawa Tengah,Purworejo,Ngombol,Wonoboyo
Jawa Tengah,Klaten,Jogonalan,Wonoboyo
Jawa Tengah,Temanggung,Wonoboyo,Wonoboyo
Jawa Tengah,Temanggung,Wonoboyo,Wonocoyo
Jawa Tengah,Purworejo,Butuh,Wonodadi
Jawa Tengah,Kebumen,Buayan,Wonodadi
Jawa Tengah,Kendal,Plantungan,Wonodadi
Jawa Tengah,Boyolali,Cepogo,Wonodoyo
Jawa Tengah,Semarang,Semarang Selatan,Wonodri
Jawa Tengah,Purworejo,Grabag,Wonoenggal
Jawa Tengah,Magelang,Kajoran,Wonogiri
Jawa Tengah,Kebumen,Rowokele,Wonoharjo
Jawa Tengah,Temanggung,Tembarak,Wonokerso
Jawa Tengah,Temanggung,Pringsurat,Wonokerso
Jawa Tengah,Magelang,Tegalrejo,Wonokerto
Jawa Tengah,Semarang,Bancak,Wonokerto
Jawa Tengah,Kebumen,Gombong,Wonokriyo
Jawa Tengah,Kebumen,Alian,Wonokromo
Jawa Tengah,Magelang,Sawangan,Wonolelo
Jawa Tengah,Semarang,Mijen,Wonolopo
Jawa Tengah,Semarang,Mijen,Wonoplumbon
Jawa Tengah,Pekalongan,Wonopringgo,Wonopringgo
Jawa Tengah,Pekalongan,Kajen,Wonorejo
Jawa Tengah,Pekalongan,Wonopringgo,Wonorejo
Jawa Tengah,Demak,Guntur,Wonorejo
Jawa Tengah,Semarang,Pringapus,Wonorejo
Jawa Tengah,Kebumen,Karanganyar,Wonorejo
Jawa Tengah,Purworejo,Butuh,Wonorejokulon
Jawa Tengah,Purworejo,Butuh,Wonorejowetan
Jawa Tengah,Purworejo,Ngombol,Wonoroto
Jawa Tengah,Magelang,Windusari,Wonoroto
Jawa Tengah,Purworejo,Purworejo,Wonoroto
Jawa Tengah,Purworejo,Ngombol,Wonosari
Jawa Tengah,Purworejo,Kemiri,Wonosari
Jawa Tengah,Kendal,Pegandon,Wonosari
Jawa Tengah,Pekalongan,Karanganyar,Wonosari
Jawa Tengah,Klaten,Trucuk,Wonosari
Jawa Tengah,Temanggung,Bulu,Wonosari
Jawa Tengah,Semarang,Ngaliyan,Wonosari
Jawa Tengah,Kebumen,Kebumen,Wonosari
Jawa Tengah,Kebumen,Sadang,Wonosari
Jawa Tengah,Demak,Karangawen,Wonosekar
Jawa Tengah,Purworejo,Pituruh,Wonosido
Jawa Tengah,Pekalongan,Lebakbarang,Wonosido
Jawa Tengah,Kebumen,Gombong,Wonosigro
Jawa Tengah,Purworejo,Ngombol,Wonosri
Jawa Tengah,Purworejo,Kemiri,Wonosuko
Jawa Tengah,Semarang,Candisari,Wonotingal
Jawa Tengah,Temanggung,Bulu,Wonotirto
Jawa Tengah,Kebumen,Karanggayam,Wonotirto
Jawa Tengah,Purworejo,Gebang,Wonotopo
Jawa Tengah,Purworejo,Purworejo,Wonotulus
Jawa Tengah,Purworejo,Pituruh,Wonoyoso
Jawa Tengah,Semarang,Pringapus,Wonoyoso
Jawa Tengah,Kebumen,Kuwarasan,Wonoyoso
Jawa Tengah,Kebumen,Klirong,Wotbuwono
Jawa Tengah,Tegal,Jatinegara,Wotgalih
Jawa Tengah,Pekalongan,Doro,Wringinagung
Jawa Tengah,Cilacap,Gandrungmangu,Wringinharjo
Jawa Tengah,Demak,Mranggen,Wringinjajar
Jawa Tengah,Tegal,Balapulang,Wringinjenggot
Jawa Tengah,Magelang,Borobudur,Wringinputih
Jawa Tengah,Semarang,Bergas,Wringinputih
Jawa Tengah,Semarang,Bergas,Wujil
Jawa Tengah,Magelang,Sawangan,Wulunggunung
Jawa Tengah,Wonosobo,Selomerto,Wulungsari
Jawa Tengah,Kendal,Ringinarum,Wungurejo
Jawa Tengah,Purworejo,Ngombol,Wunut
Jawa Tengah,Klaten,Tulung,Wunut
Jawa Tengah,Magelang,Kajoran,Wuwuharjo
Jawa Tengah,Tegal,Lebaksiu,Yamansari
Jawa Tengah,Pekalongan,Petungkriyono,Yosorejo
Jawa Tengah,Cilacap,Cilacap selatan,Cilacap
Jawa Tengah,Cilacap,Cilacap selatan,Tegalreja
Jawa Tengah,Cilacap,Cilacap selatan,Sidakaya
Jawa Tengah,Cilacap,Kampung laut,Ujungalang
Jawa Tengah,Cilacap,Cilacap tengah,Gunungsimping
Jawa Tengah,Cilacap,Cilacap tengah,Sidanegara
Jawa Tengah,Cilacap,Cilacap tengah,Donan
Jawa Tengah,Cilacap,Cilacap utara,Kebonmanis
Jawa Tengah,Cilacap,Cilacap tengah,Lomanis
Jawa Tengah,Cilacap,Kampung laut,Klaces
Jawa Tengah,Cilacap,Kampung laut,Ujunggagak
Jawa Tengah,Cilacap,Cilacap utara,Gumilir
Jawa Tengah,Cilacap,Adipala,Bunton
Jawa Tengah,Cilacap,Adipala,Welahan wetan
Jawa Tengah,Cilacap,Bantarsari,Binangun
Jawa Tengah,Cilacap,Adipala,Glempangpasir
Jawa Tengah,Cilacap,Adipala,Karangbenda
Jawa Tengah,Cilacap,Adipala,Karanganyar
Jawa Tengah,Cilacap,Cilacap utara,Mertasinga
Jawa Tengah,Cilacap,Kesugihan,Karangkandri
Jawa Tengah,Cilacap,Adipala,Gombolharjo
Jawa Tengah,Cilacap,Adipala,Pedasong
Jawa Tengah,Cilacap,Adipala,Wlahar
Jawa Tengah,Cilacap,Cilacap utara,Karangtalun
Jawa Tengah,Cilacap,Kesugihan,Menganti
Jawa Tengah,Cilacap,Kawunganten,Babakan
Jawa Tengah,Cilacap,Jeruklegi,Tritih wetan
Jawa Tengah,Cilacap,Cilacap tengah,Kutawaru
Jawa Tengah,Cilacap,Kesugihan,Slarang
Jawa Tengah,Cilacap,Kesugihan,Kuripan kidul
Jawa Tengah,Cilacap,Adipala,Adiraja
Jawa Tengah,Cilacap,Adipala,Adireja kulon
Jawa Tengah,Cilacap,Adipala,Adipala
Jawa Tengah,Cilacap,Adipala,Adireja wetan
Jawa Tengah,Cilacap,Adipala,Penggalang
Jawa Tengah,Cilacap,Cilacap utara,Tritih kulon
Jawa Tengah,Cilacap,Kawunganten,Grugu
Jawa Tengah,Cilacap,Kesugihan,Kuripan
Jawa Tengah,Cilacap,Kawunganten,Ujungmanik
Jawa Tengah,Cilacap,Kesugihan,Jangrana
Jawa Tengah,Cilacap,Adipala,Karangsari
Jawa Tengah,Cilacap,Jeruklegi,Tritih lor
Jawa Tengah,Cilacap,Kesugihan,Kalisabuk
Jawa Tengah,Cilacap,Adipala,Kalikudi
Jawa Tengah,Cilacap,Adipala,Doplang
Jawa Tengah,Cilacap,Kawunganten,Bringkeng
Jawa Tengah,Cilacap,Maos,Karangreja
Jawa Tengah,Cilacap,Kesugihan,Kesugihan kidul
Jawa Tengah,Cilacap,Jeruklegi,Brebeg
Jawa Tengah,Cilacap,Maos,Karangkemiri
Jawa Tengah,Cilacap,Maos,Klapagada
Jawa Tengah,Cilacap,Kampung laut,Panikel
Jawa Tengah,Cilacap,Kesugihan,Kesugihan
Jawa Tengah,Cilacap,Maos,Maos kidul
Jawa Tengah,Cilacap,Jeruklegi,Sumingkir
Jawa Tengah,Cilacap,Kesugihan,Dondong
Jawa Tengah,Cilacap,Maos,Karangrena
Jawa Tengah,Cilacap,Jeruklegi,Jeruklegi wetan
Jawa Tengah,Cilacap,Maos,Mernek
Jawa Tengah,Cilacap,Maos,Kalijaran
Jawa Tengah,Cilacap,Kawunganten,Kubangkangkung
Jawa Tengah,Cilacap,Kawunganten,Bojong
Jawa Tengah,Cilacap,Kawunganten,Sidaurip
Jawa Tengah,Cilacap,Jeruklegi,Mandala
Jawa Tengah,Cilacap,Maos,Maos lor
Jawa Tengah,Cilacap,Kesugihan,Planjan
Jawa Tengah,Cilacap,Maos,Panisihan
Jawa Tengah,Cilacap,Kesugihan,Keleng
Jawa Tengah,Cilacap,Kesugihan,Pesanggrahan
Jawa Tengah,Cilacap,Jeruklegi,Jeruklegi kulon
Jawa Tengah,Cilacap,Kesugihan,Bulupayung
Jawa Tengah,Cilacap,Kesugihan,Karangjengkol
Jawa Tengah,Cilacap,Kesugihan,Ciwuni
Jawa Tengah,Cilacap,Maos,Glempang
Jawa Tengah,Cilacap,Jeruklegi,Cilibang
Jawa Tengah,Cilacap,Kawunganten,Kawunganten
Jawa Tengah,Cilacap,Jeruklegi,Sawangan
Jawa Tengah,Cilacap,Kawunganten,Kawunganten lor
Jawa Tengah,Cilacap,Kawunganten,Mentasan
Jawa Tengah,Cilacap,Jeruklegi,Karangkemiri
Jawa Tengah,Cilacap,Kawunganten,Kalijeruk
Jawa Tengah,Cilacap,Bantarsari,Rawajaya
Jawa Tengah,Cilacap,Jeruklegi,Prapagan
Jawa Tengah,Cilacap,Jeruklegi,Jambusari
Jawa Tengah,Cilacap,Kawunganten,Sarwadadi
Jawa Tengah,Cilacap,Bantarsari,Bantarsari
Jawa Tengah,Cilacap,Jeruklegi,Citepus
Jawa Tengah,Cilacap,Bantarsari,Bulaksari
Jawa Tengah,Cilacap,Bantarsari,Kamulyan
Jawa Tengah,Cilacap,Bantarsari,Cikedondong
Jawa Tengah,Cilacap,Bantarsari,Citembong
Jawa Tengah,Cilacap,Bantarsari,Kedungwadas
Jawa Tengah,Cilacap,Cilacap selatan,Tegalkamulyan
Jawa Tengah,Cilacap,Cilacap selatan,Tambakreja
Jawa Tengah,Purbalingga,Kemangkon,Pelumutan
Jawa Tengah,Purbalingga,Kemangkon,Bokol
Jawa Tengah,Purbalingga,Kemangkon,Kedungbenda
Jawa Tengah,Purbalingga,Kemangkon,Majatengah
Jawa Tengah,Purbalingga,Kemangkon,Senon
Jawa Tengah,Purbalingga,Kemangkon,Kedunglegok
Jawa Tengah,Purbalingga,Kemangkon,Sumilir
Jawa Tengah,Purbalingga,Kemangkon,Kemangkon
Jawa Tengah,Purbalingga,Kemangkon,Pegandekan
Jawa Tengah,Purbalingga,Kemangkon,Kalialang
Jawa Tengah,Purbalingga,Bukateja,Tidu
Jawa Tengah,Purbalingga,Kemangkon,Karangtengah
Jawa Tengah,Purbalingga,Kemangkon,Muntang
Jawa Tengah,Purbalingga,Kemangkon,Bakulan
Jawa Tengah,Purbalingga,Bukateja,Wirasaba
Jawa Tengah,Purbalingga,Bukateja,Kembangan
Jawa Tengah,Purbalingga,Kalimanah,Jompo
Jawa Tengah,Purbalingga,Kemangkon,Karangkemiri
Jawa Tengah,Purbalingga,Bukateja,Karanggedang
Jawa Tengah,Purbalingga,Bukateja,Cipawon
Jawa Tengah,Purbalingga,Kemangkon,Panican
Jawa Tengah,Purbalingga,Kalimanah,Rabak
Jawa Tengah,Purbalingga,Bukateja,Karangcengis
Jawa Tengah,Purbalingga,Kemangkon,Gambarsari
Jawa Tengah,Purbalingga,Bukateja,Majasari
Jawa Tengah,Purbalingga,Kemangkon,Majasem
Jawa Tengah,Purbalingga,Bukateja,Penaruban
Jawa Tengah,Purbalingga,Kalimanah,Sidakangen
Jawa Tengah,Purbalingga,Kalimanah,Blater
Jawa Tengah,Purbalingga,Kemangkon,Toyareka
Jawa Tengah,Purbalingga,Kemangkon,Jetis
Jawa Tengah,Purbalingga,Bukateja,Kedungjati
Jawa Tengah,Purbalingga,Bukateja,Kebutuh
Jawa Tengah,Purbalingga,Bukateja,Bajong
Jawa Tengah,Purbalingga,Bukateja,Karangnangka
Jawa Tengah,Purbalingga,Kalimanah,Karangpetir
Jawa Tengah,Purbalingga,Kalimanah,Kalimanah Kulon
Jawa Tengah,Purbalingga,Bukateja,Kutawis
Jawa Tengah,Purbalingga,Kalimanah,Manduraga
Jawa Tengah,Purbalingga,Kalimanah,Kalimanah Wetan
Jawa Tengah,Purbalingga,Bukateja,Bukateja
Jawa Tengah,Purbalingga,Kejobong,Sokanegara
Jawa Tengah,Purbalingga,Kalimanah,Karangsari
Jawa Tengah,Purbalingga,Kalimanah,Grecol
Jawa Tengah,Purbalingga,Purbalingga,Toyareja
Jawa Tengah,Purbalingga,Purbalingga,Bojong
Jawa Tengah,Purbalingga,Kalimanah,Mewek
Jawa Tengah,Purbalingga,Kalimanah,Selabaya
Jawa Tengah,Purbalingga,Kaligondang,Lamongan
Jawa Tengah,Purbalingga,Kejobong,Lamuk
Jawa Tengah,Purbalingga,Kejobong,Krenceng
Jawa Tengah,Purbalingga,Purbalingga,Kedungmenjangan
Jawa Tengah,Purbalingga,Kalimanah,Karangmanyar
Jawa Tengah,Purbalingga,Kaligondang,Tejasari
Jawa Tengah,Purbalingga,Kejobong,Pandansari
Jawa Tengah,Purbalingga,Kejobong,Nangkasawit
Jawa Tengah,Purbalingga,Kalimanah,Kedungwuluh
Jawa Tengah,Purbalingga,Kejobong,Gumiwang
Jawa Tengah,Purbalingga,Kalimanah,Kalikabong
Jawa Tengah,Purbalingga,Kalimanah,Klapasawit
Jawa Tengah,Purbalingga,Purbalingga,Penambongan
Jawa Tengah,Purbalingga,Kejobong,Bandingan
Jawa Tengah,Purbalingga,Purbalingga,Jatisaba
Jawa Tengah,Purbalingga,Padamara,Karangpule
Jawa Tengah,Purbalingga,Kejobong,Langgar
Jawa Tengah,Purbalingga,Kejobong,Timbang
Jawa Tengah,Purbalingga,Purbalingga,Bancar
Jawa Tengah,Purbalingga,Purbalingga,Purbalingga Kidul
Jawa Tengah,Purbalingga,Purbalingga,Kandanggampang
Jawa Tengah,Purbalingga,Kalimanah,Babakan
Jawa Tengah,Purbalingga,Padamara,Sokawera
Jawa Tengah,Purbalingga,Kaligondang,Brecek
Jawa Tengah,Purbalingga,Kejobong,Kejobong
Jawa Tengah,Purbalingga,Purbalingga,Purbalingga Kulon
Jawa Tengah,Purbalingga,Purbalingga,Purbalingga Wetan
Jawa Tengah,Purbalingga,Kaligondang,Penolih
Jawa Tengah,Purbalingga,Padamara,Karangjambe
Jawa Tengah,Purbalingga,Kaligondang,Cilapar
Jawa Tengah,Purbalingga,Kaligondang,Sempor Lor
Jawa Tengah,Purbalingga,Padamara,Karangsentul
Jawa Tengah,Purbalingga,Pengadegan,Pasunggingan
Jawa Tengah,Purbalingga,Kaligondang,Penaruban
Jawa Tengah,Purbalingga,Padamara,Kalitinggar Kidul
Jawa Tengah,Purbalingga,Purbalingga,Purbalingga Lor
Jawa Tengah,Purbalingga,Padamara,Padamara
Jawa Tengah,Purbalingga,Kejobong,Pangempon
Jawa Tengah,Purbalingga,Padamara,Bojanegara
Jawa Tengah,Purbalingga,Kejobong,Nangkod
Jawa Tengah,Purbalingga,Purbalingga,Kembaran Kulon
Jawa Tengah,Purbalingga,Kaligondang,Sinduraja
Jawa Tengah,Purbalingga,Kaligondang,Selanegara
Jawa Tengah,Purbalingga,Purbalingga,Wirasana
Jawa Tengah,Purbalingga,Kejobong,Kedarpan
Jawa Tengah,Purbalingga,Padamara,Kalitinggar
Jawa Tengah,Purbalingga,Kaligondang,Kaligondang
Jawa Tengah,Purbalingga,Padamara,Gemuruh
Jawa Tengah,Purbalingga,Kaligondang,Kembaran Wetan
Jawa Tengah,Purbalingga,Padamara,Purbayasa
Jawa Tengah,Purbalingga,Padamara,Prigi
Jawa Tengah,Purbalingga,Bojongsari,Brobot
Jawa Tengah,Purbalingga,Kutasari,Karanglewas
Jawa Tengah,Purbalingga,Kaligondang,Kalikajar
Jawa Tengah,Purbalingga,Pengadegan,Larangan
Jawa Tengah,Purbalingga,Bojongsari,Galuh
Jawa Tengah,Purbalingga,Pengadegan,Pengadegan
Jawa Tengah,Purbalingga,Padamara,Dawuhan
Jawa Tengah,Purbalingga,Bojongsari,Gembong
Jawa Tengah,Purbalingga,Kutasari,Munjul
Jawa Tengah,Purbalingga,Padamara,Karanggambas
Jawa Tengah,Purbalingga,Padamara,Mipiran
Jawa Tengah,Purbalingga,Kutasari,Karangklesem
Jawa Tengah,Purbalingga,Kaligondang,Selakambang
Jawa Tengah,Purbalingga,Pengadegan,Karangjoho
Jawa Tengah,Purbalingga,Kutasari,Karangaren
Jawa Tengah,Purbalingga,Kaligondang,Slinga
Jawa Tengah,Purbalingga,Pengadegan,Panunggalan
Jawa Tengah,Purbalingga,Bojongsari,Kajongan
Jawa Tengah,Purbalingga,Kaligondang,Sidanegara
Jawa Tengah,Purbalingga,Kaligondang,Arenan
Jawa Tengah,Purbalingga,Kaligondang,Pagerandong
Jawa Tengah,Purbalingga,Kutasari,Kutasari
Jawa Tengah,Purbalingga,Bojongsari,Karangbanjar
Jawa Tengah,Purbalingga,Bojongsari,Patemon
Jawa Tengah,Purbalingga,Pengadegan,Bedagas
Jawa Tengah,Purbalingga,Bojongsari,Banjaran
Jawa Tengah,Purbalingga,Kutasari,Limbangan
Jawa Tengah,Purbalingga,Kutasari,Karangreja
Jawa Tengah,Purbalingga,Bojongsari,Beji
Jawa Tengah,Purbalingga,Pengadegan,Tetel
Jawa Tengah,Purbalingga,Mrebet,Sindang
Jawa Tengah,Purbalingga,Kaligondang,Sidareja
Jawa Tengah,Purbalingga,Bojongsari,Bojongsari
Jawa Tengah,Purbalingga,Pengadegan,Tegalpingen
Jawa Tengah,Purbalingga,Pengadegan,Tumanggal
Jawa Tengah,Purbalingga,Kutasari,Meri
Jawa Tengah,Purbalingga,Mrebet,Karangturi
Jawa Tengah,Purbalingga,Kutasari,Sumingkir
Jawa Tengah,Purbalingga,Rembang,Wlahar
Jawa Tengah,Purbalingga,Bojongsari,Pagedangan
Jawa Tengah,Purbalingga,Kertanegara,Mergasana
Jawa Tengah,Purbalingga,Mrebet,Mangunegara
Jawa Tengah,Purbalingga,Karanganyar,Kaliori
Jawa Tengah,Purbalingga,Rembang,Wanogara Wetan
Jawa Tengah,Purbalingga,Karangmoncol,Pepedan
Jawa Tengah,Purbalingga,Mrebet,Onje
Jawa Tengah,Purbalingga,Mrebet,Karangnangka
Jawa Tengah,Purbalingga,Bojongsari,Metenggeng
Jawa Tengah,Purbalingga,Mrebet,Tangkisan
Jawa Tengah,Purbalingga,Mrebet,Kradenan
Jawa Tengah,Purbalingga,Karangmoncol,Karangsari
Jawa Tengah,Purbalingga,Bojongsari,Pekalongan
Jawa Tengah,Purbalingga,Mrebet,Selaganggeng
Jawa Tengah,Purbalingga,Kertanegara,Kertanegara
Jawa Tengah,Purbalingga,Rembang,Bantarbarang
Jawa Tengah,Purbalingga,Karangmoncol,Pekiringan
Jawa Tengah,Purbalingga,Mrebet,Mrebet
Jawa Tengah,Purbalingga,Karangmoncol,Grantung
Jawa Tengah,Purbalingga,Bobotsari,Gandasuli
Jawa Tengah,Purbalingga,Rembang,Karangbawang
Jawa Tengah,Purbalingga,Bobotsari,Kalapacung
Jawa Tengah,Purbalingga,Karanganyar,Kalijaran
Jawa Tengah,Purbalingga,Bobotsari,Karangmalang
Jawa Tengah,Purbalingga,Kertanegara,Karangtengah
Jawa Tengah,Purbalingga,Kutasari,Karangcegak
Jawa Tengah,Purbalingga,Rembang,Bodaskarangjati
Jawa Tengah,Purbalingga,Kertanegara,Kasih
Jawa Tengah,Purbalingga,Mrebet,Cipaku
Jawa Tengah,Purbalingga,Mrebet,Lambur
Jawa Tengah,Purbalingga,Mrebet,Bojong
Jawa Tengah,Purbalingga,Karanganyar,Banjarkerta
Jawa Tengah,Purbalingga,Kertanegara,Condong
Jawa Tengah,Purbalingga,Bobotsari,Bobotsari
Jawa Tengah,Purbalingga,Bobotsari,Majapura
Jawa Tengah,Purbalingga,Mrebet,Pagerandong
Jawa Tengah,Purbalingga,Kutasari,Candiwulan
Jawa Tengah,Purbalingga,Karanganyar,Karanganyar
Jawa Tengah,Purbalingga,Karanganyar,Karanggedang
Jawa Tengah,Purbalingga,Mrebet,Serayu Karanganyar
Jawa Tengah,Purbalingga,Karanganyar,Kabunderan
Jawa Tengah,Purbalingga,Bobotsari,Pakuncen
Jawa Tengah,Purbalingga,Kertanegara,Karangpucung
Jawa Tengah,Purbalingga,Kutasari,Candinata
Jawa Tengah,Purbalingga,Bobotsari,Karangduren
Jawa Tengah,Purbalingga,Rembang,Losari
Jawa Tengah,Purbalingga,Kutasari,Cendana
Jawa Tengah,Purbalingga,Karanganyar,Jambudesa
Jawa Tengah,Purbalingga,Karangmoncol,Tajug
Jawa Tengah,Purbalingga,Rembang,Makam
Jawa Tengah,Purbalingga,Bobotsari,Gunungkarang
Jawa Tengah,Purbalingga,Bobotsari,Karangtalun
Jawa Tengah,Purbalingga,Mrebet,Campakoah
Jawa Tengah,Purbalingga,Kutasari,Karangjengkol
Jawa Tengah,Purbalingga,Karangmoncol,Rajawana
Jawa Tengah,Purbalingga,Rembang,Sumampir
Jawa Tengah,Purbalingga,Mrebet,Serayu Larangan
Jawa Tengah,Purbalingga,Karanganyar,Lumpang
Jawa Tengah,Purbalingga,Karangmoncol,Baleraksa
Jawa Tengah,Purbalingga,Kertanegara,Karangasem
Jawa Tengah,Purbalingga,Karangmoncol,Tamansari
Jawa Tengah,Purbalingga,Karanganyar,Bungkanel
Jawa Tengah,Purbalingga,Bobotsari,Banjarsari
Jawa Tengah,Purbalingga,Bobotsari,Dagan
Jawa Tengah,Purbalingga,Kertanegara,Adiarsa
Jawa Tengah,Purbalingga,Bobotsari,Talagening
Jawa Tengah,Purbalingga,Karanganyar,Brakas
Jawa Tengah,Purbalingga,Karanganyar,Maribaya
Jawa Tengah,Purbalingga,Bobotsari,Tlagayasa
Jawa Tengah,Purbalingga,Karanganyar,Buara
Jawa Tengah,Purbalingga,Mrebet,Pengalusan
Jawa Tengah,Purbalingga,Mrebet,Sangkanayu
Jawa Tengah,Purbalingga,Rembang,Gunungwuled
Jawa Tengah,Purbalingga,Bobotsari,Palumbungan
Jawa Tengah,Purbalingga,Mrebet,Binangun
Jawa Tengah,Purbalingga,Karangmoncol,Tunjungmuli
Jawa Tengah,Purbalingga,Bobotsari,Palumbungan Wetan
Jawa Tengah,Purbalingga,Karangreja,Tlahab Kidul
Jawa Tengah,Purbalingga,Bojongsari,Bumisari
Jawa Tengah,Purbalingga,Bobotsari,Limbasari
Jawa Tengah,Purbalingga,Kertanegara,Langkap
Jawa Tengah,Purbalingga,Karangreja,Tlahab Lor
Jawa Tengah,Purbalingga,Kertanegara,Darma
Jawa Tengah,Purbalingga,Karanganyar,Ponjen
Jawa Tengah,Purbalingga,Kertanegara,Krangean
Jawa Tengah,Purbalingga,Karangreja,Serang
Jawa Tengah,Purbalingga,Karangmoncol,Kramat
Jawa Tengah,Purbalingga,Karangreja,Kutabawa
Jawa Tengah,Purbalingga,Karangreja,Karangreja
Jawa Tengah,Purbalingga,Karangreja,Siwarak
Jawa Tengah,Purbalingga,Karangjambu,Karangjambu
Jawa Tengah,Purbalingga,Karangreja,Gondang
Jawa Tengah,Purbalingga,Karangjambu,Purbasari
Jawa Tengah,Purbalingga,Karangjambu,Sirandu
Jawa Tengah,Purbalingga,Karangjambu,Sanguwatang
Jawa Tengah,Purbalingga,Karangmoncol,Sirau
Jawa Tengah,Purbalingga,Karangjambu,Danasari
Jawa Tengah,Purbalingga,Rembang,Wanogara Kulon
Jawa Tengah,Wonosobo,Wadaslintang,Sumberejo
Jawa Tengah,Wonosobo,Wadaslintang,Erorejo
Jawa Tengah,Wonosobo,Wadaslintang,Panerusan
Jawa Tengah,Wonosobo,Kepil,Gadingsukuh
Jawa Tengah,Wonosobo,Kepil,Burat
Jawa Tengah,Wonosobo,Wadaslintang,Wadaslintang
Jawa Tengah,Wonosobo,Kepil,Bener
Jawa Tengah,Wonosobo,Kepil,Tegeswetan
Jawa Tengah,Wonosobo,Wadaslintang,Besuki
Jawa Tengah,Wonosobo,Wadaslintang,Tirip
Jawa Tengah,Wonosobo,Kepil,Gadingrejo
Jawa Tengah,Wonosobo,Wadaslintang,Somogede
Jawa Tengah,Wonosobo,Kepil,Jangkrikan
Jawa Tengah,Wonosobo,Wadaslintang,Trimulyo
Jawa Tengah,Wonosobo,Kepil,Kepil
Jawa Tengah,Wonosobo,Kalibawang,Pengarengan
Jawa Tengah,Wonosobo,Kepil,Rejosari
Jawa Tengah,Wonosobo,Kalibawang,Mergolangu
Jawa Tengah,Wonosobo,Wadaslintang,Ngalian
Jawa Tengah,Wonosobo,Wadaslintang,Gumelar
Jawa Tengah,Wonosobo,Kalibawang,Kalikarung
Jawa Tengah,Wonosobo,Kepil,Kapulogo
Jawa Tengah,Wonosobo,Kalibawang,Dempel
Jawa Tengah,Wonosobo,Kepil,Randusari
Jawa Tengah,Wonosobo,Kepil,Ngalian
Jawa Tengah,Wonosobo,Kepil,Gondowulan
Jawa Tengah,Wonosobo,Kepil,Kagungan
Jawa Tengah,Wonosobo,Kalibawang,Depok
Jawa Tengah,Wonosobo,Kaliwiro,Ngadisono
Jawa Tengah,Wonosobo,Wadaslintang,Kalidadap
Jawa Tengah,Wonosobo,Kepil,Kalipuru
Jawa Tengah,Wonosobo,Kepil,Beran
Jawa Tengah,Wonosobo,Kaliwiro,Bendungan
Jawa Tengah,Wonosobo,Kaliwiro,Selomanik
Jawa Tengah,Wonosobo,Kalibawang,Karangsambung
Jawa Tengah,Wonosobo,Kaliwiro,Lebak
Jawa Tengah,Wonosobo,Sapuran,Glagah
Jawa Tengah,Wonosobo,Kaliwiro,Ngasinan
Jawa Tengah,Wonosobo,Kepil,Tegalgot
Jawa Tengah,Wonosobo,Kaliwiro,Kauman
Jawa Tengah,Wonosobo,Kalibawang,Kalialang
Jawa Tengah,Wonosobo,Sapuran,Karangsari
Jawa Tengah,Wonosobo,Sapuran,Pecekelan
Jawa Tengah,Wonosobo,Kaliwiro,Grugu
Jawa Tengah,Wonosobo,Kaliwiro,Kaliguwo
Jawa Tengah,Wonosobo,Kepil,Kaliwuluh
Jawa Tengah,Wonosobo,Sapuran,Talunombo
Jawa Tengah,Wonosobo,Sapuran,Surojoyo
Jawa Tengah,Wonosobo,Kalibawang,Tempurejo
Jawa Tengah,Wonosobo,Sapuran,Tempursari
Jawa Tengah,Wonosobo,Kaliwiro,Purwosari
Jawa Tengah,Wonosobo,Kaliwiro,Cledok
Jawa Tengah,Wonosobo,Kaliwiro,Kaliwiro
Jawa Tengah,Wonosobo,Kaliwiro,Pucungkerep
Jawa Tengah,Wonosobo,Kaliwiro,Gambaran
Jawa Tengah,Wonosobo,Sapuran,Sapuran
Jawa Tengah,Wonosobo,Kaliwiro,Winongsari
Jawa Tengah,Wonosobo,Kaliwiro,Sukoreno
Jawa Tengah,Wonosobo,Sapuran,Jolontoro
Jawa Tengah,Wonosobo,Kaliwiro,Tanjunganom
Jawa Tengah,Wonosobo,Sapuran,Bogoran
Jawa Tengah,Wonosobo,Kepil,Warangan
Jawa Tengah,Wonosobo,Kaliwiro,Kemiriombo
Jawa Tengah,Wonosobo,Kaliwiro,Lamuk
Jawa Tengah,Wonosobo,Kaliwiro,Pesodongan
Jawa Tengah,Wonosobo,Sapuran,Batursari
Jawa Tengah,Wonosobo,Selomerto,Candi
Jawa Tengah,Wonosobo,Selomerto,Kaliputih
Jawa Tengah,Wonosobo,Selomerto,Kecis
Jawa Tengah,Wonosobo,Kalikajar,Mungkung
Jawa Tengah,Wonosobo,Sapuran,Sedayu
Jawa Tengah,Wonosobo,Kalikajar,Mangunrejo
Jawa Tengah,Wonosobo,Sapuran,Marongsari
Jawa Tengah,Wonosobo,Leksono,Lipursari
Jawa Tengah,Wonosobo,Selomerto,Balekambang
Jawa Tengah,Wonosobo,Kalikajar,Perboto
Jawa Tengah,Wonosobo,Sapuran,Ngadisalam
Jawa Tengah,Wonosobo,Selomerto,Simbarejo
Jawa Tengah,Wonosobo,Selomerto,Krasak
Jawa Tengah,Wonosobo,Leksono,Sawangan
Jawa Tengah,Wonosobo,Leksono,Selokromo
Jawa Tengah,Wonosobo,Selomerto,Karangrejo
Jawa Tengah,Wonosobo,Selomerto,Gunungtawang
Jawa Tengah,Wonosobo,Sapuran,Tempuranduwur
Jawa Tengah,Wonosobo,Kalikajar,Kedalon
Jawa Tengah,Wonosobo,Kalikajar,Karangduwur
Jawa Tengah,Wonosobo,Selomerto,Bumitirto
Jawa Tengah,Wonosobo,Selomerto,Sumberwulan
Jawa Tengah,Wonosobo,Selomerto,Selomerto
Jawa Tengah,Wonosobo,Kalikajar,Rejosari
Jawa Tengah,Wonosobo,Leksono,Wonokerto
Jawa Tengah,Wonosobo,Kalikajar,Kalikajar
Jawa Tengah,Wonosobo,Selomerto,Semayu
Jawa Tengah,Wonosobo,Kalikajar,Simbang
Jawa Tengah,Wonosobo,Selomerto,Pakuncen
Jawa Tengah,Wonosobo,Leksono,Jlamprang
Jawa Tengah,Wonosobo,Leksono,Leksono
Jawa Tengah,Wonosobo,Selomerto,Kadipaten
Jawa Tengah,Wonosobo,Sukoharjo,Mergosari
Jawa Tengah,Wonosobo,Leksono,Besani
Jawa Tengah,Wonosobo,Selomerto,Sinduagung
Jawa Tengah,Wonosobo,Leksono,Sojokerto
Jawa Tengah,Wonosobo,Kalikajar,Kalikuning
Jawa Tengah,Wonosobo,Selomerto,Sidorejo
Jawa Tengah,Wonosobo,Sukoharjo,Kupangan
Jawa Tengah,Wonosobo,Kertek,Sindupaten
Jawa Tengah,Wonosobo,Selomerto,Adiwarno
Jawa Tengah,Wonosobo,Selomerto,Wilayu
Jawa Tengah,Wonosobo,Kertek,Surengede
Jawa Tengah,Wonosobo,Selomerto,Kalierang
Jawa Tengah,Wonosobo,Kalikajar,Maduretno
Jawa Tengah,Wonosobo,Kalikajar,Wonosari
Jawa Tengah,Wonosobo,Sukoharjo,Sukoharjo
Jawa Tengah,Wonosobo,Kalikajar,Kwadungan
Jawa Tengah,Wonosobo,Selomerto,Wonorejo
Jawa Tengah,Wonosobo,Kepil,Pulosaren
Jawa Tengah,Wonosobo,Sukoharjo,Sempol
Jawa Tengah,Wonosobo,Kalikajar,Purwojiwo
Jawa Tengah,Wonosobo,Sukoharjo,Rogojati
Jawa Tengah,Wonosobo,Sukoharjo,Karanganyar
Jawa Tengah,Wonosobo,Kertek,Kertek
Jawa Tengah,Wonosobo,Kertek,Sumberdalem
Jawa Tengah,Wonosobo,Selomerto,Ngadimulyo
Jawa Tengah,Wonosobo,Wonosobo,Tawangsari
Jawa Tengah,Wonosobo,Selomerto,Tumenggungan
Jawa Tengah,Wonosobo,Kalikajar,lamuk
Jawa Tengah,Wonosobo,Leksono,Timbang
Jawa Tengah,Wonosobo,Sukoharjo,Kajeksan
Jawa Tengah,Wonosobo,Wonosobo,Wonolelo
Jawa Tengah,Wonosobo,Kertek,Bojasari
Jawa Tengah,Wonosobo,Kalikajar,Tegalombo
Jawa Tengah,Wonosobo,Kalikajar,Kembaran
Jawa Tengah,Wonosobo,Leksono,Jonggolsari
Jawa Tengah,Wonosobo,Kalikajar,Bowongso
Jawa Tengah,Wonosobo,Sukoharjo,Gumiwang
Jawa Tengah,Wonosobo,Sukoharjo,Gunungtugel
Jawa Tengah,Wonosobo,Sukoharjo,Pucungwetan
Jawa Tengah,Wonosobo,Kertek,Wringinanom
Jawa Tengah,Wonosobo,Wonosobo,Mlipak
Jawa Tengah,Wonosobo,Wonosobo,Pancurwening
Jawa Tengah,Wonosobo,Wonosobo,Jogoyitnan
Jawa Tengah,Wonosobo,Kalikajar,Butuh Kidul
Jawa Tengah,Wonosobo,Kertek,Purwojati
Jawa Tengah,Wonosobo,Kertek,Ngadikusuman
Jawa Tengah,Wonosobo,Sukoharjo,Plodongan
Jawa Tengah,Wonosobo,Leksono,Pacarmulyo
Jawa Tengah,Wonosobo,Kertek,Karangluhur
Jawa Tengah,Wonosobo,Kertek,Sudungdewo
Jawa Tengah,Wonosobo,Leksono,Durensawit
Jawa Tengah,Wonosobo,Wonosobo,Jaraksari
Jawa Tengah,Wonosobo,Wonosobo,Kramatan
Jawa Tengah,Wonosobo,Wonosobo,Bumireso
Jawa Tengah,Wonosobo,Leksono,Kalimendong
Jawa Tengah,Wonosobo,Sukoharjo,Pulus
Jawa Tengah,Wonosobo,Sukoharjo,Suroyudan
Jawa Tengah,Wonosobo,Wonosobo,Sambek
Jawa Tengah,Wonosobo,Kertek,Bejiarum
Jawa Tengah,Wonosobo,Wonosobo,Sariyoso
Jawa Tengah,Wonosobo,Wonosobo,Rojoimo
Jawa Tengah,Wonosobo,Wonosobo,Wonosobo Barat
Jawa Tengah,Wonosobo,Kertek,Tlogodalem
Jawa Tengah,Wonosobo,Wonosobo,Wonosobo Timur
Jawa Tengah,Wonosobo,Wonosobo,Pagerkukuh
Jawa Tengah,Wonosobo,Leksono,Manggis
Jawa Tengah,Wonosobo,Kertek,Purbosono
Jawa Tengah,Wonosobo,Kalikajar,Butuh
Jawa Tengah,Wonosobo,Sukoharjo,Tlogo
Jawa Tengah,Wonosobo,Sukoharjo,Garunglor
Jawa Tengah,Wonosobo,Wonosobo,Bomerto
Jawa Tengah,Wonosobo,Watumalang,Limbangan
Jawa Tengah,Wonosobo,Wonosobo,Wonosari
Jawa Tengah,Wonosobo,Sukoharjo,Jebengplampitan
Jawa Tengah,Wonosobo,Sukoharjo,Kalibening
Jawa Tengah,Wonosobo,Kertek,Candimulyo
Jawa Tengah,Wonosobo,Wonosobo,Jlamprang
Jawa Tengah,Wonosobo,Watumalang,Gumawangkidul
Jawa Tengah,Wonosobo,Wonosobo,Kalianget
Jawa Tengah,Wonosobo,Watumalang,Kuripan
Jawa Tengah,Wonosobo,Wonosobo,Kejiwan
Jawa Tengah,Wonosobo,Mojotengah,candirejo
Jawa Tengah,Wonosobo,Mojotengah,Gunturmadu
Jawa Tengah,Wonosobo,Watumalang,Wonosroyo
Jawa Tengah,Wonosobo,Mojotengah,Sukorejo
Jawa Tengah,Wonosobo,Kertek,Tlogomulyo
Jawa Tengah,Wonosobo,Kertek,Pagerejo
Jawa Tengah,Wonosobo,Watumalang,Banyukembar
Jawa Tengah,Wonosobo,Mojotengah,Mudal
Jawa Tengah,Wonosobo,Mojotengah,Sojopuro
Jawa Tengah,Wonosobo,Wonosobo,Tlogojati
Jawa Tengah,Wonosobo,Mojotengah,Krasak
Jawa Tengah,Wonosobo,Kertek,Reco
Jawa Tengah,Wonosobo,Mojotengah,Andongsili
Jawa Tengah,Wonosobo,Mojotengah,Kalibeber
Jawa Tengah,Wonosobo,Mojotengah,Bumirejo
Jawa Tengah,Wonosobo,Watumalang,Wonoroto
Jawa Tengah,Wonosobo,Mojotengah,Mojosari
Jawa Tengah,Wonosobo,Mojotengah,Blederan
Jawa Tengah,Wonosobo,Kertek,Kapencar
Jawa Tengah,Blora,Tunjungan,Adirejo
Jawa Tengah,Sukoharjo,Weru,Alasombo
Jawa Tengah,Karanganyar,Kebakkramat,Alastuwo
Jawa Tengah,Boyolali,Andong,Andong
Jawa Tengah,Blora,Blora,Andongrejo
Jawa Tengah,Grobogan,Godong,Anggaswangi
Jawa Tengah,Karanganyar,Jenawi,Anggrasmanis
Jawa Tengah,Grobogan,Geyer,Asemrudung
Jawa Tengah,Klaten,Karangdowo,Babadan
Jawa Tengah,Demak,Kebonagung,Babat
Jawa Tengah,Blora,Banjarejo,Bacem
Jawa Tengah,Boyolali,Klego,Bade
Jawa Tengah,Grobogan,Kradenan,Bago
Jawa Tengah,Sragen,Miri,Bagor
Jawa Tengah,Blora,Kedungtuban,Bajo
Jawa Tengah,Blora,Kunduran,Bakah
Jawa Tengah,Karanganyar,Jumapolo,Bakalan
Jawa Tengah,Sukoharjo,Polokarto,Bakalan
Jawa Tengah,Wonogiri,Purwantoro,Bakalan
Jawa Tengah,Sukoharjo,Baki,Bakipandeyan
Jawa Tengah,Klaten,Karangdowo,Bakungan
Jawa Tengah,Klaten,Cawas,Balak
Jawa Tengah,Sragen,Sukodono,Baleharjo
Jawa Tengah,Wonogiri,Eromoko,Baleharjo
Jawa Tengah,Wonogiri,Baturetno,Balepanjang
Jawa Tengah,Wonogiri,Jatipurno,Balepanjang
Jawa Tengah,Blora,Jepon,Balong
Jawa Tengah,Blora,Kunduran,Balong
Jawa Tengah,Karanganyar,Jenawi,Balong
Jawa Tengah,Blora,Banjarejo,Balongrejo
Jawa Tengah,Blora,Banjarejo,Balongsari
Jawa Tengah,Blora,Cepu,Balun
Jawa Tengah,Sragen,Kalijambe,Banaran
Jawa Tengah,Sragen,Sambungmacan,Banaran
Jawa Tengah,Sukoharjo,Grogol,Banaran
Jawa Tengah,Wonogiri,Pracimantoro,Banaran
Jawa Tengah,Karanganyar,Tawangmangu,Bandardawung
Jawa Tengah,Sragen,Ngrampal,Bandung
Jawa Tengah,Grobogan,Toroh,Bandungharjo
Jawa Tengah,Blora,Ngawen,Bandungrojo
Jawa Tengah,Grobogan,Ngaringan,Bandungsari
Jawa Tengah,Boyolali,Banyudono,Bangak
Jawa Tengah,Blora,Blora,Bangkle
Jawa Tengah,Blora,Jati,Bangkleyan
Jawa Tengah,Grobogan,Geyer,Bangsri
Jawa Tengah,Blora,Jepon,Bangsri
Jawa Tengah,Karanganyar,Karangpandan,Bangsri
Jawa Tengah,Wonogiri,Purwantoro,Bangsri
Jawa Tengah,Grobogan,Kradenan,Banjardowo
Jawa Tengah,Grobogan,Gabus,Banjarejo
Jawa Tengah,Blora,Banjarejo,Banjarejo
Jawa Tengah,Karanganyar,Kebakkramat,Banjarharjo
Jawa Tengah,Grobogan,Kradenan,Banjarsari
Jawa Tengah,Sukoharjo,Sukoharjo,Banmati
Jawa Tengah,Wonogiri,Tirtomoyo,Banyakprodo
Jawa Tengah,Boyolali,Banyudono,Banyudono
Jawa Tengah,Sragen,Sambungmacan,Banyurip
Jawa Tengah,Sragen,Jenar,Banyurip
Jawa Tengah,Boyolali,Klego,Banyuurip
Jawa Tengah,Klaten,Cawas,Baran
Jawa Tengah,Sukoharjo,Nguter,Baran
Jawa Tengah,Klaten,Cawas,Barepan
Jawa Tengah,Wonogiri,Eromoko,Basuhan
Jawa Tengah,Boyolali,Banyudono,Batan
Jawa Tengah,Karanganyar,Colomadu,Baturan
Jawa Tengah,Wonogiri,Baturetno,Baturetno
Jawa Tengah,Wonogiri,Batuwarno,Batuwarno
Jawa Tengah,Boyolali,Kemusu,Bawu
Jawa Tengah,Wonogiri,Giritontro,Bayemharjo
Jawa Tengah,Sragen,Sambungmacan,Bedoro
Jawa Tengah,Sukoharjo,Sukoharjo,Begajah
Jawa Tengah,Karanganyar,Karanganyar,Bejen
Jawa Tengah,Klaten,Pedan,Beji
Jawa Tengah,Boyolali,Andong,Beji
Jawa Tengah,Wonogiri,Nguntoronadi,Beji
Jawa Tengah,Blora,Kunduran,Bejirejo
Jawa Tengah,Sukoharjo,Mojolaban,Bekonang
Jawa Tengah,Blora,Randublatung,Bekutuk
Jawa Tengah,Wonogiri,Baturetno,Belikurip
Jawa Tengah,Grobogan,Ngaringan,Belor
Jawa Tengah,Boyolali,Nogosari,Bendo
Jawa Tengah,Klaten,Pedan,Bendo
Jawa Tengah,Sragen,Sukodono,Bendo
Jawa Tengah,Grobogan,Gabus,Bendoharjo
Jawa Tengah,Boyolali,Sawit,Bendosari
Jawa Tengah,Sukoharjo,Bendosari,Bendosari
Jawa Tengah,Klaten,Cawas,Bendungan
Jawa Tengah,Sragen,Kedawung,Bendungan
Jawa Tengah,Boyolali,Simo,Bendungan
Jawa Tengah,Klaten,Wonosari,Bener
Jawa Tengah,Sragen,Ngrampal,Bener
Jawa Tengah,Sragen,Sidoharjo,Bentak
Jawa Tengah,Sukoharjo,Baki,Bentakan
Jawa Tengah,Klaten,Wonosari,Bentangan
Jawa Tengah,Blora,Blora,Beran
Jawa Tengah,Blora,Ngawen,Berbak
Jawa Tengah,Blora,Ngawen,Bergolo
Jawa Tengah,Karanganyar,Ngargoyoso,Berjo
Jawa Tengah,Wonogiri,Manyaran,Bero
Jawa Tengah,Karanganyar,Jatiyoso,Beruk
Jawa Tengah,Blora,Sambong,Biting
Jawa Tengah,Wonogiri,Purwantoro,Biting
Jawa Tengah,Boyolali,Simo,Blagung
Jawa Tengah,Sragen,Gesi,Blangu
Jawa Tengah,Blora,Jiken,Bleboh
Jawa Tengah,Sragen,Sambirejo,Blimbing
Jawa Tengah,Sukoharjo,Gatak,Blimbing
Jawa Tengah,Karanganyar,Jumantono,Blorong
Jawa Tengah,Karanganyar,Colomadu,Blulukan
Jawa Tengah,Boyolali,Klego,Blumbang
Jawa Tengah,Karanganyar,Tawangmangu,Blumbang
Jawa Tengah,Blora,Kunduran,Blumbangrejo
Jawa Tengah,Blora,Jepon,Blungun
Jawa Tengah,Blora,Randublatung,Bodeh
Jawa Tengah,Klaten,Cawas,Bogor
Jawa Tengah,Blora,Ngawen,Bogowanti
Jawa Tengah,Klaten,Wonosari,Bolali
Jawa Tengah,Grobogan,Penawangan,Bologarang
Jawa Tengah,Grobogan,Toroh,Boloh
Jawa Tengah,Karanganyar,Colomadu,Bolon
Jawa Tengah,Karanganyar,Karanganyar,Bolong
Jawa Tengah,Klaten,Juwiring,Bolopleret
Jawa Tengah,Sragen,Tanon,Bonagung
Jawa Tengah,Klaten,Wonosari,Boto
Jawa Tengah,Wonogiri,Baturetno,Boto
Jawa Tengah,Wonogiri,Jatiroto,Boto
Jawa Tengah,Karanganyar,Kerjo,Botok
Jawa Tengah,Blora,Kunduran,Botoreco
Jawa Tengah,Demak,Dempet,Botosengon
Jawa Tengah,Blora,Sambong,Brabowan
Jawa Tengah,Blora,Ngawen,Bradag
Jawa Tengah,Demak,Dempet,Brakas
Jawa Tengah,Sragen,Gemolong,Brangkal
Jawa Tengah,Wonogiri,Jatiroto,Brenggolo
Jawa Tengah,Grobogan,Godong,Bringin
Jawa Tengah,Sragen,Miri,Brojol
Jawa Tengah,Karanganyar,Jaten,Brujul
Jawa Tengah,Blora,Jepon,Brumbung
Jawa Tengah,Wonogiri,Girimarto,Bubakan
Jawa Tengah,Grobogan,Godong,Bugel
Jawa Tengah,Sukoharjo,Polokarto,Bugel
Jawa Tengah,Wonogiri,Kismantoro,Bugelan
Jawa Tengah,Sragen,Kalijambe,Bukuran
Jawa Tengah,Sukoharjo,Sukoharjo,Bulakan
Jawa Tengah,Sukoharjo,Sukoharjo,Bulakrejo
Jawa Tengah,Klaten,Wonosari,Bulan
Jawa Tengah,Blora,Kunduran,Buloh
Jawa Tengah,Sukoharjo,Bulu,Bulu
Jawa Tengah,Sukoharjo,Polokarto,Bulu
Jawa Tengah,Wonogiri,Bulukerto,Bulukerto
Jawa Tengah,Klaten,Juwiring,Bulurejo
Jawa Tengah,Karanganyar,Gondangrejo,Bulurejo
Jawa Tengah,Wonogiri,Giriwoyo,Bulurejo
Jawa Tengah,Wonogiri,Nguntoronadi,Bulurejo
Jawa Tengah,Wonogiri,Bulukerto,Bulurejo
Jawa Tengah,Blora,Banjarejo,Buluroto
Jawa Tengah,Klaten,Karangdowo,Bulusan
Jawa Tengah,Wonogiri,Slogohimo,Bulusari
Jawa Tengah,Wonogiri,Wonogiri,Bulusulur
Jawa Tengah,Sragen,Gondang,Bumiaji
Jawa Tengah,Wonogiri,Giriwoyo,Bumiharjo
Jawa Tengah,Wonogiri,Nguntoronadi,Bumiharjo
Jawa Tengah,Karanganyar,Mojogedang,Buntar
Jawa Tengah,Karanganyar,Tasikmadu,Buran
Jawa Tengah,Klaten,Cawas,Burikan
Jawa Tengah,Klaten,Delanggu,Butuhan
Jawa Tengah,Blora,Jiken,Cabak
Jawa Tengah,Blora,Cepu,Cabean
Jawa Tengah,Sukoharjo,Bendosari,Cabeyan
Jawa Tengah,Boyolali,Sambi,Canden
Jawa Tengah,Grobogan,Purwodadi,Candisari
Jawa Tengah,Karanganyar,Karanganyar,Cangakan
Jawa Tengah,Sragen,Plupuh,Cangkol
Jawa Tengah,Sukoharjo,Mojolaban,Cangkol
Jawa Tengah,Wonogiri,Jatiroto,Cangkring
Jawa Tengah,Boyolali,Banyudono,Cangkringan
Jawa Tengah,Klaten,Juwiring,Carikan
Jawa Tengah,Klaten,Cawas,Cawas
Jawa Tengah,Grobogan,Karangrayung,Cekel
Jawa Tengah,Sragen,Kedawung,Celep
Jawa Tengah,Sukoharjo,Nguter,Celep
Jawa Tengah,Sukoharjo,Grogol,Cemani
Jawa Tengah,Sragen,Sambungmacan,Cemeng
Jawa Tengah,Sragen,Sumberlawang,Cepoko
Jawa Tengah,Blora,Cepu,Cepu
Jawa Tengah,Boyolali,Juwangi,Cerme
Jawa Tengah,Klaten,Ceper,Cetan
Jawa Tengah,Grobogan,Purwodadi,Cingkrong
Jawa Tengah,Sukoharjo,Sukoharjo,Combongan
Jawa Tengah,Wonogiri,Bulukerto,Conto
Jawa Tengah,Grobogan,Kradenan,Crewek
Jawa Tengah,Blora,Kunduran,Cungkup
Jawa Tengah,Grobogan,Penawangan,Curut
Jawa Tengah,Karanganyar,Jaten,Dagen
Jawa Tengah,Sukoharjo,Tawangsari,Dalangan
Jawa Tengah,Sukoharjo,Nguter,Daleman
Jawa Tengah,Grobogan,Purwodadi,Danyang
Jawa Tengah,Grobogan,Wirosari,Dapurno
Jawa Tengah,Sragen,Plupuh,Dari
Jawa Tengah,Sragen,Sambirejo,Dawung
Jawa Tengah,Sragen,Jenar,Dawung
Jawa Tengah,Karanganyar,Matesih,Dawung
Jawa Tengah,Sragen,Masaran,Dawungan
Jawa Tengah,Wonogiri,Jatiroto,Dawungan
Jawa Tengah,Karanganyar,Karangpandan,Dayu
Jawa Tengah,Karanganyar,Gondangrejo,Dayu
Jawa Tengah,Klaten,Delanggu,Delanggu
Jawa Tengah,Karanganyar,Karanganyar,Delingan
Jawa Tengah,Sukoharjo,Mojolaban,Demakan
Jawa Tengah,Boyolali,Sambi,Demangan
Jawa Tengah,Klaten,Karangdowo,Demangan
Jawa Tengah,Grobogan,Karangrayung,Dempel
Jawa Tengah,Sragen,Tangen,Denanyar
Jawa Tengah,Boyolali,Banyudono,Denggungan
Jawa Tengah,Grobogan,Toroh,Depok
Jawa Tengah,Boyolali,Ngemplak,Dibal
Jawa Tengah,Grobogan,Toroh,Dimoro
Jawa Tengah,Wonogiri,Tirtomoyo,Dlepih
Jawa Tengah,Wonogiri,Girimarto,Doho
Jawa Tengah,Grobogan,Wirosari,Dokoro
Jawa Tengah,Wonogiri,Bulukerto,Domas
Jawa Tengah,Boyolali,Ngemplak,Donohudan
Jawa Tengah,Sragen,Kalijambe,Donoyudan
Jawa Tengah,Blora,Jati,Doplang
Jawa Tengah,Karanganyar,Karangpandan,Doplang
Jawa Tengah,Grobogan,Godong,Dorolegi
Jawa Tengah,Sragen,Miri,Doyong
Jawa Tengah,Klaten,Delanggu,Dukuh
Jawa Tengah,Sragen,Tangen,Dukuh
Jawa Tengah,Karanganyar,Ngargoyoso,Dukuh
Jawa Tengah,Sukoharjo,Sukoharjo,Dukuh
Jawa Tengah,Sukoharjo,Mojolaban,Dukuh
Jawa Tengah,Wonogiri,Jatiroto,Duren
Jawa Tengah,Klaten,Wonosari,Duwet
Jawa Tengah,Sukoharjo,Baki,Duwet
Jawa Tengah,Sragen,Sidoharjo,Duyungan
Jawa Tengah,Wonogiri,Eromoko,Eromoko
Jawa Tengah,Sragen,Tanon,Gabugan
Jawa Tengah,Sragen,Ngrampal,Gabus
Jawa Tengah,Grobogan,Gabus,Gabus
Jawa Tengah,Blora,Jati,Gabusan
Jawa Tengah,Sragen,Tanon,Gading
Jawa Tengah,Sukoharjo,Mojolaban,Gadingan
Jawa Tengah,Blora,Cepu,Gadon
Jawa Tengah,Blora,Sambong,Gadu
Jawa Tengah,Blora,Kunduran,Gagaan
Jawa Tengah,Blora,Sambong,Gagakan
Jawa Tengah,Boyolali,Ngemplak,Gagaksipat
Jawa Tengah,Karanganyar,Colomadu,Gajahan
Jawa Tengah,Sragen,Tangen,Galeh
Jawa Tengah,Blora,Kedungtuban,Galuk
Jawa Tengah,Wonogiri,Baturetno,Gambiranom
Jawa Tengah,Wonogiri,Kismantoro,Gambiranom
Jawa Tengah,Wonogiri,Pracimantoro,Gambirmanis
Jawa Tengah,Karanganyar,Kerjo,Ganten
Jawa Tengah,Karanganyar,Matesih,Gantiwarno
Jawa Tengah,Klaten,Delanggu,Gatak
Jawa Tengah,Karanganyar,Tasikmadu,Gaum
Jawa Tengah,Sragen,Tanon,Gawan
Jawa Tengah,Karanganyar,Colomadu,Gawanan
Jawa Tengah,Sukoharjo,Sukoharjo,Gayam
Jawa Tengah,Karanganyar,Karanganyar,Gayamdompo
Jawa Tengah,Sragen,Masaran,Gebang
Jawa Tengah,Sragen,Sukodono,Gebang
Jawa Tengah,Wonogiri,Nguntoronadi,Gebang
Jawa Tengah,Wonogiri,Pracimantoro,Gebangharjo
Jawa Tengah,Karanganyar,Mojogedang,Gebyog
Jawa Tengah,Grobogan,Wirosari,Gedangan
Jawa Tengah,Sukoharjo,Grogol,Gedangan
Jawa Tengah,Wonogiri,Kismantoro,Gedawung
Jawa Tengah,Blora,Ngawen,Gedebeg
Jawa Tengah,Karanganyar,Karanganyar,Gedong
Jawa Tengah,Wonogiri,Pracimantoro,Gedong
Jawa Tengah,Wonogiri,Ngadirojo,Gedong
Jawa Tengah,Sragen,Plupuh,Gedongan
Jawa Tengah,Karanganyar,Colomadu,Gedongan
Jawa Tengah,Sukoharjo,Baki,Gedongan
Jawa Tengah,Wonogiri,Giriwoyo,Gedongrejo
Jawa Tengah,Blora,Banjarejo,Gedongsari
Jawa Tengah,Sragen,Mondokan,Gemantar
Jawa Tengah,Karanganyar,Jumantono,Gemantar
Jawa Tengah,Wonogiri,Selogiri,Gemantar
Jawa Tengah,Wonogiri,Ngadirojo,Gemawang
Jawa Tengah,Wonogiri,Girimarto,Gemawang
Jawa Tengah,Blora,Randublatung,Gembyungan
Jawa Tengah,Sragen,Gemolong,Gemolong
Jawa Tengah,Blora,Jati,Gempol
Jawa Tengah,Karanganyar,Kerjo,Gempolan
Jawa Tengah,Wonogiri,Paranggupito,Gendayakan
Jawa Tengah,Sragen,Miri,Geneng
Jawa Tengah,Blora,Jepon,Geneng
Jawa Tengah,Sukoharjo,Gatak,Geneng
Jawa Tengah,Wonogiri,Bulukerto,Geneng
Jawa Tengah,Grobogan,Toroh,Genengadal
Jawa Tengah,Karanganyar,Jumantono,Genengan
Jawa Tengah,Sragen,Gemolong,Genengduwur
Jawa Tengah,Wonogiri,Tirtomoyo,Genengharjo
Jawa Tengah,Grobogan,Toroh,Genengsari
Jawa Tengah,Boyolali,Kemusu,Genengsari
Jawa Tengah,Sukoharjo,Polokarto,Genengsari
Jawa Tengah,Blora,Jiken,Genjahan
Jawa Tengah,Sukoharjo,Baki,Gentan
Jawa Tengah,Sukoharjo,Bulu,Gentan
Jawa Tengah,Sukoharjo,Bendosari,Gentan
Jawa Tengah,Sragen,Plupuh,Gentanbanaran
Jawa Tengah,Karanganyar,Mojogedang,Gentungan
Jawa Tengah,Wonogiri,Wuryantoro,Genukharjo
Jawa Tengah,Grobogan,Purwodadi,Genuksuran
Jawa Tengah,Karanganyar,Karangpandan,Gerdu
Jawa Tengah,Blora,Jepon,Gersi
Jawa Tengah,Sragen,Gesi,Gesi
Jawa Tengah,Wonogiri,Kismantoro,Gesing
Jawa Tengah,Blora,Kradenan,Getas
Jawa Tengah,Blora,Cepu,Getas
Jawa Tengah,Grobogan,Grobogan,Getasrejo
Jawa Tengah,Grobogan,Geyer,Geyer
Jawa Tengah,Sragen,Miri,Gilirejo
Jawa Tengah,Sragen,Miri,Gilirejo Baru
Jawa Tengah,Grobogan,Gubug,Ginggangtani
Jawa Tengah,Wonogiri,Puhpelem,Giriharjo
Jawa Tengah,Wonogiri,Giriwoyo,Girikikis
Jawa Tengah,Karanganyar,Matesih,Girilayu
Jawa Tengah,Sragen,Miri,Girimargo
Jawa Tengah,Wonogiri,Girimarto,Girimarto
Jawa Tengah,Karanganyar,Ngargoyoso,Girimulyo
Jawa Tengah,Wonogiri,Jatipurno,Girimulyo
Jawa Tengah,Wonogiri,Wonogiri,Giripurwo
Jawa Tengah,Wonogiri,Tirtomoyo,Girirejo
Jawa Tengah,Boyolali,Ngemplak,Giriroto
Jawa Tengah,Wonogiri,Wonogiri,Giritirto
Jawa Tengah,Wonogiri,Giritontro,Giritontro
Jawa Tengah,Wonogiri,Girimarto,Giriwarno
Jawa Tengah,Karanganyar,Jumapolo,Giriwondo
Jawa Tengah,Wonogiri,Wonogiri,Giriwono
Jawa Tengah,Wonogiri,Giriwoyo,Giriwoyo
Jawa Tengah,Wonogiri,Jatipurno,Giriyoso
Jawa Tengah,Blora,Sambong,Giyanti
Jawa Tengah,Grobogan,Gubug,Glapan
Jawa Tengah,Wonogiri,Baturetno,Glesungrejo
Jawa Tengah,Wonogiri,Pracimantoro,Glinggang
Jawa Tengah,Boyolali,Nogosari,Glonggong
Jawa Tengah,Sragen,Gondang,Glonggong
Jawa Tengah,Grobogan,Tawangharjo,Godan
Jawa Tengah,Sukoharjo,Polokarto,Godog
Jawa Tengah,Grobogan,Godong,Godong
Jawa Tengah,Wonogiri,Puhpelem,Golo
Jawa Tengah,Klaten,Cawas,Gombang
Jawa Tengah,Sragen,Gondang,Gondang
Jawa Tengah,Blora,Ngawen,Gondang
Jawa Tengah,Wonogiri,Purwantoro,Gondang
Jawa Tengah,Karanganyar,Karangpandan,Gondangmanis
Jawa Tengah,Boyolali,Andong,Gondangrawe
Jawa Tengah,Klaten,Juwiring,Gondangsari
Jawa Tengah,Wonogiri,Jatisrono,Gondangsari
Jawa Tengah,Blora,Kedungtuban,Gondel
Jawa Tengah,Karanganyar,Tawangmangu,Gondosuli
Jawa Tengah,Sukoharjo,Kartasura,Gonilan
Jawa Tengah,Blora,Ngawen,Gotputuk
Jawa Tengah,Grobogan,Kradenan,Grabagan
Jawa Tengah,Sukoharjo,Tawangsari,Grajegan
Jawa Tengah,Sragen,Sambungmacan,Gringging
Jawa Tengah,Grobogan,Grobogan,Grobogan
Jawa Tengah,Sukoharjo,Weru,Grogol
Jawa Tengah,Sukoharjo,Grogol,Grogol
Jawa Tengah,Grobogan,Godong,Guci
Jawa Tengah,Wonogiri,Paranggupito,Gudangharjo
Jawa Tengah,Boyolali,Nogosari,Guli
Jawa Tengah,Karanganyar,Jenawi,Gumeng
Jawa Tengah,Wonogiri,Wuryantoro,Gumiwang Lor
Jawa Tengah,Sukoharjo,Kartasura,Gumpang
Jawa Tengah,Wonogiri,Slogohimo,Gunan
Jawa Tengah,Grobogan,Godong,Gundi
Jawa Tengah,Wonogiri,Jatiroto,Guno
Jawa Tengah,Klaten,Wonosari,Gunting
Jawa Tengah,Wonogiri,Paranggupito,Gunturharjo
Jawa Tengah,Wonogiri,Manyaran,Gunungan
Jawa Tengah,Wonogiri,Jatisrono,Gunungsari
Jawa Tengah,Grobogan,Karangrayung,Gunungtumpeng
Jawa Tengah,Sukoharjo,Nguter,Gupit
Jawa Tengah,Boyolali,Wonosegoro,Guwo
Jawa Tengah,Boyolali,Sawit,Guwokajen
Jawa Tengah,Sragen,Karangmalang,Guworejo
Jawa Tengah,Wonogiri,Giriwoyo,Guwotirto
Jawa Tengah,Grobogan,Godong,Guyangan
Jawa Tengah,Sragen,Sumberlawang,Hadiluwih
Jawa Tengah,Wonogiri,Tirtomoyo,Hargantoro
Jawa Tengah,Wonogiri,Tirtomoyo,Hargorejo
Jawa Tengah,Wonogiri,Tirtomoyo,Hargosari
Jawa Tengah,Karanganyar,Karangpandan,Harjosari
Jawa Tengah,Grobogan,Godong,Harjowinangun
Jawa Tengah,Blora,Japah,Harjowinangun
Jawa Tengah,Sragen,Plupuh,Jabung
Jawa Tengah,Sukoharjo,Bendosari,Jagan
Jawa Tengah,Boyolali,Sambi,Jagoan
Jawa Tengah,Blora,Kunduran,Jagong
Jawa Tengah,Sragen,Sidoharjo,Jambanan
Jawa Tengah,Sragen,Mondokan,Jambangan
Jawa Tengah,Grobogan,Geyer,Jambangan
Jawa Tengah,Sragen,Sambirejo,Jambeyan
Jawa Tengah,Grobogan,Pulokulon,Jambon
Jawa Tengah,Sukoharjo,Nguter,Jangglengan
Jawa Tengah,Grobogan,Brati,Jangkungharjo
Jawa Tengah,Blora,Jiken,Janjang
Jawa Tengah,Karanganyar,Karanganyar,Jantiharjo
Jawa Tengah,Klaten,Cawas,Japanan
Jawa Tengah,Sragen,Jenar,Japoh
Jawa Tengah,Klaten,Juwiring,Jaten
Jawa Tengah,Karanganyar,Jaten,Jaten
Jawa Tengah,Wonogiri,Selogiri,Jaten
Jawa Tengah,Sragen,Masaran,Jati
Jawa Tengah,Sragen,Sumberlawang,Jati
Jawa Tengah,Blora,Jati,Jati
Jawa Tengah,Karanganyar,Jaten,Jati
Jawa Tengah,Sukoharjo,Gatak,Jati
Jawa Tengah,Sragen,Gemolong,Jatibatur
Jawa Tengah,Grobogan,Pulokulon,Jatiharjo
Jawa Tengah,Karanganyar,Jatipuro,Jatiharjo
Jawa Tengah,Blora,Banjarejo,Jatiklampok
Jawa Tengah,Karanganyar,Jatipuro,Jatikuwung
Jawa Tengah,Karanganyar,Gondangrejo,Jatikuwung
Jawa Tengah,Grobogan,Godong,Jatilor
Jawa Tengah,Wonogiri,Ngadirojo,Jatimarto
Jawa Tengah,Klaten,Pedan,Jatimulyo
Jawa Tengah,Karanganyar,Jatipuro,Jatimulyo
Jawa Tengah,Sukoharjo,Weru,Jatingarang
Jawa Tengah,Wonogiri,Sidoharjo,Jatinom
Jawa Tengah,Wonogiri,Jatipurno,Jatipurno
Jawa Tengah,Karanganyar,Jatipuro,Jatipuro
Jawa Tengah,Karanganyar,Jatipuro,Jatipurwo
Jawa Tengah,Wonogiri,Jatipurno,Jatipurwo
Jawa Tengah,Boyolali,Sawit,Jatirejo
Jawa Tengah,Karanganyar,Jumapolo,Jatirejo
Jawa Tengah,Karanganyar,Ngargoyoso,Jatirejo
Jawa Tengah,Wonogiri,Giritontro,Jatirejo
Jawa Tengah,Wonogiri,Jatiroto,Jatirejo
Jawa Tengah,Wonogiri,Girimarto,Jatirejo
Jawa Tengah,Wonogiri,Jatiroto,Jatiroto
Jawa Tengah,Karanganyar,Jatipuro,Jatiroyo
Jawa Tengah,Boyolali,Sambi,Jatisari
Jawa Tengah,Blora,Banjarejo,Jatisari
Jawa Tengah,Wonogiri,Jatisrono,Jatisari
Jawa Tengah,Karanganyar,Jatiyoso,Jatisawit
Jawa Tengah,Karanganyar,Jatipuro,Jatisobo
Jawa Tengah,Sukoharjo,Polokarto,Jatisobo
Jawa Tengah,Wonogiri,Jatisrono,Jatisrono
Jawa Tengah,Karanganyar,Jatipuro,Jatisuko
Jawa Tengah,Sragen,Sukodono,Jatitengah
Jawa Tengah,Karanganyar,Jatipuro,Jatiwarno
Jawa Tengah,Karanganyar,Jatiyoso,Jatiyoso
Jawa Tengah,Wonogiri,Karangtengah,Jeblogan
Jawa Tengah,Blora,Jati,Jegong
Jawa Tengah,Blora,Blora,Jejeruk
Jawa Tengah,Sragen,Mondokan,Jekani
Jawa Tengah,Sragen,Tangen,Jekawal
Jawa Tengah,Grobogan,Gubug,Jeketro
Jawa Tengah,Klaten,Wonosari,Jelobo
Jawa Tengah,Sragen,Plupuh,Jembangan
Jawa Tengah,Sragen,Gemolong,Jenalas
Jawa Tengah,Sragen,Jenar,Jenar
Jawa Tengah,Karanganyar,Jenawi,Jenawi
Jawa Tengah,Wonogiri,Selogiri,Jendi
Jawa Tengah,Wonogiri,Girimarto,Jendi
Jawa Tengah,Grobogan,Klambu,Jenengan
Jawa Tengah,Sragen,Kedawung,Jenggrik
Jawa Tengah,Blora,Blora,Jepangrejo
Jawa Tengah,Blora,Jepon,Jepon
Jawa Tengah,Wonogiri,Jatipurno,Jeporo
Jawa Tengah,Boyolali,Nogosari,Jeron
Jawa Tengah,Sragen,Miri,Jeruk
Jawa Tengah,Blora,Randublatung,Jeruk
Jawa Tengah,Boyolali,Juwangi,Jerukan
Jawa Tengah,Demak,Dempet,Jerukgulung
Jawa Tengah,Karanganyar,Gondangrejo,Jeruksawit
Jawa Tengah,Sragen,Sidoharjo,Jetak
Jawa Tengah,Blora,Kunduran,Jetak
Jawa Tengah,Grobogan,Pulokulon,Jetaksari
Jawa Tengah,Blora,Ngawen,Jetakwanger
Jawa Tengah,Klaten,Juwiring,Jetis
Jawa Tengah,Klaten,Delanggu,Jetis
Jawa Tengah,Sragen,Sambirejo,Jetis
Jawa Tengah,Grobogan,Karangrayung,Jetis
Jawa Tengah,Blora,Blora,Jetis
Jawa Tengah,Karanganyar,Jaten,Jetis
Jawa Tengah,Sukoharjo,Sukoharjo,Jetis
Jawa Tengah,Sukoharjo,Baki,Jetis
Jawa Tengah,Sragen,Kalijambe,Jetiskarangpung
Jawa Tengah,Klaten,Pedan,Jetiswetan
Jawa Tengah,Blora,Jiken,Jiken
Jawa Tengah,Wonogiri,Pracimantoro,Jimbar
Jawa Tengah,Blora,Kedungtuban,Jimbung
Jawa Tengah,Grobogan,Penawangan,Jipang
Jawa Tengah,Blora,Cepu,Jipang
Jawa Tengah,Boyolali,Banyudono,Jipangan
Jawa Tengah,Sragen,Masaran,Jirapan
Jawa Tengah,Blora,Jiken,Jiworejo
Jawa Tengah,Sukoharjo,Sukoharjo,Joho
Jawa Tengah,Sukoharjo,Mojolaban,Joho
Jawa Tengah,Wonogiri,Pracimantoro,Joho
Jawa Tengah,Wonogiri,Purwantoro,Joho
Jawa Tengah,Wonogiri,Paranggupito,Johunut
Jawa Tengah,Blora,Jepon,Jomblang
Jawa Tengah,Sukoharjo,Bendosari,Jombor
Jawa Tengah,Sragen,Tanon,Jono
Jawa Tengah,Grobogan,Tawangharjo,Jono
Jawa Tengah,Karanganyar,Jumapolo,Jumantoro
Jawa Tengah,Karanganyar,Jumapolo,Jumapolo
Jawa Tengah,Karanganyar,Karanganyar,Jungke
Jawa Tengah,Sragen,Karangmalang,Jurangjero
Jawa Tengah,Sukoharjo,Nguter,Juron
Jawa Tengah,Boyolali,Juwangi,Juwangi
Jawa Tengah,Klaten,Juwiring,Juwiran
Jawa Tengah,Klaten,Juwiring,Juwiring
Jawa Tengah,Sragen,Sukodono,Juwok
Jawa Tengah,Grobogan,Geyer,Juworo
Jawa Tengah,Sragen,Sumberlawang,Kacangan
Jawa Tengah,Boyolali,Andong,Kacangan
Jawa Tengah,Blora,Randublatung,Kadengan
Jawa Tengah,Sukoharjo,Baki,Kadilangu
Jawa Tengah,Boyolali,Andong,Kadipaten
Jawa Tengah,Sragen,Sambirejo,Kadipiro
Jawa Tengah,Karanganyar,Jumapolo,Kadipiro
Jawa Tengah,Sukoharjo,Grogol,Kadokan
Jawa Tengah,Sukoharjo,Gatak,Kagokan
Jawa Tengah,Klaten,Pedan,Kalangan
Jawa Tengah,Sragen,Gemolong,Kalangan
Jawa Tengah,Boyolali,Klego,Kalangan
Jawa Tengah,Grobogan,Geyer,Kalangbancar
Jawa Tengah,Grobogan,Ngaringan,Kalangdosari
Jawa Tengah,Grobogan,Ngaringan,Kalanglundo
Jawa Tengah,Blora,Kunduran,Kalangrejo
Jawa Tengah,Blora,Kedungtuban,Kalen
Jawa Tengah,Wonogiri,Selogiri,Kaliancar
Jawa Tengah,Karanganyar,Mojogedang,Kaliboto
Jawa Tengah,Klaten,Pedan,Kaligawe
Jawa Tengah,Karanganyar,Tasikmadu,Kalijirak
Jawa Tengah,Sragen,Tanon,Kalikobok
Jawa Tengah,Sragen,Kalijambe,Kalimacan
Jawa Tengah,Boyolali,Juwangi,Kalimati
Jawa Tengah,Karanganyar,Tasikmadu,Kaling
Jawa Tengah,Grobogan,Gabus,Kalipang
Jawa Tengah,Grobogan,Wirosari,Kalirejo
Jawa Tengah,Grobogan,Kradenan,Kalisari
Jawa Tengah,Blora,Randublatung,Kalisari
Jawa Tengah,Karanganyar,Tawangmangu,Kalisoro
Jawa Tengah,Sragen,Gondang,Kaliwedi
Jawa Tengah,Karanganyar,Kebakkramat,Kaliwuluh
Jawa Tengah,Grobogan,Purwodadi,Kalongan
Jawa Tengah,Sragen,Gemolong,Kaloran
Jawa Tengah,Sukoharjo,Bulu,Kamal
Jawa Tengah,Blora,Blora,Kamolan
Jawa Tengah,Grobogan,Purwodadi,Kandangan
Jawa Tengah,Grobogan,Klambu,Kandangrejo
Jawa Tengah,Sragen,Jenar,Kandangsapi
Jawa Tengah,Blora,Cepu,Kapuan
Jawa Tengah,Sukoharjo,Weru,Karakan
Jawa Tengah,Klaten,Delanggu,Karang
Jawa Tengah,Karanganyar,Karangpandan,Karang
Jawa Tengah,Wonogiri,Slogohimo,Karang
Jawa Tengah,Sragen,Sragen,Karang Tengah
Jawa Tengah,Sragen,Sukodono,Karanganom
Jawa Tengah,Sragen,Plupuh,Karanganyar
Jawa Tengah,Sragen,Sambungmacan,Karanganyar
Jawa Tengah,Grobogan,Karangrayung,Karanganyar
Jawa Tengah,Grobogan,Geyer,Karanganyar
Jawa Tengah,Karanganyar,Karanganyar,Karanganyar
Jawa Tengah,Sukoharjo,Weru,Karanganyar
Jawa Tengah,Grobogan,Purwodadi,Karanganyar
Jawa Tengah,Klaten,Cawas,Karangasem
Jawa Tengah,Sragen,Tanon,Karangasem
Jawa Tengah,Grobogan,Wirosari,Karangasem
Jawa Tengah,Sukoharjo,Bulu,Karangasem
Jawa Tengah,Karanganyar,Jumapolo,Karangbangun
Jawa Tengah,Karanganyar,Matesih,Karangbangun
Jawa Tengah,Blora,Cepu,Karangboyo
Jawa Tengah,Klaten,Karangdowo,Karangdowo
Jawa Tengah,Boyolali,Sawit,Karangduren
Jawa Tengah,Boyolali,Klego,Karanggatak
Jawa Tengah,Grobogan,Godong,Karanggeneng
Jawa Tengah,Blora,Kunduran,Karanggeneng
Jawa Tengah,Grobogan,Pulokulon,Karangharjo
Jawa Tengah,Sragen,Kalijambe,Karangjati
Jawa Tengah,Klaten,Karangdowo,Karangjoho
Jawa Tengah,Blora,Ngawen,Karangjong
Jawa Tengah,Karanganyar,Tawangmangu,Karanglo
Jawa Tengah,Wonogiri,Manyaran,Karanglor
Jawa Tengah,Sragen,Masaran,Karangmalang
Jawa Tengah,Boyolali,Klego,Karangmojo
Jawa Tengah,Karanganyar,Tasikmadu,Karangmojo
Jawa Tengah,Sukoharjo,Weru,Karangmojo
Jawa Tengah,Grobogan,Penawangan,Karangpahing
Jawa Tengah,Karanganyar,Karangpandan,Karangpandan
Jawa Tengah,Sragen,Kedawung,Karangpelem
Jawa Tengah,Grobogan,Gabus,Karangrejo
Jawa Tengah,Grobogan,Grobogan,Karangrejo
Jawa Tengah,Demak,Dempet,Karangrejo
Jawa Tengah,Karanganyar,Kerjo,Karangrejo
Jawa Tengah,Grobogan,Brati,Karangsari
Jawa Tengah,Karanganyar,Jatiyoso,Karangsari
Jawa Tengah,Grobogan,Karangrayung,Karangsono
Jawa Tengah,Klaten,Karangdowo,Karangtalun
Jawa Tengah,Sragen,Tanon,Karangtalun
Jawa Tengah,Blora,Banjarejo,Karangtalun
Jawa Tengah,Blora,Ngawen,Karangtengah
Jawa Tengah,Sukoharjo,Weru,Karangtengah
Jawa Tengah,Wonogiri,Karangtengah,Karangtengah
Jawa Tengah,Karanganyar,Gondangrejo,Karangturi
Jawa Tengah,Sragen,Ngrampal,Karangudi
Jawa Tengah,Grobogan,Penawangan,Karangwader
Jawa Tengah,Sragen,Plupuh,Karangwaru
Jawa Tengah,Klaten,Karangdowo,Karangwungu
Jawa Tengah,Sukoharjo,Weru,Karangwuni
Jawa Tengah,Sukoharjo,Polokarto,Karangwuni
Jawa Tengah,Sukoharjo,Kartasura,Kartasura
Jawa Tengah,Sragen,Plupuh,Karungan
Jawa Tengah,Wonogiri,Ngadirojo,Kasihan
Jawa Tengah,Boyolali,Sawit,Kateguhan
Jawa Tengah,Sukoharjo,Tawangsari,Kateguhan
Jawa Tengah,Grobogan,Brati,Katekan
Jawa Tengah,Sragen,Tangen,Katelan
Jawa Tengah,Grobogan,Toroh,Katong
Jawa Tengah,Blora,Blora,Kauman
Jawa Tengah,Boyolali,Wonosegoro,Kauman
Jawa Tengah,Boyolali,Juwangi,Kayen
Jawa Tengah,Sukoharjo,Polokarto,Kayuapak
Jawa Tengah,Wonogiri,Sidoharjo,Kayuloko
Jawa Tengah,Karanganyar,Jumantono,Kebak
Jawa Tengah,Karanganyar,Kebakkramat,Kebak
Jawa Tengah,Demak,Kebonagung,Kebonagung
Jawa Tengah,Wonogiri,Sidoharjo,Kebonagung
Jawa Tengah,Blora,Banjarejo,Kebonrejo
Jawa Tengah,Sragen,Ngrampal,Kebonromo
Jawa Tengah,Sragen,Tanon,Kecik
Jawa Tengah,Sragen,Mondokan,Kedawung
Jawa Tengah,Sragen,Kedawung,Kedawung
Jawa Tengah,Karanganyar,Jumapolo,Kedawung
Jawa Tengah,Klaten,Pedan,Keden
Jawa Tengah,Sragen,Kalijambe,Keden
Jawa Tengah,Blora,Randublatung,Kediren
Jawa Tengah,Klaten,Cawas,Kedungampel
Jawa Tengah,Klaten,Pedan,Kedungan
Jawa Tengah,Boyolali,Andong,Kedungdowo
Jawa Tengah,Wonogiri,Sidoharjo,Kedunggupit
Jawa Tengah,Sukoharjo,Tawangsari,Kedungjambal
Jawa Tengah,Blora,Blora,Kedungjenar
Jawa Tengah,Karanganyar,Mojogedang,Kedungjeruk
Jawa Tengah,Boyolali,Kemusu,Kedungmulyo
Jawa Tengah,Wonogiri,Baturetno,Kedungombo
Jawa Tengah,Boyolali,Kemusu,Kedungrejo
Jawa Tengah,Wonogiri,Nguntoronadi,Kedungrejo
Jawa Tengah,Grobogan,Purwodadi,Kedungrejo
Jawa Tengah,Blora,Tunjungan,Kedungringin
Jawa Tengah,Blora,Ngawen,Kedungsatriyan
Jawa Tengah,Sukoharjo,Bulu,Kedungsono
Jawa Tengah,Blora,Kedungtuban,Kedungtuban
Jawa Tengah,Sragen,Sragen,Kedungupit
Jawa Tengah,Sragen,Karangmalang,Kedungwaduk
Jawa Tengah,Blora,Kunduran,Kedungwaru
Jawa Tengah,Sukoharjo,Nguter,Kedungwinong
Jawa Tengah,Blora,Todanan,Kedungwungu
Jawa Tengah,Wonogiri,Selogiri,Keloran
Jawa Tengah,Grobogan,Tawangharjo,Kemadahbatur
Jawa Tengah,Blora,Kedungtuban,Kemantren
Jawa Tengah,Sukoharjo,Polokarto,Kemasan
Jawa Tengah,Blora,Banjarejo,Kembang
Jawa Tengah,Wonogiri,Jatipurno,Kembang
Jawa Tengah,Blora,Jepon,Kemiri
Jawa Tengah,Blora,Kunduran,Kemiri
Jawa Tengah,Karanganyar,Kebakkramat,Kemiri
Jawa Tengah,Grobogan,Godong,Kemloko
Jawa Tengah,Karanganyar,Ngargoyoso,Kemuning
Jawa Tengah,Boyolali,Kemusu,Kemusu
Jawa Tengah,Klaten,Juwiring,Kenaiban
Jawa Tengah,Blora,Ngawen,Kendayaan
Jawa Tengah,Boyolali,Kemusu,Kendel
Jawa Tengah,Sukoharjo,Sukoharjo,Kenep
Jawa Tengah,Sukoharjo,Polokarto,Kenokorejo
Jawa Tengah,Boyolali,Nogosari,Kenteng
Jawa Tengah,Grobogan,Toroh,Kenteng
Jawa Tengah,Wonogiri,Purwantoro,Kenteng
Jawa Tengah,Blora,Cepu,Kentong
Jawa Tengah,Klaten,Delanggu,Kepanjen
Jawa Tengah,Wonogiri,Selogiri,Kepatihan
Jawa Tengah,Boyolali,Sambi,Kepoh
Jawa Tengah,Blora,Jati,Kepoh
Jawa Tengah,Sukoharjo,Nguter,Kepuh
Jawa Tengah,Wonogiri,Manyaran,Kepuhsari
Jawa Tengah,Wonogiri,Purwantoro,Kepyar
Jawa Tengah,Wonogiri,Ngadirojo,Kerjo Kidul
Jawa Tengah,Wonogiri,Ngadirojo,Kerjo Lor
Jawa Tengah,Sukoharjo,Kartasura,Kertonatan
Jawa Tengah,Grobogan,Godong,Ketangirejo
Jawa Tengah,Boyolali,Nogosari,Ketitang
Jawa Tengah,Klaten,Juwiring,Ketitang
Jawa Tengah,Grobogan,Godong,Ketitang
Jawa Tengah,Wonogiri,Paranggupito,Ketos
Jawa Tengah,Sragen,Tanon,Ketro
Jawa Tengah,Grobogan,Karangrayung,Ketro
Jawa Tengah,Blora,Kedungtuban,Ketuwan
Jawa Tengah,Boyolali,Nogosari,Keyongan
Jawa Tengah,Grobogan,Gabus,Keyongan
Jawa Tengah,Klaten,Wonosari,Kingkang
Jawa Tengah,Wonogiri,Kismantoro,Kismantoro
Jawa Tengah,Boyolali,Ngemplak,Kismoyoso
Jawa Tengah,Blora,Kedungtuban,Klagen
Jawa Tengah,Grobogan,Klambu,Klambu
Jawa Tengah,Grobogan,Godong,Klampok
Jawa Tengah,Demak,Kebonagung,Klampok Lor
Jawa Tengah,Sragen,Ngrampal,Klandungan
Jawa Tengah,Sukoharjo,Gatak,Klaseman
Jawa Tengah,Boyolali,Kemusu,Klewor
Jawa Tengah,Sragen,Masaran,Kliwonan
Jawa Tengah,Karanganyar,Colomadu,Klodran
Jawa Tengah,Blora,Kunduran,Klokah
Jawa Tengah,Blora,Banjarejo,Klopoduwur
Jawa Tengah,Sukoharjo,Mojolaban,Klumprit
Jawa Tengah,Wonogiri,Slogohimo,Klunggen
Jawa Tengah,Grobogan,Penawangan,Kluwan
Jawa Tengah,Blora,Kunduran,Kodokan
Jawa Tengah,Grobogan,Godong,Kopek
Jawa Tengah,Wonogiri,Jatipurno,Kopen
Jawa Tengah,Karanganyar,Matesih,Koripan
Jawa Tengah,Grobogan,Kradenan,Kradenan
Jawa Tengah,Karanganyar,Gondangrejo,Kragan
Jawa Tengah,Sragen,Gemolong,Kragilan
Jawa Tengah,Sukoharjo,Mojolaban,Kragilan
Jawa Tengah,Sukoharjo,Weru,Krajan
Jawa Tengah,Sukoharjo,Gatak,Krajan
Jawa Tengah,Grobogan,Penawangan,Kramat
Jawa Tengah,Wonogiri,Bulukerto,Krandegan
Jawa Tengah,Grobogan,Toroh,Krangganharjo
Jawa Tengah,Sragen,Masaran,Krebet
Jawa Tengah,Karanganyar,Gondangrejo,Krendowahono
Jawa Tengah,Sragen,Kalijambe,Krikilan
Jawa Tengah,Sragen,Masaran,Krikilan
Jawa Tengah,Sukoharjo,Sukoharjo,Kriwen
Jawa Tengah,Boyolali,Juwangi,Krobokan
Jawa Tengah,Blora,Japah,Krocok
Jawa Tengah,Grobogan,Brati,Kronggen
Jawa Tengah,Grobogan,Wirosari,Kropak
Jawa Tengah,Sragen,Karangmalang,Kroyo
Jawa Tengah,Wonogiri,Batuwarno,Kudi
Jawa Tengah,Sukoharjo,Baki,Kudu
Jawa Tengah,Wonogiri,Nguntoronadi,Kulurejo
Jawa Tengah,Grobogan,Wirosari,Kunden
Jawa Tengah,Blora,Blora,Kunden
Jawa Tengah,Sukoharjo,Bulu,Kunden
Jawa Tengah,Blora,Kunduran,Kunduran
Jawa Tengah,Demak,Dempet,Kunir
Jawa Tengah,Boyolali,Andong,Kunti
Jawa Tengah,Klaten,Karangdowo,Kupang
Jawa Tengah,Grobogan,Purwodadi,Kuripan
Jawa Tengah,Karanganyar,Kerjo,Kuto
Jawa Tengah,Blora,Randublatung,Kutukan
Jawa Tengah,Boyolali,Banyudono,Kuwiran
Jawa Tengah,Grobogan,Kradenan,Kuwu
Jawa Tengah,Karanganyar,Kerjo,Kwadungan
Jawa Tengah,Sragen,Gemolong,Kwangen
Jawa Tengah,Karanganyar,Jumapolo,Kwangsan
Jawa Tengah,Klaten,Juwiring,Kwarasan
Jawa Tengah,Sukoharjo,Grogol,Kwarasan
Jawa Tengah,Sukoharjo,Mojolaban,Laban
Jawa Tengah,Grobogan,Penawangan,Lajer
Jawa Tengah,Karanganyar,Karanganyar,Lalung
Jawa Tengah,Sukoharjo,Grogol,Langenharjo
Jawa Tengah,Grobogan,Godong,Latak
Jawa Tengah,Sukoharjo,Nguter,Lawu
Jawa Tengah,Grobogan,Grobogan,Lebak
Jawa Tengah,Wonogiri,Pracimantoro,Lebak
Jawa Tengah,Grobogan,Grobogan,Lebengjumuk
Jawa Tengah,Blora,Sambong,Ledok
Jawa Tengah,Grobogan,Geyer,Ledokdawan
Jawa Tengah,Grobogan,Brati,Lemah Putih
Jawa Tengah,Karanganyar,Jumapolo,Lemahbang
Jawa Tengah,Wonogiri,Kismantoro,Lemahbang
Jawa Tengah,Klaten,Pedan,Lemahireng
Jawa Tengah,Boyolali,Wonosegoro,Lemahireng
Jawa Tengah,Karanganyar,Jenawi,Lempong
Jawa Tengah,Sukoharjo,Bulu,Lengking
Jawa Tengah,Grobogan,Penawangan,Leyangan
Jawa Tengah,Sukoharjo,Tawangsari,Lorog
Jawa Tengah,Klaten,Wonosari,Lumbungkerep
Jawa Tengah,Sukoharjo,Gatak,Luwang
Jawa Tengah,Karanganyar,Kebakkramat,Macanan
Jawa Tengah,Wonogiri,Slogohimo,Made
Jawa Tengah,Sukoharjo,Grogol,Madegondo
Jawa Tengah,Sukoharjo,Tawangsari,Majasto
Jawa Tengah,Sragen,Sukodono,Majenang
Jawa Tengah,Sukoharjo,Kartasura,Makamhaji
Jawa Tengah,Sukoharjo,Bulu,Malangan
Jawa Tengah,Karanganyar,Kebakkramat,Malanggaten
Jawa Tengah,Karanganyar,Colomadu,Malangjiwan
Jawa Tengah,Sukoharjo,Grogol,Manang
Jawa Tengah,Sukoharjo,Baki,Mancasan
Jawa Tengah,Sukoharjo,Sukoharjo,Mandan
Jawa Tengah,Klaten,Trucuk,Mandong
Jawa Tengah,Grobogan,Godong,Manggarmas
Jawa Tengah,Grobogan,Godong,Manggarwetan
Jawa Tengah,Boyolali,Ngemplak,Manggung
Jawa Tengah,Grobogan,Karangrayung,Mangin
Jawa Tengah,Demak,Kebonagung,Mangunanlor
Jawa Tengah,Wonogiri,Jatipurno,Mangunharjo
Jawa Tengah,Demak,Kebonagung,Mangunrejo
Jawa Tengah,Grobogan,Pulokulon,Mangunrejo
Jawa Tengah,Sukoharjo,Bendosari,Manisharjo
Jawa Tengah,Wonogiri,Wonogiri,Manjung
Jawa Tengah,Sragen,Plupuh,Manyarejo
Jawa Tengah,Sragen,Masaran,Masaran
Jawa Tengah,Karanganyar,Matesih,Matesih
Jawa Tengah,Grobogan,Tawangharjo,Mayahan
Jawa Tengah,Sukoharjo,Gatak,Mayang
Jawa Tengah,Blora,Kradenan,Medalem
Jawa Tengah,Blora,Kradenan,Megeri
Jawa Tengah,Demak,Kebonagung,Megonten
Jawa Tengah,Grobogan,Klambu,Menawan
Jawa Tengah,Blora,Kradenan,Mendenrejo
Jawa Tengah,Grobogan,Brati,Menduran
Jawa Tengah,Karanganyar,Jenawi,Menjing
Jawa Tengah,Sukoharjo,Baki,Menuran
Jawa Tengah,Demak,Dempet,Merak
Jawa Tengah,Blora,Cepu,Mernung
Jawa Tengah,Sukoharjo,Bendosari,Mertan
Jawa Tengah,Demak,Kebonagung,Mijen
Jawa Tengah,Wonogiri,Eromoko,Minggarharjo
Jawa Tengah,Wonogiri,Kismantoro,Miri
Jawa Tengah,Wonogiri,Purwantoro,Miricinde
Jawa Tengah,Sragen,Jenar,Mlale
Jawa Tengah,Blora,Blora,Mlangsen
Jawa Tengah,Klaten,Cawas,Mlese
Jawa Tengah,Grobogan,Gubug,Mlilir
Jawa Tengah,Wonogiri,Ngadirojo,Mlokomanis Kulon
Jawa Tengah,Wonogiri,Ngadirojo,Mlokomanis Wetan
Jawa Tengah,Wonogiri,Wuryantoro,Mlopoharjo
Jawa Tengah,Grobogan,Pulokulon,Mlowokarang Talun
Jawa Tengah,Boyolali,Andong,Mojo
Jawa Tengah,Grobogan,Karangrayung,Mojoagung
Jawa Tengah,Sragen,Kedawung,Mojodoyong
Jawa Tengah,Karanganyar,Mojogedang,Mojogedang
Jawa Tengah,Sragen,Kedawung,Mojokerto
Jawa Tengah,Sragen,Sumberlawang,Mojopuro
Jawa Tengah,Wonogiri,Wuryantoro,Mojopuro
Jawa Tengah,Wonogiri,Jatiroto,Mojopuro
Jawa Tengah,Grobogan,Wirosari,Mojorebo
Jawa Tengah,Sragen,Karangmalang,Mojorejo
Jawa Tengah,Sukoharjo,Bendosari,Mojorejo
Jawa Tengah,Blora,Kradenan,Mojorembun
Jawa Tengah,Wonogiri,Sidoharjo,Mojoreno
Jawa Tengah,Karanganyar,Mojogedang,Mojoroto
Jawa Tengah,Blora,Banjarejo,Mojowetan
Jawa Tengah,Grobogan,Geyer,Monggot
Jawa Tengah,Sukoharjo,Polokarto,Mranggen
Jawa Tengah,Klaten,Juwiring,Mrisen
Jawa Tengah,Sukoharjo,Bendosari,Mulur
Jawa Tengah,Blora,Cepu,Mulyorejo
Jawa Tengah,Klaten,Karangdowo,Munggung
Jawa Tengah,Boyolali,Andong,Munggur
Jawa Tengah,Karanganyar,Mojogedang,Munggur
Jawa Tengah,Blora,Kunduran,Muraharjo
Jawa Tengah,Sragen,Sambirejo,Musuk
Jawa Tengah,Wonogiri,Bulukerto,Nadi
Jawa Tengah,Wonogiri,Selogiri,Nambangan
Jawa Tengah,Grobogan,Purwodadi,Nambuhan
Jawa Tengah,Grobogan,Karangrayung,Nampu
Jawa Tengah,Klaten,Cawas,Nanggulan
Jawa Tengah,Karanganyar,Kebakkramat,Nangsri
Jawa Tengah,Sragen,Sukodono,Newung
Jawa Tengah,Grobogan,Grobogan,Ngabenrejo
Jawa Tengah,Sukoharjo,Kartasura,Ngabeyan
Jawa Tengah,Wonogiri,Sidoharjo,Ngabeyan
Jawa Tengah,Karanganyar,Matesih,Ngadiluwih
Jawa Tengah,Wonogiri,Nguntoronadi,Ngadipiro
Jawa Tengah,Karanganyar,Mojogedang,Ngadirejo
Jawa Tengah,Sukoharjo,Kartasura,Ngadirejo
Jawa Tengah,Wonogiri,Eromoko,Ngadirejo
Jawa Tengah,Wonogiri,Ngadirojo,Ngadirojo Kidul
Jawa Tengah,Wonogiri,Ngadirojo,Ngadirojo Lor
Jawa Tengah,Wonogiri,Nguntoronadi,Ngadiroyo
Jawa Tengah,Wonogiri,Bulukerto,Ngaglik
Jawa Tengah,Wonogiri,Karangtengah,Ngambarsari
Jawa Tengah,Blora,Jepon,Ngampon
Jawa Tengah,Wonogiri,Giriwoyo,Ngancar
Jawa Tengah,Wonogiri,Eromoko,Ngandong
Jawa Tengah,Sragen,Sumberlawang,Ngandul
Jawa Tengah,Sragen,Gemolong,Nganti
Jawa Tengah,Grobogan,Ngaringan,Ngarap-arap
Jawa Tengah,Klaten,Pedan,Ngaren
Jawa Tengah,Boyolali,Juwangi,Ngaren
Jawa Tengah,Wonogiri,Giritontro,Ngargoharjo
Jawa Tengah,Boyolali,Ngemplak,Ngargorejo
Jawa Tengah,Sragen,Sumberlawang,Ngargosari
Jawa Tengah,Sragen,Sumberlawang,Ngargotirto
Jawa Tengah,Karanganyar,Ngargoyoso,Ngargoyoso
Jawa Tengah,Grobogan,Ngaringan,Ngaringan
Jawa Tengah,Wonogiri,Tirtomoyo,Ngarjosari
Jawa Tengah,Sragen,Ngrampal,Ngarum
Jawa Tengah,Karanganyar,Colomadu,Ngasem
Jawa Tengah,Sukoharjo,Bulu,Ngasinan
Jawa Tengah,Blora,Ngawen,Ngawen
Jawa Tengah,Blora,Kunduran,Ngawenombo
Jawa Tengah,Sragen,Kalijambe,Ngebung
Jawa Tengah,Blora,Cepu,Ngelo
Jawa Tengah,Wonogiri,Jatiroto,Ngelo
Jawa Tengah,Grobogan,Penawangan,Ngeluk
Jawa Tengah,Grobogan,Purwodadi,Ngembak
Jawa Tengah,Sragen,Gemolong,Ngembatpadas
Jawa Tengah,Karanganyar,Karangpandan,Ngemplak
Jawa Tengah,Sukoharjo,Kartasura,Ngemplak
Jawa Tengah,Sragen,Jenar,Ngepringan
Jawa Tengah,Karanganyar,Jatipuro,Ngepungsari
Jawa Tengah,Boyolali,Ngemplak,Ngesrep
Jawa Tengah,Karanganyar,Tasikmadu,Ngijo
Jawa Tengah,Blora,Kunduran,Ngilen
Jawa Tengah,Blora,Kradenan,Nginggil
Jawa Tengah,Blora,Kedungtuban,Nglandeyan
Jawa Tengah,Blora,Cepu,Nglanjuk
Jawa Tengah,Blora,Jepon,Nglarohgunung
Jawa Tengah,Blora,Kradenan,Nglebak
Jawa Tengah,Karanganyar,Tawangmangu,Nglebak
Jawa Tengah,Blora,Jiken,Nglebur
Jawa Tengah,Karanganyar,Ngargoyoso,Nglegok
Jawa Tengah,Boyolali,Juwangi,Ngleses
Jawa Tengah,Grobogan,Gabus,Nglinduk
Jawa Tengah,Blora,Randublatung,Ngliron
Jawa Tengah,Grobogan,Purwodadi,Nglobar
Jawa Tengah,Blora,Jiken,Nglobo
Jawa Tengah,Blora,Cepu,Ngloram
Jawa Tengah,Sragen,Sragen,Nglorog
Jawa Tengah,Blora,Kradenan,Nglungger
Jawa Tengah,Klaten,Karangdowo,Ngolodono
Jawa Tengah,Sukoharjo,Polokarto,Ngombakan
Jawa Tengah,Blora,Kedungtuban,Ngraho
Jawa Tengah,Grobogan,Purwodadi,Ngraji
Jawa Tengah,Blora,Japah,Ngrambitan
Jawa Tengah,Grobogan,Toroh,Ngrandah
Jawa Tengah,Grobogan,Geyer,Ngrandu
Jawa Tengah,Blora,Kradenan,Ngrawoh
Jawa Tengah,Sukoharjo,Weru,Ngreco
Jawa Tengah,Klaten,Wonosari,Ngreden
Jawa Tengah,Karanganyar,Jaten,Ngringo
Jawa Tengah,Sragen,Plupuh,Ngrombo
Jawa Tengah,Sragen,Tangen,Ngrombo
Jawa Tengah,Sukoharjo,Baki,Ngrombo
Jawa Tengah,Wonogiri,Jatisrono,Ngrompak
Jawa Tengah,Blora,Cepu,Ngroto
Jawa Tengah,Wonogiri,Kismantoro,Ngroto
Jawa Tengah,Wonogiri,Puhpelem,Nguneng
Jawa Tengah,Wonogiri,Eromoko,Ngunggahan
Jawa Tengah,Karanganyar,Jumantono,Ngunut
Jawa Tengah,Sukoharjo,Nguter,Nguter
Jawa Tengah,Wonogiri,Girimarto,Nungkulan
Jawa Tengah,Sukoharjo,Kartasura,Pabelan
Jawa Tengah,Karanganyar,Matesih,Pablengan
Jawa Tengah,Wonogiri,Slogohimo,Padarangin
Jawa Tengah,Sragen,Tanon,Padas
Jawa Tengah,Sragen,Sumberlawang,Pagak
Jawa Tengah,Wonogiri,Manyaran,Pagutan
Jawa Tengah,Grobogan,Godong,Pahesan
Jawa Tengah,Boyolali,Andong,Pakang
Jawa Tengah,Boyolali,Andong,Pakel
Jawa Tengah,Pati,Sukolilo,Pakem
Jawa Tengah,Grobogan,Kradenan,Pakis
Jawa Tengah,Klaten,Cawas,Pakisan
Jawa Tengah,Blora,Jepon,Palon
Jawa Tengah,Sukoharjo,Bendosari,Paluhombo
Jawa Tengah,Sukoharjo,Mojolaban,Palur
Jawa Tengah,Sragen,Sidoharjo,Pandak
Jawa Tengah,Wonogiri,Slogohimo,Pandan
Jawa Tengah,Klaten,Wonosari,Pandanan
Jawa Tengah,Grobogan,Gabus,Pandanharum
Jawa Tengah,Boyolali,Ngemplak,Pandeyan
Jawa Tengah,Karanganyar,Tasikmadu,Pandeyan
Jawa Tengah,Sukoharjo,Grogol,Pandeyan
Jawa Tengah,Wonogiri,Jatisrono,Pandeyan
Jawa Tengah,Wonogiri,Eromoko,Panekan
Jawa Tengah,Grobogan,Karangrayung,Pangkalan
Jawa Tengah,Blora,Kedungtuban,Panolan
Jawa Tengah,Sragen,Sukodono,Pantirejo
Jawa Tengah,Grobogan,Pulokulon,Panunggalan
Jawa Tengah,Karanganyar,Tasikmadu,Papahan
Jawa Tengah,Grobogan,Karangrayung,Parakan
Jawa Tengah,Wonogiri,Paranggupito,Paranggupito
Jawa Tengah,Sukoharjo,Grogol,Parangjoro
Jawa Tengah,Sragen,Mondokan,Pare
Jawa Tengah,Wonogiri,Selogiri,Pare
Jawa Tengah,Karanganyar,Jumapolo,Paseban
Jawa Tengah,Wonogiri,Eromoko,Pasekan
Jawa Tengah,Sragen,Sidoharjo,Patihan
Jawa Tengah,Karanganyar,Colomadu,Paulan
Jawa Tengah,Grobogan,Gabus,Pelem
Jawa Tengah,Blora,Jati,Pelem
Jawa Tengah,Blora,Blora,Pelem
Jawa Tengah,Wonogiri,Jatisrono,Pelem
Jawa Tengah,Sragen,Gemolong,Peleman
Jawa Tengah,Sragen,Karangmalang,Pelemgadung
Jawa Tengah,Boyolali,Andong,Pelemrejo
Jawa Tengah,Grobogan,Penawangan,Penawangan
Jawa Tengah,Sragen,Sumberlawang,Pendem
Jawa Tengah,Grobogan,Ngaringan,Pendem
Jawa Tengah,Karanganyar,Mojogedang,Pendem
Jawa Tengah,Grobogan,Klambu,Penganten
Jawa Tengah,Sragen,Kedawung,Pengkok
Jawa Tengah,Sragen,Tanon,Pengkol
Jawa Tengah,Grobogan,Penawangan,Pengkol
Jawa Tengah,Sukoharjo,Nguter,Pengkol
Jawa Tengah,Wonogiri,Jatiroto,Pengkol
Jawa Tengah,Blora,Jati,Pengkoljagong
Jawa Tengah,Karanganyar,Mojogedang,Pereng
Jawa Tengah,Wonogiri,Jatiroto,Pesido
Jawa Tengah,Wonogiri,Pracimantoro,Petirsari
Jawa Tengah,Karanganyar,Jatiyoso,Petung
Jawa Tengah,Wonogiri,Giriwoyo,Pidekso
Jawa Tengah,Wonogiri,Manyaran,Pijiharjo
Jawa Tengah,Sragen,Masaran,Pilang
Jawa Tengah,Blora,Randublatung,Pilang
Jawa Tengah,Grobogan,Toroh,Pilangpayung
Jawa Tengah,Boyolali,Juwangi,Pilangrejo
Jawa Tengah,Sragen,Ngrampal,Pilangsari
Jawa Tengah,Sragen,Gesi,Pilangsari
Jawa Tengah,Wonogiri,Jatiroto,Pingkuk
Jawa Tengah,Wonogiri,Giriwoyo,Platarejo
Jawa Tengah,Sukoharjo,Nguter,Plesan
Jawa Tengah,Karanganyar,Gondangrejo,Plesungan
Jawa Tengah,Karanganyar,Jumapolo,Ploso
Jawa Tengah,Wonogiri,Purwantoro,Ploso
Jawa Tengah,Grobogan,Toroh,Plosoharjo
Jawa Tengah,Sragen,Karangmalang,Plosokerep
Jawa Tengah,Blora,Kunduran,plosorejo
Jawa Tengah,Sragen,Gondang,Plosorejo
Jawa Tengah,Grobogan,Tawangharjo,Plosorejo
Jawa Tengah,Blora,Randublatung,Plosorejo
Jawa Tengah,Blora,Banjarejo,Plosorejo
Jawa Tengah,Karanganyar,Matesih,Plosorejo
Jawa Tengah,Karanganyar,Kerjo,Plosorejo
Jawa Tengah,Wonogiri,Kismantoro,Plosorejo
Jawa Tengah,Klaten,Cawas,Plosowangi
Jawa Tengah,Sragen,Sambungmacan,Plumbon
Jawa Tengah,Blora,Ngawen,Plumbon
Jawa Tengah,Karanganyar,Tawangmangu,Plumbon
Jawa Tengah,Sukoharjo,Mojolaban,Plumbon
Jawa Tengah,Sragen,Karangmalang,Plumbungan
Jawa Tengah,Sragen,Plupuh,Plupuh
Jawa Tengah,Klaten,Cawas,Pogung
Jawa Tengah,Boyolali,Nogosari,Pojok
Jawa Tengah,Grobogan,Tawangharjo,Pojok
Jawa Tengah,Grobogan,Pulokulon,Pojok
Jawa Tengah,Karanganyar,Mojogedang,Pojok
Jawa Tengah,Sukoharjo,Tawangsari,Pojok
Jawa Tengah,Blora,Sambong,Pojokwatu
Jawa Tengah,Wonogiri,Wonogiri,Pokohkidul
Jawa Tengah,Sragen,Gesi,Poleng
Jawa Tengah,Sukoharjo,Polokarto,Polokarto
Jawa Tengah,Sukoharjo,Grogol,Pondok
Jawa Tengah,Sukoharjo,Nguter,Pondok
Jawa Tengah,Wonogiri,Ngadirojo,Pondok
Jawa Tengah,Wonogiri,Nguntoronadi,Pondoksari
Jawa Tengah,Sukoharjo,Tawangsari,Ponowaren
Jawa Tengah,Karanganyar,Karanganyar,Popongan
Jawa Tengah,Pati,Sukolilo,Porangparing
Jawa Tengah,Boyolali,Nogosari,Potronayan
Jawa Tengah,Wonogiri,Pracimantoro,Pracimantoro
Jawa Tengah,Sukoharjo,Polokarto,Pranan
Jawa Tengah,Boyolali,Andong,Pranggong
Jawa Tengah,Blora,Todanan,Prigi
Jawa Tengah,Sragen,Masaran,Pringanom
Jawa Tengah,Sukoharjo,Kartasura,Pucangan
Jawa Tengah,Wonogiri,Giritontro,Pucanganom
Jawa Tengah,Wonogiri,Eromoko,Pucung
Jawa Tengah,Wonogiri,Kismantoro,Pucung
Jawa Tengah,Klaten,Karangdowo,Pugeran
Jawa Tengah,Sukoharjo,Bendosari,Puhgogor
Jawa Tengah,Wonogiri,Puhpelem,Puhpelem
Jawa Tengah,Wonogiri,Selogiri,Pule
Jawa Tengah,Wonogiri,Jatisrono,Pule
Jawa Tengah,Blora,Kedungtuban,Pulo
Jawa Tengah,Wonogiri,Eromoko,Puloharjo
Jawa Tengah,Grobogan,Pulokulon,Pulokulon
Jawa Tengah,Grobogan,Tawangharjo,Pulongrambe
Jawa Tengah,Grobogan,Purwodadi,Pulorejo
Jawa Tengah,Karanganyar,Kebakkramat,Pulosari
Jawa Tengah,Boyolali,Nogosari,Pulutan
Jawa Tengah,Grobogan,Penawangan,Pulutan
Jawa Tengah,Wonogiri,Wuryantoro,Pulutan Kulon
Jawa Tengah,Wonogiri,Wuryantoro,Pulutan Wetan
Jawa Tengah,Wonogiri,Manyaran,Punduhsari
Jawa Tengah,Klaten,Juwiring,Pundungan
Jawa Tengah,Sukoharjo,Tawangsari,Pundungrejo
Jawa Tengah,Klaten,Trucuk,Pundungsari
Jawa Tengah,Blora,Ngawen,Punggursugih
Jawa Tengah,Sragen,Plupuh,Pungsari
Jawa Tengah,Karanganyar,Ngargoyoso,Puntukrejo
Jawa Tengah,Sukoharjo,Baki,Purbayan
Jawa Tengah,Sragen,Karangmalang,Puro
Jawa Tengah,Sukoharjo,Bulu,Puron
Jawa Tengah,Wonogiri,Purwantoro,Purwantoro
Jawa Tengah,Grobogan,Purwodadi,Purwodadi
Jawa Tengah,Wonogiri,Karangtengah,Purwoharjo
Jawa Tengah,Sragen,Gemolong,Purworejo
Jawa Tengah,Blora,Blora,Purworejo
Jawa Tengah,Wonogiri,Wonogiri,Purworejo
Jawa Tengah,Wonogiri,Wonogiri,Purwosari
Jawa Tengah,Sragen,Sidoharjo,Purwosuman
Jawa Tengah,Grobogan,Purwodadi,Putat
Jawa Tengah,Grobogan,Karangrayung,Putatnganten
Jawa Tengah,Grobogan,Grobogan,Putatsari
Jawa Tengah,Grobogan,Godong,Rajek
Jawa Tengah,Grobogan,Geyer,Rambat
Jawa Tengah,Blora,Randublatung,Randublatung
Jawa Tengah,Blora,Jati,Randulawang
Jawa Tengah,Grobogan,Pulokulon,Randurejo
Jawa Tengah,Wonogiri,Slogohimo,Randusari
Jawa Tengah,Grobogan,Karangrayung,Rawoh
Jawa Tengah,Grobogan,Kradenan,Rejosari
Jawa Tengah,Grobogan,Grobogan,Rejosari
Jawa Tengah,Karanganyar,Gondangrejo,Rejosari
Jawa Tengah,Sukoharjo,Polokarto,Rejosari
Jawa Tengah,Wonogiri,Jatisrono,Rejosari
Jawa Tengah,Boyolali,Nogosari,Rembun
Jawa Tengah,Klaten,Karangdowo,Ringinputih
Jawa Tengah,Wonogiri,Batuwarno,Ronggojati
Jawa Tengah,Blora,Ngawen,Rowobungkul
Jawa Tengah,Grobogan,Gubug,Saban
Jawa Tengah,Klaten,Delanggu,Sabrang
Jawa Tengah,Klaten,Trucuk,Sajen
Jawa Tengah,Karanganyar,Karangpandan,Salam
Jawa Tengah,Blora,Todanan,Sambeng
Jawa Tengah,Boyolali,Juwangi,Sambeng
Jawa Tengah,Boyolali,Sambi,Sambi
Jawa Tengah,Sragen,Sambirejo,Sambi
Jawa Tengah,Sragen,Tanon,Sambiduwur
Jawa Tengah,Wonogiri,Paranggupito,Sambiharjo
Jawa Tengah,Sragen,Plupuh,Sambirejo
Jawa Tengah,Sragen,Sambirejo,Sambirejo
Jawa Tengah,Grobogan,Wirosari,Sambirejo
Jawa Tengah,Karanganyar,Jumantono,Sambirejo
Jawa Tengah,Wonogiri,Slogohimo,Sambirejo
Jawa Tengah,Wonogiri,Jatisrono,Sambirejo
Jawa Tengah,Sragen,Kalijambe,Sambirembe
Jawa Tengah,Blora,Kunduran,Sambiroto
Jawa Tengah,Wonogiri,Pracimantoro,Sambiroto
Jawa Tengah,Boyolali,Banyudono,Sambon
Jawa Tengah,Blora,Sambong,Sambong
Jawa Tengah,Blora,Ngawen,Sambonganyar
Jawa Tengah,Grobogan,Kradenan,Sambongbangi
Jawa Tengah,Blora,Sambong,Sambongrejo
Jawa Tengah,Blora,Ngawen,Sambongrejo
Jawa Tengah,Blora,Randublatung,Sambongwangan
Jawa Tengah,Grobogan,Godong,Sambung
Jawa Tengah,Sragen,Sambungmacan,Sambungmacan
Jawa Tengah,Wonogiri,Girimarto,Sanan
Jawa Tengah,Sukoharjo,Bulu,Sanggang
Jawa Tengah,Boyolali,Klego,Sangge
Jawa Tengah,Sukoharjo,Grogol,Sanggrahan
Jawa Tengah,Wonogiri,Jatiroto,Sanggrong
Jawa Tengah,Sukoharjo,Gatak,Sanggung
Jawa Tengah,Sukoharjo,Mojolaban,Sapen
Jawa Tengah,Sragen,Karangmalang,Saradan
Jawa Tengah,Wonogiri,Baturetno,Saradan
Jawa Tengah,Sragen,Kalijambe,Saren
Jawa Tengah,Blora,Ngawen,Sarimulyo
Jawa Tengah,Boyolali,Kemusu,Sarimulyo
Jawa Tengah,Grobogan,Ngaringan,Sarirejo
Jawa Tengah,Klaten,Juwiring,Sawahan
Jawa Tengah,Boyolali,Ngemplak,Sawahan
Jawa Tengah,Grobogan,Penawangan,Sedadi
Jawa Tengah,Grobogan,Grobogan,Sedayu
Jawa Tengah,Karanganyar,Jumantono,Sedayu
Jawa Tengah,Wonogiri,Pracimantoro,Sedayu
Jawa Tengah,Wonogiri,Slogohimo,Sedayu
Jawa Tengah,Klaten,Delanggu,Segaran
Jawa Tengah,Karanganyar,Ngargoyoso,Segorogunung
Jawa Tengah,Wonogiri,Giriwoyo,Sejati
Jawa Tengah,Klaten,Wonosari,Sekaran
Jawa Tengah,Grobogan,Tawangharjo,Selo
Jawa Tengah,Grobogan,Klambu,Selojari
Jawa Tengah,Karanganyar,Gondangrejo,Selokaton
Jawa Tengah,Wonogiri,Giriwoyo,Selomarto
Jawa Tengah,Wonogiri,Batuwarno,Selopuro
Jawa Tengah,Wonogiri,Girimarto,Selorejo
Jawa Tengah,Karanganyar,Jenawi,Seloromo
Jawa Tengah,Wonogiri,Girimarto,Semagar
Jawa Tengah,Blora,Jepon,Semampir
Jawa Tengah,Blora,Jepon,Semanggi
Jawa Tengah,Boyolali,Andong,Semawung
Jawa Tengah,Blora,Ngawen,Semawur
Jawa Tengah,Blora,Banjarejo,Sembongin
Jawa Tengah,Wonogiri,Sidoharjo,Sembukan
Jawa Tengah,Boyolali,Nogosari,Sembungan
Jawa Tengah,Grobogan,Pulokulon,Sembungharjo
Jawa Tengah,Wonogiri,Jatisrono,Semen
Jawa Tengah,Wonogiri,Nguntoronadi,Semin
Jawa Tengah,Blora,Kunduran,Sempu
Jawa Tengah,Boyolali,Andong,Sempu
Jawa Tengah,Wonogiri,Sidoharjo,Sempukerep
Jawa Tengah,Wonogiri,Wonogiri,Sendang
Jawa Tengah,Wonogiri,Purwantoro,Sendang
Jawa Tengah,Blora,Ngawen,Sendangagung
Jawa Tengah,Wonogiri,Giriwoyo,Sendangagung
Jawa Tengah,Blora,Banjarejo,Sendanggayam
Jawa Tengah,Grobogan,Karangrayung,Sendangharjo
Jawa Tengah,Wonogiri,Selogiri,Sendangijo
Jawa Tengah,Blora,Ngawen,Sendangmulyo
Jawa Tengah,Wonogiri,Tirtomoyo,Sendangmulyo
Jawa Tengah,Grobogan,Ngaringan,Sendangrejo
Jawa Tengah,Blora,Ngawen,Sendangrejo
Jawa Tengah,Boyolali,Klego,Sendangrejo
Jawa Tengah,Wonogiri,Baturetno,Sendangrejo
Jawa Tengah,Wonogiri,Batuwarno,Sendangsari
Jawa Tengah,Blora,Kunduran,Sendangwates
Jawa Tengah,Blora,Banjarejo,Sendangwungu
Jawa Tengah,Boyolali,Andong,Senggrong
Jawa Tengah,Grobogan,Kradenan,Sengonwetan
Jawa Tengah,Boyolali,Sambi,Senting
Jawa Tengah,Klaten,Karangdowo,Sentono
Jawa Tengah,Karanganyar,Tawangmangu,Sepanjang
Jawa Tengah,Sragen,Masaran,Sepat
Jawa Tengah,Klaten,Juwiring,Serenan
Jawa Tengah,Sukoharjo,Nguter,Serut
Jawa Tengah,Blora,Jepon,Seso
Jawa Tengah,Wonogiri,Slogohimo,Setren
Jawa Tengah,Wonogiri,Baturetno,Setrorejo
Jawa Tengah,Karanganyar,Mojogedang,Sewurejo
Jawa Tengah,Sragen,Masaran,Sidodadi
Jawa Tengah,Sragen,Sidoharjo,Sidoharjo
Jawa Tengah,Wonogiri,Sidoharjo,Sidoharjo
Jawa Tengah,Wonogiri,Girimarto,Sidokarto
Jawa Tengah,Sragen,Plupuh,Sidokerto
Jawa Tengah,Karanganyar,Jenawi,Sidomukti
Jawa Tengah,Blora,Banjarejo,Sidomulyo
Jawa Tengah,Grobogan,Pulokulon,Sidorejo
Jawa Tengah,Blora,Kedungtuban,Sidorejo
Jawa Tengah,Sukoharjo,Bendosari,Sidorejo
Jawa Tengah,Wonogiri,Tirtomoyo,Sidorejo
Jawa Tengah,Wonogiri,Jatisrono,Sidorejo
Jawa Tengah,Klaten,Wonosari,Sidowarno
Jawa Tengah,Sragen,Tangen,Sigit
Jawa Tengah,Grobogan,Kradenan,Simo
Jawa Tengah,Boyolali,Ngemplak,Sindon
Jawa Tengah,Wonogiri,Eromoko,Sindukarto
Jawa Tengah,Grobogan,Toroh,Sindurejo
Jawa Tengah,Sragen,Sragen,Sine
Jawa Tengah,Blora,Jati,Singget
Jawa Tengah,Wonogiri,Selogiri,Singodutan
Jawa Tengah,Blora,Jiken,Singonegoro
Jawa Tengah,Sragen,Sidoharjo,Singopadu
Jawa Tengah,Sukoharjo,Kartasura,Singopuran
Jawa Tengah,Wonogiri,Giriwoyo,Sirnoboyo
Jawa Tengah,Sukoharjo,Baki,Siwal
Jawa Tengah,Sragen,Gesi,Slendro
Jawa Tengah,Sragen,Tanon,Slogo
Jawa Tengah,Wonogiri,Slogohimo,Slogohimo
Jawa Tengah,Wonogiri,Jatipurno,Slogoretno
Jawa Tengah,Klaten,Pedan,Sobayan
Jawa Tengah,Grobogan,Geyer,Sobo
Jawa Tengah,Boyolali,Ngemplak,Sobokerto
Jawa Tengah,Wonogiri,Slogohimo,Soco
Jawa Tengah,Blora,Kedungtuban,Sogo
Jawa Tengah,Klaten,Karangdowo,Soka
Jawa Tengah,Sragen,Miri,Soko
Jawa Tengah,Wonogiri,Slogohimo,Sokoboyo
Jawa Tengah,Demak,Kebonagung,Sokokidul
Jawa Tengah,Sragen,Plupuh,Somomorodukuh
Jawa Tengah,Wonogiri,Paranggupito,Songbledeg
Jawa Tengah,Sragen,Mondokan,Sono
Jawa Tengah,Wonogiri,Wonogiri,Sonoharjo
Jawa Tengah,Blora,Kunduran,Sonokidul
Jawa Tengah,Blora,Todanan,Sonokulon
Jawa Tengah,Sukoharjo,Sukoharjo,Sonorejo
Jawa Tengah,Sragen,Sragen,Sragen Kulon
Jawa Tengah,Sragen,Sragen,Sragen Tengah
Jawa Tengah,Sragen,Sragen,Sragen Wetan
Jawa Tengah,Sukoharjo,Gatak,Sraten
Jawa Tengah,Sragen,Gesi,Srawung
Jawa Tengah,Sragen,Sidoharjo,Sribit
Jawa Tengah,Blora,Ngawen,Srigading
Jawa Tengah,Sragen,Gondang,Srimulyo
Jawa Tengah,Karanganyar,Jumantono,Sringin
Jawa Tengah,Karanganyar,Jaten,Sroyo
Jawa Tengah,Wonogiri,Pracimantoro,Suci
Jawa Tengah,Grobogan,Toroh,Sugihan
Jawa Tengah,Sukoharjo,Bendosari,Sugihan
Jawa Tengah,Wonogiri,Jatiroto,Sugihan
Jawa Tengah,Wonogiri,Bulukerto,Sugihan
Jawa Tengah,Sukoharjo,Sukoharjo,Sukoharjo
Jawa Tengah,Wonogiri,Tirtomoyo,Sukoharjo
Jawa Tengah,Wonogiri,Purwantoro,Sukomangu
Jawa Tengah,Klaten,Wonosari,Sukorejo
Jawa Tengah,Sragen,Sambirejo,Sukorejo
Jawa Tengah,Wonogiri,Puhpelem,Sukorejo
Jawa Tengah,Karanganyar,Jumantono,Sukosari
Jawa Tengah,Grobogan,Gabus,Sulursari
Jawa Tengah,Klaten,Trucuk,Sumber
Jawa Tengah,Blora,Kradenan,Sumber
Jawa Tengah,Boyolali,Simo,Sumber
Jawa Tengah,Wonogiri,Purwantoro,Sumber
Jawa Tengah,Grobogan,Ngaringan,Sumberagung
Jawa Tengah,Grobogan,Godong,Sumberagung
Jawa Tengah,Blora,Banjarejo,Sumberagung
Jawa Tengah,Boyolali,Klego,Sumberagung
Jawa Tengah,Wonogiri,Pracimantoro,Sumberagung
Jawa Tengah,Wonogiri,Batuwarno,Sumberagung
Jawa Tengah,Sragen,Mondokan,Sumberejo
Jawa Tengah,Blora,Randublatung,Sumberejo
Jawa Tengah,Blora,Ngawen,Sumberejo
Jawa Tengah,Karanganyar,Kerjo,Sumberejo
Jawa Tengah,Wonogiri,Batuwarno,Sumberejo
Jawa Tengah,Wonogiri,Wuryantoro,Sumberejo
Jawa Tengah,Wonogiri,Jatisrono,Sumberejo
Jawa Tengah,Wonogiri,Eromoko,Sumberharjo
Jawa Tengah,Grobogan,Grobogan,Sumberjatipohon
Jawa Tengah,Grobogan,Karangrayung,Sumberjosari
Jawa Tengah,Blora,Cepu,Sumberpitu
Jawa Tengah,Blora,Jepon,Sumurboto
Jawa Tengah,Grobogan,Godong,Sumurgede
Jawa Tengah,Sragen,Miri,Sunggingan
Jawa Tengah,Grobogan,Geyer,Suru
Jawa Tengah,Karanganyar,Tasikmadu,Suruh
Jawa Tengah,Karanganyar,Jaten,Suruhkalang
Jawa Tengah,Sragen,Tanon,Suwatu
Jawa Tengah,Grobogan,Gabus,Suwatu
Jawa Tengah,Grobogan,Gabus,Tahunan
Jawa Tengah,Klaten,Juwiring,Taji
Jawa Tengah,Wonogiri,Purwantoro,Talesan
Jawa Tengah,Blora,Ngawen,Talokwohmojo
Jawa Tengah,Wonogiri,Baturetno,Talunombo
Jawa Tengah,Blora,Tunjungan,Tamanrejo
Jawa Tengah,Karanganyar,Kerjo,Tamansari
Jawa Tengah,Grobogan,Wirosari,Tambahrejo
Jawa Tengah,Blora,Blora,Tambahrejo
Jawa Tengah,Klaten,Karangdowo,Tambak
Jawa Tengah,Klaten,Pedan,Tambakboyo
Jawa Tengah,Sukoharjo,Tawangsari,Tambakboyo
Jawa Tengah,Wonogiri,Girimarto,Tambakmerang
Jawa Tengah,Blora,Cepu,Tambakromo
Jawa Tengah,Grobogan,Wirosari,Tambakselo
Jawa Tengah,Grobogan,Toroh,Tambirejo
Jawa Tengah,Sragen,Gesi,Tanggan
Jawa Tengah,Blora,Randublatung,Tanggel
Jawa Tengah,Wonogiri,Jatisrono,Tanggulangin
Jawa Tengah,Grobogan,Grobogan,Tanggungharjo
Jawa Tengah,Sragen,Sragen,Tangkil
Jawa Tengah,Sukoharjo,Tawangsari,Tangkisan
Jawa Tengah,Klaten,Juwiring,Tanjung
Jawa Tengah,Blora,Kedungtuban,Tanjung
Jawa Tengah,Sukoharjo,Nguter,Tanjung
Jawa Tengah,Wonogiri,Bulukerto,Tanjung
Jawa Tengah,Grobogan,Ngaringan,Tanjungharjo
Jawa Tengah,Grobogan,Wirosari,Tanjungrejo
Jawa Tengah,Sukoharjo,Nguter,Tanjungrejo
Jawa Tengah,Grobogan,Kradenan,Tanjungsari
Jawa Tengah,Wonogiri,Tirtomoyo,Tanjungsari
Jawa Tengah,Wonogiri,Jatisrono,Tanjungsari
Jawa Tengah,Sragen,Tanon,Tanon
Jawa Tengah,Sragen,Sidoharjo,Taraman
Jawa Tengah,Grobogan,Tawangharjo,Tarub
Jawa Tengah,Grobogan,Klambu,Taruman
Jawa Tengah,Wonogiri,Jatisrono,Tasikhargo
Jawa Tengah,Sukoharjo,Weru,Tawang
Jawa Tengah,Grobogan,Tawangharjo,Tawangharjo
Jawa Tengah,Wonogiri,Giriwoyo,Tawangharjo
Jawa Tengah,Karanganyar,Tawangmangu,Tawangmangu
Jawa Tengah,Blora,Tunjungan,Tawangrejo
Jawa Tengah,Blora,Kunduran,Tawangrejo
Jawa Tengah,Wonogiri,Jatipurno,Tawangrejo
Jawa Tengah,Karanganyar,Kerjo,Tawangsari
Jawa Tengah,Klaten,Karangdowo,Tegalampel
Jawa Tengah,Sragen,Gemolong,Tegaldowo
Jawa Tengah,Karanganyar,Karanganyar,Tegalgede
Jawa Tengah,Boyolali,Nogosari,Tegalgiri
Jawa Tengah,Klaten,Wonosari,Tegalgondo
Jawa Tengah,Blora,Blora,Tegalgunung
Jawa Tengah,Wonogiri,Eromoko,Tegalharjo
Jawa Tengah,Sukoharjo,Mojolaban,Tegalmade
Jawa Tengah,Sragen,Kalijambe,Tegalombo
Jawa Tengah,Klaten,Ceper,Tegalrejo
Jawa Tengah,Sragen,Gondang,Tegalrejo
Jawa Tengah,Wonogiri,Purwantoro,Tegalrejo
Jawa Tengah,Sukoharjo,Weru,Tegalsari
Jawa Tengah,Grobogan,Brati,Tegalsumur
Jawa Tengah,Wonogiri,Batuwarno,Tegiri
Jawa Tengah,Grobogan,Grobogan,Teguhan
Jawa Tengah,Grobogan,Karangrayung,Telawah
Jawa Tengah,Klaten,Wonosari,Teloyo
Jawa Tengah,Sukoharjo,Grogol,Telukan
Jawa Tengah,Wonogiri,Karangtengah,Temboro
Jawa Tengah,Blora,Sambong,Temengeng
Jawa Tengah,Grobogan,Brati,Temon
Jawa Tengah,Boyolali,Simo,Temon
Jawa Tengah,Wonogiri,Baturetno,Temon
Jawa Tengah,Sukoharjo,Gatak,Tempel
Jawa Tengah,Blora,Blora,Tempelan
Jawa Tengah,Blora,Jepon,Tempellemahbang
Jawa Tengah,Sragen,Mondokan,Tempelrejo
Jawa Tengah,Wonogiri,Eromoko,Tempurharjo
Jawa Tengah,Boyolali,Sambi,Tempursari
Jawa Tengah,Wonogiri,Sidoharjo,Tempursari
Jawa Tengah,Blora,Randublatung,Temulus
Jawa Tengah,Grobogan,Karangrayung,Temurejo
Jawa Tengah,Klaten,Pedan,Temuwangi
Jawa Tengah,Sragen,Sidoharjo,Tenggak
Jawa Tengah,Blora,Japah,Tengger
Jawa Tengah,Wonogiri,Puhpelem,Tengger
Jawa Tengah,Karanganyar,Tawangmangu,Tengklik
Jawa Tengah,Sukoharjo,Polokarto,Tepisari
Jawa Tengah,Grobogan,Klambu,Terkesi
Jawa Tengah,Grobogan,Karangrayung,Termas
Jawa Tengah,Boyolali,Simo,Teter
Jawa Tengah,Blora,Todanan,Tinapan
Jawa Tengah,Grobogan,Brati,Tirem
Jawa Tengah,Klaten,Cawas,Tirtomarto
Jawa Tengah,Wonogiri,Tirtomoyo,Tirtomoyo
Jawa Tengah,Wonogiri,Giriwoyo,Tirtosuworo
Jawa Tengah,Sukoharjo,Bulu,Tiyaran
Jawa Tengah,Klaten,Cawas,Tlingsing
Jawa Tengah,Karanganyar,Jatiyoso,Tlobo
Jawa Tengah,Klaten,Delanggu,Tlobong
Jawa Tengah,Wonogiri,Giritontro,Tlogoharjo
Jawa Tengah,Klaten,Juwiring,Tlogorandu
Jawa Tengah,Wonogiri,Giritontro,Tlogosari
Jawa Tengah,Demak,Kebonagung,Tlogosih
Jawa Tengah,Sragen,Sumberlawang,Tlogotirto
Jawa Tengah,Grobogan,Gabus,Tlogotirto
Jawa Tengah,Blora,Randublatung,Tlogotuwung
Jawa Tengah,Blora,Jati,Tobo
Jawa Tengah,Karanganyar,Karangpandan,Tohkuning
Jawa Tengah,Karanganyar,Colomadu,Tohudan
Jawa Tengah,Grobogan,Penawangan,Toko
Jawa Tengah,Sukoharjo,Bendosari,Toriyo
Jawa Tengah,Sragen,Sambungmacan,Toyogo
Jawa Tengah,Sukoharjo,Gatak,Trangsan
Jawa Tengah,Klaten,Juwiring,Trasan
Jawa Tengah,Boyolali,Banyudono,Trayu
Jawa Tengah,Blora,Ngawen,Trembulrejo
Jawa Tengah,Wonogiri,Sidoharjo,Tremes
Jawa Tengah,Karanganyar,Jenawi,Trengguli
Jawa Tengah,Sukoharjo,Mojolaban,Triyagan
Jawa Tengah,Sragen,Kalijambe,Trobayan
Jawa Tengah,Klaten,Pedan,Troketon
Jawa Tengah,Sragen,Mondokan,Trombol
Jawa Tengah,Sukoharjo,Gatak,Trosemi
Jawa Tengah,Wonogiri,Pracimantoro,Trukan
Jawa Tengah,Grobogan,Ngaringan,Truwolu
Jawa Tengah,Karanganyar,Gondangrejo,Tuban
Jawa Tengah,Wonogiri,Pracimantoro,Tubokarto
Jawa Tengah,Klaten,Cawas,Tugu
Jawa Tengah,Karanganyar,Jumantono,Tugu
Jawa Tengah,Grobogan,Pulokulon,Tuko
Jawa Tengah,Wonogiri,Giriwoyo,Tukulrejo
Jawa Tengah,Klaten,Karangdowo,Tulas
Jawa Tengah,Klaten,Karangdowo,Tumpukan
Jawa Tengah,Grobogan,Toroh,Tunggak
Jawa Tengah,Grobogan,Penawangan,Tunggu
Jawa Tengah,Sragen,Gondang,Tunggul
Jawa Tengah,Grobogan,Gabus,Tunggulrejo
Jawa Tengah,Karanganyar,Jumantono,Tunggulrejo
Jawa Tengah,Wonogiri,Slogohimo,Tunggur
Jawa Tengah,Grobogan,Godong,Tungu
Jawa Tengah,Blora,Jepon,Turirejo
Jawa Tengah,Blora,Tunjungan,Tutup
Jawa Tengah,Blora,Kedungtuban,Wado
Jawa Tengah,Klaten,Wonosari,Wadunggetas
Jawa Tengah,Wonogiri,Girimarto,Waleng
Jawa Tengah,Blora,Ngawen,Wantilgung
Jawa Tengah,Grobogan,Godong,Wanutunggal
Jawa Tengah,Karanganyar,Kebakkramat,Waru
Jawa Tengah,Sukoharjo,Baki,Waru
Jawa Tengah,Wonogiri,Slogohimo,Waru
Jawa Tengah,Grobogan,Purwodadi,Warukaranganyar
Jawa Tengah,Wonogiri,Pracimantoro,Watangrejo
Jawa Tengah,Wonogiri,Jatisrono,Watangsono
Jawa Tengah,Boyolali,Simo,Wates
Jawa Tengah,Wonogiri,Baturetno,Watuagung
Jawa Tengah,Sukoharjo,Tawangsari,Watubonang
Jawa Tengah,Boyolali,Kemusu,Watugede
Jawa Tengah,Grobogan,Penawangan,Watupawon
Jawa Tengah,Wonogiri,Slogohimo,Watusomo
Jawa Tengah,Grobogan,Penawangan,Wedoro
Jawa Tengah,Grobogan,Godong,Werdoyo
Jawa Tengah,Demak,Kebonagung,Werdoyo
Jawa Tengah,Sukoharjo,Weru,Weru
Jawa Tengah,Wonogiri,Sidoharjo,Widoro
Jawa Tengah,Grobogan,Penawangan,Winong
Jawa Tengah,Sukoharjo,Kartasura,Wirogunan
Jawa Tengah,Wonogiri,Tirtomoyo,Wiroko
Jawa Tengah,Sukoharjo,Gatak,Wironanggan
Jawa Tengah,Grobogan,Wirosari,Wirosari
Jawa Tengah,Sukoharjo,Mojolaban,Wirun
Jawa Tengah,Grobogan,Penawangan,Wolo
Jawa Tengah,Wonogiri,Wonogiri,Wonoboyo
Jawa Tengah,Wonogiri,Pracimantoro,Wonodadi
Jawa Tengah,Boyolali,Kemusu,Wonoharjo
Jawa Tengah,Wonogiri,Nguntoronadi,Wonoharjo
Jawa Tengah,Wonogiri,Wonogiri,Wonoharjo
Jawa Tengah,Wonogiri,Wonogiri,Wonokarto
Jawa Tengah,Karanganyar,Jatiyoso,Wonokeling
Jawa Tengah,Sragen,Kedawung,Wonokerso
Jawa Tengah,Wonogiri,Wonogiri,Wonokerto
Jawa Tengah,Karanganyar,Tasikmadu,Wonolopo
Jawa Tengah,Sragen,Kalijambe,Wonorejo
Jawa Tengah,Sragen,Kedawung,Wonorejo
Jawa Tengah,Karanganyar,Jatiyoso,Wonorejo
Jawa Tengah,Karanganyar,Gondangrejo,Wonorejo
Jawa Tengah,Sukoharjo,Polokarto,Wonorejo
Jawa Tengah,Karanganyar,Gondangrejo,Wonosari
Jawa Tengah,Blora,Banjarejo,Wonosemi
Jawa Tengah,Sragen,Gondang,Wonotolo
Jawa Tengah,Karanganyar,Jatiyoso,Wukirsawit
Jawa Tengah,Blora,Randublatung,Wulung
Jawa Tengah,Wonogiri,Wuryantoro,Wuryantoro
Jawa Tengah,Wonogiri,Wonogiri,Wuryorejo
Jawa Tengah,Surakarta,Banjarsari,Kadipiro
Jawa Tengah,Surakarta,Pasar Kliwon,Baluwarti
Jawa Tengah,Surakarta,Banjarsari,Banjarsari
Jawa Tengah,Surakarta,Banjarsari,Banyuanyar
Jawa Tengah,Surakarta,Laweyan,Bumi
Jawa Tengah,Surakarta,Serengan,Danukusuman
Jawa Tengah,Surakarta,Pasar Kliwon,Gajahan
Jawa Tengah,Surakarta,Jebres,Gandekan
Jawa Tengah,Surakarta,Banjarsari,Gilingan
Jawa Tengah,Surakarta,Jebres,Jagalan
Jawa Tengah,Surakarta,Laweyan,Jajar
Jawa Tengah,Surakarta,Serengan,Jayengan
Jawa Tengah,Surakarta,Jebres,Jebres
Jawa Tengah,Surakarta,Banjarsari,Joglo
Jawa Tengah,Surakarta,Pasar Kliwon,Joyosuran
Jawa Tengah,Surakarta,Serengan,Joyotakan
Jawa Tengah,Surakarta,Pasar Kliwon,Kampungbaru
Jawa Tengah,Surakarta,Laweyan,Karangasem
Jawa Tengah,Surakarta,Pasar Kliwon,Kauman
Jawa Tengah,Surakarta,Pasar Kliwon,Kedunglumbu
Jawa Tengah,Surakarta,Serengan,Kemlayan
Jawa Tengah,Surakarta,Jebres,Kepatihan Kulon
Jawa Tengah,Surakarta,Jebres,Kepatihan Wetan
Jawa Tengah,Surakarta,Banjarsari,Keprabon
Jawa Tengah,Surakarta,Laweyan,Kerten
Jawa Tengah,Surakarta,Banjarsari,Kestalan
Jawa Tengah,Surakarta,Banjarsari,Ketelan
Jawa Tengah,Surakarta,Serengan,Kratonan
Jawa Tengah,Surakarta,Laweyan,Laweyan
Jawa Tengah,Surakarta,Banjarsari,Manahan
Jawa Tengah,Surakarta,Banjarsari,Mangkubumen
Jawa Tengah,Surakarta,Pasar Kliwon,Mojo
Jawa Tengah,Surakarta,Jebres,Mojosongo
Jawa Tengah,Surakarta,Banjarsari,Nusukan
Jawa Tengah,Surakarta,Laweyan,Pajang
Jawa Tengah,Surakarta,Laweyan,Panularan
Jawa Tengah,Surakarta,Pasar Kliwon,Pasarkliwon
Jawa Tengah,Surakarta,Laweyan,Penumping
Jawa Tengah,Surakarta,Jebres,Pucangsawit
Jawa Tengah,Surakarta,Banjarsari,Punggawan
Jawa Tengah,Surakarta,Jebres,Purwodiningratan
Jawa Tengah,Surakarta,Laweyan,Purwosari
Jawa Tengah,Surakarta,Pasar Kliwon,Sangkrah
Jawa Tengah,Surakarta,Pasar Kliwon,Semanggi
Jawa Tengah,Surakarta,Serengan,Serengan
Jawa Tengah,Surakarta,Banjarsari,Setabelan
Jawa Tengah,Surakarta,Jebres,Sewu
Jawa Tengah,Surakarta,Laweyan,Sondakan
Jawa Tengah,Surakarta,Laweyan,Sriwedari
Jawa Tengah,Surakarta,Jebres,Sudiroprajan
Jawa Tengah,Surakarta,Banjarsari,Sumber
Jawa Tengah,Surakarta,Jebres,Tegalharjo
Jawa Tengah,Surakarta,Banjarsari,Timuran
Jawa Tengah,Surakarta,Serengan,Tipes
Jawa Tengah,Boyolali,Sambi,Babadan
Jawa Tengah,Klaten,Delanggu,Banaran
Jawa Tengah,Boyolali,Karanggede,Bangkok
Jawa Tengah,Boyolali,Wonosegoro,Banyusri
Jawa Tengah,Grobogan,Gubug,Baturagung
Jawa Tengah,Klaten,Cawas,Bawak
Jawa Tengah,Boyolali,Wonosamodro,Bengle
Jawa Tengah,Boyolali,Wonosamodro,Bercak
Jawa Tengah,Klaten,Trucuk,Bero
Jawa Tengah,Boyolali,Wonosegoro,Bojong
Jawa Tengah,Boyolali,Wonosegoro,Bolo
Jawa Tengah,Klaten,Delanggu,Bowan
Jawa Tengah,Klaten,Ceper,Ceper
Jawa Tengah,Boyolali,Sawit,Cepokosawit
Jawa Tengah,Grobogan,Kedungjati,Deras
Jawa Tengah,Demak,Wonosalam,Doreng
Jawa Tengah,Boyolali,Banyudono,Dukuh
Jawa Tengah,Klaten,Trucuk,Gaden
Jawa Tengah,Boyolali,Sambi,Glintang
Jawa Tengah,Boyolali,Sawit,Gombang
Jawa Tengah,Boyolali,Klego,Gondanglegi
Jawa Tengah,Boyolali,Wonosegoro,Gosono
Jawa Tengah,Klaten,Bayat,Jambakan
Jawa Tengah,Klaten,Ceper,Jambukidul
Jawa Tengah,Boyolali,Klego,Jaten
Jawa Tengah,Boyolali,Banyudono,Jembungan
Jawa Tengah,Boyolali,Sawit,Jenengan
Jawa Tengah,Boyolali,Karanggede,Karangkepoh
Jawa Tengah,Boyolali,Simo,Kedunglengkong
Jawa Tengah,Boyolali,Sawit,Kemasan
Jawa Tengah,Grobogan,Gubug,Kemiri
Jawa Tengah,Klaten,Polanharjo,Keprabon
Jawa Tengah,Boyolali,Banyudono,Ketaon
Jawa Tengah,Boyolali,Klego,Klego
Jawa Tengah,Klaten,Ceper,Klepu
Jawa Tengah,Klaten,Polanharjo,Kranggan
Jawa Tengah,Klaten,Delanggu,Krecek
Jawa Tengah,Klaten,Ceper,Kuncen
Jawa Tengah,Grobogan,Gubug,Kunjeng
Jawa Tengah,Klaten,Ceper,Kurung
Jawa Tengah,Boyolali,Sawit,Manjung
Jawa Tengah,Klaten,Delanggu,Mendak
Jawa Tengah,Boyolali,Karanggede,Mojosari
Jawa Tengah,Grobogan,Tanggungharjo,Ngambakrejo
Jawa Tengah,Boyolali,Banyudono,Ngaru-aru
Jawa Tengah,Klaten,Ceper,Ngawonggo
Jawa Tengah,Klaten,Bayat,Ngerangan
Jawa Tengah,Grobogan,Gubug,Ngroto
Jawa Tengah,Grobogan,Kedungjati,Padas
Jawa Tengah,Klaten,Trucuk,Palar
Jawa Tengah,Grobogan,Kedungjati,Panimbo
Jawa Tengah,Grobogan,Gubug,Papanrejo
Jawa Tengah,Boyolali,Simo,Pelem
Jawa Tengah,Grobogan,Gubug,Penadaran
Jawa Tengah,Boyolali,Karanggede,Pengkol
Jawa Tengah,Demak,Kebonagung,Pilangwetan
Jawa Tengah,Klaten,Trucuk,Planggu
Jawa Tengah,Demak,Kebonagung,Prigi
Jawa Tengah,Klaten,Trucuk,Puluhan
Jawa Tengah,Demak,Kebonagung,Sarimulyo
Jawa Tengah,Boyolali,Karanggede,Sempulur
Jawa Tengah,Klaten,Polanharjo,Sidoharjo
Jawa Tengah,Klaten,Delanggu,Sidomulyo
Jawa Tengah,Boyolali,Simo,Simo
Jawa Tengah,Demak,Kebonagung,Solowire
Jawa Tengah,Klaten,Delanggu,Sribit
Jawa Tengah,Boyolali,Simo,Talakbroto
Jawa Tengah,Klaten,Bayat,Talang
Jawa Tengah,Boyolali,Klego,Tanjung
Jawa Tengah,Boyolali,Banyudono,Tanjungsari
Jawa Tengah,Boyolali,Sambi,Tawengan
Jawa Tengah,Grobogan,Godong,Tinanding
Jawa Tengah,Grobogan,Gubug,Trisari
Jawa Tengah,Grobogan,Kedungjati,Wates
Jawa Tengah,Boyolali,Wonosegoro,Wonosegoro
Jawa Tengah,Klaten,Bayat,Tegalrejo
Jawa Tengah,Pekalongan,Bojong,Babalankidul
Jawa Tengah,Pekalongan,Bojong,Babalanlor
Jawa Tengah,Pekalongan,Buaran,Bligo
Jawa Tengah,Kendal,Cepiring,Botomulyo
Jawa Tengah,Tegal,Tarub,Brekat
Jawa Tengah,Brebes,Jatibarang,Buaran
Jawa Tengah,Brebes,Kersana,Cikandang
Jawa Tengah,Pekalongan,Buaran,Coprayan
Jawa Tengah,Pekalongan,Wiradesa,Delegtukang
Jawa Tengah,Tegal,Suradadi,Gembongdadi
Jawa Tengah,Tegal,Talang,Gembongkulon
Jawa Tengah,Kendal,Cepiring,Gondang
Jawa Tengah,Demak,Karangtengah,Grogol
Jawa Tengah,Brebes,Kersana,Jagapura
Jawa Tengah,Brebes,Losari,Jatisawit
Jawa Tengah,Kendal,Kendal,Jotang
Jawa Tengah,Tegal,Tarub,Kabukan
Jawa Tengah,Kendal,Kangkung,Kadilangu
Jawa Tengah,Tegal,Adiwerna,Kalimati
Jawa Tengah,Tegal,Adiwerna,Kaliwadas
Jawa Tengah,Pekalongan,Bojong,Karagsari
Jawa Tengah,Pekalongan,Wiradesa,Karangjati
Jawa Tengah,Tegal,Tarub,Karangjati
Jawa Tengah,Kendal,Rowosari,Karangsari
Jawa Tengah,Kendal,Cepiring,Karangsuno
Jawa Tengah,Kendal,Patebon,Kebonharjo
Jawa Tengah,Tegal,Adiwerna,Kedungsukun
Jawa Tengah,Brebes,Jatibarang,Kendawa
Jawa Tengah,Kendal,Kendal,Ketapang
Jawa Tengah,Brebes,Tanjung,Kupangputat
Jawa Tengah,Tegal,Tarub,Lebeteng
Jawa Tengah,Demak,Wonosalam,Lempuyang
Jawa Tengah,Tegal,Adiwerna,Lumingser
Jawa Tengah,Brebes,Losari,Negla
Jawa Tengah,Pekalongan,Tirto,Ngalian
Jawa Tengah,Tegal,Adiwerna,Pagedangan
Jawa Tengah,Tegal,Talang,Pasangan
Jawa Tengah,Brebes,Jatibarang,Pedeslohor
Jawa Tengah,Tegal,Talang,Pekiringan
Jawa Tengah,Demak,Karangtengah,Ploso
Jawa Tengah,Kendal,Rowosari,Pojoksari
Jawa Tengah,Pekalongan,Sragi,Purwodadi
Jawa Tengah,Demak,Sayung,Purwosari
Jawa Tengah,Brebes,Losari,Randegan
Jawa Tengah,Kendal,Rowosari,Randusari
Jawa Tengah,Brebes,Jatibarang,Rengasbandung
Jawa Tengah,Pekalongan,Buaran,Sapugarut
Jawa Tengah,Brebes,Tanjung,Sarireja
Jawa Tengah,Kendal,Rowosari,Sendangdawuhan
Jawa Tengah,Kendal,Kendal,Sijeruk
Jawa Tengah,Brebes,Wanasari,Siwungkuk
Jawa Tengah,Demak,Sayung,Sriwulan
Jawa Tengah,Kendal,Kangkung,Sukodadi
Jawa Tengah,Kendal,Patebon,Tambakrejo
Jawa Tengah,Kendal,Rowosari,Tanjunganom
Jawa Tengah,Kendal,Rowosari,Tanjungsari
Jawa Tengah,Brebes,Bulakamba,Tegalglagah
Jawa Tengah,Brebes,Jatibarang,Tembelang
Jawa Tengah,Kendal,Gemuh,Tlahab
Jawa Tengah,Kendal,Kendal,Trompo
Jawa Tengah,Kendal,Kangkung,Truko
Jawa Tengah,Kendal,Kendal,Tunggulrejo
Jawa Tengah,Tegal,Adiwerna,Ujungrusi
Jawa Tengah,Pekalongan,Buaran,Watusalam
Jawa Tengah,Pekalongan,Buaran,Wonoyoso
Jawa Tengah,Pekalongan,Tirto,Wuled
Jawa Tengah,Batang,Warungasem,Banjiran
Jawa Tengah,Batang,Warungasem,Warungasem
Jawa Tengah,Batang,Kandeman,Cempereng
Jawa Tengah,Batang,Warungasem,Gapuro
Jawa Tengah,Batang,Kandeman,Lawangaji
Jawa Tengah,Batang,Warungasem,Kalibeluk
Jawa Tengah,Batang,Kandeman,Tragung
Jawa Tengah,Batang,Tulis,Simbangjati
Jawa Tengah,Batang,Tulis,Jrakahpayung
Jawa Tengah,Batang,Kandeman,Bakalan
Jawa Tengah,Batang,Batang,Pasekaran
Jawa Tengah,Pemalang,Ampelgading,Blimbing
Jawa Tengah,Pemalang,Taman,Gondang
Jawa Tengah,Pemalang,Taman,Jebed Selatan
Jawa Tengah,Pemalang,Taman,Kejambon
Jawa Tengah,Pemalang,Pemalang,Sewaka
Jawa Tengah,Pemalang,Taman,Sokawangi
Jawa Tengah,Pemalang,Pemalang,Sungapan
Jawa Tengah,Pemalang,Pemalang,Paduraksa
Jawa Tengah,Demak,Dempet,Gempoldenok
Jawa Tengah,Blora,Blora,Tambaksari
Jawa Tengah,Pati,Trangkil,Rejoagung
Jawa Tengah,Kudus,Dawe,Rejosari
Jawa Tengah,Rembang,Sale,Rendeng
Jawa Tengah,Kudus,Kota Kudus,Rendeng
Jawa Tengah,Jepara,Pecangaan,Rengging
Jawa Tengah,Rembang,Pamotan,Ringin
Jawa Tengah,Jepara,Kalinyamatan,Robayan
Jawa Tengah,Pati,Kayen,Rogomulyo
Jawa Tengah,Pati,Jaken,Ronggo
Jawa Tengah,Rembang,Sumber,Ronggo Mulyo
Jawa Tengah,Rembang,Sulang,Rukem
Jawa Tengah,Kudus,Jekulo,Sadang
Jawa Tengah,Rembang,Sale,Sale
Jawa Tengah,Rembang,Pamotan,Samaran
Jawa Tengah,Pati,Trangkil,Sambilawang
Jawa Tengah,Pati,Gabus,Sambirejo
Jawa Tengah,Pati,Tlogowungu,Sambirejo
Jawa Tengah,Rembang,Sedan,Sambiroto
Jawa Tengah,Demak,Gajah,Sambiroto
Jawa Tengah,Pati,Tayu,Sambiroto
Jawa Tengah,Rembang,Kaliori,Sambiyan
Jawa Tengah,Rembang,Sedan,Sambong
Jawa Tengah,Demak,Gajah,Sambung
Jawa Tengah,Kudus,Undaan,Sambung
Jawa Tengah,Rembang,Gunem,Sambongpayak
Jawa Tengah,Kudus,Dawe,Samirejo
Jawa Tengah,Pati,Gunungwungkal,Sampok
Jawa Tengah,Rembang,Sarang,Sampung
Jawa Tengah,Rembang,Sluke,Sanetan
Jawa Tengah,Rembang,Sarang,Sarangmeduro
Jawa Tengah,Demak,Gajah,Sari
Jawa Tengah,Pati,Winong,Sarimulyo
Jawa Tengah,Pati,Pati,Sarirejo
Jawa Tengah,Rembang,Rembang,Sawahan
Jawa Tengah,Rembang,Sedan,Sedan
Jawa Tengah,Demak,Demak,Sedo
Jawa Tengah,Rembang,Pamotan,Segoromulyo
Jawa Tengah,Pati,Juwana,Sejomulyo
Jawa Tengah,Pati,Margoyoso,Sekarjalak
Jawa Tengah,Rembang,Sumber,Sekarsari
Jawa Tengah,Rembang,Lasem,Selopuro
Jawa Tengah,Pati,Pati,Semampir
Jawa Tengah,Pati,Jakenan,Sembaturagung
Jawa Tengah,Pati,Margoyoso,Semerak
Jawa Tengah,Pati,Gembong,Semirejo
Jawa Tengah,Rembang,Kragan,Sendang
Jawa Tengah,Jepara,Kalinyamatan,Sendang
Jawa Tengah,Rembang,Pamotan,Sendangagung
Jawa Tengah,Rembang,Kaliori,Sendangagung
Jawa Tengah,Rembang,Lasem,Sendangasri
Jawa Tengah,Rembang,Lasem,Sendangcoyo
Jawa Tengah,Rembang,Sarang,Sendangmulyo
Jawa Tengah,Rembang,Bulu,Sendangmulyo
Jawa Tengah,Rembang,Gunem,Sendangmulyo
Jawa Tengah,Rembang,Kragan,Sendangmulyo
Jawa Tengah,Rembang,Sluke,Sendangmulyo
Jawa Tengah,Pati,Tayu,Sendangrejo
Jawa Tengah,Pati,Jakenan,Sendangsoko
Jawa Tengah,Rembang,Kragan,Sendangwaru
Jawa Tengah,Jepara,Mayong,Sengonbugel
Jawa Tengah,Pati,Cluwak,Sentul
Jawa Tengah,Rembang,Sulang,Seren
Jawa Tengah,Pati,Winong,Serutsadang
Jawa Tengah,Kudus,Kaliwungu,Setrokalangan
Jawa Tengah,Jepara,Welahan,Sidigede
Jawa Tengah,Pati,Jakenan,Sidoarum
Jawa Tengah,Pati,Pati,Sidoharjo
Jawa Tengah,Pati,Wedarijaksa,Sidoharjo
Jawa Tengah,Pati,Pati,Sidokerto
Jawa Tengah,Pati,Jaken,Sidoluhur
Jawa Tengah,Pati,Jaken,Sidomukti
Jawa Tengah,Pati,Margoyoso,Sidomukti
Jawa Tengah,Rembang,Gunem,Sidomulyo
Jawa Tengah,Rembang,Sedan,Sidomulyo
Jawa Tengah,Rembang,Kaliori,Sidomulyo
Jawa Tengah,Pati,Jakenan,Sidomulyo
Jawa Tengah,Pati,Gunungwungkal,Sidomulyo
Jawa Tengah,Kudus,Jekulo,Sidomulyo
Jawa Tengah,Rembang,Sedan,Sidorejo
Jawa Tengah,Rembang,Pamotan,Sidorejo
Jawa Tengah,Kudus,Kaliwungu,Sidorekso
Jawa Tengah,Rembang,Rembang,Sidowayah
Jawa Tengah,Rembang,Pancur,Sidowayah
Jawa Tengah,Kudus,Kota Kudus,Singocandi
Jawa Tengah,Jepara,Mayong,Singorojo
Jawa Tengah,Pati,Pati,Sinoman
Jawa Tengah,Pati,Tambakromo,Sinomwidodo
Jawa Tengah,Pati,Cluwak,Sirahan
Jawa Tengah,Pati,Gembong,Sitiluhur
Jawa Tengah,Pati,Pucakwangi,Sitimulyo
Jawa Tengah,Blora,Tunjungan,Sitirejo
Jawa Tengah,Pati,Tambakromo,Sitirejo
Jawa Tengah,Rembang,Sluke,Sluke
Jawa Tengah,Kudus,Dawe,Soco
Jawa Tengah,Rembang,Lasem,Soditan
Jawa Tengah,Blora,Jepon,Soko
Jawa Tengah,Pati,Gabus,Soko
Jawa Tengah,Pati,Margorejo,Sokobubuk
Jawa Tengah,Pati,Margorejo,Sokokulon
Jawa Tengah,Pati,Pucakwangi,Sokopuluhan
Jawa Tengah,Jepara,Batealit,Somosari
Jawa Tengah,Pati,Margoyoso,Soneyan
Jawa Tengah,Pati,Jakenan,Sonorejo
Jawa Tengah,Rembang,Rembang,Sridadi
Jawa Tengah,Jepara,Bangsri,Srikandang
Jawa Tengah,Pati,Kayen,Srikaton
Jawa Tengah,Pati,Jaken,Srikaton
Jawa Tengah,Rembang,Lasem,Sriombo
Jawa Tengah,Pati,Jaken,Sriwedari
Jawa Tengah,Jepara,Mlonggo,Srobyong
Jawa Tengah,Rembang,Kragan,Sudan
Jawa Tengah,Rembang,Sulang,Sudo
Jawa Tengah,Pati,Winong,Sugihan
Jawa Tengah,Pati,Pati,Sugiharjo
Jawa Tengah,Pati,Gabus,Sugihrejo
Jawa Tengah,Pati,Batangan,Sukoagung
Jawa Tengah,Rembang,Rembang,Sukoharjo
Jawa Tengah,Pati,Margorejo,Sukoharjo
Jawa Tengah,Pati,Wedarijaksa,Sukoharjo
Jawa Tengah,Rembang,Sumber,Sukorejo
Jawa Tengah,Pati,Jaken,Sukorukun
Jawa Tengah,Rembang,Sulang,Sulang
Jawa Tengah,Jepara,Kembang,Sumanding
Jawa Tengah,Rembang,Pamotan,Sumbangrejo
Jawa Tengah,Rembang,Sumber,Sumber
Jawa Tengah,Rembang,Pancur,Sumberagung
Jawa Tengah,Pati,Jaken,Sumberagung
Jawa Tengah,Pati,Jaken,Sumberan
Jawa Tengah,Pati,Jaken,Sumberarum
Jawa Tengah,Rembang,Pamotan,Sumberejo
Jawa Tengah,Pati,Jaken,Sumberejo
Jawa Tengah,Rembang,Kragan,Sumbergayam
Jawa Tengah,Rembang,Lasem,Sumbergirang
Jawa Tengah,Rembang,Rembang,Sumberejo
Jawa Tengah,Rembang,Sarang,Sumbermulyo
Jawa Tengah,Rembang,Bulu,Sumbermulyo
Jawa Tengah,Rembang,Sale,Sumbermulyo
Jawa Tengah,Pati,Winong,Sumbermulyo
Jawa Tengah,Pati,Tlogowungu,Sumbermulyo
Jawa Tengah,Pati,Gunungwungkal,Sumberrejo
Jawa Tengah,Jepara,Donorojo,Sumberrejo
Jawa Tengah,Rembang,Kragan,Sumbersari
Jawa Tengah,Pati,Cluwak,Sumur
Jawa Tengah,Rembang,Kragan,Sumurpule
Jawa Tengah,Rembang,Kragan,Sumurtawang
Jawa Tengah,Pati,Kayen,Sundoluhur
Jawa Tengah,Kudus,Kota Kudus,Sunggingan
Jawa Tengah,Pati,Gabus,Sunggingwarno
Jawa Tengah,Rembang,Gunem,Suntri
Jawa Tengah,Pati,Wedarijaksa,Suwaduk
Jawa Tengah,Pati,Tlogowungu,Suwatu
Jawa Tengah,Jepara,Pakis Aji,Suwawal Timur
Jawa Tengah,Rembang,Sale,Tahunan
Jawa Tengah,Pati,Kayen,Talun
Jawa Tengah,Pati,Jaken,Tamansari
Jawa Tengah,Pati,Tlogowungu,Tamansari
Jawa Tengah,Pati,Tambakromo,Tambahagung
Jawa Tengah,Pati,Tambakromo,Tambaharjo
Jawa Tengah,Pati,Pati,Tambaharjo
Jawa Tengah,Pati,Jakenan,Tambahmulyo
Jawa Tengah,Pati,Gabus,Tambahmulyo
Jawa Tengah,Pati,Pati,Tambahsari
Jawa Tengah,Rembang,Kaliori,Tambakagung
Jawa Tengah,Pati,Tambakromo,Tambakromo
Jawa Tengah,Demak,Gajah,Tambirejo
Jawa Tengah,Pati,Winong,Tanggel
Jawa Tengah,Demak,Mijen,Tanggul
Jawa Tengah,Pati,Gabus,Tanjang
Jawa Tengah,Rembang,Sulang,Tanjung
Jawa Tengah,Jepara,Pakis Aji,Tanjung
Jawa Tengah,Rembang,Kragan,Tanjungan
Jawa Tengah,Pati,Gabus,Tanjunganom
Jawa Tengah,Demak,Gajah,Tanjunganyar
Jawa Tengah,Kudus,Jati,Tanjungkarang
Jawa Tengah,Pati,Margoyoso,Tanjungrejo
Jawa Tengah,Kudus,Jekulo,Tanjungrejo
Jawa Tengah,Rembang,Rembang,Tanjungsari
Jawa Tengah,Rembang,Kragan,Tanjungsari
Jawa Tengah,Pati,Jakenan,Tanjungsari
Jawa Tengah,Pati,Tlogowungu,Tanjungsari
Jawa Tengah,Pati,Pucakwangi,Tanjungsekar
Jawa Tengah,Rembang,Rembang,Tasikagung
Jawa Tengah,Rembang,Kaliori,Tasikharjo
Jawa Tengah,Rembang,Lasem,Tasiksono
Jawa Tengah,Pati,Wedarijaksa,Tawangharjo
Jawa Tengah,Rembang,Sarang,Tawangrejo
Jawa Tengah,Pati,Winong,Tawangrejo
Jawa Tengah,Pati,Tayu,Tayu Kulon
Jawa Tengah,Pati,Tayu,Tayu Wetan
Jawa Tengah,Pati,Jaken,Tegalarum
Jawa Tengah,Pati,Margoyoso,Tegalarum
Jawa Tengah,Rembang,Gunem,Tegaldowo
Jawa Tengah,Pati,Trangkil,Tegalharjo
Jawa Tengah,Rembang,Kragan,Tegalmulyo
Jawa Tengah,Pati,Dukuhseti,Tegalombo
Jawa Tengah,Pati,Pucakwangi,Tegalwero
Jawa Tengah,Rembang,Gunem,Telgawah
Jawa Tengah,Jepara,Welahan,Teluk Wetan
Jawa Tengah,Rembang,Pamotan,Tempaling
Jawa Tengah,Jepara,Keling,Tempur
Jawa Tengah,Blora,Blora,Tempuran
Jawa Tengah,Kudus,Mejobo,Temulus
Jawa Tengah,Pati,Tayu,Tendas
Jawa Tengah,Kudus,Mejobo,Tenggeles
Jawa Tengah,Rembang,Sale,Tengger
Jawa Tengah,Jepara,Bangsri,Tengguli
Jawa Tengah,Kudus,Undaan,Terangmas
Jawa Tengah,Kudus,Jekulo,Terban
Jawa Tengah,Kudus,Dawe,Tergo
Jawa Tengah,Rembang,Kragan,Terjan
Jawa Tengah,Kudus,Dawe,Ternadi
Jawa Tengah,Pati,Pucakwangi,Terteg
Jawa Tengah,Jepara,Mayong,Tigojuru
Jawa Tengah,Rembang,Gunem,Timbrangan
Jawa Tengah,Rembang,Rembang,Tireman
Jawa Tengah,Pati,Gabus,Tlogoayu
Jawa Tengah,Pati,Wedarijaksa,Tlogoharum
Jawa Tengah,Rembang,Rembang,Tlogomojo
Jawa Tengah,Pati,Batangan,Tlogomojo
Jawa Tengah,Demak,Gajah,Tlogopandogan
Jawa Tengah,Pati,Winong,Tlogorejo
Jawa Tengah,Pati,Jakenan,Tlogorejo
Jawa Tengah,Pati,Tlogowungu,Tlogorejo
Jawa Tengah,Pati,Tlogowungu,Tlogosari
Jawa Tengah,Rembang,Sumber,Tlogotunggal
Jawa Tengah,Pati,Trangkil,Tlutup
Jawa Tengah,Pati,Juwana,Tluwah
Jawa Tengah,Pati,Wedarijaksa,Tluwuk
Jawa Tengah,Pati,Batangan,Tompomulyo
Jawa Tengah,Pati,Jakenan,Tondokerto
Jawa Tengah,Pati,Jakenan,Tondomulyo
Jawa Tengah,Rembang,Sluke,Trahan
Jawa Tengah,Pati,Trangkil,Trangkil
Jawa Tengah,Rembang,Gunem,Trembes
Jawa Tengah,Rembang,Pancur,Trenggulunan
Jawa Tengah,Pati,Pucakwangi,Triguno
Jawa Tengah,Pati,Jaken,Trikoyo
Jawa Tengah,Pati,Kayen,Trimulyo
Jawa Tengah,Pati,Juwana,Trimulyo
Jawa Tengah,Jepara,Nalumsari,Tritis
Jawa Tengah,Rembang,Rembang,Tritunggal
Jawa Tengah,Jepara,Kembang,Tubanan
Jawa Tengah,Demak,Karanganyar,Tugu Lor
Jawa Tengah,Jepara,Donorojo,Tulakan
Jawa Tengah,Rembang,Pamotan,Tulung
Jawa Tengah,Kudus,Jati,Tumpangkrasak
Jawa Tengah,Jepara,Keling,Tunahan
Jawa Tengah,Jepara,Nalumsari,Tunggulpandean
Jawa Tengah,Rembang,Kaliori,Tunggulsari
Jawa Tengah,Pati,Tayu,Tunggulsari
Jawa Tengah,Pati,Margoyoso,Tunjungrejo
Jawa Tengah,Rembang,Rembang,Turusgede
Jawa Tengah,Demak,Karanganyar,Tuwang
Jawa Tengah,Rembang,Pancur,Tuyuhan
Jawa Tengah,Jepara,Donorojo,Ujungwatu
Jawa Tengah,Rembang,Sale,Ukir
Jawa Tengah,Demak,Karanganyar,Undaan Kidul
Jawa Tengah,Kudus,Undaan,Undaan Kidul
Jawa Tengah,Demak,Karanganyar,Undaan Lor
Jawa Tengah,Kudus,Undaan,Undaan Lor
Jawa Tengah,Kudus,Undaan,Undaan Tengah
Jawa Tengah,Pati,Margorejo,Wangunrejo
Jawa Tengah,Blora,Jepon,Waru
Jawa Tengah,Rembang,Rembang,Waru
Jawa Tengah,Rembang,Bulu,Warugunung
Jawa Tengah,Rembang,Pancur,Warugunung
Jawa Tengah,Kudus,Undaan,Wates
Jawa Tengah,Pati,Pucakwangi,Wateshaji
Jawa Tengah,Jepara,Keling,Watuaji
Jawa Tengah,Rembang,Kragan,Watupecah
Jawa Tengah,Pati,Margoyoso,Waturoyo
Jawa Tengah,Pati,Wedarijaksa,Wedarijaksa
Jawa Tengah,Jepara,Bangsri,Wedelan
Jawa Tengah,Pati,Dukuhseti,Wedusan
Jawa Tengah,Jepara,Welahan,Welahan
Jawa Tengah,Kudus,Kota Kudus,Wergu Kulon
Jawa Tengah,Kudus,Kota Kudus,Wergu Wetan
Jawa Tengah,Rembang,Rembang,Weton
Jawa Tengah,Pati,Pati,Widorokandang
Jawa Tengah,Pati,Winong,Winong
Jawa Tengah,Pati,Pati,Winong
Jawa Tengah,Rembang,Kaliori,Wiroto
Jawa Tengah,Pati,Winong,Wirun
Jawa Tengah,Rembang,Sale,Wonokerto
Jawa Tengah,Demak,Karanganyar,Wonoketingal
Jawa Tengah,Demak,Karanganyar,Wonorejo
Jawa Tengah,Pati,Tlogowungu,Wonorejo
Jawa Tengah,Jepara,Jepara,Wonorejo
Jawa Tengah,Pati,Gembong,Wonosekar
Jawa Tengah,Rembang,Kragan,Woro
Jawa Tengah,Rembang,Pancur,Wuwur
Jawa Tengah,Pati,Gabus,Wuwur
Jawa Tengah,Rembang,Sarang,Temperak
Jawa Tengah,Pekalongan,Pekalongan Selatan,Banyurip
Jawa Tengah,Kendal,Kendal,Banyutowo
Jawa Tengah,Demak,Karangtengah,Batu
Jawa Tengah,Demak,Sayung,Bedono
Jawa Tengah,Tegal,Talang,Bengle
Jawa Tengah,Tegal,Adiwerna,Bersole
Jawa Tengah,Brebes,Losari,Bojongsari
Jawa Tengah,Kendal,Rowosari,Bulak
Jawa Tengah,Tegal,Tarub,Bulakwaru
Jawa Tengah,Kendal,Cepiring,Cepiring
Jawa Tengah,Brebes,Kersana,Ciampel
Jawa Tengah,Brebes,Ketanggungan,Ciduwet
Jawa Tengah,Brebes,Kersana,Cigedog
Jawa Tengah,Brebes,Bulakamba,Cipelem
Jawa Tengah,Brebes,Ketanggungan,Dukuhtengah
Jawa Tengah,Brebes,Wanasari,Dukuhwringin
Jawa Tengah,Demak,Karangtengah,Dukun
Jawa Tengah,Kendal,Rowosari,Gebanganom
Jawa Tengah,Kendal,Kangkung,Gembonganomwetan
Jawa Tengah,Kendal,Rowosari,Gempolsewu
Jawa Tengah,Demak,Sayung,Gemulak
Jawa Tengah,Brebes,Wanasari,Glonggong
Jawa Tengah,Tegal,Adiwerna,Gumalar
Jawa Tengah,Tegal,Suradadi,Harjasari
Jawa Tengah,Kendal,Patebon,Jambearum
Jawa Tengah,Tegal,Suradadi,Jatimulya
Jawa Tengah,Kendal,Rowosari,Jatipurwo
Jawa Tengah,Kendal,Kendal,Jetis
Jawa Tengah,Brebes,Bulakamba,Jubang
Jawa Tengah,Pekalongan,Wiradesa,Kadipaten
Jawa Tengah,Tegal,Talang,Kajen
Jawa Tengah,Kendal,Kendal,Kalibutuwetan
Jawa Tengah,Tegal,Tarub,Kalijambe
Jawa Tengah,Brebes,Brebes,Kalimati
Jawa Tengah,Brebes,Jatibarang,Kalipucang
Jawa Tengah,Kendal,Kangkung,Kaliyoso
Jawa Tengah,Pekalongan,Tirto,Karanganyar
Jawa Tengah,Kendal,Cepiring,Karangayu
Jawa Tengah,Brebes,Losari,Karangjunti
Jawa Tengah,Tegal,Tarub,Karangmangu
Jawa Tengah,Tegal,Suradadi,Karangmulya
Jawa Tengah,Demak,Wonosalam,Karangrejo
Jawa Tengah,Brebes,Losari,Karangsambung
Jawa Tengah,Demak,Karangtengah,Karangsari
Jawa Tengah,Kendal,Kendal,Karangsari
Jawa Tengah,Tegal,Suradadi,Karangwuluh
Jawa Tengah,Kendal,Kendal,Kebondalem
Jawa Tengah,Kendal,Rowosari,Kebonsari
Jawa Tengah,Brebes,Tanjung,Kedawung
Jawa Tengah,Brebes,Jatibarang,Kedungtukang
Jawa Tengah,Demak,Wonosalam,Kendaldoyong
Jawa Tengah,Demak,Wonosalam,Kerangkulon
Jawa Tengah,Brebes,Kersana,Kersana
Jawa Tengah,Tegal,Suradadi,Kertasari
Jawa Tengah,Tegal,Tarub,Kesamiran
Jawa Tengah,Brebes,Ketanggungan,Ketanggungan
Jawa Tengah,Tegal,Dukuhturi,Ketanggungan
Jawa Tengah,Brebes,Bulakamba,Kluwut
Jawa Tengah,Brebes,Jatibarang,Kramat
Jawa Tengah,Tegal,Warureja,Kreman
Jawa Tengah,Kendal,Kendal,Langenharjo
Jawa Tengah,Tegal,Talang,Langgen
Jawa Tengah,Kendal,Kangkung,Lebosari
Jawa Tengah,Tegal,Adiwerna,Lemahduwur
Jawa Tengah,Brebes,Wanasari,Lengkong
Jawa Tengah,Brebes,Tanjung,Luwunggede
Jawa Tengah,Tegal,Tarub,Margapadang
Jawa Tengah,Pekalongan,Siwalan,Mejasem
Jawa Tengah,Tegal,Tarub,Mindaka
Jawa Tengah,Demak,Wonosalam,Mojodemak
Jawa Tengah,Brebes,Ketanggungan,Padakaton
Jawa Tengah,Pekalongan,Tirto,Pandanarum
Jawa Tengah,Pekalongan,Buaran,Paweden
Jawa Tengah,Tegal,Adiwerna,Pecangakan
Jawa Tengah,Kendal,Kendal,Pegulon
Jawa Tengah,Brebes,Brebes,Pemaron
Jawa Tengah,Tegal,Adiwerna,Pesarean
Jawa Tengah,Tegal,Talang,Pesayangan
Jawa Tengah,Pekalongan,Wiradesa,Petukangan
Jawa Tengah,Brebes,Bulakamba,Petunjungan
Jawa Tengah,Demak,Wonosalam,Pilangrejo
Jawa Tengah,Demak,Karangtengah,Pulosari
Jawa Tengah,Tegal,Tarub,Purbasana
Jawa Tengah,Kendal,Patebon,Purwokerto
Jawa Tengah,Kendal,Brangsong,Purwokerto
Jawa Tengah,Kendal,Patebon,Purwosari
Jawa Tengah,Kendal,Rowosari,Rowosari
Jawa Tengah,Brebes,Losari,Rungkang
Jawa Tengah,Kendal,Kangkung,Sendangdawung
Jawa Tengah,Kendal,Kangkung,Sendangkulon
Jawa Tengah,Kendal,Rowosari,Sendangsikucing
Jawa Tengah,Tegal,Tarub,Setu
Jawa Tengah,Demak,Sayung,Sidogemah
Jawa Tengah,Pekalongan,Sragi,Sijeruk
Jawa Tengah,Pekalongan,Tirto,Silirejo
Jawa Tengah,Pekalongan,Buaran,Simbangwetan
Jawa Tengah,Brebes,Wanasari,Sisalam
Jawa Tengah,Pekalongan,Pekalongan Selatan,Sokoduwet
Jawa Tengah,Pekalongan,Sragi,Sragi
Jawa Tengah,Tegal,Warureja,Sukareja
Jawa Tengah,Brebes,Wanasari,Tanjungsari
Jawa Tengah,Tegal,Tarub,Tarub
Jawa Tengah,Pekalongan,Sragi,Tegalontar
Jawa Tengah,Pekalongan,Siwalan,Tengengwetan
Jawa Tengah,Demak,Wonosalam,Tlogorejo
Jawa Tengah,Pekalongan,Siwalan,Tunjungsari
Jawa Tengah,Kendal,Brangsong,Turunrejo
Jawa Tengah,Pekalongan,Wiradesa,Wiradesa
Jawa Tengah,Demak,Karangtengah,Wonokerto
Jawa Tengah,Kendal,Kaliwungu,Wonorejo
Jawa Tengah,Demak,Wonosalam,Wonosalam
Jawa Tengah,Batang,Kandeman,Wonokerso
Jawa Tengah,Batang,Warungasem,Menguneng
Jawa Tengah,Batang,Batang,Kecepak
Jawa Tengah,Batang,Warungasem,Lebo
Jawa Tengah,Batang,Batang,Kalisalak
Jawa Tengah,Batang,Batang,Proyonanggan Selatan
Jawa Tengah,Batang,Warungasem,Terban
Jawa Tengah,Batang,Gringsing,Yosorejo
Jawa Tengah,Batang,Warungasem,Sijono
Jawa Tengah,Batang,Subah,Kuripan
Jawa Tengah,Batang,Kandeman,Kandeman
Jawa Tengah,Batang,Kandeman,Juragan
Jawa Tengah,Batang,Tulis,Kedungsegog
Jawa Tengah,Batang,Batang,Kauman
Jawa Tengah,Batang,Tulis,Kenconorejo
Jawa Tengah,Batang,Kandeman,Tegalsari
Jawa Tengah,Batang,Tulis,Ponowareng
Jawa Tengah,Batang,Batang,Sambong
Jawa Tengah,Batang,Kandeman,Karanggeneng
Jawa Tengah,Pemalang,Ampelgading,Ampelgading
Jawa Tengah,Pemalang,Taman,Banjaran
Jawa Tengah,Pemalang,Taman,Banjardawa
Jawa Tengah,Pemalang,Taman,Cibelok
Jawa Tengah,Pemalang,Taman,Jebed Utara
Jawa Tengah,Pemalang,Taman,Jrakah
Jawa Tengah,Pemalang,Petarukan,Karangasem
Jawa Tengah,Pemalang,Ampelgading,Karangtengah
Jawa Tengah,Pemalang,Bodeh,Kelangdepok
Jawa Tengah,Pemalang,Pemalang,Mengori
Jawa Tengah,Pemalang,Comal,Pecangakan
Jawa Tengah,Pemalang,Petarukan,Petanjungan
Jawa Tengah,Pemalang,Pemalang,Saradan
Jawa Tengah,Pemalang,Taman,Sitemu
Jawa Tengah,Pemalang,Pemalang,Tambakrejo
Jawa Tengah,Pemalang,Pemalang,Wanamulya
Jawa Tengah,Pemalang,Petarukan,Widodaren
Jawa Tengah,Pemalang,Comal,Tumbal
Jawa Tengah,Pemalang,Bodeh,Pendowo
Jawa Tengah,Pekalongan,Pekalongan Selatan,Kuripan Kertoharjo
Jawa Tengah,Pekalongan,Pekalongan Selatan,Jenggot
Jawa Tengah,Pekalongan,Buaran,Simbangkulon
Jawa Tengah,Pekalongan,Buaran,Kertijayan
Jawa Tengah,Batang,Gringsing,Sidorejo
Jawa Tengah,Blora,Jepon,Bacem
Jawa Tengah,Pati,Sukolilo,Baturejo
Jawa Tengah,Blora,Todanan,Bedingin
Jawa Tengah,Blora,Japah,Bogem
Jawa Tengah,Blora,Japah,Bogorejo
Jawa Tengah,Pati,Kayen,Brati
Jawa Tengah,Blora,Todanan,Dalangan
Jawa Tengah,Pati,Sukolilo,Gadudero
Jawa Tengah,Blora,Bogorejo,Gayam
Jawa Tengah,Demak,Wonosalam,Getas
Jawa Tengah,Kudus,Undaan,Glagahwaru
Jawa Tengah,Blora,Todanan,Gondoriyo
Jawa Tengah,Pati,Winong,Gunungpanti
Jawa Tengah,Demak,Dempet,Harjowinangun
Jawa Tengah,Blora,Jepon,Jatirejo
Jawa Tengah,Pati,Kayen,Jatiroto
Jawa Tengah,Demak,Gajah,Jatisono
Jawa Tengah,Pati,Kayen,Jimbaran
Jawa Tengah,Kudus,Undaan,Kalirejo
Jawa Tengah,Blora,Bogorejo,Karang
Jawa Tengah,Blora,Todanan,Karanganyar
Jawa Tengah,Blora,Bogorejo,Karanganyar
Jawa Tengah,Pati,Sukolilo,Kedumulyo
Jawa Tengah,Blora,Tunjungan,Kedungrejo
Jawa Tengah,Blora,Todanan,Kembang
Jawa Tengah,Blora,Tunjungan,Keser
Jawa Tengah,Demak,Dempet,Kramat
Jawa Tengah,Kudus,Undaan,Kutuk
Jawa Tengah,Demak,Dempet,Kuwu
Jawa Tengah,Pati,Tambakromo,Larangan
Jawa Tengah,Blora,Tunjungan,Nglangitan
Jawa Tengah,Blora,Bogorejo,Nglengkir
Jawa Tengah,Pati,Winong,Pohgading
Jawa Tengah,Blora,Jepon,Puledagel
Jawa Tengah,Blora,Blora,Purwosari
Jawa Tengah,Blora,Bogorejo,Sarirejo
Jawa Tengah,Blora,Todanan,Sendang
Jawa Tengah,Blora,Blora,Sendangharjo
Jawa Tengah,Blora,Bogorejo,Sendangrejo
Jawa Tengah,Pati,Kayen,Slungkep
Jawa Tengah,Blora,Japah,Sumberejo
Jawa Tengah,Demak,Gajah,Surodadi
Jawa Tengah,Blora,Bogorejo,Tempurejo
Jawa Tengah,Blora,Tunjungan,Tunjungan
Jawa Tengah,Demak,Gajah,Wilalung
Jawa Tengah,Pati,Sukolilo,Wotan
Jawa Tengah,Blora,Todanan,Wukirsari
Jawa Tengah,Pati,Tambakromo,Wukirsari
Jawa Tengah,Jepara,Jepara,Bandengan
Jawa Tengah,Demak,Demak,Bango
Jawa Tengah,Demak,Mijen,Bantengmati
Jawa Tengah,Jepara,Jepara,Bapangan
Jawa Tengah,Jepara,Kalinyamatan,Batukali
Jawa Tengah,Demak,Demak,Bolo
Jawa Tengah,Jepara,Kedung,Dongos
Jawa Tengah,Jepara,Pecangaan,Gerdu
Jawa Tengah,Jepara,Bangsri,Guyangan
Jawa Tengah,Jepara,Mlonggo,Jambu
Jawa Tengah,Jepara,Pecangaan,Kaliombo
Jawa Tengah,Jepara,Kembang,Kancilan
Jawa Tengah,Jepara,Welahan,Karanganyar
Jawa Tengah,Jepara,Mlonggo,Karanggondang
Jawa Tengah,Jepara,Pecangaan,Karangrandu
Jawa Tengah,Jepara,Pakis Aji,Kawak
Jawa Tengah,Jepara,Tahunan,Kecapi
Jawa Tengah,Demak,Demak,Kedondong
Jawa Tengah,Jepara,Jepara,Kedungcino
Jawa Tengah,Jepara,Jepara,Kuwasen
Jawa Tengah,Jepara,Tahunan,Langon
Jawa Tengah,Jepara,Pakis Aji,Mambak
Jawa Tengah,Jepara,Mlonggo,Mororejo
Jawa Tengah,Demak,Wonosalam,Mrisen
Jawa Tengah,Jepara,Jepara,Mulyoharjo
Jawa Tengah,Demak,Demak,Mulyorejo
Jawa Tengah,Jepara,Pecangaan,Ngeling
Jawa Tengah,Demak,Mijen,Ngelokulon
Jawa Tengah,Demak,Mijen,Pasir
Jawa Tengah,Demak,Demak,Raji
Jawa Tengah,Demak,Mijen,Rejosari
Jawa Tengah,Jepara,Jepara,Saripan
Jawa Tengah,Jepara,Mlonggo,Sekuro
Jawa Tengah,Jepara,Tahunan,Senenan
Jawa Tengah,Jepara,Mlonggo,Sinanggul
Jawa Tengah,Jepara,Pakis Aji,Slagi
Jawa Tengah,Jepara,Kedung,Sowan Lor
Jawa Tengah,Jepara,Tahunan,Sukodono
Jawa Tengah,Jepara,Kedung,Sukosono
Jawa Tengah,Jepara,Mlonggo,Suwawal
Jawa Tengah,Jepara,Tahunan,Tahunan
Jawa Tengah,Demak,Wonosalam,Trengguli
Jawa Tengah,Jepara,Pecangaan,Troso
Jawa Tengah,Demak,Demak,Turirejo
Jawa Tengah,Jepara,Welahan,Ujung Pandan
Jawa Tengah,Jepara,Tahunan,Semat
Jawa Tengah,Pekalongan,Wonokerto,Api-Api
Jawa Tengah,Tegal,Kramat,Babakan
Jawa Tengah,Brebes,Losari,Babakan
Jawa Tengah,Demak,Wedung,Babalan
Jawa Tengah,Kendal,Kendal,Balok
Jawa Tengah,Tegal,Dukuhturi,Bandasari
Jawa Tengah,Pekalongan,Pekalongan Utara,Bandengan
Jawa Tengah,Kendal,Kendal,Bandengan
Jawa Tengah,Tegal,Tegal Selatan,Bandung
Jawa Tengah,Brebes,Bulakamba,Bangsri
Jawa Tengah,Tegal,Kramat,Bangun Galih
Jawa Tengah,Kendal,Patebon,Bangunrejo
Jawa Tengah,Kendal,Patebon,Bangunsari
Jawa Tengah,Tegal,Warureja,Banjaragung
Jawa Tengah,Brebes,Brebes,Banjaranyar
Jawa Tengah,Brebes,Bulakamba,Banjaratma
Jawa Tengah,Demak,Sayung,Banjarsari
Jawa Tengah,Tegal,Warureja,Banjarturi
Jawa Tengah,Pekalongan,Wonokerto,Bebel
Jawa Tengah,Pekalongan,Pekalongan Barat,Bendan Kergon
Jawa Tengah,Pekalongan,Wiradesa,Bener
Jawa Tengah,Demak,Wedung,Berahan Kulon
Jawa Tengah,Demak,Wedung,Berahan Wetan
Jawa Tengah,Demak,Bonang,Betahwalang
Jawa Tengah,Demak,Demak,Betokan
Jawa Tengah,Demak,Demak,Bintoro
Jawa Tengah,Pekalongan,Siwalan,Blacanan
Jawa Tengah,Pekalongan,Siwalan,Blimbingwuluh
Jawa Tengah,Brebes,Losari,Blubuk
Jawa Tengah,Tegal,Suradadi,Bojongsana
Jawa Tengah,Demak,Bonang,Bonangrejo
Jawa Tengah,Pekalongan,Wiradesa,Bondansari
Jawa Tengah,Tegal,Kramat,Bongkok
Jawa Tengah,Demak,Wonosalam,Botorejo
Jawa Tengah,Pekalongan,Siwalan,Boyoteluk
Jawa Tengah,Brebes,Brebes,Brebes
Jawa Tengah,Pekalongan,Pekalongan Selatan,Buaran Kradenan
Jawa Tengah,Kendal,Kendal,Bugangin
Jawa Tengah,Jepara,Kedung,Bugel
Jawa Tengah,Demak,Wedung,Buko
Jawa Tengah,Jepara,Kedung,Bulak Baru
Jawa Tengah,Brebes,Bulakamba,Bulakamba
Jawa Tengah,Brebes,Bulakamba,Bulakparen
Jawa Tengah,Jepara,Jepara,Bulu
Jawa Tengah,Brebes,Bulakamba,Bulusari
Jawa Tengah,Tegal,Tarub,Bumiharja
Jawa Tengah,Demak,Wedung,Bungo
Jawa Tengah,Tegal,Margadana,Cabawan
Jawa Tengah,Demak,Demak,Cabean
Jawa Tengah,Tegal,Talang,Cangkring
Jawa Tengah,Brebes,Bulakamba,Cimohong
Jawa Tengah,Pekalongan,Tirto,Curug
Jawa Tengah,Pekalongan,Tirto,Dadirejo
Jawa Tengah,Kendal,Cepiring,Damarsari
Jawa Tengah,Tegal,Kramat,Dampyak
Jawa Tengah,Tegal,Talang,Dawuhan
Jawa Tengah,Tegal,Tegal Selatan,Debong Kidul
Jawa Tengah,Tegal,Tegal Selatan,Debong Kulon
Jawa Tengah,Tegal,Tegal Barat,Debong Lor
Jawa Tengah,Tegal,Tegal Selatan,Debong Tengah
Jawa Tengah,Tegal,Dukuhturi,Debongwetan
Jawa Tengah,Pekalongan,Pekalongan Utara,Degayu
Jawa Tengah,Jepara,Jepara,Demaan
Jawa Tengah,Jepara,Tahunan,Demangan
Jawa Tengah,Tegal,Warureja,Demangharjo
Jawa Tengah,Pekalongan,Siwalan,Depok
Jawa Tengah,Tegal,Kramat,Dinuk
Jawa Tengah,Demak,Demak,Donorojo
Jawa Tengah,Brebes,Bulakamba,Dukuhlo
Jawa Tengah,Tegal,Talang,Dukuhmalang
Jawa Tengah,Brebes,Losari,Dukuhsalam
Jawa Tengah,Tegal,Dukuhturi,Dukuhturi
Jawa Tengah,Brebes,Wanasari,Dumeling
Jawa Tengah,Pekalongan,Pekalongan Timur,Gamer
Jawa Tengah,Brebes,Brebes,Gandasuli
Jawa Tengah,Demak,Bonang,Gebang
Jawa Tengah,Demak,Bonang,Gebangarum
Jawa Tengah,Tegal,Talang,Getaskerep
Jawa Tengah,Brebes,Bulakamba,Grinting
Jawa Tengah,Tegal,Dukuhturi,Grogol
Jawa Tengah,Pekalongan,Wiradesa,Gumawang
Jawa Tengah,Demak,Bonang,Jali
Jawa Tengah,Tegal,Suradadi,Jatibogor
Jawa Tengah,Tegal,Kramat,Jatilawang
Jawa Tengah,Demak,Bonang,Jatimulyo
Jawa Tengah,Demak,Bonang,Jatirogo
Jawa Tengah,Demak,Wedung,Jetak
Jawa Tengah,Jepara,Jepara,Jobokuto
Jawa Tengah,Demak,Wonosalam,Jogoloyo
Jawa Tengah,Jepara,Kedung,Jondang
Jawa Tengah,Demak,Wedung,Jungpasir
Jawa Tengah,Demak,Wedung,Jungsemi
Jawa Tengah,Kendal,Kangkung,Jungsemi
Jawa Tengah,Kendal,Cepiring,Juwiring
Jawa Tengah,Tegal,Dukuhturi,Kademangaran
Jawa Tengah,Demak,Demak,Kadilangu
Jawa Tengah,Tegal,Talang,Kaladawa
Jawa Tengah,Pekalongan,Pekalongan Timur,Kali Baros
Jawa Tengah,Brebes,Jatibarang,Kalialang
Jawa Tengah,Jepara,Kedung,Kalianyar
Jawa Tengah,Kendal,Cepiring,Kaliayu
Jawa Tengah,Brebes,Losari,Kalibuntu
Jawa Tengah,Demak,Demak,Kalicilik
Jawa Tengah,Tegal,Margadana,Kaligangsa
Jawa Tengah,Brebes,Brebes,Kaligangsa Kulon
Jawa Tengah,Brebes,Brebes,Kaligangsa Wetan
Jawa Tengah,Tegal,Talang,Kaligayam
Jawa Tengah,Demak,Demak,Kalikondang
Jawa Tengah,Tegal,Margadana,Kalinyamat Kulon
Jawa Tengah,Tegal,Tegal Selatan,Kalinyamat Wetan
Jawa Tengah,Kendal,Cepiring,Kalirandugede
Jawa Tengah,Kendal,Kangkung,Kalirejo
Jawa Tengah,Brebes,Brebes,Kaliwlingi
Jawa Tengah,Pekalongan,Wiradesa,Kampil
Jawa Tengah,Pekalongan,Pekalongan Utara,Kandang Panjang
Jawa Tengah,Kendal,Kangkung,Kangkung
Jawa Tengah,Jepara,Kedung,Karangaji
Jawa Tengah,Tegal,Dukuhturi,Karanganyar
Jawa Tengah,Brebes,Losari,Karangdempel
Jawa Tengah,Pekalongan,Tirto,Karangjompo
Jawa Tengah,Jepara,Jepara,Karangkebagusan
Jawa Tengah,Kendal,Kangkung,Karangmalangwetan
Jawa Tengah,Demak,Demak,Karangmlati
Jawa Tengah,Brebes,Tanjung,Karangreja
Jawa Tengah,Demak,Bonang,Karangrejo
Jawa Tengah,Brebes,Bulakamba,Karangsari
Jawa Tengah,Demak,Karangtengah,Karangtowo
Jawa Tengah,Kendal,Patebon,Kartikajaya
Jawa Tengah,Demak,Demak,Katonsari
Jawa Tengah,Pekalongan,Wiradesa,Kauman
Jawa Tengah,Pekalongan,Pekalongan Timur,Kauman
Jawa Tengah,Jepara,Jepara,Kauman
Jawa Tengah,Tegal,Talang,Kebasen
Jawa Tengah,Brebes,Wanasari,Keboledan
Jawa Tengah,Brebes,Losari,Kecipir
Jawa Tengah,Tegal,Tarub,Kedokansayang
Jawa Tengah,Tegal,Tarub,Kedungbungkus
Jawa Tengah,Demak,Wedung,Kedungkarang
Jawa Tengah,Tegal,Warureja,Kedungkelor
Jawa Tengah,Jepara,Kedung,Kedungmalang
Jawa Tengah,Demak,Wedung,Kedungmutih
Jawa Tengah,Brebes,Losari,Kedungneng
Jawa Tengah,Brebes,Brebes,Kedunguter
Jawa Tengah,Tegal,Tegal Timur,Kejambon
Jawa Tengah,Tegal,Tegal Barat,Kemandungan
Jawa Tengah,Tegal,Tarub,Kemanggungan
Jawa Tengah,Tegal,Kramat,Kemantran
Jawa Tengah,Demak,Bonang,Kembangan
Jawa Tengah,Pekalongan,Wiradesa,Kemplong
Jawa Tengah,Brebes,Kersana,Kemukten
Jawa Tengah,Tegal,Kramat,Kemuning
Jawa Tengah,Brebes,Tanjung,Kemurang Kulon
Jawa Tengah,Brebes,Tanjung,Kemurang Wetan
Jawa Tengah,Demak,Wedung,Kendalasem
Jawa Tengah,Demak,Wedung,Kenduren
Jawa Tengah,Tegal,Dukuhturi,Kepandean
Jawa Tengah,Pekalongan,Wiradesa,Kepatihan
Jawa Tengah,Tegal,Kramat,Kepunduhan
Jawa Tengah,Jepara,Kedung,Kerso
Jawa Tengah,Brebes,Wanasari,Kertabesuki
Jawa Tengah,Tegal,Kramat,Kertaharja
Jawa Tengah,Tegal,Kramat,Kertayasa
Jawa Tengah,Tegal,Tarub,Kesadikan
Jawa Tengah,Tegal,Kramat,Ketileng
Jawa Tengah,Tegal,Tegal Selatan,Keturen
Jawa Tengah,Brebes,Wanasari,Klampok
Jawa Tengah,Pekalongan,Pekalongan Timur,Klego
Jawa Tengah,Kendal,Cepiring,Korowelanganyar
Jawa Tengah,Kendal,Cepiring,Korowelangkulon
Jawa Tengah,Demak,Bonang,Krajanbogo
Jawa Tengah,Brebes,Tanjung,Krakahan
Jawa Tengah,Tegal,Kramat,Kramat
Jawa Tengah,Brebes,Kersana,Kramatsampang
Jawa Tengah,Tegal,Margadana,Krandon
Jawa Tengah,Pekalongan,Pekalongan Utara,Krapyak
Jawa Tengah,Jepara,Tahunan,Krapyak
Jawa Tengah,Brebes,Brebes,Krasak
Jawa Tengah,Tegal,Tegal Barat,Kraton
Jawa Tengah,Kendal,Patebon,Kumpulrejo
Jawa Tengah,Brebes,Wanasari,Kupu
Jawa Tengah,Tegal,Dukuhturi,Kupu
Jawa Tengah,Pekalongan,Pekalongan Selatan,Kuripan Yosorejo
Jawa Tengah,Kendal,Kangkung,Laban
Jawa Tengah,Tegal,Dukuhturi,Lawatan
Jawa Tengah,Brebes,Tanjung,Lemahabang
Jawa Tengah,Brebes,Brebes,Lembarawa
Jawa Tengah,Brebes,Kersana,Limbangan
Jawa Tengah,Brebes,Losari,Limbangan
Jawa Tengah,Brebes,Brebes,Limbangan Kulon
Jawa Tengah,Brebes,Brebes,Limbangan Wetan
Jawa Tengah,Brebes,Losari,Losari Kidul
Jawa Tengah,Brebes,Losari,Losari Lor
Jawa Tengah,Brebes,Tanjung,Luwungbata
Jawa Tengah,Brebes,Bulakamba,Luwungragi
Jawa Tengah,Kendal,Patebon,Magersari
Jawa Tengah,Demak,Wedung,Mandung
Jawa Tengah,Tegal,Tegal Timur,Mangkukusuman
Jawa Tengah,Jepara,Tahunan,Mangunan
Jawa Tengah,Demak,Demak,Mangunjiwan
Jawa Tengah,Tegal,Tarub,Mangunsaren
Jawa Tengah,Jepara,Tahunan,Mantingan
Jawa Tengah,Tegal,Margadana,Margadana
Jawa Tengah,Demak,Bonang,Margolinduk
Jawa Tengah,Kendal,Cepiring,Margorejo
Jawa Tengah,Tegal,Kramat,Maribaya
Jawa Tengah,Pekalongan,Wiradesa,Mayangan
Jawa Tengah,Pekalongan,Pekalongan Barat,Medono
Jawa Tengah,Tegal,Kramat,Mejasem Barat
Jawa Tengah,Tegal,Kramat,Mejasem Timur
Jawa Tengah,Jepara,Kedung,Menganti
Jawa Tengah,Tegal,Tegal Timur,Mintaragen
Jawa Tengah,Demak,Bonang,Morodemak
Jawa Tengah,Demak,Wonosalam,Mranak
Jawa Tengah,Tegal,Tegal Barat,Muarareja
Jawa Tengah,Pekalongan,Tirto,Mulyorejo
Jawa Tengah,Brebes,Tanjung,Mundu
Jawa Tengah,Tegal,Kramat,Munjungagung
Jawa Tengah,Demak,Wedung,Mutihkulon
Jawa Tengah,Demak,Wedung,Mutihwetan
Jawa Tengah,Demak,Wedung,Ngawen
Jawa Tengah,Kendal,Kendal,Ngilir
Jawa Tengah,Pekalongan,Pekalongan Timur,Noyontaansari
Jawa Tengah,Pekalongan,Tirto,Pacar
Jawa Tengah,Tegal,Talang,Pacul
Jawa Tengah,Tegal,Kramat,Padaharja
Jawa Tengah,Brebes,Brebes,Padasugih
Jawa Tengah,Brebes,Brebes,Pagejugan
Jawa Tengah,Tegal,Dukuhturi,Pagongan
Jawa Tengah,Pekalongan,Siwalan,Pait
Jawa Tengah,Brebes,Bulakamba,Pakijangan
Jawa Tengah,Jepara,Jepara,Panggang
Jawa Tengah,Tegal,Tegal Timur,Panggung
Jawa Tengah,Jepara,Kedung,Panggung
Jawa Tengah,Pekalongan,Pekalongan Utara,Panjang Baru
Jawa Tengah,Pekalongan,Pekalongan Utara,Panjang Wetan
Jawa Tengah,Brebes,Brebes,Pasarbatang
Jawa Tengah,Pekalongan,Pekalongan Barat,Pasirkratonkramat
Jawa Tengah,Kendal,Kendal,Patukangan
Jawa Tengah,Brebes,Wanasari,Pebatan
Jawa Tengah,Pekalongan,Wonokerto,Pecakaran
Jawa Tengah,Brebes,Tanjung,Pejagan
Jawa Tengah,Brebes,Losari,Pekauman
Jawa Tengah,Tegal,Tegal Barat,Pekauman
Jawa Tengah,Kendal,Kendal,Pekauman
Jawa Tengah,Tegal,Dukuhturi,Pekauman Kulon
Jawa Tengah,Pekalongan,Wiradesa,Pekuncen
Jawa Tengah,Brebes,Losari,Pengabean
Jawa Tengah,Tegal,Dukuhturi,Pengabean
Jawa Tengah,Brebes,Tanjung,Pengaradan
Jawa Tengah,Tegal,Dukuhturi,Pengarasan
Jawa Tengah,Jepara,Jepara,Pengkol
Jawa Tengah,Tegal,Dukuhturi,Pepedan
Jawa Tengah,Pekalongan,Wonokerto,Pesanggrahan
Jawa Tengah,Brebes,Wanasari,Pesantunan
Jawa Tengah,Tegal,Tegal Barat,Pesurungan Kidul
Jawa Tengah,Tegal,Margadana,Pesurungan Lor
Jawa Tengah,Jepara,Tahunan,Petekeyan
Jawa Tengah,Kendal,Patebon,Pidodokulon
Jawa Tengah,Kendal,Patebon,Pidodowetan
Jawa Tengah,Jepara,Tahunan,Platar
Jawa Tengah,Tegal,Kramat,Plumbungan
Jawa Tengah,Pekalongan,Pekalongan Barat,Podosugih
Jawa Tengah,Demak,Bonang,Poncoharjo
Jawa Tengah,Pekalongan,Pekalongan Timur,Poncol
Jawa Tengah,Jepara,Jepara,Potroyudan
Jawa Tengah,Brebes,Losari,Prapag Kidul
Jawa Tengah,Brebes,Losari,Prapag Lor
Jawa Tengah,Pekalongan,Pekalongan Barat,Pringrejo
Jawa Tengah,Pekalongan,Tirto,Pucung
Jawa Tengah,Brebes,Bulakamba,Pulogading
Jawa Tengah,Brebes,Brebes,Pulosari
Jawa Tengah,Tegal,Suradadi,Purwahamba
Jawa Tengah,Demak,Bonang,Purworejo
Jawa Tengah,Brebes,Bulakamba,Rancawuluh
Jawa Tengah,Tegal,Tegal Selatan,Randugunting
Jawa Tengah,Brebes,Brebes,Randusanga Kulon
Jawa Tengah,Brebes,Brebes,Randusanga Wetan
Jawa Tengah,Brebes,Losari,Randusari
Jawa Tengah,Tegal,Warureja,Rangi Mulya
Jawa Tengah,Jepara,Kedung,Rau
Jawa Tengah,Demak,Karangtengah,Rejosari
Jawa Tengah,Kendal,Kangkung,Rejosari
Jawa Tengah,Pekalongan,Siwalan,Rembun
Jawa Tengah,Pekalongan,Wonokerto,Rowoyoso
Jawa Tengah,Demak,Wedung,Ruwit
Jawa Tengah,Pekalongan,Tirto,Samborejo
Jawa Tengah,Pekalongan,Pekalongan Barat,Sapuro Kebulen
Jawa Tengah,Brebes,Wanasari,Sawojajar
Jawa Tengah,Pekalongan,Wonokerto,Semut
Jawa Tengah,Brebes,Tanjung,Sengon
Jawa Tengah,Demak,Bonang,Serangan
Jawa Tengah,Pekalongan,Pekalongan Timur,Setono
Jawa Tengah,Brebes,Wanasari,Siasem
Jawa Tengah,Tegal,Suradadi,Sidaharja
Jawa Tengah,Brebes,Tanjung,Sidakaton
Jawa Tengah,Tegal,Dukuhturi,Sidakaton
Jawa Tengah,Brebes,Wanasari,Sidamulya
Jawa Tengah,Tegal,Dukuhturi,Sidapurna
Jawa Tengah,Demak,Wonosalam,Sidomulyo
Jawa Tengah,Kendal,Cepiring,Sidomulyo
Jawa Tengah,Pekalongan,Tirto,Sidorejo
Jawa Tengah,Demak,Sayung,Sidorejo
Jawa Tengah,Brebes,Brebes,Sigambir
Jawa Tengah,Brebes,Wanasari,Sigentong
Jawa Tengah,Pekalongan,Wonokerto,Sijambe
Jawa Tengah,Demak,Demak,Singorejo
Jawa Tengah,Pekalongan,Siwalan,Siwalan
Jawa Tengah,Brebes,Bulakamba,Siwuluh
Jawa Tengah,Tegal,Tegal Timur,Slerok
Jawa Tengah,Jepara,Kedung,Sowan Kidul
Jawa Tengah,Demak,Bonang,Sukodono
Jawa Tengah,Kendal,Patebon,Sukolilan
Jawa Tengah,Demak,Bonang,Sumberejo
Jawa Tengah,Tegal,Margadana,Sumurpanggang
Jawa Tengah,Tegal,Suradadi,Suradadi
Jawa Tengah,Demak,Sayung,Surodadi
Jawa Tengah,Jepara,Kedung,Surodadi
Jawa Tengah,Brebes,Kersana,Sutamaja
Jawa Tengah,Tegal,Dukuhturi,Sutapranan
Jawa Tengah,Tegal,Talang,Talang
Jawa Tengah,Demak,Karangtengah,Tambakbulusan
Jawa Tengah,Jepara,Kedung,Tanggul Tlare
Jawa Tengah,Pekalongan,Tirto,Tanjung
Jawa Tengah,Brebes,Tanjung,Tanjung
Jawa Tengah,Tegal,Kramat,Tanjungharja
Jawa Tengah,Kendal,Kangkung,Tanjungmojo
Jawa Tengah,Demak,Wedung,Tedunan
Jawa Tengah,Jepara,Kedung,Tedunan
Jawa Tengah,Jepara,Tahunan,Tegalsambi
Jawa Tengah,Tegal,Tegal Barat,Tegalsari
Jawa Tengah,Tegal,Talang,Tegalwangi
Jawa Tengah,Brebes,Tanjung,Tegongan
Jawa Tengah,Jepara,Tahunan,Telukawur
Jawa Tengah,Demak,Wedung,Tempel
Jawa Tengah,Demak,Demak,Tempuran
Jawa Tengah,Pekalongan,Siwalan,Tengengkulon
Jawa Tengah,Brebes,Tanjung,Tengguli
Jawa Tengah,Brebes,Brebes,Tengki
Jawa Tengah,Brebes,Brebes,Terlangu
Jawa Tengah,Demak,Sayung,Timbulsloko
Jawa Tengah,Pekalongan,Pekalongan Barat,Tirto
Jawa Tengah,Demak,Bonang,Tlogoboyo
Jawa Tengah,Pekalongan,Wonokerto,Tratebang
Jawa Tengah,Demak,Bonang,Tridonorejo
Jawa Tengah,Demak,Sayung,Tugu
Jawa Tengah,Tegal,Tegal Selatan,Tunon
Jawa Tengah,Jepara,Jepara,Ujungbatu
Jawa Tengah,Brebes,Wanasari,Wanasari
Jawa Tengah,Brebes,Brebes,Wangandalem
Jawa Tengah,Tegal,Talang,Wangandawa
Jawa Tengah,Jepara,Kedung,Wanusobo
Jawa Tengah,Pekalongan,Wiradesa,Warukidul
Jawa Tengah,Pekalongan,Wiradesa,Warulor
Jawa Tengah,Tegal,Warureja,Warureja
Jawa Tengah,Demak,Bonang,Weding
Jawa Tengah,Demak,Wedung,Wedung
Jawa Tengah,Pekalongan,Wonokerto,Werdi
Jawa Tengah,Demak,Karangtengah,Wonoagung
Jawa Tengah,Pekalongan,Wonokerto,Wonokertokulon
Jawa Tengah,Pekalongan,Wonokerto,Wonokertowetan
Jawa Tengah,Kendal,Patebon,Wonosari
Jawa Tengah,Pekalongan,Siwalan,Wonosari
Jawa Tengah,Demak,Bonang,Wonosari
Jawa Tengah,Demak,Karangtengah,Wonowoso
Jawa Tengah,Pekalongan,Siwalan,Yosorejo
Jawa Tengah,Batang,Batang,Proyonanggan Tengah
Jawa Tengah,Batang,Batang,Watesalit
Jawa Tengah,Batang,Batang,Kalipucang Wetan
Jawa Tengah,Batang,Batang,Kalipucang Kulon
Jawa Tengah,Batang,Batang,Karanganyar
Jawa Tengah,Batang,Batang,Proyonanggan Utara
Jawa Tengah,Batang,Batang,Karangasem Selatan
Jawa Tengah,Batang,Batang,Klidang Wetan
Jawa Tengah,Batang,Kandeman,Ujungnegoro
Jawa Tengah,Batang,Kandeman,Depok
Jawa Tengah,Batang,Batang,Klidang Lor
Jawa Tengah,Batang,Batang,Karangasem Utara
Jawa Tengah,Batang,Batang,Kasepuhan
Jawa Tengah,Batang,Batang,Denasri Wetan
Jawa Tengah,Batang,Batang,Denasri Kulon
Jawa Tengah,Pemalang,Comal,Ambokulon
Jawa Tengah,Pemalang,Ulujami,Ambowetan
Jawa Tengah,Pemalang,Taman,Asemdoyong
Jawa Tengah,Pemalang,Ampelgading,Banglarangan
Jawa Tengah,Pemalang,Ulujami,Blendung
Jawa Tengah,Pemalang,Pemalang,Bojongnangka
Jawa Tengah,Pemalang,Ulujami,Botekan
Jawa Tengah,Pemalang,Petarukan,Bulu
Jawa Tengah,Pemalang,Ulujami,Bumirejo
Jawa Tengah,Pemalang,Ampelgading,Cibiyuk
Jawa Tengah,Pemalang,Pemalang,Danasari
Jawa Tengah,Pemalang,Comal,Gandu
Jawa Tengah,Pemalang,Comal,Gedeg
Jawa Tengah,Pemalang,Comal,Gintung
Jawa Tengah,Pemalang,Petarukan,Iser
Jawa Tengah,Pemalang,Ampelgading,Jatirejo
Jawa Tengah,Pemalang,Taman,Kabunan
Jawa Tengah,Pemalang,Taman,Kaligelang
Jawa Tengah,Pemalang,Ulujami,Kaliprau
Jawa Tengah,Pemalang,Petarukan,Kalirandu
Jawa Tengah,Pemalang,Comal,Kandang
Jawa Tengah,Pemalang,Comal,Kauman
Jawa Tengah,Pemalang,Ampelgading,Kebagusan
Jawa Tengah,Pemalang,Comal,Kebojongan
Jawa Tengah,Pemalang,Taman,Kedungbanjar
Jawa Tengah,Pemalang,Petarukan,Kendaldoyong
Jawa Tengah,Pemalang,Petarukan,Kendalrejo
Jawa Tengah,Pemalang,Ulujami,Kertosari
Jawa Tengah,Pemalang,Comal,Klegen
Jawa Tengah,Pemalang,Pemalang,Lawangrejo
Jawa Tengah,Pemalang,Petarukan,Loning
Jawa Tengah,Pemalang,Ampelgading,Losari
Jawa Tengah,Pemalang,Comal,Lowa
Jawa Tengah,Pemalang,Petarukan,Nyamplungsari
Jawa Tengah,Pemalang,Ulujami,Padek
Jawa Tengah,Pemalang,Ulujami,Pagergunung
Jawa Tengah,Pemalang,Ulujami,Pamutih
Jawa Tengah,Pemalang,Petarukan,Panjunan
Jawa Tengah,Pemalang,Taman,Pedurungan
Jawa Tengah,Pemalang,Petarukan,Pegundan
Jawa Tengah,Pemalang,Ulujami,Pesantren
Jawa Tengah,Pemalang,Petarukan,Pesucen
Jawa Tengah,Pemalang,Comal,Purwosari
Jawa Tengah,Pemalang,Ulujami,Rowosari
Jawa Tengah,Pemalang,Ulujami,Samong
Jawa Tengah,Pemalang,Comal,Sarwodadi
Jawa Tengah,Pemalang,Petarukan,Serang
Jawa Tengah,Pemalang,Ampelgading,Sidokare
Jawa Tengah,Pemalang,Comal,Sidorejo
Jawa Tengah,Pemalang,Comal,Sikayu
Jawa Tengah,Pemalang,Petarukan,Sirangkang
Jawa Tengah,Pemalang,Ulujami,Sukorejo
Jawa Tengah,Pemalang,Comal,Susukan
Jawa Tengah,Pemalang,Taman,Taman
Jawa Tengah,Pemalang,Ulujami,Tasikrejo
Jawa Tengah,Pemalang,Petarukan,Tegalmlati
Jawa Tengah,Pemalang,Petarukan,Temuireng
Jawa Tengah,Pemalang,Ampelgading,Ujunggede
Jawa Tengah,Pemalang,Taman,Wanarejan Utara
Jawa Tengah,Pemalang,Ulujami,Wiyorowetan
Jawa Tengah,Pemalang,Comal,Wonokromo
Jawa Tengah,Pemalang,Taman,Beji
Jawa Tengah,Pemalang,Pemalang,Bojongbata
Jawa Tengah,Pemalang,Pemalang,Kebondalem
Jawa Tengah,Pemalang,Pemalang,Mulyoharjo
Jawa Tengah,Pemalang,Pemalang,Pelutan
Jawa Tengah,Pemalang,Petarukan,Petarukan
Jawa Tengah,Pemalang,Pemalang,Sugihwaras
Jawa Tengah,Pemalang,Taman,Wanarejan Selatan
Jawa Tengah,Pemalang,Pemalang,Widuri
Jawa Tengah,Pemalang,Comal,Purwoharjo
Jawa Tengah,Pekalongan,Tirto,Tegaldowo
Jawa Tengah,Pekalongan,Pekalongan Utara,Padukuhan Kraton
Jawa Tengah,Pekalongan,Tirto,Jeruksari
Jawa Tengah,Pemalang,Petarukan,Klareyan
Jawa Tengah,Pemalang,Ulujami,Ketapang
Jawa Tengah,Pemalang,Ulujami,Limbangan
Jawa Tengah,Pemalang,Ulujami,Mojo
Jawa Tengah,Jepara,Karimunjawa,Nyamuk
Jawa Tengah,Jepara,Karimunjawa,Parang
Jawa Tengah,Jepara,Karimunjawa,Karimunjawa
Jawa Tengah,Jepara,Karimunjawa,Kemujan
Jawa Tengah,Pati,Juwana,Agungmulyo
Jawa Tengah,Pati,Dukuhseti,Alasdowo
Jawa Tengah,Pati,Tambakromo,Angkatan Kidul
Jawa Tengah,Pati,Tambakromo,Angkatan Lor
Jawa Tengah,Pati,Jaken,Arumanis
Jawa Tengah,Pati,Trangkil,Asempapan
Jawa Tengah,Rembang,Kaliori,Babadan
Jawa Tengah,Rembang,Lasem,Babagan
Jawa Tengah,Rembang,Sarang,Babaktulung
Jawa Tengah,Pati,Gabus,Babalan
Jawa Tengah,Kudus,Bae,Bacin
Jawa Tengah,Pati,Margorejo,Badegan
Jawa Tengah,Kudus,Bae,Bae
Jawa Tengah,Pati,Gembong,Bageng
Jawa Tengah,Rembang,Sarang,Bajingjowo
Jawa Tengah,Rembang,Sarang,Bajingmeduro
Jawa Tengah,Pati,Juwana,Bajomulyo
Jawa Tengah,Pati,Dukuhseti,Bakalan
Jawa Tengah,Jepara,Kalinyamatan,Bakalan
Jawa Tengah,Kudus,Kaliwungu,Bakalankrapyak
Jawa Tengah,Pati,Juwana,Bakaran Kulon
Jawa Tengah,Pati,Juwana,Bakaran Wetan
Jawa Tengah,Demak,Mijen,Bakung
Jawa Tengah,Jepara,Kembang,Balong
Jawa Tengah,Rembang,Kragan,Balongmulyo
Jawa Tengah,Rembang,Pamotan,Bamban
Jawa Tengah,Pati,Gunungwungkal,Bancak
Jawa Tengah,Rembang,Sale,Bancang
Jawa Tengah,Jepara,Mayong,Bandung
Jawa Tengah,Jepara,Donorojo,Bandungharjo
Jawa Tengah,Demak,Karanganyar,Bandungrejo
Jawa Tengah,Jepara,Kalinyamatan,Bandungrejo
Jawa Tengah,Kudus,Kaliwungu,Banget
Jawa Tengah,Rembang,Kaliori,Banggi
Jawa Tengah,Pati,Wedarijaksa,Bangsalrejo
Jawa Tengah,Jepara,Bangsri,Bangsri
Jawa Tengah,Rembang,Pamotan,Bangunrejo
Jawa Tengah,Jepara,Bangsri,Banjaragung
Jawa Tengah,Jepara,Bangsri,Banjaran
Jawa Tengah,Demak,Gajah,Banjarsari
Jawa Tengah,Pati,Gabus,Banjarsari
Jawa Tengah,Rembang,Sarang,Banowan
Jawa Tengah,Jepara,Batealit,Bantrung
Jawa Tengah,Rembang,Kaliori,Banyudono
Jawa Tengah,Jepara,Donorojo,Banyumanis
Jawa Tengah,Jepara,Kalinyamatan,Banyuputih
Jawa Tengah,Pati,Dukuhseti,Banyutowo
Jawa Tengah,Rembang,Gunem,Banyuurip
Jawa Tengah,Rembang,Pancur,Banyuurip
Jawa Tengah,Pati,Margorejo,Banyuurip
Jawa Tengah,Kudus,Kota Kudus,Barongan
Jawa Tengah,Jepara,Batealit,Batealit
Jawa Tengah,Jepara,Nalumsari,Bategede
Jawa Tengah,Rembang,Sarang,Baturno
Jawa Tengah,Pati,Batangan,Batursari
Jawa Tengah,Jepara,Batealit,Bawu
Jawa Tengah,Jepara,Nalumsari,Bedanpete
Jawa Tengah,Pati,Juwana,Bendar
Jawa Tengah,Rembang,Sluke,Bendo
Jawa Tengah,Pati,Tayu,Bendokaton Kidul
Jawa Tengah,Pati,Gembong,Bermi
Jawa Tengah,Kudus,Gebog,Besito
Jawa Tengah,Rembang,Lasem,Binangun
Jawa Tengah,Rembang,Sale,Bitingan
Jawa Tengah,Pati,Pati,Blaru
Jawa Tengah,Pati,Cluwak,Bleber
Jawa Tengah,Rembang,Sluke,Blimbing
Jawa Tengah,Kudus,Kaliwungu,Blimbing Kidul
Jawa Tengah,Jepara,Nalumsari,Blimbingrejo
Jawa Tengah,Pati,Winong,Blingijati
Jawa Tengah,Jepara,Donorojo,Blingoh
Jawa Tengah,Pati,Pucakwangi,Bodeh
Jawa Tengah,Rembang,Kaliori,Bogoharjo
Jawa Tengah,Rembang,Sulang,Bogorame
Jawa Tengah,Rembang,Sedan,Bogorejo
Jawa Tengah,Rembang,Sumber,Bogorejo
Jawa Tengah,Pati,Gabus,Bogotanjung
Jawa Tengah,Pati,Kayen,Boloagung
Jawa Tengah,Rembang,Lasem,Bonang
Jawa Tengah,Jepara,Bangsri,Bondo
Jawa Tengah,Rembang,Sarang,Bonjor
Jawa Tengah,Pati,Jaken,Boto
Jawa Tengah,Demak,Gajah,Boyolali
Jawa Tengah,Jepara,Welahan,Brantak Sekarjati
Jawa Tengah,Demak,Mijen,Bermi
Jawa Tengah,Pati,Juwana,Bringin
Jawa Tengah,Jepara,Batealit,Bringin
Jawa Tengah,Pati,Winong,Bringinwareng
Jawa Tengah,Jepara,Mayong,Buaran
Jawa Tengah,Jepara,Kembang,Bucu
Jawa Tengah,Jepara,Welahan,Bugo
Jawa Tengah,Rembang,Bulu,Bulu
Jawa Tengah,Pati,Margoyoso,Bulumanis Kidul
Jawa Tengah,Pati,Margoyoso,Bulumanis Lor
Jawa Tengah,Pati,Batangan,Bulumulyo
Jawa Tengah,Kudus,Jekulo,Bulung Kulon
Jawa Tengah,Pati,Tayu,Bulungan
Jawa Tengah,Jepara,Pakis Aji,Bulungan
Jawa Tengah,Kudus,Jekulo,Bulungcangkring
Jawa Tengah,Pati,Wedarijaksa,Bumiayu
Jawa Tengah,Pati,Winong,Bumiharjo
Jawa Tengah,Jepara,Keling,Bumiharjo
Jawa Tengah,Pati,Batangan,Bumimulyo
Jawa Tengah,Pati,Juwana,Bumirejo
Jawa Tengah,Pati,Margorejo,Bumirejo
Jawa Tengah,Pati,Jakenan,Bungasrejo
Jawa Tengah,Jepara,Mayong,Bungu
Jawa Tengah,Kudus,Kota Kudus,Burikan
Jawa Tengah,Pati,Tlogowungu,Cabak
Jawa Tengah,Rembang,Bulu,Cabean Kidul
Jawa Tengah,Blora,Todanan,Candi
Jawa Tengah,Rembang,Sedan,Candimulyo
Jawa Tengah,Demak,Karanganyar,Cangkring
Jawa Tengah,Demak,Karanganyar,Cangkringrembang
Jawa Tengah,Pati,Margoyoso,Cebolek Kidul
Jawa Tengah,Kudus,Dawe,Cendono
Jawa Tengah,Pati,Sukolilo,Cengkalsewu
Jawa Tengah,Jepara,Kembang,Cepogo
Jawa Tengah,Jepara,Donorojo,Clering
Jawa Tengah,Kudus,Dawe,Colo
Jawa Tengah,Kudus,Dawe,Cranggang
Jawa Tengah,Rembang,Pancur,Criwik
Jawa Tengah,Rembang,Sedan,Dadapan
Jawa Tengah,Rembang,Sarang,Dadapmulyo
Jawa Tengah,Pati,Margorejo,Dadirejo
Jawa Tengah,Kudus,Kota Kudus,Damaran
Jawa Tengah,Jepara,Kalinyamatan,Damarjati
Jawa Tengah,Jepara,Keling,Damarwulan
Jawa Tengah,Pati,Winong,Danyangmulyo
Jawa Tengah,Jepara,Nalumsari,Daren
Jawa Tengah,Rembang,Lasem,Dasun
Jawa Tengah,Jepara,Mayong,Datar
Jawa Tengah,Pati,Winong,Degan
Jawa Tengah,Rembang,Gunem,Demaan
Jawa Tengah,Kudus,Kota Kudus,Demaan
Jawa Tengah,Kudus,Kota Kudus,Demangan
Jawa Tengah,Pati,Pati,Dengkek
Jawa Tengah,Jepara,Kembang,Dermolo
Jawa Tengah,Kudus,Bae,Dersalam
Jawa Tengah,Jepara,Nalumsari,Dorang
Jawa Tengah,Rembang,Lasem,Dorokandang
Jawa Tengah,Rembang,Pancur,Doropayung
Jawa Tengah,Pati,Juwana,Doropayung
Jawa Tengah,Pati,Tayu,Dororejo
Jawa Tengah,Rembang,Gunem,Dowan
Jawa Tengah,Rembang,Kaliori,Dresi Kulon
Jawa Tengah,Rembang,Kaliori,Dresi Wetan
Jawa Tengah,Jepara,Kembang,Dudakawu
Jawa Tengah,Pati,Jakenan,Dukuhmulyo
Jawa Tengah,Pati,Dukuhseti,Dukuhseti
Jawa Tengah,Kudus,Dawe,Dukuhwaringin
Jawa Tengah,Pati,Juwana,Dukutalit
Jawa Tengah,Pati,Dukuhseti,Dumpil
Jawa Tengah,Pati,Gabus,Gabus
Jawa Tengah,Rembang,Sale,Gading
Jawa Tengah,Pati,Juwana,Gadingrejo
Jawa Tengah,Pati,Gunungwungkal,Gadu
Jawa Tengah,Demak,Gajah,Gajah
Jawa Tengah,Pati,Batangan,Gajahkumpul
Jawa Tengah,Pati,Pati,Gajahmati
Jawa Tengah,Pati,Gunungwungkal,Gajihan
Jawa Tengah,Rembang,Pamotan,Gambiran
Jawa Tengah,Kudus,Kaliwungu,Gamong
Jawa Tengah,Rembang,Sedan,Gandrirojo
Jawa Tengah,Blora,Bogorejo,Gandu
Jawa Tengah,Blora,Japah,Gaplokan
Jawa Tengah,Kudus,Kaliwungu,Garung Kidul
Jawa Tengah,Kudus,Kaliwungu,Garung Lor
Jawa Tengah,Pati,Gabus,Gebang
Jawa Tengah,Demak,Gajah,Gedangalas
Jawa Tengah,Rembang,Rembang,Gedangan
Jawa Tengah,Jepara,Welahan,Gedangan
Jawa Tengah,Rembang,Lasem,Gedongmulyo
Jawa Tengah,Rembang,Pamotan,Gegersimo
Jawa Tengah,Rembang,Rembang,Gegunung Kulon
Jawa Tengah,Rembang,Rembang,Gegunung Wetan
Jawa Tengah,Jepara,Keling,Gelang
Jawa Tengah,Rembang,Pancur,Gemblengmulyo
Jawa Tengah,Pati,Gembong,Gembong
Jawa Tengah,Jepara,Nalumsari,Gemiring Kidul
Jawa Tengah,Jepara,Nalumsari,Gemiring Lor
Jawa Tengah,Pati,Gabus,Gempolsari
Jawa Tengah,Demak,Mijen,Gempolsongo
Jawa Tengah,Jepara,Pecangaan,Gemulung
Jawa Tengah,Demak,Mijen,Geneng
Jawa Tengah,Jepara,Batealit,Geneng
Jawa Tengah,Pati,Juwana,Genengmulyo
Jawa Tengah,Pati,Cluwak,Gerit
Jawa Tengah,Pati,Pati,Geritan
Jawa Tengah,Pati,Cluwak,Gesengan
Jawa Tengah,Rembang,Sedan,Gesikan
Jawa Tengah,Kudus,Jati,Getaspejaten
Jawa Tengah,Kudus,Gebog,Getassrabi
Jawa Tengah,Jepara,Welahan,Gidanglelo
Jawa Tengah,Pati,Gunungwungkal,Giling
Jawa Tengah,Rembang,Sarang,Gilis
Jawa Tengah,Kudus,Dawe,Glagah Kulon
Jawa Tengah,Kudus,Kota Kudus,Glantengan
Jawa Tengah,Rembang,Sulang,Glebeg
Jawa Tengah,Pati,Jakenan,Glonggong
Jawa Tengah,Pati,Winong,Godo
Jawa Tengah,Kudus,Mejobo,Golantepus
Jawa Tengah,Kudus,Bae,Gondangmanis
Jawa Tengah,Kudus,Jekulo,Gondoharum
Jawa Tengah,Kudus,Gebog,Gondosari
Jawa Tengah,Rembang,Sarang,Gonggang
Jawa Tengah,Rembang,Lasem,Gowak
Jawa Tengah,Rembang,Sumber,Grawan
Jawa Tengah,Kudus,Gebog,Gribig
Jawa Tengah,Pati,Dukuhseti,Grogolan
Jawa Tengah,Pati,Pucakwangi,Grogolsari
Jawa Tengah,Pati,Juwana,Growong Kidul
Jawa Tengah,Pati,Juwana,Growong Lor
Jawa Tengah,Kudus,Mejobo,Gulang
Jawa Tengah,Pati,Gunungwungkal,Gulangpongge
Jawa Tengah,Rembang,Gunem,Gunem
Jawa Tengah,Rembang,Sarang,Gunungmulyo
Jawa Tengah,Rembang,Kaliori,Gunungsari
Jawa Tengah,Pati,Batangan,Gunungsari
Jawa Tengah,Pati,Tlogowungu,Gunungsari
Jawa Tengah,Pati,Gunungwungkal,Gunungwungkal
Jawa Tengah,Pati,Tlogowungu,Guwo
Jawa Tengah,Jepara,Welahan,Guwosobokerto
Jawa Tengah,Pati,Winong,Guyangan
Jawa Tengah,Pati,Trangkil,Guyangan
Jawa Tengah,Kudus,Jekulo,Hadipolo
Jawa Tengah,Kudus,Mejobo,Hadiwarno
Jawa Tengah,Kudus,Jekulo,Honggosoco
Jawa Tengah,Rembang,Sumber,Jadi
Jawa Tengah,Pati,Jakenan,Jakenan
Jawa Tengah,Rembang,Sarang,Jambangan
Jawa Tengah,Pati,Margorejo,Jambean Kidul
Jawa Tengah,Rembang,Sedan,Jambeyan
Jawa Tengah,Jepara,Mlonggo,Jambu Timur
Jawa Tengah,Kudus,Kota Kudus,Janggalan
Jawa Tengah,Kudus,Dawe,Japan
Jawa Tengah,Rembang,Pamotan,Japerejo
Jawa Tengah,Kudus,Jati,Jati Kulon
Jawa Tengah,Kudus,Jati,Jati Wetan
Jawa Tengah,Rembang,Sumber,Jatihadi
Jawa Tengah,Rembang,Sulang,Jatimudo
Jawa Tengah,Pati,Wedarijaksa,Jatimulyo
Jawa Tengah,Demak,Karanganyar,Jatirejo
Jawa Tengah,Rembang,Sluke,Jatisari
Jawa Tengah,Pati,Jakenan,Jatisari
Jawa Tengah,Jepara,Nalumsari,Jatisari
Jawa Tengah,Jepara,Mayong,Jebol
Jawa Tengah,Kudus,Jekulo,Jekulo
Jawa Tengah,Pati,Batangan,Jembangan
Jawa Tengah,Pati,Gunungwungkal,Jembulwunut
Jawa Tengah,Pati,Gunungwungkal,Jepalo
Jawa Tengah,Kudus,Mejobo,Jepang
Jawa Tengah,Kudus,Jati,Jepangpakis
Jawa Tengah,Pati,Tayu,Jepat Kidul
Jawa Tengah,Pati,Tayu,Jepat Lor
Jawa Tengah,Rembang,Pancur,Japeledok
Jawa Tengah,Pati,Juwana,Jepuro
Jawa Tengah,Rembang,Pancur,Jeruk
Jawa Tengah,Jepara,Bangsri,Jerukwangi
Jawa Tengah,Pati,Pucakwangi,Jetak
Jawa Tengah,Pati,Wedarijaksa,Jetak
Jawa Tengah,Kudus,Jati,Jetiskapuan
Jawa Tengah,Pati,Margorejo,Jimbaran
Jawa Tengah,Rembang,Sale,Jinanten
Jawa Tengah,Jepara,Kembang,Jinggotan
Jawa Tengah,Jepara,Keling,Jlegong
Jawa Tengah,Demak,Mijen,Jleper
Jawa Tengah,Rembang,Sale,Joho
Jawa Tengah,Rembang,Pamotan,Joho
Jawa Tengah,Rembang,Pancur,Johogunung
Jawa Tengah,Kudus,Mejobo,Jojo
Jawa Tengah,Rembang,Lasem,Jolotundo
Jawa Tengah,Pati,Wedarijaksa,Jontro
Jawa Tengah,Pati,Gunungwungkal,Jrahi
Jawa Tengah,Jepara,Donorojo,Jugo
Jawa Tengah,Rembang,Bulu,Jukung
Jawa Tengah,Kudus,Gebog,Jurang
Jawa Tengah,Blora,Bogorejo,Jurangjero
Jawa Tengah,Rembang,Sluke,Jurangjero
Jawa Tengah,Rembang,Rembang,Kabongan Kidul
Jawa Tengah,Rembang,Rembang,Kabongan Lor
Jawa Tengah,Pati,Trangkil,Kadilangu
Jawa Tengah,Rembang,Bulu,Kadiwono
Jawa Tengah,Rembang,Gunem,Kajar
Jawa Tengah,Rembang,Lasem,Kajar
Jawa Tengah,Pati,Trangkil,Kajar
Jawa Tengah,Kudus,Dawe,Kajar
Jawa Tengah,Kudus,Kota Kudus,Kajeksan
Jawa Tengah,Pati,Margoyoso,Kajen
Jawa Tengah,Jepara,Kembang,Kaliaman
Jawa Tengah,Pati,Pati,Kalidoro
Jawa Tengah,Jepara,Keling,Kaligarang
Jawa Tengah,Pati,Tayu,Kalikalong
Jawa Tengah,Pati,Jakenan,Kalimulyo
Jawa Tengah,Blora,Japah,Kalinanas
Jawa Tengah,Rembang,Sulang,Kaliombo
Jawa Tengah,Rembang,Sarang,Kalipang
Jawa Tengah,Jepara,Welahan,Kalipucang Kulon
Jawa Tengah,Jepara,Welahan,Kalipucang Wetan
Jawa Tengah,Kudus,Kota Kudus,Kaliputu
Jawa Tengah,Rembang,Pancur,Kalitengah
Jawa Tengah,Kudus,Kaliwungu,Kaliwungu
Jawa Tengah,Kudus,Dawe,Kandangmas
Jawa Tengah,Pati,Gabus,Karaban
Jawa Tengah,Pati,Juwana,Karang
Jawa Tengah,Kudus,Kaliwungu,Karangampel
Jawa Tengah,Rembang,Kragan,Karanganyar
Jawa Tengah,Demak,Karanganyar,Karanganyar
Jawa Tengah,Rembang,Sedan,Karangasem
Jawa Tengah,Rembang,Bulu,Karangasem
Jawa Tengah,Pati,Tambakromo,Karangawen
Jawa Tengah,Kudus,Bae,Karangbener
Jawa Tengah,Rembang,Kragan,Karangharjo
Jawa Tengah,Rembang,Sulang,Karangharjo
Jawa Tengah,Pati,Winong,Karangkonang
Jawa Tengah,Pati,Trangkil,Karanglegi
Jawa Tengah,Rembang,Kragan,Karanglincak
Jawa Tengah,Kudus,Gebog,Karangmalang
Jawa Tengah,Rembang,Sarang,Karangmangu
Jawa Tengah,Pati,Tambakromo,Karangmulyo
Jawa Tengah,Jepara,Nalumsari,Karangnongko
Jawa Tengah,Pati,Pucakwangi,Karangrejo
Jawa Tengah,Pati,Juwana,Karangrejo
Jawa Tengah,Pati,Jakenan,Karangrejo Lor
Jawa Tengah,Pati,Jakenan,Karangrowo
Jawa Tengah,Kudus,Undaan,Karangrowo
Jawa Tengah,Rembang,Sulang,Karangsari
Jawa Tengah,Pati,Cluwak,Karangsari
Jawa Tengah,Rembang,Kaliori,Karangsekar
Jawa Tengah,Pati,Winong,Karangsumber
Jawa Tengah,Rembang,Lasem,Karangturi
Jawa Tengah,Pati,Trangkil,Karangwage
Jawa Tengah,Pati,Tambakromo,Karangwono
Jawa Tengah,Pati,Pucakwangi,Karangwotan
Jawa Tengah,Rembang,Sedan,Karas
Jawa Tengah,Rembang,Lasem,Karasgede
Jawa Tengah,Pati,Sukolilo,Kasiyan
Jawa Tengah,Rembang,Rembang,Kasreman
Jawa Tengah,Pati,Juwana,Kauman
Jawa Tengah,Kudus,Kota Kudus,Kauman
Jawa Tengah,Pati,Kayen,Kayen
Jawa Tengah,Pati,Tambakromo,Keben
Jawa Tengah,Rembang,Kragan,Kebloran
Jawa Tengah,Pati,Winong,Kebolampang
Jawa Tengah,Rembang,Sulang,Kebonagung
Jawa Tengah,Pati,Juwana,Kebonsawahan
Jawa Tengah,Pati,Jaken,Kebonturi
Jawa Tengah,Pati,Tayu,Keboromo
Jawa Tengah,Pati,Winong,Kebowan
Jawa Tengah,Pati,Tambakromo,Kedalingan
Jawa Tengah,Pati,Batangan,Kedalon
Jawa Tengah,Demak,Gajah,Kedondong
Jawa Tengah,Rembang,Pancur,Kedung
Jawa Tengah,Rembang,Sumber,Kedungasem
Jawa Tengah,Blora,Todanan,Kedungbacin
Jawa Tengah,Pati,Tayu,Kedungbang
Jawa Tengah,Pati,Gembong,Kedungbulus
Jawa Tengah,Kudus,Kaliwungu,Kedungdowo
Jawa Tengah,Jepara,Bangsri,Kedungleper
Jawa Tengah,Pati,Jakenan,Kedungmulyo
Jawa Tengah,Pati,Juwana,Kedungpancing
Jawa Tengah,Rembang,Rembang,Kedungrejo
Jawa Tengah,Rembang,Sedan,Kedungringin
Jawa Tengah,Pati,Tayu,Kedungsari
Jawa Tengah,Kudus,Gebog,Kedungsari
Jawa Tengah,Jepara,Welahan,Kedungsarimulyo
Jawa Tengah,Rembang,Sumber,Kedungtulup
Jawa Tengah,Demak,Karanganyar,Kedungwaru Kidul
Jawa Tengah,Demak,Karanganyar,Kedungwaru Lor
Jawa Tengah,Jepara,Keling,Kelet
Jawa Tengah,Jepara,Keling,Keling
Jawa Tengah,Rembang,Sulang,Kemadu
Jawa Tengah,Pati,Dukuhseti,Kembang
Jawa Tengah,Pati,Dukuhseti,Kenanti
Jawa Tengah,Rembang,Kragan,Kendalagung
Jawa Tengah,Jepara,Welahan,Kendengsidialit
Jawa Tengah,Rembang,Sedan,Kenongo
Jawa Tengah,Pati,Wedarijaksa,Kepoh
Jawa Tengah,Rembang,Pamotan,Kepohagung
Jawa Tengah,Pati,Pucakwangi,Kepohkencono
Jawa Tengah,Jepara,Bangsri,Kepuk
Jawa Tengah,Rembang,Pancur,Karaskepoh
Jawa Tengah,Rembang,Sulang,Kerep
Jawa Tengah,Kudus,Kota Kudus,Kerjasan
Jawa Tengah,Pati,Trangkil,Kertomulyo
Jawa Tengah,Pati,Margoyoso,Kertomulyo
Jawa Tengah,Kudus,Mejobo,Kesambi
Jawa Tengah,Pati,Trangkil,Ketanen
Jawa Tengah,Pati,Gembong,Ketanggan
Jawa Tengah,Rembang,Rembang,Ketanggi
Jawa Tengah,Rembang,Pamotan,Ketangi
Jawa Tengah,Demak,Karanganyar,Ketanjung
Jawa Tengah,Jepara,Welahan,Ketilengsingolelo
Jawa Tengah,Pati,Juwana,Ketip
Jawa Tengah,Pati,Batangan,Ketitangwetan
Jawa Tengah,Kudus,Mejobo,Kirig
Jawa Tengah,Pati,Gembong,Klakahkasihan
Jawa Tengah,Kudus,Jekulo,Klaling
Jawa Tengah,Pati,Batangan,Klayusiwalan
Jawa Tengah,Pati,Winong,Klecoregonang
Jawa Tengah,Jepara,Keling,Klepu
Jawa Tengah,Pati,Pucakwangi,Kletek
Jawa Tengah,Pati,Tlogowungu,Klumpit
Jawa Tengah,Kudus,Gebog,Klumpit
Jawa Tengah,Pati,Gabus,Koripandriyo
Jawa Tengah,Rembang,Sulang,Korowelang
Jawa Tengah,Pati,Gabus,Kosekan
Jawa Tengah,Demak,Karanganyar,Kotakan
Jawa Tengah,Rembang,Kragan,Kragan
Jawa Tengah,Kudus,Kota Kudus,Kramat
Jawa Tengah,Pati,Trangkil,Krandan
Jawa Tengah,Kudus,Kota Kudus,Krandon
Jawa Tengah,Jepara,Pecangaan,Krasak
Jawa Tengah,Rembang,Sumber,Krikilan
Jawa Tengah,Jepara,Kalinyamatan,Kriyan
Jawa Tengah,Pati,Winong,Kropak
Jawa Tengah,Rembang,Kaliori,Kuangsan
Jawa Tengah,Jepara,Mayong,Kuanyar
Jawa Tengah,Pati,Juwana,Kudukeras
Jawa Tengah,Pati,Winong,Kudur
Jawa Tengah,Rembang,Gunem,Kulutan
Jawa Tengah,Rembang,Sedan,Kumbo
Jawa Tengah,Rembang,Rembang,Kumendung
Jawa Tengah,Demak,Wonosalam,Kuncir
Jawa Tengah,Rembang,Sulang,Kunir
Jawa Tengah,Jepara,Keling,Kunir
Jawa Tengah,Pati,Batangan,Kuniran
Jawa Tengah,Pati,Gabus,Kuryokalangan
Jawa Tengah,Rembang,Rembang,Kutoharjo
Jawa Tengah,Pati,Pati,Kutoharjo
Jawa Tengah,Kudus,Dawe,Kuwukan
Jawa Tengah,Rembang,Sluke,Labuhan Kidul
Jawa Tengah,Pati,Tlogowungu,Lahar
Jawa Tengah,Rembang,Bulu,Lambangan Kulon
Jawa Tengah,Rembang,Bulu,Lambangan Wetan
Jawa Tengah,Rembang,Sulang,Landoh
Jawa Tengah,Pati,Margorejo,Langenharjo
Jawa Tengah,Rembang,Sluke,Langgar
Jawa Tengah,Kudus,Kota Kudus,Langgardalem
Jawa Tengah,Pati,Juwana,Langgenharjo
Jawa Tengah,Pati,Margoyoso,Langgenharjo
Jawa Tengah,Rembang,Pancur,Langkir
Jawa Tengah,Pati,Margorejo,Langse
Jawa Tengah,Kudus,Undaan,Larikrejo
Jawa Tengah,Kudus,Dawe,Lau
Jawa Tengah,Jepara,Pakis Aji,Lebak
Jawa Tengah,Jepara,Pecangaan,Lebuawu
Jawa Tengah,Blora,Todanan,Ledok
Jawa Tengah,Rembang,Sedan,Lemahputih
Jawa Tengah,Pati,Batangan,Lengkong
Jawa Tengah,Rembang,Sluke,Leran
Jawa Tengah,Rembang,Rembang,Leteh
Jawa Tengah,Rembang,Sarang,Lodankulon
Jawa Tengah,Rembang,Sarang,Lodanwetan
Jawa Tengah,Rembang,Sumber,Logede
Jawa Tengah,Rembang,Sumber,Logung
Jawa Tengah,Kudus,Jati,Loram Kulon
Jawa Tengah,Kudus,Jati,Loram Wetan
Jawa Tengah,Pati,Pucakwangi,Lumbungmas
Jawa Tengah,Pati,Jaken,Lundo
Jawa Tengah,Pati,Tayu,Luwang
Jawa Tengah,Rembang,Rembang,Magersari
Jawa Tengah,Rembang,Kaliori,Maguan
Jawa Tengah,Rembang,Sluke,Manggar
Jawa Tengah,Pati,Batangan,Mangunlegi
Jawa Tengah,Pati,Tambakromo,Mangunrekso
Jawa Tengah,Pati,Jaken,Manjang
Jawa Tengah,Rembang,Bulu,Mantingan
Jawa Tengah,Pati,Jaken,Mantingan
Jawa Tengah,Pati,Jakenan,Mantingan Tengah
Jawa Tengah,Jepara,Kalinyamatan,Manyargading
Jawa Tengah,Pati,Juwana,Margomulyo
Jawa Tengah,Pati,Tayu,Margomulyo
Jawa Tengah,Pati,Margorejo,Margorejo
Jawa Tengah,Pati,Wedarijaksa,Margorejo
Jawa Tengah,Kudus,Dawe,Margorejo
Jawa Tengah,Pati,Margoyoso,Margotohu Kidul
Jawa Tengah,Pati,Margoyoso,Margoyoso
Jawa Tengah,Jepara,Kalinyamatan,Margoyoso
Jawa Tengah,Pati,Margorejo,Mataraman
Jawa Tengah,Jepara,Mayong,Mayong Kidul
Jawa Tengah,Jepara,Mayong,Mayong Lor
Jawa Tengah,Pati,Cluwak,Medani
Jawa Tengah,Demak,Gajah,Medini
Jawa Tengah,Kudus,Undaan,Medini
Jawa Tengah,Rembang,Pamotan,Megal
Jawa Tengah,Kudus,Jati,Megawon
Jawa Tengah,Rembang,Sumber,Megulung
Jawa Tengah,Kudus,Mejobo,Mejobo
Jawa Tengah,Kudus,Gebog,Menawan
Jawa Tengah,Pati,Pucakwangi,Mencon
Jawa Tengah,Rembang,Sedan,Menoro
Jawa Tengah,Rembang,Kaliori,Meteseh
Jawa Tengah,Demak,Mijen,Mijen
Jawa Tengah,Kudus,Kaliwungu,Mijen
Jawa Tengah,Jepara,Batealit,Mindahan
Jawa Tengah,Jepara,Batealit,Mindahan Kidul
Jawa Tengah,Pati,Gabus,Mintobasuki
Jawa Tengah,Pati,Juwana,Mintomulyo
Jawa Tengah,Pati,Winong,Mintorahayu
Jawa Tengah,Rembang,Pamotan,Mlagen
Jawa Tengah,Demak,Mijen,Mlaten
Jawa Tengah,Kudus,Kota Kudus,Mlati Kidul
Jawa Tengah,Kudus,Kota Kudus,Mlati Lor
Jawa Tengah,Kudus,Kota Kudus,Mlati Norowito
Jawa Tengah,Demak,Gajah,Mlatiharjo
Jawa Tengah,Rembang,Bulu,Mlatirejo
Jawa Tengah,Rembang,Pamotan,Mlawat
Jawa Tengah,Demak,Gajah,Mlekang
Jawa Tengah,Pati,Cluwak,Mojo
Jawa Tengah,Pati,Pucakwangi,Mojoagung
Jawa Tengah,Pati,Trangkil,Mojoagung
Jawa Tengah,Rembang,Kragan,Mojokerto
Jawa Tengah,Pati,Jaken,Mojolampir
Jawa Tengah,Pati,Gabus,Mojolawaran
Jawa Tengah,Pati,Jaken,Mojoluhur
Jawa Tengah,Pati,Tambakromo,Mojomulyo
Jawa Tengah,Rembang,Kaliori,Mojorembun
Jawa Tengah,Rembang,Sedan,Mojosari
Jawa Tengah,Demak,Gajah,Mojosimo
Jawa Tengah,Rembang,Kaliori,Mojowarno
Jawa Tengah,Rembang,Rembang,Mondoteko
Jawa Tengah,Rembang,Sale,Mrayun
Jawa Tengah,Pati,Margorejo,Muktiharjo
Jawa Tengah,Pati,Pati,Mulyoharjo
Jawa Tengah,Jepara,Nalumsari,Muryolobo
Jawa Tengah,Pati,Pati,Mustokoharjo
Jawa Tengah,Jepara,Nalumsari,Nalumsari
Jawa Tengah,Rembang,Kragan,Narukan
Jawa Tengah,Pati,Cluwak,Ngablak
Jawa Tengah,Jepara,Tahunan,Ngabul
Jawa Tengah,Rembang,Rembang,Ngadem
Jawa Tengah,Blora,Blora,Ngadipurwo
Jawa Tengah,Pati,Dukuhseti,Ngagel
Jawa Tengah,Rembang,Sale,Ngajaran
Jawa Tengah,Demak,Karanganyar,Ngaluran
Jawa Tengah,Blora,Blora,Ngampel
Jawa Tengah,Kudus,Kota Kudus,Nganguk
Jawa Tengah,Rembang,Lasem,Ngargomulyo
Jawa Tengah,Pati,Pati,Ngarus
Jawa Tengah,Jepara,Batealit,Ngasem
Jawa Tengah,Rembang,Kragan,Ngasinan
Jawa Tengah,Pati,Jakenan,Ngastorejo
Jawa Tengah,Pati,Margorejo,Ngawen
Jawa Tengah,Pati,Cluwak,Ngawen
Jawa Tengah,Demak,Mijen,Ngegot
Jawa Tengah,Demak,Mijen,Ngelowetan
Jawa Tengah,Kudus,Jati,Ngembal Kulon
Jawa Tengah,Kudus,Bae,Ngembalrejo
Jawa Tengah,Rembang,Lasem,Ngemplak
Jawa Tengah,Kudus,Undaan,Ngemplak
Jawa Tengah,Pati,Margoyoso,Ngemplak Kidul
Jawa Tengah,Pati,Margoyoso,Ngemplak Lor
Jawa Tengah,Rembang,Pamotan,Ngemplakrejo
Jawa Tengah,Demak,Karanganyar,Ngemplikwetan
Jawa Tengah,Pati,Batangan,Ngening
Jawa Tengah,Pati,Pati,Ngepungrojo
Jawa Tengah,Pati,Gunungwungkal,Ngetuk
Jawa Tengah,Jepara,Nalumsari,Ngetuk
Jawa Tengah,Blora,Japah,Ngiyono
Jawa Tengah,Rembang,Sarang,Nglojo
Jawa Tengah,Rembang,Rembang,Ngotet
Jawa Tengah,Rembang,Pancur,Ngroto
Jawa Tengah,Jepara,Mayong,Ngroto
Jawa Tengah,Rembang,Bulu,Ngulaan
Jawa Tengah,Rembang,Sedan,Ngulahan
Jawa Tengah,Rembang,Pancur,Ngulangan
Jawa Tengah,Pati,Wedarijaksa,Ngurenrejo
Jawa Tengah,Pati,Wedarijaksa,Ngurensiti
Jawa Tengah,Rembang,Rembang,Pacar
Jawa Tengah,Rembang,Sedan,Pacing
Jawa Tengah,Pati,Winong,Padangan
Jawa Tengah,Rembang,Rembang,Padaran
Jawa Tengah,Kudus,Gebog,Padurenan
Jawa Tengah,Pati,Winong,Pagendisan
Jawa Tengah,Pati,Wedarijaksa,Pagerharjo
Jawa Tengah,Pati,Juwana,Pajeksan
Jawa Tengah,Rembang,Sale,Pakis
Jawa Tengah,Pati,Tayu,Pakis
Jawa Tengah,Rembang,Pamotan,Pamotan
Jawa Tengah,Rembang,Pancur,Pancur
Jawa Tengah,Jepara,Mayong,Pancur
Jawa Tengah,Rembang,Pancur,Pandan
Jawa Tengah,Rembang,Kragan,Pandangan Kulon
Jawa Tengah,Rembang,Kragan,Pandangan Wetan
Jawa Tengah,Rembang,Rembang,Pandean
Jawa Tengah,Pati,Wedarijaksa,Panggungroyom
Jawa Tengah,Rembang,Sluke,Pangkalan
Jawa Tengah,Pati,Margoyoso,Pangkalan
Jawa Tengah,Kudus,Bae,Panjang
Jawa Tengah,Pati,Pati,Panjunan
Jawa Tengah,Kudus,Kota Kudus,Panjunan
Jawa Tengah,Rembang,Gunem,Panohan
Jawa Tengah,Rembang,Kaliori,Pantiharjo
Jawa Tengah,Pati,Gabus,Pantirejo
Jawa Tengah,Jepara,Bangsri,Papasan
Jawa Tengah,Kudus,Kaliwungu,Papringan
Jawa Tengah,Jepara,Mayong,Paren
Jawa Tengah,Pati,Pati,Parenggan
Jawa Tengah,Rembang,Rembang,Pasar Banggi
Jawa Tengah,Rembang,Bulu,Pasedan
Jawa Tengah,Rembang,Gunem,Pasucen
Jawa Tengah,Pati,Trangkil,Pasucen
Jawa Tengah,Pati,Kayen,Pasuruhan
Jawa Tengah,Kudus,Jati,Pasuruhan Kidul
Jawa Tengah,Kudus,Jati,Pasuruhan Lor
Jawa Tengah,Pati,Pati,Pati Kidul
Jawa Tengah,Pati,Pati,Pati Lor
Jawa Tengah,Pati,Pati,Pati Wetan
Jawa Tengah,Pati,Cluwak,Payak
Jawa Tengah,Kudus,Mejobo,Payaman
Jawa Tengah,Pati,Pati,Payang
Jawa Tengah,Pati,Batangan,Pecangaan
Jawa Tengah,Jepara,Pecangaan,Pecangaan Kulon
Jawa Tengah,Jepara,Pecangaan,Pecangaan Wetan
Jawa Tengah,Demak,Mijen,Pecuk
Jawa Tengah,Rembang,Sulang,Pedak
Jawa Tengah,Kudus,Bae,Pedawang
Jawa Tengah,Pati,Margorejo,Pegandan
Jawa Tengah,Kudus,Bae,Peganjaran
Jawa Tengah,Pati,Winong,Pekalongan
Jawa Tengah,Jepara,Batealit,Pekalongan
Jawa Tengah,Pati,Juwana,Pekuwon
Jawa Tengah,Rembang,Sarang,Pelang
Jawa Tengah,Jepara,Mayong,Pelang
Jawa Tengah,Pati,Pucakwangi,Pelemgede
Jawa Tengah,Jepara,Mayong,Pelemkerep
Jawa Tengah,Rembang,Sumber,Pelemsari
Jawa Tengah,Pati,Margorejo,Penambuhan
Jawa Tengah,Pati,Gabus,Penanggungan
Jawa Tengah,Jepara,Kembang,Pendem
Jawa Tengah,Jepara,Kalinyamatan,Pendosawalan
Jawa Tengah,Rembang,Kaliori,Pengkol
Jawa Tengah,Pati,Gunungwungkal,Perdopo
Jawa Tengah,Pati,Gunungwungkal,Pesagen
Jawa Tengah,Pati,Kayen,Pesagi
Jawa Tengah,Kudus,Dawe,Piji
Jawa Tengah,Rembang,Bulu,Pinggan
Jawa Tengah,Kudus,Jekulo,Pladen
Jawa Tengah,Jepara,Pakis Aji,Plajan
Jawa Tengah,Pati,Pati,Plangitan
Jawa Tengah,Blora,Blora,Plantungan
Jawa Tengah,Pati,Cluwak,Plaosan
Jawa Tengah,Rembang,Kragan,Plawangan
Jawa Tengah,Kudus,Jati,Ploso
Jawa Tengah,Pati,Jakenan,Plosojenar
Jawa Tengah,Pati,Pucakwangi,Plosorejo
Jawa Tengah,Pati,Gembong,Plukaran
Jawa Tengah,Pati,Gabus,Plumbungan
Jawa Tengah,Pati,Gembong,Pohgading
Jawa Tengah,Pati,Margoyoso,Pohijo
Jawa Tengah,Rembang,Pancur,Pohlandak
Jawa Tengah,Rembang,Sumber,Polbayem
Jawa Tengah,Rembang,Sulang,Pomahan
Jawa Tengah,Rembang,Bulu,Pondokrejo
Jawa Tengah,Pati,Tayu,Pondowan
Jawa Tengah,Rembang,Pamotan,Pragen
Jawa Tengah,Rembang,Sulang,Pragu
Jawa Tengah,Kudus,Kaliwungu,Prambatan Kidul
Jawa Tengah,Kudus,Kaliwungu,Prambatan Lor
Jawa Tengah,Rembang,Sulang,Pranti
Jawa Tengah,Jepara,Nalumsari,Pringtulis
Jawa Tengah,Jepara,Mayong,Pule
Jawa Tengah,Rembang,Rembang,Pulo
Jawa Tengah,Jepara,Pecangaan,Pulodarat
Jawa Tengah,Pati,Winong,Pulorejo
Jawa Tengah,Pati,Jakenan,Puluhan Tengah
Jawa Tengah,Pati,Pucakwangi,Puncakwangi
Jawa Tengah,Pati,Dukuhseti,Puncel
Jawa Tengah,Pati,Tayu,Pundenrejo
Jawa Tengah,Rembang,Pancur,Punggurharjo
Jawa Tengah,Rembang,Rembang,Punjulharjo
Jawa Tengah,Pati,Pati,Puri
Jawa Tengah,Pati,Margoyoso,Purwodadi
Jawa Tengah,Jepara,Kalinyamatan,Purwogondo
Jawa Tengah,Pati,Tayu,Purwokerto
Jawa Tengah,Rembang,Kaliori,Purworejo
Jawa Tengah,Pati,Pati,Purworejo
Jawa Tengah,Pati,Margoyoso,Purworejo
Jawa Tengah,Kudus,Bae,Purworejo
Jawa Tengah,Pati,Tlogowungu,Purwosari
Jawa Tengah,Kudus,Kota Kudus,Purwosari
Jawa Tengah,Kudus,Dawe,Puyoh
Jawa Tengah,Pati,Batangan,Raci
Jawa Tengah,Jepara,Batealit,Raguklampitan
Jawa Tengah,Kudus,Gebog,Rahtawu
Jawa Tengah,Jepara,Mayong,Rajekwesi
Jawa Tengah,Rembang,Sluke,Rakitan
Jawa Tengah,Rembang,Sumber,Randuagung
Jawa Tengah,Pati,Tlogowungu,Regaloh
Jawa Tengah,Tegal,Adiwerna,Adiwerna
Jawa Tengah,Pekalongan,Kedungwuni,Ambokembang
Jawa Tengah,Tegal,Pangkah,Balamoa
Jawa Tengah,Semarang,Semarang Utara,Bandarharjo
Jawa Tengah,Semarang,Genuk,Banjardowo
Jawa Tengah,Tegal,Pangkah,Bedug
Jawa Tengah,Brebes,Jatibarang,Bojong
Jawa Tengah,Kendal,Ngampel,Bojonggede
Jawa Tengah,Pekalongan,Bojong,Bojongminggir
Jawa Tengah,Kendal,Brangsong,Brangsong
Jawa Tengah,Pekalongan,Kedungwuni,Bugangan
Jawa Tengah,Tegal,Dukuhwaru,Bulakpacing
Jawa Tengah,Pekalongan,Sragi,Bulakpelem
Jawa Tengah,Kendal,Patebon,Bulugede
Jawa Tengah,Kendal,Kendal,Candiroto
Jawa Tengah,Brebes,Banjarharjo,Ciawi
Jawa Tengah,Brebes,Banjarharjo,Cibuniwangi
Jawa Tengah,Brebes,Banjarharjo,Cimunding
Jawa Tengah,Tegal,Pangkah,Dermasandi
Jawa Tengah,Demak,Karangtengah,Donorejo
Jawa Tengah,Kendal,Patebon,Donosari
Jawa Tengah,Brebes,Ketanggungan,Dukuhbadag
Jawa Tengah,Brebes,Banjarharjo,Dukuhjeruk
Jawa Tengah,Brebes,Ketanggungan,Dukuhturi
Jawa Tengah,Pekalongan,Sragi,Gebangkerep
Jawa Tengah,Tegal,Adiwerna,Harjosari Kidul
Jawa Tengah,Tegal,Adiwerna,Harjosari Lor
Jawa Tengah,Brebes,Wanasari,Jagalempeni
Jawa Tengah,Pekalongan,Bojong,Jajarwayang
Jawa Tengah,Brebes,Jatibarang,Janegara
Jawa Tengah,Brebes,Jatibarang,Jatibarang Lor
Jawa Tengah,Tegal,Tarub,Jatirawa
Jawa Tengah,Kendal,Gemuh,Jenarsari
Jawa Tengah,Tegal,Pangkah,Jenggawur
Jawa Tengah,Kendal,Gemuh,Johorejo
Jawa Tengah,Tegal,Pangkah,Kalikangkung
Jawa Tengah,Demak,Sayung,Kalisari
Jawa Tengah,Tegal,Dukuhwaru,Kalisoka
Jawa Tengah,Pekalongan,Kedungwuni,Karangdowo
Jawa Tengah,Tegal,Kedungbanteng,Karangmalang
Jawa Tengah,Brebes,Ketanggungan,Karangmalang
Jawa Tengah,Demak,Wonosalam,Karangrowo
Jawa Tengah,Kendal,Kaliwungu,Karangtengah
Jawa Tengah,Tegal,Kedungbanteng,Kebandingan
Jawa Tengah,Brebes,Jatibarang,Kebogadung
Jawa Tengah,Kendal,Brangsong,Kebonadem
Jawa Tengah,Pekalongan,Sragi,Kedungjaran
Jawa Tengah,Tegal,Warureja,Kedungjati
Jawa Tengah,Demak,Karangtengah,Kedunguter
Jawa Tengah,Pekalongan,Kedungwuni,Kedungwuni Barat
Jawa Tengah,Tegal,Warureja,Kendayakan
Jawa Tengah,Brebes,Jatibarang,Kertasinduyasa
Jawa Tengah,Pekalongan,Sragi,Ketanonageng
Jawa Tengah,Brebes,Jatibarang,Klikiran
Jawa Tengah,Demak,Karangtengah,Klitih
Jawa Tengah,Pekalongan,Sragi,Klunjukan
Jawa Tengah,Brebes,Kersana,Kradenan
Jawa Tengah,Kendal,Kaliwungu,Krajankulon
Jawa Tengah,Brebes,Ketanggungan,Kubangjati
Jawa Tengah,Brebes,Banjarharjo,Kubangjero
Jawa Tengah,Brebes,Kersana,Kubangpari
Jawa Tengah,Kendal,Kaliwungu,Kumpulrejo
Jawa Tengah,Kendal,Kaliwungu,Kutoharjo
Jawa Tengah,Kendal,Patebon,Lanji
Jawa Tengah,Demak,Sayung,Loireng
Jawa Tengah,Kendal,Gemuh,Lumansari
Jawa Tengah,Semarang,Tugu,Mangkang Kulon
Jawa Tengah,Tegal,Kedungbanteng,Margamulya
Jawa Tengah,Kendal,Patebon,Margosari
Jawa Tengah,Tegal,Adiwerna,Pagiyanten
Jawa Tengah,Pekalongan,Buaran,Pakumbulan
Jawa Tengah,Brebes,Jatibarang,Pamengger
Jawa Tengah,Kendal,Cepiring,Pandes
Jawa Tengah,Semarang,Semarang Utara,Panggung Lor
Jawa Tengah,Kendal,Rowosari,Parakan
Jawa Tengah,Tegal,Pangkah,Pecabean
Jawa Tengah,Pekalongan,Karangdadap,Pegandon
Jawa Tengah,Tegal,Talang,Pegirikan
Jawa Tengah,Pekalongan,Kedungwuni,Pekajangan
Jawa Tengah,Tegal,Adiwerna,Penarukan
Jawa Tengah,Brebes,Kersana,Pende
Jawa Tengah,Demak,Karangtengah,Pidodo
Jawa Tengah,Demak,Sayung,Pilangsari
Jawa Tengah,Kendal,Cepiring,Podosari
Jawa Tengah,Kendal,Kaliwungu Selatan,Protomulyo
Jawa Tengah,Tegal,Pangkah,Pubayasa
Jawa Tengah,Kendal,Gemuh,Pucangrejo
Jawa Tengah,Pekalongan,Sragi,Purworejo
Jawa Tengah,Kendal,Ngampel,Putatgede
Jawa Tengah,Pekalongan,Kedungwuni,Rengas
Jawa Tengah,Brebes,Larangan,Rengaspendawa
Jawa Tengah,Demak,Karangtengah,Sampang
Jawa Tengah,Kendal,Kaliwungu,Sarirejo
Jawa Tengah,Demak,Sayung,Sayung
Jawa Tengah,Pekalongan,Bojong,Sembungjambu
Jawa Tengah,Tegal,Kedungbanteng,Semedo
Jawa Tengah,Tegal,Warureja,Sidamulya
Jawa Tengah,Demak,Guntur,Sidoharjo
Jawa Tengah,Kendal,Brangsong,Sidorejo
Jawa Tengah,Tegal,Warureja,Sigentong
Jawa Tengah,Tegal,Dukuhwaru,Sindang
Jawa Tengah,Brebes,Larangan,Sitanggal
Jawa Tengah,Brebes,Larangan,Slatri
Jawa Tengah,Brebes,Banjarharjo,Sukareja
Jawa Tengah,Kendal,Kendal,Sukodono
Jawa Tengah,Pekalongan,Sragi,Sumublor
Jawa Tengah,Pekalongan,Wonopringgo,Surobayan
Jawa Tengah,Kendal,Gemuh,Tamangede
Jawa Tengah,Semarang,Semarang Barat,Tambakharjo
Jawa Tengah,Semarang,Gayamsari,Tambakrejo
Jawa Tengah,Demak,Sayung,Tambakroto
Jawa Tengah,Kendal,Rowosari,Tambaksari
Jawa Tengah,Pekalongan,Kedungwuni,Tangkilkulon
Jawa Tengah,Pekalongan,Kedungwuni,Tangkiltengah
Jawa Tengah,Semarang,Semarang Utara,Tanjung Mas
Jawa Tengah,Semarang,Semarang Barat,Tawangsari
Jawa Tengah,Brebes,Wanasari,Tegalgandu
Jawa Tengah,Pekalongan,Sragi,Tegalsuruh
Jawa Tengah,Brebes,Jatibarang,Tegalwulung
Jawa Tengah,Tegal,Adiwerna,Tembok Banjaran
Jawa Tengah,Tegal,Adiwerna,Tembok Kidul
Jawa Tengah,Tegal,Adiwerna,Tembok Lor
Jawa Tengah,Tegal,Adiwerna,Tembok Luwung
Jawa Tengah,Semarang,Genuk,Terboyo Kulon
Jawa Tengah,Semarang,Genuk,Terboyo Wetan
Jawa Tengah,Demak,Wonosalam,Tlogodowo
Jawa Tengah,Kendal,Brangsong,Tosari
Jawa Tengah,Kendal,Weleri,Tratemulyo
Jawa Tengah,Demak,Guntur,Trimulyo
Jawa Tengah,Semarang,Genuk,Trimulyo
Jawa Tengah,Demak,Guntur,Turitempel
Jawa Tengah,Pekalongan,Bojong,Wiroditan
Jawa Tengah,Kendal,Rowosari,Wonotenggang
Jawa Tengah,Batang,Warungasem,Pesaren
Jawa Tengah,Batang,Warungasem,Sariglagah
Jawa Tengah,Batang,Subah,Subah
Jawa Tengah,Batang,Wonotunggal,Dringo
Jawa Tengah,Batang,Tulis,Kaliboyo
Jawa Tengah,Batang,Subah,Adinuso
Jawa Tengah,Batang,Gringsing,Lebo
Jawa Tengah,Batang,Warungasem,Cepagan
Jawa Tengah,Batang,Tulis,Kebumen
Jawa Tengah,Batang,Banyuputih,Sembung
Jawa Tengah,Batang,Kandeman,Botolambat
Jawa Tengah,Batang,Warungasem,Masin
Jawa Tengah,Batang,Banyuputih,Kalibalik
Jawa Tengah,Batang,Tulis,Beji
Jawa Tengah,Batang,Kandeman,Karanganom
Jawa Tengah,Batang,Subah,Clapar
Jawa Tengah,Batang,Tulis,Tulis
Jawa Tengah,Batang,Batang,Rowobelang
Jawa Tengah,Batang,Warungasem,Sawahjoho
Jawa Tengah,Batang,Tulis,Simbangdesa
Jawa Tengah,Batang,Gringsing,Kebondalem
Jawa Tengah,Batang,Batang,Cepokokuning
Jawa Tengah,Batang,Warungasem,Candiareng
Jawa Tengah,Batang,Subah,Kemiri Barat
Jawa Tengah,Batang,Gringsing,Krengseng
Jawa Tengah,Pemalang,Pemalang,Banjarmulya
Jawa Tengah,Pemalang,Ampelgading,Karangtalok
Jawa Tengah,Pemalang,Ampelgading,Kemuning
Jawa Tengah,Pemalang,Petarukan,Kendalsari
Jawa Tengah,Pemalang,Pemalang,Kramat
Jawa Tengah,Pemalang,Bodeh,Muncang
Jawa Tengah,Pemalang,Pemalang,Pegongsoran
Jawa Tengah,Pemalang,Taman,Pener
Jawa Tengah,Pemalang,Taman,Penggarit
Jawa Tengah,Pemalang,Ampelgading,Tegalsari Timur
Jawa Tengah,Pemalang,Ampelgading,Wonogiri
Jawa Tengah,Pekalongan,Sragi,Krsakageng
Jawa Tengah,Demak,Dempet,Balerejo
Jawa Tengah,Demak,Dempet,Baleromo
Jawa Tengah,Blora,Jiken,Bangowan
Jawa Tengah,Blora,Japah,Beganjing
Jawa Tengah,Pati,Kayen,Beketel
Jawa Tengah,Kudus,Undaan,Berugenjang
Jawa Tengah,Blora,Bogorejo,Bogorejo
Jawa Tengah,Demak,Wonosalam,Bunderan
Jawa Tengah,Blora,Todanan,Cokrowati
Jawa Tengah,Demak,Dempet,Dempet
Jawa Tengah,Blora,Todanan,Dringo
Jawa Tengah,Pati,Kayen,Durensawit
Jawa Tengah,Blora,Jepon,Gedangdowo
Jawa Tengah,Blora,Bogorejo,Gembol
Jawa Tengah,Blora,Bogorejo,Gombang
Jawa Tengah,Blora,Todanan,Gunungan
Jawa Tengah,Blora,Japah,Japah
Jawa Tengah,Blora,Bogorejo,Jeruk
Jawa Tengah,Blora,Todanan,Kacangan
Jawa Tengah,Blora,Todanan,Kajengan
Jawa Tengah,Blora,Tunjungan,Kalangan
Jawa Tengah,Blora,Blora,Karangjati
Jawa Tengah,Blora,Jepon,Kawengan
Jawa Tengah,Demak,Dempet,Kebonsari
Jawa Tengah,Demak,Dempet,Kedungori
Jawa Tengah,Pati,Sukolilo,Kedungwinong
Jawa Tengah,Blora,Todanan,Ketileng
Jawa Tengah,Blora,Jiken,Ketringan
Jawa Tengah,Pati,Sukolilo,Kuwawur
Jawa Tengah,Kudus,Undaan,Lambangan
Jawa Tengah,Pati,Tambakromo,Maitan
Jawa Tengah,Blora,Japah,Ngapus
Jawa Tengah,Blora,Todanan,Ngumbul
Jawa Tengah,Blora,Japah,Padaan
Jawa Tengah,Blora,Blora,Patalan
Jawa Tengah,Blora,Todanan,Pelemsengir
Jawa Tengah,Blora,Japah,Pengkolrejo
Jawa Tengah,Blora,Bogorejo,Prantaan
Jawa Tengah,Pati,Sukolilo,Prawoto
Jawa Tengah,Pati,Kayen,Purwokerto
Jawa Tengah,Demak,Dempet,Sidomulyo
Jawa Tengah,Blora,Blora,Sonorejo
Jawa Tengah,Blora,Tunjungan,Sukorejo
Jawa Tengah,Pati,Sukolilo,Sumbersoko
Jawa Tengah,Blora,Tunjungan,Tambahrejo
Jawa Tengah,Grobogan,Wirosari,Tegalrejo
Jawa Tengah,Blora,Blora,Tempurejo
Jawa Tengah,Pati,Sukolilo,Tompegunung
Jawa Tengah,Grobogan,Klambu,Wandan Kemiri
Jawa Tengah,Kudus,Undaan,Wonosoco
Jawa Tengah,Blora,Japah,Wotbakah
Jawa Tengah,Brebes,Ketanggungan,Bulakelor
Jawa Tengah,Demak,Wonosalam,Kalianyar
Jawa Tengah,Kendal,Kaliwungu,Mororejo
Jawa Tengah,Tegal,Adiwerna,Pedeslohor
Jawa Tengah,Kendal,Brangsong,Rejosari
Jawa Tengah,Batang,Gringsing,Ketanggan
Jawa Tengah,Batang,Subah,Kemiri Timur
Jawa Tengah,Batang,Subah,Gondang
Jawa Tengah,Batang,Banyuputih,Kedawung
Jawa Tengah,Batang,Subah,Sengon
Jawa Tengah,Pemalang,Pemalang,Surajaya
Jawa Tengah,Batang,Gringsing,Sawangan
Jawa Tengah,Pati,Sukolilo,Baleadi
Jawa Tengah,Blora,Todanan,Bicak
Jawa Tengah,Blora,Japah,Dologan
Jawa Tengah,Blora,Tunjungan,Gempolrejo
Jawa Tengah,Pati,Tambakromo,Pakis
Jawa Tengah,Blora,Tunjungan,Sambongrejo
Jawa Tengah,Pati,Sukolilo,Sukolilo
Jawa Tengah,Pati,Kayen,Sumbersari
Jawa Tengah,Blora,Blora,Temurejo
Jawa Tengah,Blora,Japah,Tlogowungu
Jawa Tengah,Blora,Todanan,Todanan
Jawa Tengah,Pati,Sukolilo,Wegil
Jawa Timur,Gresik,Bungah,Abar- abir
Jawa Timur,Kediri,Gurah,Adan-adan
Jawa Timur,Sumenep,Bluto,Aeng Baja Kenek
Jawa Timur,Sumenep,Bluto,Aeng Baja Raja
Jawa Timur,Sumenep,Bluto,Aeng Dake
Jawa Timur,Sumenep,Pragaan,Aeng Panas
Jawa Timur,Sumenep,Giliginting,Aenganyar
Jawa Timur,Sampang,Sampang,Aengsareh
Jawa Timur,Sumenep,Saronggi,Aengtongtong
Jawa Timur,Situbondo,Jangkar,Agel
Jawa Timur,Surabaya,Gubeng,Airlangga
Jawa Timur,Jember,Ajung,Ajung
Jawa Timur,Jember,Kalisat,Ajung
Jawa Timur,Pamekasan,Palenggaan,Akkor
Jawa Timur,Jombang,Jogoroto,Alang-alang Caruban
Jawa Timur,Bangkalan,Tragah,Alang Alang
Jawa Timur,Situbondo,Mlandingan,Alas Bayur
Jawa Timur,Bangkalan,Modung,Alas Kokon
Jawa Timur,Sumenep,Ra'as,Alas Malang
Jawa Timur,Bangkalan,Blega,Alas Rajah
Jawa Timur,Banyuwangi,Wongsorejo,Alas Rejo
Jawa Timur,Bondowoso,Pujer,Alas Sumur
Jawa Timur,Pasuruan,Lekok,Alas Tlogo
Jawa Timur,Banyuwangi,Wongsorejo,Alasbuluh
Jawa Timur,Bojonegoro,Sugihwaras,Alasgung
Jawa Timur,Probolinggo,Besuk,Alaskandang
Jawa Timur,Bangkalan,Burneh,Alaskembang
Jawa Timur,Banyuwangi,Singojuruh,Alasmalang
Jawa Timur,Situbondo,Panarukan,Alasmalang
Jawa Timur,Probolinggo,Besuk,Alasnyiur
Jawa Timur,Probolinggo,Pakuniran,Alaspandan
Jawa Timur,Probolinggo,Banyuanyar,Alassapi
Jawa Timur,Probolinggo,Kraksaan,Alassumur Kulon
Jawa Timur,Probolinggo,Besuk,Alassumurlor
Jawa Timur,Situbondo,Sumbermalang,Alastengah
Jawa Timur,Probolinggo,Paiton,Alastengah
Jawa Timur,Probolinggo,Besuk,Alastengah
Jawa Timur,Magetan,Poncol,Alastuwo
Jawa Timur,Banyuwangi,Rogojampi,Aliyan
Jawa Timur,Lumajang,Ranuyoso,Alun-alun
Jawa Timur,Surabaya,Bubutan,Alun-alun Contong
Jawa Timur,Pasuruan,Kejayan,Ambal Ambil
Jawa Timur,Pamekasan,Tlanakan,Ambat
Jawa Timur,Pamekasan,Pegantenan,Ambender
Jawa Timur,Gresik,Duduksampeyan,Ambeng-ambeng Watangrejo
Jawa Timur,Jember,Ambulu,Ambulu
Jawa Timur,Bondowoso,Wringin,Ambulu
Jawa Timur,Probolinggo,Sumberasih,Ambulu
Jawa Timur,Bangkalan,Kokop,Ampara'an
Jawa Timur,Jember,Wuluhan,Ampel
Jawa Timur,Surabaya,Semampir,Ampel
Jawa Timur,Pasuruan,Pasrepan,Ampel Sari
Jawa Timur,Bondowoso,Wringin,Ampelan
Jawa Timur,Malang,Karangploso,Ampeldento
Jawa Timur,Blitar,Selorejo,Ampelgading
Jawa Timur,Jember,Tempurejo,Andongrejo
Jawa Timur,Jember,Ambulu,Andongsari
Jawa Timur,Pasuruan,Tutur,Andono Sari
Jawa Timur,Sumenep,Gapura,Andulang
Jawa Timur,Probolinggo,Tiris,Andungbiru
Jawa Timur,Bondowoso,Pakem,Andungsari
Jawa Timur,Probolinggo,Tiris,Andungsari
Jawa Timur,Sidoarjo,Sukodono,Anggaswangi
Jawa Timur,Sampang,Camplong,Anggersek
Jawa Timur,Pamekasan,Palenggaan,Angsanah
Jawa Timur,Sampang,Omben,Angsokah
Jawa Timur,Gresik,Driyorejo,Anom
Jawa Timur,Jember,Sumbersari,Antirogo
Jawa Timur,Sampang,Pangarengan,Apa an
Jawa Timur,Situbondo,Panji,Ardirejo
Jawa Timur,Lamongan,Sambeng,Ardirejo
Jawa Timur,Bondowoso,Pakem,Ardisaeng
Jawa Timur,Lumajang,Senduro,Argosari
Jawa Timur,Tulungagung,Rejotangan,Ariyojeding
Jawa Timur,Jember,Arjasa,Arjasa
Jawa Timur,Jember,Sukowono,Arjasa
Jawa Timur,Situbondo,Arjasa,Arjasa
Jawa Timur,Pasuruan,Rejoso,Arjosari
Jawa Timur,Pacitan,Arjosari,Arjosari
Jawa Timur,Pacitan,Pacitan,Arjowinangun
Jawa Timur,Bangkalan,Burneh,Arok
Jawa Timur,Pamekasan,Galis,Artodung
Jawa Timur,Pasuruan,Kraton,Asem Kandang
Jawa Timur,Surabaya,Asem Rowo,Asem Rowo
Jawa Timur,Situbondo,Asembagus,Asembagus
Jawa Timur,Probolinggo,Kraksaan,Asembagus
Jawa Timur,Probolinggo,Kraksaan,Asembakor
Jawa Timur,Jombang,Ngusikan,Asemgede
Jawa Timur,Sampang,Jrengik,Asemnonggal
Jawa Timur,Gresik,Sidayu,Asempapak
Jawa Timur,Sampang,Jrengik,Asemraja
Jawa Timur,Kediri,Puncu,Asmorobangun
Jawa Timur,Sampang,Omben,Astapah
Jawa Timur,Mojokerto,Mojosari,Awang-awang
Jawa Timur,Situbondo,Asembagus,Awar-awar
Jawa Timur,Bangkalan,Labang,Ba'engas
Jawa Timur,Bojonegoro,Kedungadem,Babad
Jawa Timur,Tulungagung,Karangrejo,Babadan
Jawa Timur,Blitar,Wlingi,Babadan
Jawa Timur,Nganjuk,Pace,Babadan
Jawa Timur,Nganjuk,Patianrowo,Babadan
Jawa Timur,Kediri,Ngancar,Babadan
Jawa Timur,Ponorogo,Babadan,Babadan
Jawa Timur,Ngawi,Ngrambe,Babadan
Jawa Timur,Ngawi,Paron,Babadan
Jawa Timur,Ngawi,Pangkur,Babadan
Jawa Timur,Madiun,Balerejo,Babadan Lor
Jawa Timur,Lumajang,Padang,Babakan
Jawa Timur,Gresik,Dukun,Babakbawo
Jawa Timur,Gresik,Dukun,Babaksari
Jawa Timur,Sumenep,Gapura,Baban
Jawa Timur,Lamongan,Babat,Babat
Jawa Timur,Surabaya,Pakal,Babat Jerawat
Jawa Timur,Lamongan,Deket,Babatagung
Jawa Timur,Gresik,Balongpanggang,Babatan
Jawa Timur,Surabaya,Wiyung,Babatan
Jawa Timur,Lamongan,Pucuk,Babatkumpul
Jawa Timur,Sumenep,Batuan,Babbalan
Jawa Timur,Blitar,Ponggok,Bacem
Jawa Timur,Blitar,Sutojayan,Bacem
Jawa Timur,Madiun,Kebon Sari,Bacem
Jawa Timur,Kediri,Ngadiluwih,Badal
Jawa Timur,Kediri,Ngadiluwih,Badal Pandean
Jawa Timur,Jombang,Ngoro,Badang
Jawa Timur,Jombang,Sumobito,Badas
Jawa Timur,Kediri,Badas,Badas
Jawa Timur,Pamekasan,Pademawu,Baddurih
Jawa Timur,Jember,Bangsalsari,Badean
Jawa Timur,Banyuwangi,Blimbingsari,Badean
Jawa Timur,Bondowoso,Bondowoso,Badean
Jawa Timur,Ponorogo,Badegan,Badegan
Jawa Timur,Madiun,Dolopo,Bader
Jawa Timur,Situbondo,Sumbermalang,Baderan
Jawa Timur,Ngawi,Geneng,Baderan
Jawa Timur,Lumajang,Pasirian,Bades
Jawa Timur,Pamekasan,Proppo,Badung
Jawa Timur,Lamongan,Turi,Badurame
Jawa Timur,Blitar,Srengat,Bagelenan
Jawa Timur,Madiun,Madiun,Bagi
Jawa Timur,Tulungagung,Tulungagung,Bago
Jawa Timur,Lumajang,Pasirian,Bago
Jawa Timur,Probolinggo,Besuk,Bago
Jawa Timur,Jember,Puger,Bagon
Jawa Timur,Nganjuk,Bagor,Bagor Kulon
Jawa Timur,Nganjuk,Sukomoro,Bagor Wetan
Jawa Timur,Jember,Gumukmas,Bagorejo
Jawa Timur,Bangkalan,Tanah Merah,Baipajung
Jawa Timur,Blitar,Talun,Bajang
Jawa Timur,Nganjuk,Ngluyu,Bajang
Jawa Timur,Pamekasan,Pakong,Bajang
Jawa Timur,Ponorogo,Mlarak,Bajang
Jawa Timur,Ponorogo,Balong,Bajang
Jawa Timur,Pasuruan,Gondangwetan,Bajangan
Jawa Timur,Bangkalan,Tragah,Bajeman
Jawa Timur,Sampang,Kedungdung,Bajrasoka
Jawa Timur,Nganjuk,Loceret,Bajulan
Jawa Timur,Madiun,Saradan,Bajulan
Jawa Timur,Banyuwangi,Wongsorejo,Bajulmati
Jawa Timur,Pamekasan,Waru,Bajur
Jawa Timur,Bondowoso,Cermee,Bajuran
Jawa Timur,Pasuruan,Purwosari,Bakalan
Jawa Timur,Mojokerto,Gondang,Bakalan
Jawa Timur,Jombang,Sumobito,Bakalan
Jawa Timur,Bojonegoro,Tambakrejo,Bakalan
Jawa Timur,Bojonegoro,Kapas,Bakalan
Jawa Timur,Pasuruan,Bugul Kidul,Bakalan
Jawa Timur,Kediri,Grogol,Bakalan
Jawa Timur,Lamongan,Tikung,Bakalanpule
Jawa Timur,Jombang,Kudu,Bakalanrayung
Jawa Timur,Sidoarjo,Balongbendo,Bakalanwringinpitu
Jawa Timur,Lamongan,Sugio,Bakalrejo
Jawa Timur,Sumenep,Guluk-Guluk,Bakeong
Jawa Timur,Bojonegoro,Temayang,Bakulan
Jawa Timur,Blitar,Bakung,Bakung
Jawa Timur,Blitar,Udanawu,Bakung
Jawa Timur,Bojonegoro,Kanor,Bakung
Jawa Timur,Banyuwangi,Glagah,Bakungan
Jawa Timur,Sidoarjo,Balongbendo,Bakungpringgodani
Jawa Timur,Sidoarjo,Balongbendo,Bakungtemenggungan
Jawa Timur,Madiun,Sawahan,Bakur
Jawa Timur,Banyuwangi,Songgon,Balak
Jawa Timur,Surabaya,Wiyung,Balas Klumprik
Jawa Timur,Magetan,Ngariboyo,Baleasri
Jawa Timur,Pasuruan,Tosari,Baledono
Jawa Timur,Magetan,Ngariboyo,Balegondo
Jawa Timur,Pacitan,Pacitan,Baleharjo
Jawa Timur,Bojonegoro,Balen,Balenrejo
Jawa Timur,Blitar,Panggungrejo,Balerejo
Jawa Timur,Tulungagung,Kauman,Balerejo
Jawa Timur,Blitar,Wlingi,Balerejo
Jawa Timur,Madiun,Kebon Sari,Balerejo
Jawa Timur,Magetan,Kawedanan,Balerejo
Jawa Timur,Madiun,Balerejo,Balerejo
Jawa Timur,Tulungagung,Ngunut,Balesono
Jawa Timur,Jember,Sukowono,Baletbaru
Jawa Timur,Nganjuk,Prambon,Baleturi
Jawa Timur,Ponorogo,Balong,Balong
Jawa Timur,Pasuruan,Lekok,Balonganyar
Jawa Timur,Nganjuk,Lengkong,Balongasem
Jawa Timur,Sidoarjo,Balongbendo,Balongbendo
Jawa Timur,Bojonegoro,Kedungadem,Balongcabe
Jawa Timur,Sidoarjo,Candi,Balongdowo
Jawa Timur,Bojonegoro,Kepohbaru,Balongdowo
Jawa Timur,Sidoarjo,Candi,Balonggabus
Jawa Timur,Sidoarjo,Krembung,Balonggarut
Jawa Timur,Nganjuk,Gondang,Balonggebang
Jawa Timur,Kediri,Kunjang,Balongjeruk
Jawa Timur,Sidoarjo,Tarik,Balongmacekan
Jawa Timur,Mojokerto,Pungging,Balongmasin
Jawa Timur,Gresik,Benjeng,Balongmojo
Jawa Timur,Mojokerto,Puri,Balongmojo
Jawa Timur,Nganjuk,Nganjuk,Balongpacul
Jawa Timur,Gresik,Balongpanggang,Balongpanggang
Jawa Timur,Nganjuk,Berbek,Balongrejo
Jawa Timur,Nganjuk,Bagor,Balongrejo
Jawa Timur,Bojonegoro,Sugihwaras,Balongrejo
Jawa Timur,Mojokerto,Gedeg,Balongsari
Jawa Timur,Mojokerto,Magersari,Balongsari
Jawa Timur,Surabaya,Tandes,Balongsari
Jawa Timur,Sidoarjo,Jabon,Balongtani
Jawa Timur,Lamongan,Sukodadi,Balongtawun
Jawa Timur,Lamongan,Tikung,Balongwangi
Jawa Timur,Mojokerto,Trowulan,Balongwono
Jawa Timur,Kediri,Kota,Balowerti
Jawa Timur,Magetan,Karangrejo,Baluk
Jawa Timur,Lamongan,Turi,Balun
Jawa Timur,Situbondo,Kendit,Balung
Jawa Timur,Bangkalan,Arosbaya,Balung
Jawa Timur,Jember,Balung,Balungkidul
Jawa Timur,Jember,Balung,Balungkulon
Jawa Timur,Jember,Balung,Balunglor
Jawa Timur,Gresik,Benjeng,Balungtunjung
Jawa Timur,Lamongan,Turi,Bambang
Jawa Timur,Gresik,Driyorejo,Bambe
Jawa Timur,Bangkalan,Burneh,Banangkah
Jawa Timur,Trenggalek,Tugu,Banaran
Jawa Timur,Tulungagung,Kauman,Banaran
Jawa Timur,Nganjuk,Pace,Banaran
Jawa Timur,Nganjuk,Kertosono,Banaran
Jawa Timur,Madiun,Geger,Banaran
Jawa Timur,Bojonegoro,Malo,Banaran
Jawa Timur,Kediri,Kandangan,Banaran
Jawa Timur,Ponorogo,Pulung,Banaran
Jawa Timur,Madiun,Balerejo,Banaran
Jawa Timur,Kediri,Pesantren,Banaran
Jawa Timur,Lamongan,Babat,Banaran
Jawa Timur,Nganjuk,Bagor,Banaran Kulon
Jawa Timur,Nganjuk,Bagor,Banaran Wetan
Jawa Timur,Sumenep,Lenteng,Banaresep Barat
Jawa Timur,Sumenep,Lenteng,Banaresep Timur
Jawa Timur,Sumenep,Rubaru,Banasare
Jawa Timur,Pamekasan,Pakong,Banban
Jawa Timur,Sumenep,Giliginting,Banbaru
Jawa Timur,Sumenep,Dungkek,Bancamara
Jawa Timur,Bangkalan,Tragah,Bancang
Jawa Timur,Ponorogo,Sambit,Bancangan
Jawa Timur,Bangkalan,Bangkalan,Bancaran
Jawa Timur,Sampang,Jrengik,Bancelok
Jawa Timur,Bojonegoro,Ngraho,Bancer
Jawa Timur,Madiun,Wonoasri,Bancong
Jawa Timur,Pacitan,Bandar,Bandar
Jawa Timur,Magetan,Sukomoro,Bandar
Jawa Timur,Kediri,Mojoroto,Bandar Kidul
Jawa Timur,Kediri,Mojoroto,Bandar Lor
Jawa Timur,Ponorogo,Badegan,Bandaralim
Jawa Timur,Lumajang,Kedungjajang,Bandaran
Jawa Timur,Pasuruan,Winongan,Bandaran
Jawa Timur,Pamekasan,Tlanakan,Bandaran
Jawa Timur,Mojokerto,Ngoro,Bandarasri
Jawa Timur,Jombang,Bandarkedungmulyo,Bandarkedungmulyo
Jawa Timur,Bondowoso,Prajekan,Bandilan
Jawa Timur,Tulungagung,Bandung,Bandung
Jawa Timur,Mojokerto,Gedeg,Bandung
Jawa Timur,Jombang,Diwek,Bandung
Jawa Timur,Nganjuk,Prambon,Bandung
Jawa Timur,Bangkalan,Konang,Bandung
Jawa Timur,Madiun,Saradan,Bandungan
Jawa Timur,Pamekasan,Pakong,Bandungan
Jawa Timur,Bojonegoro,Ngasem,Bandungrejo
Jawa Timur,Tuban,Plumpang,Bandungrejo
Jawa Timur,Lamongan,Sukodadi,Bandungsari
Jawa Timur,Gresik,Balongpanggang,Bandungsekaran
Jawa Timur,Sidoarjo,Gedangan,Bangah
Jawa Timur,Gresik,Dukun,Bangeran
Jawa Timur,Mojokerto,Dawarblandong,Bangeran
Jawa Timur,Ngawi,Kwadungan,Banget
Jawa Timur,Blitar,Kanigoro,Banggle
Jawa Timur,Kediri,Ngadiluwih,Banggle
Jawa Timur,Lamongan,Sukorame,Banggle
Jawa Timur,Bojonegoro,Kapas,Bangilan
Jawa Timur,Pasuruan,Panggungrejo,Bangilan
Jawa Timur,Sumenep,Kota Sumenep,Bangkal
Jawa Timur,Pamekasan,Kadur,Bangkes
Jawa Timur,Surabaya,Lakarsantri,Bangkingan
Jawa Timur,Kediri,Gurah,Bangkok
Jawa Timur,Lamongan,Glagah,Bangkok
Jawa Timur,Nganjuk,Lengkong,Bangle
Jawa Timur,Tulungagung,Kedungwaru,Bangoan
Jawa Timur,Banyuwangi,Bangorejo,Bangorejo
Jawa Timur,Banyuwangi,Srono,Bangorejo
Jawa Timur,Bangkalan,Galis,Bangpendah
Jawa Timur,Sampang,Sreseh,Bangsah
Jawa Timur,Mojokerto,Bangsal,Bangsal
Jawa Timur,Kediri,Pesantren,Bangsal
Jawa Timur,Ponorogo,Sambit,Bangsalan
Jawa Timur,Jember,Bangsalsari,Bangsalsari
Jawa Timur,Sumenep,Kota Sumenep,Bangselok
Jawa Timur,Kediri,Kayen Kidul,Bangsongan
Jawa Timur,Blitar,Nglegok,Bangsri
Jawa Timur,Sidoarjo,Sukodono,Bangsri
Jawa Timur,Jombang,Plandaan,Bangsri
Jawa Timur,Nganjuk,Kertosono,Bangsri
Jawa Timur,Magetan,Ngariboyo,Bangsri
Jawa Timur,Banyuwangi,Wongsorejo,Bangsring
Jawa Timur,Trenggalek,Munjungan,Bangun
Jawa Timur,Mojokerto,Pungging,Bangun
Jawa Timur,Magetan,Barat,Bangunasri
Jawa Timur,Tulungagung,Pakel,Bangunjaya
Jawa Timur,Tulungagung,Pakel,Bangunmulyo
Jawa Timur,Tuban,Soko,Bangunrejo
Jawa Timur,Ponorogo,Sukorejo,Bangunrejo
Jawa Timur,Ngawi,Karanganyar,Bangunrejo
Jawa Timur,Ngawi,Kedunggalar,Bangunrejo Kidul
Jawa Timur,Ngawi,Pitu,Bangunrejo Lor
Jawa Timur,Pacitan,Bandar,Bangunsari
Jawa Timur,Banyuwangi,Songgon,Bangunsari
Jawa Timur,Madiun,Dolopo,Bangunsari
Jawa Timur,Pacitan,Pacitan,Bangunsari
Jawa Timur,Ponorogo,Ponorogo,Bangunsari
Jawa Timur,Madiun,Mejayan,Bangunsari
Jawa Timur,Trenggalek,Panggul,Banjar
Jawa Timur,Banyuwangi,Licin,Banjar
Jawa Timur,Tuban,Widang,Banjar
Jawa Timur,Bangkalan,Galis,Banjar
Jawa Timur,Sampang,Kedungdung,Banjar
Jawa Timur,Sumenep,Gapura,Banjar Barat
Jawa Timur,Kediri,Mojoroto,Banjar Mlati
Jawa Timur,Surabaya,Tandes,Banjar Sugihan
Jawa Timur,Sampang,Camplong,Banjar Talela
Jawa Timur,Sumenep,Gapura,Banjar Timur
Jawa Timur,Mojokerto,Puri,Banjaragung
Jawa Timur,Jombang,Bareng,Banjaragung
Jawa Timur,Tuban,Rengel,Banjaragung
Jawa Timur,Gresik,Balongpanggang,Banjaragung
Jawa Timur,Bojonegoro,Baureno,Banjaran
Jawa Timur,Gresik,Driyorejo,Banjaran
Jawa Timur,Kediri,Kota,Banjaran
Jawa Timur,Ngawi,Padas,Banjaransari
Jawa Timur,Nganjuk,Tanjunganom,Banjaranyar
Jawa Timur,Bojonegoro,Baureno,Banjaranyar
Jawa Timur,Kediri,Kras,Banjaranyar
Jawa Timur,Tuban,Rengel,Banjararum
Jawa Timur,Sidoarjo,Tanggulangin,Banjarasri
Jawa Timur,Ngawi,Pitu,Banjarbanggi
Jawa Timur,Sidoarjo,Sidoarjo,Banjarbendo
Jawa Timur,Sampang,Tambelangan,Banjarbillah
Jawa Timur,Jombang,Kabuh,Banjardowo
Jawa Timur,Nganjuk,Lengkong,Banjardowo
Jawa Timur,Tulungagung,Rejotangan,Banjarejo
Jawa Timur,Nganjuk,Rejoso,Banjarejo
Jawa Timur,Madiun,Dagangan,Banjarejo
Jawa Timur,Magetan,Ngariboyo,Banjarejo
Jawa Timur,Bojonegoro,Sumberejo,Banjarejo
Jawa Timur,Madiun,Taman,Banjarejo
Jawa Timur,Kediri,Ngadiluwih,Banjarejo
Jawa Timur,Kediri,Plemahan,Banjarejo
Jawa Timur,Magetan,Panekan,Banjarejo
Jawa Timur,Magetan,Barat,Banjarejo
Jawa Timur,Bojonegoro,Padangan,Banjarejo
Jawa Timur,Lamongan,Kedungpring,Banjarejo
Jawa Timur,Lamongan,Sukodadi,Banjarejo
Jawa Timur,Lamongan,Karangbinangun,Banjarejo
Jawa Timur,Lamongan,Bluluk,Banjargondang
Jawa Timur,Pasuruan,Lumbang,Banjarimbo
Jawa Timur,Pacitan,Kebonagung,Banjarjo
Jawa Timur,Pasuruan,Pandaan,Banjarkejen
Jawa Timur,Sidoarjo,Buduran,Banjarkemantren
Jawa Timur,Sidoarjo,Sedati,Banjarkemuning
Jawa Timur,Lamongan,Karanggeneng,Banjarmadu
Jawa Timur,Lamongan,Lamongan,Banjarmendalan
Jawa Timur,Magetan,Ngariboyo,Banjarpanjang
Jawa Timur,Sidoarjo,Tanggulangin,Banjarpanji
Jawa Timur,Bojonegoro,Bojonegoro,Banjarejo
Jawa Timur,Sidoarjo,Buduran,Banjarsari
Jawa Timur,Jombang,Bandarkedungmulyo,Banjarsari
Jawa Timur,Tulungagung,Ngantru,Banjarsari
Jawa Timur,Blitar,Selorejo,Banjarsari
Jawa Timur,Jember,Bangsalsari,Banjarsari
Jawa Timur,Banyuwangi,Glagah,Banjarsari
Jawa Timur,Probolinggo,Sumberasih,Banjarsari
Jawa Timur,Pasuruan,Pandaan,Banjarsari
Jawa Timur,Mojokerto,Jetis,Banjarsari
Jawa Timur,Nganjuk,Ngronggot,Banjarsari
Jawa Timur,Bojonegoro,Trucuk,Banjarsari
Jawa Timur,Gresik,Manyar,Banjarsari
Jawa Timur,Gresik,Cerme,Banjarsari
Jawa Timur,Pacitan,Pacitan,Banjarsari
Jawa Timur,Madiun,Madiun,Banjarsari
Jawa Timur,Madiun,Dagangan,Banjarsari Kulon
Jawa Timur,Madiun,Dagangan,Banjarsari Wetan
Jawa Timur,Probolinggo,Tegalsiwalan,Banjarsawah
Jawa Timur,Jember,Patrang,Banjarsengon
Jawa Timur,Sampang,Camplong,Banjartabulu
Jawa Timur,Mojokerto,Pungging,Banjartanggul
Jawa Timur,Lumajang,Lumajang,Banjarwaru
Jawa Timur,Sidoarjo,Tarik,Banjarwungu
Jawa Timur,Sumenep,Giliginting,Banmaleng
Jawa Timur,Sumenep,Dungkek,Banra'as
Jawa Timur,Situbondo,Asembagus,Bantal
Jawa Timur,Probolinggo,Bantaran,Bantaran
Jawa Timur,Tulungagung,Bandung,Bantengan
Jawa Timur,Madiun,Wungu,Bantengan
Jawa Timur,Lamongan,Karanggeneng,Bantengputih
Jawa Timur,Gresik,Benjeng,Banter
Jawa Timur,Sumenep,Batang Batang,Banuaju Barat
Jawa Timur,Sumenep,Batang Batang,Banuaju Timur
Jawa Timur,Kediri,Banyakan,Banyakan
Jawa Timur,Bangkalan,Geger,Banyoneng Dajah
Jawa Timur,Bangkalan,Geger,Banyoneng Laok
Jawa Timur,Bangkalan,Galis,Banyu Bunih
Jawa Timur,Surabaya,Sawahan,Banyu Urip
Jawa Timur,Bangkalan,Kamal,Banyuajuh
Jawa Timur,Banyuwangi,Kalibaru,Banyuanyar
Jawa Timur,Sampang,Sampang,Banyuanyar
Jawa Timur,Kediri,Gurah,Banyuanyar
Jawa Timur,Probolinggo,Banyuanyar,Banyuanyar Kidul
Jawa Timur,Probolinggo,Gending,Banyuanyar Lor
Jawa Timur,Probolinggo,Banyuanyar,Banyuanyar Tengah
Jawa Timur,Jombang,Ngoro,Banyuarang
Jawa Timur,Tuban,Grabagan,Banyubang
Jawa Timur,Bangkalan,Tragah,Banyubeseh
Jawa Timur,Ngawi,Widodaren,Banyubiru
Jawa Timur,Pamekasan,Proppo,Banyubulu
Jawa Timur,Magetan,Ngariboyo,Banyudono
Jawa Timur,Ponorogo,Ponorogo,Banyudono
Jawa Timur,Situbondo,Banyuglugur,Banyuglugur
Jawa Timur,Madiun,Wonoasri,Banyukambang
Jawa Timur,Sampang,Kedungdung,Banyukapah
Jawa Timur,Mojokerto,Dawarblandong,Banyulegi
Jawa Timur,Sampang,Sampang,Banyumas
Jawa Timur,Pamekasan,Palenggaan,Banyupelle
Jawa Timur,Bondowoso,Wringin,Banyuputih
Jawa Timur,Situbondo,Banyuputih,Banyuputih
Jawa Timur,Lumajang,Jatiroto,Banyuputih Kidul
Jawa Timur,Lumajang,Randuagung,Banyuputih Lor
Jawa Timur,Tulungagung,Kalidawir,Banyuurip
Jawa Timur,Tuban,Senori,Banyuurip
Jawa Timur,Gresik,Kedamean,Banyuurip
Jawa Timur,Ngawi,Ngawi,Banyuurip
Jawa Timur,Lamongan,Karangbinangun,Banyuurip
Jawa Timur,Gresik,Manyar,Banyuwangi
Jawa Timur,Bondowoso,Wringin,Banyuwulu
Jawa Timur,Sampang,Robatal,Bapelle
Jawa Timur,Lamongan,Glagah,Bapuhbandung
Jawa Timur,Lamongan,Glagah,Bapuhbaru
Jawa Timur,Trenggalek,Panggul,Barang
Jawa Timur,Lamongan,Karangbinangun,Baranggayam
Jawa Timur,Lumajang,Padang,Barat
Jawa Timur,Surabaya,Gubeng,Baratajaya
Jawa Timur,Jember,Patrang,Baratan
Jawa Timur,Bondowoso,Binakal,Baratan
Jawa Timur,Banyuwangi,Kabat,Bareng
Jawa Timur,Jombang,Bareng,Bareng
Jawa Timur,Nganjuk,Sawahan,Bareng
Jawa Timur,Bojonegoro,Ngasem,Bareng
Jawa Timur,Bojonegoro,Sugihwaras,Bareng
Jawa Timur,Bojonegoro,Sekar,Bareng
Jawa Timur,Ponorogo,Babadan,Bareng
Jawa Timur,Sidoarjo,Krian,Barengkrajan
Jawa Timur,Gresik,Dukun,Baron
Jawa Timur,Nganjuk,Baron,Baron
Jawa Timur,Magetan,Magetan,Baron
Jawa Timur,Jombang,Bandarkedungmulyo,Barongsawahan
Jawa Timur,Sampang,Sampang,Baruh
Jawa Timur,Trenggalek,Durenan,Baruharjo
Jawa Timur,Sampang,Tambelangan,Barunggagah
Jawa Timur,Pamekasan,Pamekasan,Barurambat Kota
Jawa Timur,Pamekasan,Pademawu,Barurambat Timur
Jawa Timur,Banyuwangi,Siliragung,Barurejo
Jawa Timur,Lamongan,Sambeng,Barurejo
Jawa Timur,Bojonegoro,Kasiman,Besah
Jawa Timur,Bangkalan,Tanah Merah,Basanah
Jawa Timur,Sumenep,Ganding,Bataal Barat
Jawa Timur,Sumenep,Ganding,Bataal Timur
Jawa Timur,Bondowoso,Tenggarang,Bataan
Jawa Timur,Bangkalan,Kwanyar,Batah Barat
Jawa Timur,Bangkalan,Kwanyar,Batah Timur
Jawa Timur,Bangkalan,Tanah Merah,Batangan
Jawa Timur,Tulungagung,Kauman,Batangsaren
Jawa Timur,Mojokerto,Gedeg,Batankrajan
Jawa Timur,Tuban,Bangilan,Bate
Jawa Timur,Nganjuk,Pace,Batembat
Jawa Timur,Bangkalan,Blega,Bates
Jawa Timur,Pamekasan,Proppo,Batu Kalangan
Jawa Timur,Bangkalan,Geger,Batobella
Jawa Timur,Madiun,Gemarang,Batok
Jawa Timur,Bangkalan,Konang,Batokaban
Jawa Timur,Tulungagung,Ngantru,Batokan
Jawa Timur,Bojonegoro,Kasiman,Batokan
Jawa Timur,Bangkalan,Arosbaya,Batonaong
Jawa Timur,Sampang,Kedungdung,Batoporo Barat
Jawa Timur,Sampang,Kedungdung,Batoporo Timur
Jawa Timur,Situbondo,Panji,Battal
Jawa Timur,Bondowoso,Cermee,Batu Ampar
Jawa Timur,Bondowoso,Cermee,Batu Salang
Jawa Timur,Kediri,Ringinrejo,Batuaji
Jawa Timur,Sumenep,Guluk-Guluk,Batuampar
Jawa Timur,Sumenep,Batuan,Batuan
Jawa Timur,Sumenep,Gapura,Batudinding
Jawa Timur,Sampang,Camplong,Batukarang
Jawa Timur,Probolinggo,Gading,Batur
Jawa Timur,Sampang,Tambelangan,Baturasang
Jawa Timur,Lamongan,Sukodadi,Baturono
Jawa Timur,Pasuruan,Beji,Baujeng
Jawa Timur,Mojokerto,Jatirejo,Baureno
Jawa Timur,Bojonegoro,Baureno,Baureno
Jawa Timur,Kediri,Pesantren,Bawang
Jawa Timur,Jombang,Ploso,Bawangan
Jawa Timur,Kediri,Kayen Kidul,Baye
Jawa Timur,Situbondo,Arjasa,Bayeman
Jawa Timur,Probolinggo,Tongas,Bayeman
Jawa Timur,Pasuruan,Gondangwetan,Bayeman
Jawa Timur,Bojonegoro,Kepohbaru,Bayemgede
Jawa Timur,Magetan,Kartoharjo,Bayemtaman
Jawa Timur,Magetan,Kartoharjo,Bayemwetan
Jawa Timur,Banyuwangi,Songgon,Bayu
Jawa Timur,Sidoarjo,Taman,Bebekan
Jawa Timur,Sidoarjo,Wonoayu,Becirongengor
Jawa Timur,Jember,Pakusari,Bedadung
Jawa Timur,Magetan,Panekan,Bedagung
Jawa Timur,Lamongan,Babat,Bedahan
Jawa Timur,Malang,Lawang,Bedali
Jawa Timur,Kediri,Ngancar,Bedali
Jawa Timur,Gresik,Bungah,Bedanten
Jawa Timur,Lumajang,Senduro,Bedayu
Jawa Timur,Lumajang,Senduro,Bedayutalang
Jawa Timur,Banyuwangi,Songgon,Bedewang
Jawa Timur,Gresik,Gresik,Bedilan
Jawa Timur,Ponorogo,Sambit,Bedingin
Jawa Timur,Lamongan,Sugio,Bedingin
Jawa Timur,Madiun,Jiwan,Bedoho
Jawa Timur,Ponorogo,Sooko,Bedoho
Jawa Timur,Ponorogo,Pulung,Bedrug
Jawa Timur,Kediri,Ngadiluwih,Bedug
Jawa Timur,Ponorogo,Ponorogo,Beduri
Jawa Timur,Bojonegoro,Gayam,Begadon
Jawa Timur,Nganjuk,Nganjuk,Begadung
Jawa Timur,Mojokerto,Gondang,Begaganlimo
Jawa Timur,Ngawi,Kedunggalar,Begal
Jawa Timur,Lamongan,Glagah,Began
Jawa Timur,Bojonegoro,Gayam,Beged
Jawa Timur,Nganjuk,Jatikalen,Begendeng
Jawa Timur,Tulungagung,Boyolangu,Beji
Jawa Timur,Pasuruan,Beji,Beji
Jawa Timur,Batu,Junrejo,Beji
Jawa Timur,Bojonegoro,Kedewan,Beji
Jawa Timur,Mojokerto,Trowulan,Bejijong
Jawa Timur,Ponorogo,Pulung,Bekiring
Jawa Timur,Pacitan,Donorojo,Belah
Jawa Timur,Gresik,Kedamean,Belahanrejo
Jawa Timur,Mojokerto,Mojosari,Belahantengah
Jawa Timur,Mojokerto,Trawas,Belik
Jawa Timur,Mojokerto,Trowulan,Beloh
Jawa Timur,Kediri,Purwoasri,Belor
Jawa Timur,Magetan,Bendo,Belotan
Jawa Timur,Bojonegoro,Temayang,Belun
Jawa Timur,Blitar,Garum,Bence
Jawa Timur,Lumajang,Kedungjajang,Bence
Jawa Timur,Banyuwangi,Cluring,Benculuk
Jawa Timur,Bondowoso,Binakal,Bendelan
Jawa Timur,Jombang,Diwek,Bendet
Jawa Timur,Tulungagung,Sumbergempol,Bendiljati Kulon
Jawa Timur,Tulungagung,Sumbergempol,Bendiljati Wetan
Jawa Timur,Tulungagung,Sumbergempol,Bendilwungu
Jawa Timur,Tulungagung,Gondang,Bendo
Jawa Timur,Blitar,Ponggok,Bendo
Jawa Timur,Magetan,Bendo,Bendo
Jawa Timur,Bojonegoro,Kapas,Bendo
Jawa Timur,Blitar,Kepanjenkidul,Bendo
Jawa Timur,Kediri,Pare,Bendo
Jawa Timur,Kediri,Pagu,Bendo
Jawa Timur,Ngawi,Padas,Bendo
Jawa Timur,Trenggalek,Kampak,Bendoagung
Jawa Timur,Bondowoso,Wonosari,Bendoarum
Jawa Timur,Nganjuk,Rejoso,Bendoasri
Jawa Timur,Blitar,Sananwetan,Bendogerit
Jawa Timur,Nganjuk,Sawahan,Bendolo
Jawa Timur,Pasuruan,Bangil,Bendomungal
Jawa Timur,Trenggalek,Pogalan,Bendorejo
Jawa Timur,Blitar,Udanawu,Bendorejo
Jawa Timur,Trenggalek,Munjungan,Bendoroto
Jawa Timur,Tulungagung,Ngantru,Bendosari
Jawa Timur,Blitar,Kademangan,Bendosari
Jawa Timur,Blitar,Sanankulon,Bendosari
Jawa Timur,Kediri,Kras,Bendosari
Jawa Timur,Blitar,Talun,Bendosewu
Jawa Timur,Sidoarjo,Prambon,Bendotretek
Jawa Timur,Blitar,Sanankulon,Bendowulung
Jawa Timur,Surabaya,Wonocolo,Bendul Merisi
Jawa Timur,Mojokerto,Jetis,Bendung
Jawa Timur,Tulungagung,Gondang,Bendungan
Jawa Timur,Pasuruan,Kraton,Bendungan
Jawa Timur,Jombang,Kudu,Bendungan
Jawa Timur,Gresik,Duduksampeyan,Bendungan
Jawa Timur,Mojokerto,Pacet,Bendunganjati
Jawa Timur,Nganjuk,Berbek,Bendungrejo
Jawa Timur,Banyuwangi,Singojuruh,Benelan Kidul
Jawa Timur,Banyuwangi,Kabat,Benelanlor
Jawa Timur,Madiun,Saradan,Bener
Jawa Timur,Pasuruan,Kejayan,Benerwojo
Jawa Timur,Banyuwangi,Wongsorejo,Bengkak
Jawa Timur,Gresik,Benjeng,Bengkelolor
Jawa Timur,Mojokerto,Gondang,Bening
Jawa Timur,Surabaya,Pakal,Benowo
Jawa Timur,Ngawi,Ngawi,Beran
Jawa Timur,Mojokerto,Kemlagi,Beratkulon
Jawa Timur,Mojokerto,Gedeg,Beratwetan
Jawa Timur,Sidoarjo,Waru,Berbek
Jawa Timur,Nganjuk,Berbek,Berbek
Jawa Timur,Bondowoso,Cermee,Bercak
Jawa Timur,Bondowoso,Cermee,Bercak Asri
Jawa Timur,Surabaya,Sambikerep,Beringin
Jawa Timur,Probolinggo,Krucil,Bermi
Jawa Timur,Blitar,Wlingi,Beru
Jawa Timur,Lamongan,Sarirejo,Beru
Jawa Timur,Tulungagung,Besuki,Besole
Jawa Timur,Kediri,Kepung,Besowo
Jawa Timur,Lumajang,Tempeh,Besuk
Jawa Timur,Bondowoso,Klabang,Besuk
Jawa Timur,Probolinggo,Bantaran,Besuk
Jawa Timur,Kediri,Gurah,Besuk
Jawa Timur,Probolinggo,Besuk,Besukagung
Jawa Timur,Trenggalek,Panggul,Besuki
Jawa Timur,Trenggalek,Munjungan,Besuki
Jawa Timur,Blitar,Udanawu,Besuki
Jawa Timur,Situbondo,Besuki,Besuki
Jawa Timur,Sidoarjo,Jabon,Besuki
Jawa Timur,Tulungagung,Besuki,Besuki
Jawa Timur,Ponorogo,Sambit,Besuki
Jawa Timur,Probolinggo,Besuk,Besukkidul
Jawa Timur,Lamongan,Sekaran,Besur
Jawa Timur,Tulungagung,Kalidawir,Betak
Jawa Timur,Probolinggo,Krucil,Betek
Jawa Timur,Jombang,Mojoagung,Betek
Jawa Timur,Madiun,Madiun,Betek
Jawa Timur,Probolinggo,Gading,Betek Taman
Jawa Timur,Nganjuk,Ngronggot,Betet
Jawa Timur,Bojonegoro,Kepohbaru,Betet
Jawa Timur,Bojonegoro,Kasiman,Betet
Jawa Timur,Kediri,Pesantren,Betet
Jawa Timur,Gresik,Cerme,Betiting
Jawa Timur,Gresik,Menganti,Beton
Jawa Timur,Ponorogo,Siman,Beton
Jawa Timur,Gresik,Manyar,Betoyoguci
Jawa Timur,Gresik,Manyar,Betoyokauman
Jawa Timur,Sidoarjo,Sedati,Betro
Jawa Timur,Mojokerto,Kemlagi,Betro
Jawa Timur,Pamekasan,Pamekasan,Bettet
Jawa Timur,Probolinggo,Paiton,Bhinor
Jawa Timur,Magetan,Sukomoro,Bibis
Jawa Timur,Madiun,Jiwan,Bibrik
Jawa Timur,Sumenep,Dungkek,Bicabbi
Jawa Timur,Mojokerto,Trowulan,Bicak
Jawa Timur,Pamekasan,Pakong,Bicorong
Jawa Timur,Bangkalan,Socah,Bilaporah
Jawa Timur,Pamekasan,Proppo,Billa'an
Jawa Timur,Sumenep,Ganding,Billapora Barat
Jawa Timur,Sumenep,Lenteng,Billapora Rebba
Jawa Timur,Sumenep,Ganding,Billapora Timur
Jawa Timur,Probolinggo,Pakuniran,Bimo
Jawa Timur,Banyuwangi,Wongsorejo,Bimorejo
Jawa Timur,Bondowoso,Binakal,Binakal
Jawa Timur,Blitar,Binangun,Binangun
Jawa Timur,Tuban,Singgahan,Binangun
Jawa Timur,Bangkalan,Burneh,Binoh
Jawa Timur,Jember,Patrang,Bintoro
Jawa Timur,Ngawi,Padas,Bintoyo
Jawa Timur,Sampang,Tambelangan,Birem
Jawa Timur,Blitar,Binangun,Birowo
Jawa Timur,Jember,Arjasa,Biting
Jawa Timur,Ponorogo,Badegan,Biting
Jawa Timur,Kediri,Kandat,Blabak
Jawa Timur,Kediri,Pesantren,Blabak
Jawa Timur,Madiun,Mejayan,Blabakan
Jawa Timur,Probolinggo,Banyuanyar,Blado Wetan
Jawa Timur,Probolinggo,Tegalsiwalan,Bladokulon
Jawa Timur,Lamongan,Kalitengah,Blajo
Jawa Timur,Banyuwangi,Muncar,Blambangan
Jawa Timur,Pasuruan,Bugul Kidul,Blandongan
Jawa Timur,Magetan,Barat,Blaran
Jawa Timur,Pasuruan,Tutur,Blarang
Jawa Timur,Kediri,Badas,Blaru
Jawa Timur,Bangkalan,Galis,Blateran
Jawa Timur,Kediri,Purwoasri,Blawe
Jawa Timur,Lamongan,Karangbinangun,Blawi
Jawa Timur,Lamongan,Kedungpring,Blawirejo
Jawa Timur,Kediri,Kras,Bleber
Jawa Timur,Mojokerto,Jatirejo,Bleberan
Jawa Timur,Bangkalan,Blega,Blega
Jawa Timur,Bangkalan,Blega,Blega Oloh
Jawa Timur,Ponorogo,Jambon,Blembem
Jawa Timur,Tulungagung,Gondang,Blendis
Jawa Timur,Situbondo,Bungatan,Bletok
Jawa Timur,Sidoarjo,Candi,Bligo
Jawa Timur,Tulungagung,Rejotangan,Blimbing
Jawa Timur,Bondowoso,Klabang,Blimbing
Jawa Timur,Situbondo,Besuki,Blimbing
Jawa Timur,Probolinggo,Pakuniran,Blimbing
Jawa Timur,Jombang,Gudo,Blimbing
Jawa Timur,Jombang,Kesamben,Blimbing
Jawa Timur,Madiun,Dolopo,Blimbing
Jawa Timur,Kediri,Mojo,Blimbing
Jawa Timur,Kediri,Gurah,Blimbing
Jawa Timur,Kediri,Tarokan,Blimbing
Jawa Timur,Bojonegoro,Ngraho,Blimbinggede
Jawa Timur,Banyuwangi,Blimbingsari,Blimbingsari
Jawa Timur,Mojokerto,Sooko,Blimbingsari
Jawa Timur,Bondowoso,Bondowoso,Blindungan
Jawa Timur,Blitar,Sukorejo,Blitar
Jawa Timur,Nganjuk,Sukomoro,Blitaran
Jawa Timur,Nganjuk,Ngetos,Blongko
Jawa Timur,Bojonegoro,Baureno,Blongsong
Jawa Timur,Mojokerto,Prajuritkulon,Blooto
Jawa Timur,Situbondo,Besuki,Bloro
Jawa Timur,Sampang,Karangpenang,Blu uran
Jawa Timur,Lumajang,Lumajang,Blukon
Jawa Timur,Lamongan,Bluluk,Bluluk
Jawa Timur,Lamongan,Maduran,Blumbang
Jawa Timur,Pamekasan,Larangan,Blumbungan
Jawa Timur,Sidoarjo,Sidoarjo,Blurukidul
Jawa Timur,Sumenep,Bluto,Bluto
Jawa Timur,Kediri,Semen,Bobang
Jawa Timur,Gresik,Menganti,Boboh
Jawa Timur,Bojonegoro,Sekar,Bobol
Jawa Timur,Malang,Karangploso,Bocek
Jawa Timur,Pacitan,Ngadirojo,Bodag
Jawa Timur,Trenggalek,Panggul,Bodag
Jawa Timur,Madiun,Kare,Bodag
Jawa Timur,Lumajang,Padang,Bodang
Jawa Timur,Nganjuk,Pace,Bodor
Jawa Timur,Bojonegoro,Sumberejo,Bogangin
Jawa Timur,Magetan,Kawedanan,Bogem
Jawa Timur,Magetan,Sukomoro,Bogem
Jawa Timur,Kediri,Gurah,Bogem
Jawa Timur,Sidoarjo,Balongbendo,Bogempinggir
Jawa Timur,Nganjuk,Nganjuk,Bogo
Jawa Timur,Bojonegoro,Kapas,Bogo
Jawa Timur,Magetan,Plaosan,Bogoarum
Jawa Timur,Lamongan,Karangbinangun,Bogobabadan
Jawa Timur,Pacitan,Ngadirojo,Bogoharjo
Jawa Timur,Kediri,Plemahan,Bogokidul
Jawa Timur,Trenggalek,Kampak,Bogoran
Jawa Timur,Magetan,Barat,Bogorejo
Jawa Timur,Sidoarjo,Taman,Bohar
Jawa Timur,Lamongan,Kalitengah,Bojoasri
Jawa Timur,Madiun,Kare,Bolo
Jawa Timur,Tulungagung,Kauman,Bolorejo
Jawa Timur,Pacitan,Pacitan,Bolosingo
Jawa Timur,Banyuwangi,Blimbingsari,Bomo
Jawa Timur,Pacitan,Punung,Bomo
Jawa Timur,Bojonegoro,Ngambon,Bondol
Jawa Timur,Lumajang,Sukodono,Bondoyudo
Jawa Timur,Surabaya,Pabean Cantian,Bongkaran
Jawa Timur,Madiun,Saradan,Bongsopotro
Jawa Timur,Tulungagung,Boyolangu,Bono
Jawa Timur,Tulungagung,Pakel,Bono
Jawa Timur,Bojonegoro,Gayam,Bonorejo
Jawa Timur,Pacitan,Arjosari,Borang
Jawa Timur,Lumajang,Lumajang,Boreng
Jawa Timur,Tulungagung,Kedungwaru,Boro
Jawa Timur,Blitar,Selorejo,Boro
Jawa Timur,Sidoarjo,Tanggulangin,Boro
Jawa Timur,Gresik,Menganti,Boteng
Jawa Timur,Probolinggo,Lumbang,Boto
Jawa Timur,Magetan,Karas,Botok
Jawa Timur,Bondowoso,Botolinggo,Botolinggo
Jawa Timur,Trenggalek,Bendungan,Botoputih
Jawa Timur,Lamongan,Tikung,Botoputih
Jawa Timur,Tulungagung,Tulungagung,Botoran
Jawa Timur,Tulungagung,Boyolangu,Boyolangu
Jawa Timur,Banyuwangi,Giri,Boyolangu
Jawa Timur,Probolinggo,Maron,Brabe
Jawa Timur,Bojonegoro,Gayam,Brabowan
Jawa Timur,Sumenep,Guluk-Guluk,Bragung
Jawa Timur,Ponorogo,Siman,Brahu
Jawa Timur,Sumenep,Gapura,Braji
Jawa Timur,Sumenep,Ra'as,Brakas
Jawa Timur,Bangkalan,Modung,Brakas Dajah
Jawa Timur,Pasuruan,Gondangwetan,Brambang
Jawa Timur,Bondowoso,Tlogosari,Brambang Darussalam
Jawa Timur,Pasuruan,Lekok,Branang
Jawa Timur,Probolinggo,Lumbang,Branggah
Jawa Timur,Kediri,Ngadiluwih,Branggahan
Jawa Timur,Jombang,Bandarkedungmulyo,Brangkal
Jawa Timur,Mojokerto,Sooko,Brangkal
Jawa Timur,Bojonegoro,Kepohbaru,Brangkal
Jawa Timur,Tuban,Parengan,Brangkal
Jawa Timur,Gresik,Balongpanggang,Brangkal
Jawa Timur,Ngawi,Karangjati,Brangol
Jawa Timur,Lamongan,Laren,Brangsi
Jawa Timur,Probolinggo,Maron,Brani Kulon
Jawa Timur,Probolinggo,Maron,Brani Wetan
Jawa Timur,Pamekasan,Tlanakan,Branta Pesisir
Jawa Timur,Pamekasan,Tlanakan,Branta Tinggi
Jawa Timur,Mojokerto,Dawarblandong,Brayublandong
Jawa Timur,Mojokerto,Puri,Brayung
Jawa Timur,Bojonegoro,Kalitidu,Brenggolo
Jawa Timur,Kediri,Plosoklaten,Brenggolo
Jawa Timur,Bangkalan,Labang,Bringen
Jawa Timur,Tuban,Montong,Bringin
Jawa Timur,Kediri,Badas,Bringin
Jawa Timur,Sampang,Tambelangan,Bringin
Jawa Timur,Ponorogo,Kauman,Bringin
Jawa Timur,Ngawi,Bringin,Bringin
Jawa Timur,Ponorogo,Jambon,Bringinan
Jawa Timur,Sidoarjo,Taman,Bringinbendo
Jawa Timur,Sampang,Torjun,Bringinnonggal
Jawa Timur,Gresik,Menganti,Bringkang
Jawa Timur,Sumenep,Giliginting,Bringsang
Jawa Timur,Jombang,Bandarkedungmulyo,Brodot
Jawa Timur,Lamongan,Bluluk,Bronjong
Jawa Timur,Ponorogo,Ponorogo,Brotonegaran
Jawa Timur,Ngawi,Jogorogo,Brubuh
Jawa Timur,Jombang,Sumobito,Brudu
Jawa Timur,Madiun,Wungu,Brumbun
Jawa Timur,Lamongan,Maduran,Brumbun
Jawa Timur,Kediri,Kepung,Brumbung
Jawa Timur,Probolinggo,Maron,Brumbungan Kidul
Jawa Timur,Probolinggo,Gending,Brumbungan Lor
Jawa Timur,Banyuwangi,Rogojampi,Bubuk
Jawa Timur,Bojonegoro,Bubulan,Bubulan
Jawa Timur,Surabaya,Bubutan,Bubutan
Jawa Timur,Probolinggo,Pakuniran,Bucor Kulon
Jawa Timur,Probolinggo,Pakuniran,Bucor Wetan
Jawa Timur,Pamekasan,Pademawu,Buddagan
Jawa Timur,Bangkalan,Tanah Merah,Buddan
Jawa Timur,Pamekasan,Pademawu,Buddih
Jawa Timur,Situbondo,Suboh,Buduan
Jawa Timur,Jombang,Sumobito,Budugsidorejo
Jawa Timur,Sidoarjo,Buduran,Buduran
Jawa Timur,Nganjuk,Bagor,Buduran
Jawa Timur,Madiun,Wonoasri,Buduran
Jawa Timur,Jombang,Gudo,Bugasur Kedaleman
Jawa Timur,Lamongan,Sekaran,Bugel
Jawa Timur,Situbondo,Kendit,Bugeman
Jawa Timur,Pamekasan,Pamekasan,Bugih
Jawa Timur,Lamongan,Pucuk,Bugoharjo
Jawa Timur,Pasuruan,Bugul Kidul,Bugul Kidul
Jawa Timur,Pasuruan,Panggungrejo,Bugul Lor
Jawa Timur,Kediri,Mojoroto,Bujel
Jawa Timur,Pamekasan,Batumarmar,Bujur Tengah
Jawa Timur,Pamekasan,Batumarmar,Bujur Timur
Jawa Timur,Pamekasan,Tlanakan,Bukek
Jawa Timur,Sampang,Jrengik,Buker
Jawa Timur,Pasuruan,Gadingrejo,Bukir
Jawa Timur,Bondowoso,Wringin,Bukor
Jawa Timur,Tulungagung,Sumbergempol,Bukur
Jawa Timur,Nganjuk,Patianrowo,Bukur
Jawa Timur,Madiun,Jiwan,Bukur
Jawa Timur,Kediri,Kandangan,Bukur
Jawa Timur,Magetan,Bendo,Bulak
Jawa Timur,Surabaya,Bulak,Bulak
Jawa Timur,Ponorogo,Balong,Bulak
Jawa Timur,Surabaya,Kenjeran,Bulak Banteng
Jawa Timur,Bojonegoro,Balen,Bulaklo
Jawa Timur,Madiun,Balerejo,Bulakrejo
Jawa Timur,Sidoarjo,Prambon,Bulang
Jawa Timur,Probolinggo,Gending,Bulang
Jawa Timur,Gresik,Dukun,Bulangan
Jawa Timur,Pamekasan,Pegantenan,Bulangan Barat
Jawa Timur,Pamekasan,Pegantenan,Bulangan Branta
Jawa Timur,Pamekasan,Pegantenan,Bulangan Haji
Jawa Timur,Pamekasan,Pegantenan,Bulangan Timur
Jawa Timur,Gresik,Benjeng,Bulangkulon
Jawa Timur,Pamekasan,Galis,Bulay
Jawa Timur,Sampang,Karangpenang,Bulmatet
Jawa Timur,Probolinggo,Kraksaan,Bulu
Jawa Timur,Nganjuk,Berbek,Bulu
Jawa Timur,Magetan,Sukomoro,Bulu
Jawa Timur,Bojonegoro,Sugihwaras,Bulu
Jawa Timur,Bojonegoro,Balen,Bulu
Jawa Timur,Kediri,Semen,Bulu
Jawa Timur,Kediri,Purwoasri,Bulu
Jawa Timur,Ponorogo,Sambit,Bulu
Jawa Timur,Madiun,Pilangkenceng,Bulu
Jawa Timur,Pasuruan,Lumbang,Bulu Kandang
Jawa Timur,Ponorogo,Balong,Bulu Kidul
Jawa Timur,Ponorogo,Jambon,Bulu Lor
Jawa Timur,Trenggalek,Karangan,Buluagung
Jawa Timur,Banyuwangi,Siliragung,Buluagung
Jawa Timur,Lamongan,Laren,Bulubrangsi
Jawa Timur,Magetan,Bendo,Bulugledeg
Jawa Timur,Magetan,Plaosan,Bulugunung
Jawa Timur,Bangkalan,Socah,Buluh
Jawa Timur,Magetan,Plaosan,Buluharjo
Jawa Timur,Probolinggo,Tegalsiwalan,Bulujarankidul
Jawa Timur,Probolinggo,Tegalsiwalan,Bulujaranlor
Jawa Timur,Pasuruan,Prigen,Bulukandang
Jawa Timur,Magetan,Magetan,Bulukerto
Jawa Timur,Batu,Bumiaji,Bulukerto
Jawa Timur,Blitar,Bakung,Bululawang
Jawa Timur,Lamongan,Babat,Bulumargi
Jawa Timur,Probolinggo,Gading,Bulupadak
Jawa Timur,Kediri,Pagu,Bulupasar
Jawa Timur,Gresik,Benjeng,Bulurejo
Jawa Timur,Lumajang,Tempursari,Bulurejo
Jawa Timur,Banyuwangi,Purwoharjo,Bulurejo
Jawa Timur,Jombang,Diwek,Bulurejo
Jawa Timur,Tuban,Rengel,Bulurejo
Jawa Timur,Tulungagung,Bandung,Bulus
Jawa Timur,Banyuwangi,Kalipuro,Bulusan
Jawa Timur,Tulungagung,Kedungwaru,Bulusari
Jawa Timur,Banyuwangi,Kalipuro,Bulusari
Jawa Timur,Pasuruan,Gempol,Bulusari
Jawa Timur,Kediri,Tarokan,Bulusari
Jawa Timur,Sidoarjo,Sidoarjo,Bulusidokare
Jawa Timur,Lamongan,Sekaran,Bulutengger
Jawa Timur,Lamongan,Laren,Bulutigo
Jawa Timur,Sumenep,Bluto,Bumbungan
Jawa Timur,Batu,Bumiaji,Bumiaji
Jawa Timur,Blitar,Panggungrejo,Bumiayu
Jawa Timur,Bojonegoro,Baureno,Bumiayu
Jawa Timur,Banyuwangi,Glenmore,Bumiharjo
Jawa Timur,Blitar,Kesamben,Bumirejo
Jawa Timur,Bojonegoro,Kepohbaru,Bumirejo
Jawa Timur,Bangkalan,Labang,Bunajih
Jawa Timur,Sidoarjo,Sedati,Buncitan
Jawa Timur,Sampang,Sreseh,Bundah
Jawa Timur,Banyuwangi,Kabat,Bunder
Jawa Timur,Pamekasan,Pademawu,Bunder
Jawa Timur,Gresik,Sidayu,Bunderan
Jawa Timur,Gresik,Bungah,Bungah
Jawa Timur,Situbondo,Bungatan,Bungatan
Jawa Timur,Pamekasan,Kadur,Bungbaruh
Jawa Timur,Magetan,Parang,Bungkuk
Jawa Timur,Pacitan,Tulakan,Bungur
Jawa Timur,Tulungagung,Karangrejo,Bungur
Jawa Timur,Nganjuk,Sukomoro,Bungur
Jawa Timur,Bojonegoro,Kanor,Bungur
Jawa Timur,Sidoarjo,Waru,Bungurasih
Jawa Timur,Bojonegoro,Temayang,Buntalan
Jawa Timur,Tulungagung,Rejotangan,Buntaran
Jawa Timur,Tuban,Widang,Bunut
Jawa Timur,Kediri,Pesantren,Burengan
Jawa Timur,Bangkalan,Burneh,Burneh
Jawa Timur,Lumajang,Senduro,Burno
Jawa Timur,Bojonegoro,Ngasem,Butoh
Jawa Timur,Bojonegoro,Sumberejo,Butoh
Jawa Timur,Kediri,Kras,Butuh
Jawa Timur,Blitar,Gandusari,Butun
Jawa Timur,Lamongan,Kalitengah,Butungan
Jawa Timur,Lumajang,Randuagung,Buwek
Jawa Timur,Sumenep,Talango,Cabbiya
Jawa Timur,Madiun,Sawahan,Cabean
Jawa Timur,Gresik,Cerme,Cagakagung
Jawa Timur,Jember,Kencong,Cakru
Jawa Timur,Trenggalek,Dongko,Cakul
Jawa Timur,Sumenep,Pasongsongan,Campaka
Jawa Timur,Situbondo,Mlandingan,Campoan
Jawa Timur,Bangkalan,Geger,Campor
Jawa Timur,Bangkalan,Konang,Campor
Jawa Timur,Pamekasan,Proppo,Campor
Jawa Timur,Nganjuk,Gondang,Campur
Jawa Timur,Ngawi,Karangjati,Campurasri
Jawa Timur,Tulungagung,Campurdarat,Campurdarat
Jawa Timur,Bojonegoro,Bojonegoro,Campurejo
Jawa Timur,Tuban,Rengel,Campurejo
Jawa Timur,Ponorogo,Sambit,Campurejo
Jawa Timur,Kediri,Mojoroto,Campurejo
Jawa Timur,Ponorogo,Sambit,Campursari
Jawa Timur,Magetan,Sidorejo,Campursari
Jawa Timur,Bojonegoro,Bubulan,Cancung
Jawa Timur,Sidoarjo,Candi,Candi
Jawa Timur,Sumenep,Dungkek,Candi
Jawa Timur,Pacitan,Pringkuku,Candi
Jawa Timur,Ponorogo,Mlarak,Candi
Jawa Timur,Pamekasan,Proppo,Candi Burung
Jawa Timur,Pasuruan,Sukorejo,Candibinangun
Jawa Timur,Mojokerto,Ngoro,Candiharjo
Jawa Timur,Jember,Arjasa,Candijati
Jawa Timur,Madiun,Dolopo,Candimulyo
Jawa Timur,Sidoarjo,Wonoayu,Candinegoro
Jawa Timur,Sidoarjo,Porong,Candipari
Jawa Timur,Lumajang,Candipuro,Candipuro
Jawa Timur,Blitar,Ponggok,Candirejo
Jawa Timur,Nganjuk,Loceret,Candirejo
Jawa Timur,Magetan,Magetan,Candirejo
Jawa Timur,Lamongan,Sambeng,Candisari
Jawa Timur,Lamongan,Kalitengah,Canditunggal
Jawa Timur,Pasuruan,Prigen,Candiwates
Jawa Timur,Mojokerto,Pacet,Candiwatu
Jawa Timur,Bojonegoro,Kanor,Cangaan
Jawa Timur,Ngawi,Kasreman,Cangakan
Jawa Timur,Lamongan,Sarirejo,Canggah
Jawa Timur,Mojokerto,Jetis,Canggu
Jawa Timur,Kediri,Badas,Canggu
Jawa Timur,Bangkalan,Konang,Cangkareman
Jawa Timur,Gresik,Driyorejo,Cangkir
Jawa Timur,Sumenep,Lenteng,Cangkreng
Jawa Timur,Nganjuk,Nganjuk,Cangkriman
Jawa Timur,Sidoarjo,Krembung,Cangkring
Jawa Timur,Pacitan,Ngadirojo,Cangkring
Jawa Timur,Jember,Jenggawah,Cangkring
Jawa Timur,Bondowoso,Prajekan,Cangkring
Jawa Timur,Tuban,Plumpang,Cangkring
Jawa Timur,Lamongan,Bluluk,Cangkring
Jawa Timur,Pasuruan,Beji,Cangkringmalang
Jawa Timur,Sidoarjo,Sukodono,Cangkringsari
Jawa Timur,Sidoarjo,Prambon,Cangkringturi
Jawa Timur,Ngawi,Pitu,Cantel
Jawa Timur,Banyuwangi,Singojuruh,Cantuk
Jawa Timur,Pasuruan,Purwodadi,Capang
Jawa Timur,Jombang,Kesamben,Carangrejo
Jawa Timur,Ponorogo,Sampung,Carangrejo
Jawa Timur,Jombang,Wonosalam,Carangwulung
Jawa Timur,Pasuruan,Gempol,Carat
Jawa Timur,Ponorogo,Kauman,Carat
Jawa Timur,Magetan,Bendo,Carikan
Jawa Timur,Bojonegoro,Kanor,Caruban
Jawa Timur,Jombang,Mojowarno,Catakgayam
Jawa Timur,Pamekasan,Tlanakan,Ceguk
Jawa Timur,Tuban,Soko,Cekalang
Jawa Timur,Ponorogo,Babadan,Cekok
Jawa Timur,Sidoarjo,Sidoarjo,Celep
Jawa Timur,Sidoarjo,Sedati,Cemandi
Jawa Timur,Situbondo,Suboh,Cemara
Jawa Timur,Mojokerto,Pacet,Cembor
Jawa Timur,Pacitan,Donorojo,Cemeng
Jawa Timur,Sidoarjo,Sidoarjo,Cemengbakalan
Jawa Timur,Sidoarjo,Sidoarjo,Cemengkalang
Jawa Timur,Bangkalan,Arosbaya,Cendagah
Jawa Timur,Pasuruan,Purwosari,Cendono
Jawa Timur,Kediri,Kandat,Cendono
Jawa Timur,Bojonegoro,Padangan,Cendono
Jawa Timur,Mojokerto,Dawarblandong,Cendoro
Jawa Timur,Bojonegoro,Kepohbaru,Cengkir
Jawa Timur,Nganjuk,Ngronggot,Cengkok
Jawa Timur,Kediri,Tarokan,Cengkok
Jawa Timur,Tuban,Parengan,Cengkong
Jawa Timur,Pasuruan,Pasrepan,Cengkrong
Jawa Timur,Bojonegoro,Gayam,Cengungklung
Jawa Timur,Pamekasan,Pakong,Cenlecen
Jawa Timur,Lamongan,Laren,Centini
Jawa Timur,Mojokerto,Gondang,Centong
Jawa Timur,Probolinggo,Sumber,Cepoko
Jawa Timur,Nganjuk,Berbek,Cepoko
Jawa Timur,Magetan,Panekan,Cepoko
Jawa Timur,Ngawi,Ngrambe,Cepoko
Jawa Timur,Mojokerto,Pacet,Cepokolimo
Jawa Timur,Nganjuk,Pace,Cerme
Jawa Timur,Kediri,Grogol,Cerme
Jawa Timur,Lamongan,Ngimbang,Cerme
Jawa Timur,Gresik,Cerme,Cerme Kidul
Jawa Timur,Gresik,Cerme,Cerme Lor
Jawa Timur,Bondowoso,Cermee,Cermee
Jawa Timur,Gresik,Kedamean,Cermen
Jawa Timur,Madiun,Kare,Cermo
Jawa Timur,Jombang,Diwek,Ceweng
Jawa Timur,Magetan,Poncol,Cileng
Jawa Timur,Ponorogo,Kauman,Ciluk
Jawa Timur,Mojokerto,Dawarblandong,Cinandang
Jawa Timur,Bondowoso,Tapen,Cindogo
Jawa Timur,Lumajang,Lumajang,Citrodiwangsan
Jawa Timur,Mojokerto,Pacet,Claket
Jawa Timur,Probolinggo,Leces,Clarak
Jawa Timur,Bojonegoro,Bubulan,Clebung
Jawa Timur,Banyuwangi,Cluring,Cluring
Jawa Timur,Lamongan,Kalitengah,Cluring
Jawa Timur,Pasuruan,Wonorejo,Cobanblimbing
Jawa Timur,Pasuruan,Kejayan,Cobanjoyo
Jawa Timur,Pacitan,Ngadirojo,Cokrokembang
Jawa Timur,Ponorogo,Ponorogo,Cokromenggalan
Jawa Timur,Tuban,Widang,Compreng
Jawa Timur,Probolinggo,Gading,Condong
Jawa Timur,Lumajang,Pasirian,Condro
Jawa Timur,Ponorogo,Jetis,Coper
Jawa Timur,Pasuruan,Purwodadi,Cowek
Jawa Timur,Trenggalek,Munjungan,Craken
Jawa Timur,Jombang,Diwek,Cukir
Jawa Timur,Pasuruan,Lumbang,Cukur Guling
Jawa Timur,Pasuruan,Grati,Cukurgondang
Jawa Timur,Jember,Sumberjambe,Cumedak
Jawa Timur,Lamongan,Pucuk,Cungkup
Jawa Timur,Jombang,Ngusikan,Cupak
Jawa Timur,Situbondo,Kapongan,Curah Cotok
Jawa Timur,Situbondo,Panji,Curah Jeru
Jawa Timur,Situbondo,Jangkar,Curah Kalak
Jawa Timur,Situbondo,Arjasa,Curah Tatal
Jawa Timur,Bondowoso,Curahdami,Curahdami
Jawa Timur,Probolinggo,Tongas,Curahdringu
Jawa Timur,Pasuruan,Kraton,Curahdukuh
Jawa Timur,Probolinggo,Kanigaran,Curahgrinting
Jawa Timur,Jember,Bangsalsari,Curahkalong
Jawa Timur,Jember,Balung,Curahlele
Jawa Timur,Jember,Rambipuji,Curahmalang
Jawa Timur,Jombang,Sumobito,Curahmalang
Jawa Timur,Mojokerto,Pungging,Curahmojo
Jawa Timur,Jember,Tempurejo,Curahnongko
Jawa Timur,Lumajang,Kedungjajang,Curahpetung
Jawa Timur,Bondowoso,Curahdami,Curahpoh
Jawa Timur,Pasuruan,Sukorejo,Curahrejo
Jawa Timur,Probolinggo,Gending,Curahsawo
Jawa Timur,Situbondo,Jatibanteng,Curahsuri
Jawa Timur,Jember,Tempurejo,Curahtakir
Jawa Timur,Probolinggo,Kotaanyar,Curahtemu
Jawa Timur,Probolinggo,Tongas,Curahtulis
Jawa Timur,Bondowoso,Bondowoso,Dabasah
Jawa Timur,Pamekasan,Tlanakan,Dabuan
Jawa Timur,Bangkalan,Geger,Dabung
Jawa Timur,Lumajang,Gucialit,Dadapan
Jawa Timur,Banyuwangi,Kabat,Dadapan
Jawa Timur,Bondowoso,Grujugan,Dadapan
Jawa Timur,Nganjuk,Ngronggot,Dadapan
Jawa Timur,Pacitan,Pringkuku,Dadapan
Jawa Timur,Ponorogo,Balong,Dadapan
Jawa Timur,Ngawi,Kendal,Dadapan
Jawa Timur,Gresik,Cerme,Dadapkuning
Jawa Timur,Blitar,Ponggok,Dadaplangu
Jawa Timur,Batu,Junrejo,Dadaprejo
Jawa Timur,Magetan,Plaosan,Dadi
Jawa Timur,Madiun,Dagangan,Dagangan
Jawa Timur,Tuban,Parengan,Dagangan
Jawa Timur,Gresik,Kebomas,Dahanrejo
Jawa Timur,Tuban,Grabagan,Dahor
Jawa Timur,Bangkalan,Socah,Dakiring
Jawa Timur,Bangkalan,Galis,Daleman
Jawa Timur,Sampang,Kedungdung,Daleman
Jawa Timur,Malang,Wagir,Dalisodo
Jawa Timur,Lamongan,Sugio,Daliwangun
Jawa Timur,Sampang,Sampang,Dalpenang
Jawa Timur,Sidoarjo,Buduran,Damarsi
Jawa Timur,Kediri,Kepung,Damarwulan
Jawa Timur,Gresik,Cerme,Dampaan
Jawa Timur,Ngawi,Bringin,Dampit
Jawa Timur,Probolinggo,Gading,Dandang
Jawa Timur,Kediri,Kota,Dandangan
Jawa Timur,Pasuruan,Nguling,Dandanggendis
Jawa Timur,Bojonegoro,Dander,Dander
Jawa Timur,Blitar,Srengat,Dandong
Jawa Timur,Ngawi,Karangjati,Danguk
Jawa Timur,Gresik,Balongpanggang,Dapet
Jawa Timur,Sumenep,Lenteng,Daramista
Jawa Timur,Surabaya,Wonokromo,Darmo
Jawa Timur,Madiun,Mejayan,Darmorejo
Jawa Timur,Jember,Arjasa,Darsono
Jawa Timur,Blitar,Kademangan,Darungan
Jawa Timur,Lumajang,Yosowilangun,Darungan
Jawa Timur,Jember,Tanggul,Darungan
Jawa Timur,Kediri,Pare,Darungan
Jawa Timur,Jombang,Plandaan,Darurejo
Jawa Timur,Pamekasan,Pademawu,Dasok
Jawa Timur,Banyuwangi,Tegalsari,Dasri
Jawa Timur,Kediri,Grogol,Datengan
Jawa Timur,Lamongan,Babat,Datinawong
Jawa Timur,Mojokerto,Dawarblandong,Dawarblandong
Jawa Timur,Ngawi,Paron,Dawu
Jawa Timur,Situbondo,Suboh,Dawuan
Jawa Timur,Trenggalek,Trenggalek,Dawuhan
Jawa Timur,Blitar,Kademangan,Dawuhan
Jawa Timur,Bondowoso,Grujugan,Dawuhan
Jawa Timur,Bondowoso,Tenggarang,Dawuhan
Jawa Timur,Situbondo,Situbondo,Dawuhan
Jawa Timur,Nganjuk,Jatikalen,Dawuhan
Jawa Timur,Kediri,Purwoasri,Dawuhan
Jawa Timur,Madiun,Pilangkenceng,Dawuhan
Jawa Timur,Kediri,Papar,Dawuhan Kidul
Jawa Timur,Lumajang,Sukodono,Dawuhan Lor
Jawa Timur,Lumajang,Rowokangkung,Dawuhan Wetan
Jawa Timur,Jember,Sukowono,Dawuhanmangli
Jawa Timur,Pasuruan,Purwodadi,Dawuhansengon
Jawa Timur,Kediri,Ringinrejo,Dawung
Jawa Timur,Ngawi,Jogorogo,Dawung
Jawa Timur,Ponorogo,Badegan,Dayakan
Jawa Timur,Blitar,Nglegok,Dayu
Jawa Timur,Kediri,Purwoasri,Dayu
Jawa Timur,Bojonegoro,Kedungadem,Dayukidul
Jawa Timur,Pasuruan,Prigen,Dayurejo
Jawa Timur,Lamongan,Sugio,Deketagung
Jawa Timur,Lamongan,Deket,Deketkulon
Jawa Timur,Lamongan,Deket,Deketwetan
Jawa Timur,Gresik,Benjeng,Deliksumber
Jawa Timur,Bojonegoro,Sekar,Deling
Jawa Timur,Bangkalan,Bangkalan,Demangan
Jawa Timur,Nganjuk,Tanjunganom,Demangan
Jawa Timur,Madiun,Taman,Demangan
Jawa Timur,Ponorogo,Siman,Demangan
Jawa Timur,Ngawi,Geneng,Dempel
Jawa Timur,Madiun,Madiun,Dempelan
Jawa Timur,Tulungagung,Pucanglaban,Demuk
Jawa Timur,Situbondo,Besuki,Demung
Jawa Timur,Bojonegoro,Padangan,Dengok
Jawa Timur,Lumajang,Lumajang,Denok
Jawa Timur,Trenggalek,Panggul,Depok
Jawa Timur,Trenggalek,Bendungan,Depok
Jawa Timur,Tuban,Grabagan,Dermawuharjo
Jawa Timur,Gresik,Benjeng,Dermo
Jawa Timur,Pasuruan,Bangil,Dermo
Jawa Timur,Kediri,Mojoroto,Dermo
Jawa Timur,Blitar,Srengat,Dermojayan
Jawa Timur,Lamongan,Sarirejo,Dermolemahbang
Jawa Timur,Trenggalek,Tugu,Dermosari
Jawa Timur,Ngawi,Bringin,Dero
Jawa Timur,Pacitan,Pringkuku,Dersono
Jawa Timur,Bojonegoro,Sumberejo,Deru
Jawa Timur,Kediri,Ringinrejo,Deyeng
Jawa Timur,Sampang,Camplong,Dharma Camplong
Jawa Timur,Sampang,Camplong,Dharma Tanjung
Jawa Timur,Pasuruan,Kraton,Dhompo
Jawa Timur,Lamongan,Kalitengah,Dibee
Jawa Timur,Mojokerto,Gondang,Dilem
Jawa Timur,Madiun,Madiun,Dimong
Jawa Timur,Ngawi,Kwadungan,Dinden
Jawa Timur,Mojokerto,Jatirejo,Dinoyo
Jawa Timur,Lamongan,Deket,Dinoyo
Jawa Timur,Sampang,Sreseh,Disanah
Jawa Timur,Lumajang,Lumajang,Ditotrunan
Jawa Timur,Jombang,Diwek,Diwek
Jawa Timur,Bangkalan,Tanah Merah,Dlambah Dajah
Jawa Timur,Bangkalan,Tanah Merah,Dlambah Laok
Jawa Timur,Mojokerto,Dlanggu,Dlanggu
Jawa Timur,Lamongan,Deket,Dlanggu
Jawa Timur,Bangkalan,Arosbaya,Dlemer
Jawa Timur,Bangkalan,Kwanyar,Dlemer
Jawa Timur,Nganjuk,Jatikalen,Dlururejo
Jawa Timur,Madiun,Dolopo,Doho
Jawa Timur,Gresik,Balongpanggang,Dohoagung
Jawa Timur,Blitar,Doko,Doko
Jawa Timur,Kediri,Ngasem,Doko
Jawa Timur,Bojonegoro,Tambakrejo,Dolokgede
Jawa Timur,Madiun,Dolopo,Dolopo
Jawa Timur,Gresik,Menganti,Domas
Jawa Timur,Mojokerto,Trowulan,Domas
Jawa Timur,Tulungagung,Kalidawir,Domasan
Jawa Timur,Trenggalek,Bendungan,Dompyong
Jawa Timur,Bojonegoro,Purwosari,Donan
Jawa Timur,Kediri,Plosoklaten,Donganti
Jawa Timur,Trenggalek,Dongko,Dongko
Jawa Timur,Tulungagung,Sendang,Dono
Jawa Timur,Pacitan,Donorojo,Donorojo
Jawa Timur,Malang,Karangploso,Donowarih
Jawa Timur,Gresik,Cerme,Dooro
Jawa Timur,Tulungagung,Sumbergempol,Doroampel
Jawa Timur,Lumajang,Kunir,Dorogowok
Jawa Timur,Lamongan,Kembangbahu,Doyomulyo
Jawa Timur,Surabaya,Tegalsari,DR. Soetomo
Jawa Timur,Lamongan,Kedungpring,Dradahblumbang
Jawa Timur,Bojonegoro,Baureno,Drajat
Jawa Timur,Gresik,Menganti,Drancang
Jawa Timur,Nganjuk,Kertosono,Drenges
Jawa Timur,Bojonegoro,Sugihwaras,Drenges
Jawa Timur,Probolinggo,Dringu,Dringu
Jawa Timur,Magetan,Nguntoronadi,Driyorejo
Jawa Timur,Gresik,Driyorejo,Driyorejo
Jawa Timur,Bojonegoro,Kedungadem,Drokilo
Jawa Timur,Lamongan,Ngimbang,Drujugurit
Jawa Timur,Lamongan,Glagah,Duduklor
Jawa Timur,Gresik,Duduksampeyan,Duduksampeyan
Jawa Timur,Bangkalan,Tragah,Duko Tambin
Jawa Timur,Pamekasan,Larangan,Duko Timur
Jawa Timur,Bojonegoro,Ngasem,Dukohkidul
Jawa Timur,Bojonegoro,Malo,Dukohlor
Jawa Timur,Trenggalek,Watulimo,Dukuh
Jawa Timur,Tulungagung,Gondang,Dukuh
Jawa Timur,Magetan,Lembeyan,Dukuh
Jawa Timur,Magetan,Bendo,Dukuh
Jawa Timur,Kediri,Ngadiluwih,Dukuh
Jawa Timur,Gresik,Dukun,Dukuh Kembar
Jawa Timur,Surabaya,Dukuh Pakis,Dukuh Kupang
Jawa Timur,Surabaya,Gayungan,Dukuh Menanggal
Jawa Timur,Surabaya,Dukuh Pakis,Dukuh Pakis
Jawa Timur,Surabaya,Tambaksari,Dukuh Setro
Jawa Timur,Surabaya,Mulyorejo,Dukuh Sutorejo
Jawa Timur,Lamongan,Tikung,Dukuhagung
Jawa Timur,Jombang,Megaluh,Dukuharum
Jawa Timur,Jember,Wuluhan,Dukuhdempok
Jawa Timur,Jombang,Mojoagung,Dukuhdimoro
Jawa Timur,Jember,Sukorambi,Dukuhmencek
Jawa Timur,Jombang,Mojoagung,Dukuhmojo
Jawa Timur,Mojokerto,Jatirejo,Dukuhngarjo
Jawa Timur,Pasuruan,Sukorejo,Dukuhsari
Jawa Timur,Sidoarjo,Jabon,Dukuhsari
Jawa Timur,Sidoarjo,Buduran,Dukuhtengah
Jawa Timur,Lamongan,Glagah,Dukuhtunggal
Jawa Timur,Gresik,Dukun,Dukunanyar
Jawa Timur,Sampang,Torjun,Dulang
Jawa Timur,Bangkalan,Tanah Merah,Dumajah
Jawa Timur,Lamongan,Kembangbahu,Dumpiagung
Jawa Timur,Ngawi,Pitu,Dumplengan
Jawa Timur,Sumenep,Dungkek,Dungkek
Jawa Timur,Ngawi,Karangjati,Dungmiri
Jawa Timur,Probolinggo,Tongas,Dungun
Jawa Timur,Gresik,Cerme,Dungus
Jawa Timur,Kediri,Kunjang,Dungus
Jawa Timur,Surabaya,Krembangan,Dupak
Jawa Timur,Pamekasan,Pademawu,Durbuk
Jawa Timur,Trenggalek,Tugu,Duren
Jawa Timur,Blitar,Talun,Duren
Jawa Timur,Lumajang,Klakah,Duren
Jawa Timur,Probolinggo,Gading,Duren
Jawa Timur,Nganjuk,Sawahan,Duren
Jawa Timur,Madiun,Pilangkenceng,Duren
Jawa Timur,Trenggalek,Durenan,Durenan
Jawa Timur,Madiun,Gemarang,Durenan
Jawa Timur,Magetan,Sidorejo,Durenan
Jawa Timur,Pasuruan,Pandaan,Durensewu
Jawa Timur,Lamongan,Ngimbang,Durikedungjero
Jawa Timur,Lamongan,Laren,Durikulon
Jawa Timur,Bangkalan,Konang,Durin Barat
Jawa Timur,Bangkalan,Konang,Durin Timur
Jawa Timur,Lamongan,Maduran,Duriwetan
Jawa Timur,Bangkalan,Kokop,Durjan
Jawa Timur,Sidoarjo,Candi,Durungbanjar
Jawa Timur,Sidoarjo,Candi,Durungbedug
Jawa Timur,Bangkalan,Kwanyar,Duwek Buter
Jawa Timur,Bojonegoro,Kedungadem,Duwel
Jawa Timur,Tulungagung,Pakel,Duwet
Jawa Timur,Situbondo,Panarukan,Duwet
Jawa Timur,Magetan,Bendo,Duwet
Jawa Timur,Kediri,Wates,Duwet
Jawa Timur,Probolinggo,Krejengan,Duwuhan
Jawa Timur,Mojokerto,Trawas,Duyung
Jawa Timur,Magetan,Takeran,Duyung
Jawa Timur,Bojonegoro,Sukosewu,Duyungan
Jawa Timur,Sumenep,Lenteng,Ellak Daya
Jawa Timur,Sumenep,Lenteng,Ellak Laok
Jawa Timur,Surabaya,Genteng,Embong Kaliasin
Jawa Timur,Sidoarjo,Buduran,Entalsewu
Jawa Timur,Sumenep,Bluto,Errabu
Jawa Timur,Sumenep,Talango,Essang
Jawa Timur,Ponorogo,Kauman,Gabel
Jawa Timur,Kediri,Gurah,Gabru
Jawa Timur,Sidoarjo,Krembung,Gading
Jawa Timur,Trenggalek,Tugu,Gading
Jawa Timur,Pasuruan,Winongan,Gading
Jawa Timur,Mojokerto,Jatirejo,Gading
Jawa Timur,Bojonegoro,Tambakrejo,Gading
Jawa Timur,Surabaya,Tambaksari,Gading
Jawa Timur,Madiun,Balerejo,Gading
Jawa Timur,Situbondo,Jangkar,Gadingan
Jawa Timur,Probolinggo,Banyuanyar,Gadingkulon
Jawa Timur,Jombang,Perak,Gadingmangu
Jawa Timur,Jember,Umbulsari,Gadingrejo
Jawa Timur,Pasuruan,Gadingrejo,Gadingrejo
Jawa Timur,Bondowoso,Pakem,Gadingsari
Jawa Timur,Bondowoso,Binakal,Gadingsari
Jawa Timur,Gresik,Menganti,Gadingwatu
Jawa Timur,Probolinggo,Gading,Gadingwetan
Jawa Timur,Trenggalek,Durenan,Gador
Jawa Timur,Sumenep,Ganding,Gadu Barat
Jawa Timur,Sumenep,Ganding,Gadu Timur
Jawa Timur,Gresik,Driyorejo,Gadung
Jawa Timur,Blitar,Gandusari,Gadungan
Jawa Timur,Kediri,Puncu,Gadungan
Jawa Timur,Kediri,Wates,Gadungan
Jawa Timur,Pamekasan,Kadur,Gagah
Jawa Timur,Sidoarjo,Balongbendo,Gagangkepuhsari
Jawa Timur,Jombang,Ngoro,Gajah
Jawa Timur,Bojonegoro,Baureno,Gajah
Jawa Timur,Ponorogo,Sambit,Gajah
Jawa Timur,Pasuruan,Beji,Gajahbendo
Jawa Timur,Pasuruan,Purwodadi,Gajahrejo
Jawa Timur,Jombang,Wonosalam,Galengdowo
Jawa Timur,Pasuruan,Pasrepan,Galih
Jawa Timur,Bangkalan,Galis,Galis
Jawa Timur,Pamekasan,Galis,Galis
Jawa Timur,Sumenep,Giliginting,Galis
Jawa Timur,Bangkalan,Konang,Galis Dajah
Jawa Timur,Bondowoso,Maesan,Gambangan
Jawa Timur,Tulungagung,Pagerwojo,Gambiran
Jawa Timur,Jember,Kalisat,Gambiran
Jawa Timur,Banyuwangi,Gambiran,Gambiran
Jawa Timur,Pasuruan,Prigen,Gambiran
Jawa Timur,Jombang,Mojoagung,Gambiran
Jawa Timur,Pasuruan,Kraton,Gambirkuning
Jawa Timur,Jember,Bangsalsari,Gambirono
Jawa Timur,Banyuwangi,Singojuruh,Gambor
Jawa Timur,Lamongan,Kalitengah,Gambuhan
Jawa Timur,Kediri,Grogol,Gambyok
Jawa Timur,Bojonegoro,Tambakrejo,Gamongan
Jawa Timur,Sidoarjo,Prambon,Gampang
Jawa Timur,Nganjuk,Ngluyu,Gampeng
Jawa Timur,Kediri,Gampengrejo,Gampeng
Jawa Timur,Sidoarjo,Krian,Gamping
Jawa Timur,Trenggalek,Suruh,Gamping
Jawa Timur,Tulungagung,Campurdarat,Gamping
Jawa Timur,Sidoarjo,Tarik,Gampingrowo
Jawa Timur,Blitar,Wonodadi,Gandekan
Jawa Timur,Sumenep,Ganding,Ganding
Jawa Timur,Tulungagung,Bandung,Gandong
Jawa Timur,Ngawi,Bringin,Gandong
Jawa Timur,Ngawi,Pangkur,Gandri
Jawa Timur,Nganjuk,Bagor,Gandu
Jawa Timur,Ponorogo,Mlarak,Gandu
Jawa Timur,Ponorogo,Sukorejo,Gandukepuh
Jawa Timur,Madiun,Pilangkenceng,Gandul
Jawa Timur,Trenggalek,Gandusari,Gandusari
Jawa Timur,Blitar,Gandusari,Gandusari
Jawa Timur,Gresik,Balongpanggang,Ganggang
Jawa Timur,Sidoarjo,Tanggulangin,Ganggangpanjang
Jawa Timur,Lamongan,Ngimbang,Ganggangtingan
Jawa Timur,Sidoarjo,Gedangan,Ganting
Jawa Timur,Probolinggo,Maron,Ganting Kulon
Jawa Timur,Probolinggo,Maron,Ganting Wetan
Jawa Timur,Nganjuk,Nganjuk,Ganung Kidul
Jawa Timur,Bojonegoro,Purwosari,Gapluk
Jawa Timur,Blitar,Kanigoro,Gaprang
Jawa Timur,Sumenep,Gapura,Gapura Barat
Jawa Timur,Sumenep,Gapura,Gapura Tengah
Jawa Timur,Sumenep,Gapura,Gapura Timur
Jawa Timur,Sumenep,Talango,Gapurana
Jawa Timur,Gresik,Gresik,Gapuro Sukolilo
Jawa Timur,Jember,Silo,Garahan
Jawa Timur,Magetan,Kawedanan,Garon
Jawa Timur,Madiun,Balerejo,Garon
Jawa Timur,Nganjuk,Baron,Garu
Jawa Timur,Blitar,Garum,Garum
Jawa Timur,Lamongan,Sambeng,Garung
Jawa Timur,Pacitan,Tulakan,Gasang
Jawa Timur,Pacitan,Kebonagung,Gawang
Jawa Timur,Lamongan,Karangbinangun,Gawerejo
Jawa Timur,Trenggalek,Panggul,Gayam
Jawa Timur,Bondowoso,Botolinggo,Gayam
Jawa Timur,Pasuruan,Gondangwetan,Gayam
Jawa Timur,Mojokerto,Bangsal,Gayam
Jawa Timur,Bojonegoro,Gayam,Gayam
Jawa Timur,Sumenep,Gayam,Gayam
Jawa Timur,Kediri,Gurah,Gayam
Jawa Timur,Ngawi,Kendal,Gayam
Jawa Timur,Kediri,Mojoroto,Gayam
Jawa Timur,Bondowoso,Botolinggo,Gayam Lor
Jawa Timur,Mojokerto,Mojoanyar,Gayaman
Jawa Timur,Pacitan,Arjosari,Gayuhan
Jawa Timur,Surabaya,Gayungan,Gayungan
Jawa Timur,Bangkalan,Bangkalan,Gebang
Jawa Timur,Tulungagung,Pakel,Gebang
Jawa Timur,Jember,Patrang,Gebang
Jawa Timur,Bondowoso,Tenggarang,Gebang
Jawa Timur,Sidoarjo,Sidoarjo,Gebang
Jawa Timur,Surabaya,Sukolilo,Gebang Putih
Jawa Timur,Situbondo,Kapongan,Gebangan
Jawa Timur,Probolinggo,Krejengan,Gebangan
Jawa Timur,Lamongan,Ngimbang,Gebangangkrik
Jawa Timur,Jombang,Plandaan,Gebangbunder
Jawa Timur,Nganjuk,Baron,Gebangkerep
Jawa Timur,Mojokerto,Mojoanyar,Gebangmalang
Jawa Timur,Mojokerto,Jatirejo,Gebangsari
Jawa Timur,Magetan,Karangrejo,Gebyog
Jawa Timur,Sidoarjo,Porong,Gedang
Jawa Timur,Pacitan,Tegalombo,Gedangan
Jawa Timur,Gresik,Sidayu,Gedangan
Jawa Timur,Tulungagung,Karangrejo,Gedangan
Jawa Timur,Tulungagung,Campurdarat,Gedangan
Jawa Timur,Sidoarjo,Gedangan,Gedangan
Jawa Timur,Mojokerto,Kutorejo,Gedangan
Jawa Timur,Jombang,Mojowarno,Gedangan
Jawa Timur,Lamongan,Sukodadi,Gedangan
Jawa Timur,Lamongan,Maduran,Gedangan
Jawa Timur,Gresik,Cerme,Gedangkulud
Jawa Timur,Lumajang,Randuagung,Gedangmas
Jawa Timur,Sidoarjo,Prambon,Gedangrowo
Jawa Timur,Tulungagung,Boyolangu,Gedangsewu
Jawa Timur,Kediri,Pare,Gedangsewu
Jawa Timur,Mojokerto,Gedeg,Gedeg
Jawa Timur,Blitar,Sananwetan,Gedog
Jawa Timur,Pacitan,Donorojo,Gedompol
Jawa Timur,Mojokerto,Magersari,Gedongan
Jawa Timur,Bojonegoro,Kanor,Gedongarum
Jawa Timur,Gresik,Dukun,Gedongkedo'an
Jawa Timur,Sumenep,Giliginting,Gedugan
Jawa Timur,Sumenep,Batuan,Gedungan
Jawa Timur,Lamongan,Turi,Gedungboyountung
Jawa Timur,Jombang,Ploso,Gedongombo
Jawa Timur,Tulungagung,Sendang,Geger
Jawa Timur,Madiun,Geger,Geger
Jawa Timur,Bojonegoro,Kedungadem,Geger
Jawa Timur,Bangkalan,Geger,Geger
Jawa Timur,Lamongan,Turi,Geger
Jawa Timur,Pacitan,Arjosari,Gegeran
Jawa Timur,Ponorogo,Sukorejo,Gegeran
Jawa Timur,Nganjuk,Loceret,Gejagan
Jawa Timur,Probolinggo,Pejarakan,Gejugan
Jawa Timur,Pasuruan,Lekok,Gejugjati
Jawa Timur,Pamekasan,Pamekasan,Geladak Anyar
Jawa Timur,Sidoarjo,Candi,Gelam
Jawa Timur,Jember,Sumberbaru,Gelang
Jawa Timur,Sidoarjo,Tulangan,Gelang
Jawa Timur,Ponorogo,Sukorejo,Gelang Lor
Jawa Timur,Ponorogo,Sampung,Gelangkulon
Jawa Timur,Sumenep,Batuan,Gelugur
Jawa Timur,Situbondo,Panarukan,Gelung
Jawa Timur,Ngawi,Paron,Gelung
Jawa Timur,Sidoarjo,Taman,Geluran
Jawa Timur,Pacitan,Tegalombo,Gemaharjo
Jawa Timur,Trenggalek,Watulimo,Gemaharjo
Jawa Timur,Madiun,Gemarang,Gemarang
Jawa Timur,Ngawi,Kedunggalar,Gemarang
Jawa Timur,Trenggalek,Pogalan,Gembleb
Jawa Timur,Ngawi,Karanganyar,Gembol
Jawa Timur,Pacitan,Arjosari,Gembong
Jawa Timur,Lamongan,Babat,Gembong
Jawa Timur,Blitar,Ponggok,Gembongan
Jawa Timur,Mojokerto,Gedeg,Gembongan
Jawa Timur,Pacitan,Kebonagung,Gembuk
Jawa Timur,Mojokerto,Sooko,Gemekan
Jawa Timur,Nganjuk,Pace,Gemenggeng
Jawa Timur,Nganjuk,Bagor,Gemenggeng
Jawa Timur,Probolinggo,Sumber,Gemito
Jawa Timur,Pasuruan,Bangil,Gempeng
Jawa Timur,Pasuruan,Gempol,Gempol
Jawa Timur,Nganjuk,Rejoso,Gempol
Jawa Timur,Ngawi,Karangjati,Gempol
Jawa Timur,Tulungagung,Pakel,Gempolan
Jawa Timur,Kediri,Gurah,Gempolan
Jawa Timur,Mojokerto,Gedeg,Gempolkerep
Jawa Timur,Sidoarjo,Tarik,Gempolklutuk
Jawa Timur,Gresik,Menganti,Gempolkurung
Jawa Timur,Jombang,Gudo,Gempollegundi
Jawa Timur,Lamongan,Sambeng,Gempolmanis
Jawa Timur,Lamongan,Pucuk,Gempolpading
Jawa Timur,Lamongan,Glagah,Gempolpendowo
Jawa Timur,Sidoarjo,Tanggulangin,Gempolsari
Jawa Timur,Lamongan,Sarirejo,Gempoltukmloko
Jawa Timur,Sidoarjo,Gedangan,Gemurung
Jawa Timur,Sumenep,Gayam,Gendang Barat
Jawa Timur,Sumenep,Gayam,Gendang Timur
Jawa Timur,Pacitan,Donorojo,Gendaran
Jawa Timur,Gresik,Kebomas,Gending
Jawa Timur,Probolinggo,Gending,Gending
Jawa Timur,Tulungagung,Kedungwaru,Gendingan
Jawa Timur,Ngawi,Widodaren,Gendingan
Jawa Timur,Banyuwangi,Sempu,Gendoh
Jawa Timur,Ngawi,Sine,Gendol
Jawa Timur,Lamongan,Babat,Gendongkulon
Jawa Timur,Pasuruan,Tutur,Gendro
Jawa Timur,Ngawi,Geneng,Geneng
Jawa Timur,Bojonegoro,Margomulyo,Geneng
Jawa Timur,Blitar,Doko,Genengan
Jawa Timur,Magetan,Kawedanan,Genengan
Jawa Timur,Jombang,Kabuh,Genenganjasem
Jawa Timur,Pasuruan,Rembang,Genengwaru
Jawa Timur,Magetan,Poncol,Genilangit
Jawa Timur,Nganjuk,Loceret,Genjeng
Jawa Timur,Bojonegoro,Sugihwaras,Genjor
Jawa Timur,Bangkalan,Konang,Genteng
Jawa Timur,Surabaya,Genteng,Genteng
Jawa Timur,Banyuwangi,Genteng,Gentengkulon
Jawa Timur,Banyuwangi,Genteng,Gentengwetan
Jawa Timur,Surabaya,Asem Rowo,Genting Kalianak
Jawa Timur,Bondowoso,Taman Krocok,Gentong
Jawa Timur,Pasuruan,Gadingrejo,Gentong
Jawa Timur,Ngawi,Paron,Gentong
Jawa Timur,Jombang,Ngoro,Genukwatu
Jawa Timur,Magetan,Karas,Geplak
Jawa Timur,Pasuruan,Purwodadi,Gerbo
Jawa Timur,Ngawi,Gerih,Gerih
Jawa Timur,Lamongan,Sugio,German
Jawa Timur,Probolinggo,Maron,Gerongan
Jawa Timur,Pasuruan,Kraton,Gerongan
Jawa Timur,Sampang,Omben,Gersempal
Jawa Timur,Sumenep,Gapura,Gersik Putih
Jawa Timur,Lumajang,Tempeh,Gesang
Jawa Timur,Tulungagung,Pakel,Gesikan
Jawa Timur,Tuban,Grabagan,Gesikan
Jawa Timur,Nganjuk,Tanjunganom,Getas
Jawa Timur,Magetan,Sidorejo,Getasanyar
Jawa Timur,Bangkalan,Blega,Gigir
Jawa Timur,Sidoarjo,Taman,Gilang
Jawa Timur,Tulungagung,Ngunut,Gilang
Jawa Timur,Sumenep,Bluto,Gilang
Jawa Timur,Bangkalan,Kamal,Gili Anyar
Jawa Timur,Bangkalan,Kamal,Gili Barat
Jawa Timur,Bangkalan,Kamal,Gili Timur
Jawa Timur,Probolinggo,Sumberasih,Giliketapang
Jawa Timur,Sumenep,Bluto,Gingging
Jawa Timur,Banyuwangi,Blimbingsari,Gintangan
Jawa Timur,Lamongan,Kembangbahu,Gintungan
Jawa Timur,Magetan,Karas,Ginuk
Jawa Timur,Gresik,Kebomas,Giri
Jawa Timur,Banyuwangi,Giri,Giri
Jawa Timur,Ngawi,Ngrambe,Giriharjo
Jawa Timur,Lamongan,Ngimbang,Girik
Jawa Timur,Ngawi,Sine,Girikerto
Jawa Timur,Malang,Karangploso,Girimoyo
Jawa Timur,Ngawi,Jogorogo,Girimulyo
Jawa Timur,Magetan,Kawedanan,Giripurno
Jawa Timur,Batu,Bumiaji,Giripurno
Jawa Timur,Nganjuk,Bagor,Girirejo
Jawa Timur,Sidoarjo,Sedati,Gisikcemandi
Jawa Timur,Banyuwangi,Rogojampi,Gitik
Jawa Timur,Banyuwangi,Rogojampi,Gladag
Jawa Timur,Banyuwangi,Glagah,Glagah
Jawa Timur,Probolinggo,Pakuniran,Glagah
Jawa Timur,Lamongan,Glagah,Glagah
Jawa Timur,Banyuwangi,Purwoharjo,Glagahagung
Jawa Timur,Bojonegoro,Sugihwaras,Glagahan
Jawa Timur,Sidoarjo,Porong,Glagaharum
Jawa Timur,Pasuruan,Sukorejo,Glagahsari
Jawa Timur,Tuban,Soko,Glagahsari
Jawa Timur,Bojonegoro,Sugihwaras,Glagahwangi
Jawa Timur,Jember,Panti,Glagahwero
Jawa Timur,Jember,Kalisat,Glagahwero
Jawa Timur,Bangkalan,Arosbaya,Glagga
Jawa Timur,Pasuruan,Beji,Glanggang
Jawa Timur,Gresik,Duduksampeyan,Glanggang
Jawa Timur,Gresik,Ujungpangkah,Glatik
Jawa Timur,Blitar,Sanankulon,Gledug
Jawa Timur,Gresik,Kedamean,Glindah
Jawa Timur,Ponorogo,Sampung,Glinggang
Jawa Timur,Pacitan,Pringkuku,Glinggangan
Jawa Timur,Bondowoso,Wringin,Glingseran
Jawa Timur,Bangkalan,Modung,Glisgis
Jawa Timur,Madiun,Dolopo,Glonggong
Jawa Timur,Madiun,Balerejo,Glonggong
Jawa Timur,Jember,Wuluhan,Glundengan
Jawa Timur,Nganjuk,Loceret,Godean
Jawa Timur,Lamongan,Laren,Godog
Jawa Timur,Jombang,Gudo,Godong
Jawa Timur,Blitar,Kanigoro,Gogodeso
Jawa Timur,Kediri,Ngasem,Gogorante
Jawa Timur,Ponorogo,Sukorejo,Golan
Jawa Timur,Madiun,Sawahan,Golan
Jawa Timur,Gresik,Sidayu,Golokan
Jawa Timur,Tulungagung,Pakel,Gombang
Jawa Timur,Banyuwangi,Kalipuro,Gombengsari
Jawa Timur,Banyuwangi,Kabat,Gombolirang
Jawa Timur,Trenggalek,Tugu,Gondang
Jawa Timur,Tulungagung,Gondang,Gondang
Jawa Timur,Blitar,Gandusari,Gondang
Jawa Timur,Mojokerto,Gondang,Gondang
Jawa Timur,Nganjuk,Pace,Gondang
Jawa Timur,Bojonegoro,Gondang,Gondang
Jawa Timur,Kediri,Plosoklaten,Gondang
Jawa Timur,Pacitan,Nawangan,Gondang
Jawa Timur,Magetan,Karangrejo,Gondang
Jawa Timur,Pasuruan,Gondangwetan,Gondang Wetan
Jawa Timur,Nganjuk,Jatikalen,Gondang Wetan
Jawa Timur,Tulungagung,Pagerwojo,Gondanggunung
Jawa Timur,Nganjuk,Gondang,Gondangkulon
Jawa Timur,Nganjuk,Prambon,Gondanglegi
Jawa Timur,Lamongan,Sugio,Gondanglor
Jawa Timur,Jombang,Bandarkedungmulyo,Gondangmanis
Jawa Timur,Pasuruan,Gondangwetan,Gondangrejo
Jawa Timur,Jombang,Mojowarno,Gondek
Jawa Timur,Lumajang,Pasirian,Gondoruso
Jawa Timur,Pacitan,Punung,Gondosari
Jawa Timur,Tulungagung,Gondang,Gondosuli
Jawa Timur,Probolinggo,Pakuniran,Gondosuli
Jawa Timur,Malang,Wagir,Gondowangi
Jawa Timur,Magetan,Poncol,Gonggang
Jawa Timur,Jombang,Megaluh,Gongseng
Jawa Timur,Ponorogo,Mlarak,Gontor
Jawa Timur,Magetan,Nguntoronadi,Goranggareng
Jawa Timur,Sidoarjo,Tulangan,Grabagan
Jawa Timur,Tuban,Grabagan,Grabagan
Jawa Timur,Magetan,Karangrejo,Grabahan
Jawa Timur,Banyuwangi,Purwoharjo,Grajagan
Jawa Timur,Lumajang,Sumbersuko,Grati
Jawa Timur,Pasuruan,Grati,Gratitunon
Jawa Timur,Bojonegoro,Kalitidu,Grebegan
Jawa Timur,Gresik,Duduksampeyan,Gredek
Jawa Timur,Jember,Puger,Grenden
Jawa Timur,Sidoarjo,Tulangan,Grinting
Jawa Timur,Pamekasan,Proppo,Gro'om
Jawa Timur,Lumajang,Kedungjajang,Grobogan
Jawa Timur,Jombang,Mojowarno,Grobogan
Jawa Timur,Madiun,Jiwan,Grobogan
Jawa Timur,Banyuwangi,Giri,Grogol
Jawa Timur,Pasuruan,Gondangwetan,Grogol
Jawa Timur,Sidoarjo,Tulangan,Grogol
Jawa Timur,Jombang,Diwek,Grogol
Jawa Timur,Kediri,Grogol,Grogol
Jawa Timur,Nganjuk,Berbek,Grojogan
Jawa Timur,Bojonegoro,Dander,Growok
Jawa Timur,Ngawi,Ngawi,Grudo
Jawa Timur,Bondowoso,Cermee,Grujugan
Jawa Timur,Pamekasan,Larangan,Grujugan
Jawa Timur,Sumenep,Gapura,Grujugan
Jawa Timur,Bondowoso,Grujugan,Grujugan Kidul
Jawa Timur,Bondowoso,Jambesari Darus Sholah,Grujugan Lor
Jawa Timur,Surabaya,Gubeng,Gubeng
Jawa Timur,Bondowoso,Wringin,Gubrih
Jawa Timur,Lamongan,Karanggeneng,Guci
Jawa Timur,Lumajang,Gucialit,Gucialit
Jawa Timur,Situbondo,Asembagus,Gudang
Jawa Timur,Jombang,Gudo,Gudo
Jawa Timur,Pamekasan,Tlanakan,Gugul
Jawa Timur,Banyuwangi,Cluring,Sarimulyo
Jawa Timur,Tuban,Singgahan,Saringembat
Jawa Timur,Mojokerto,Mojosari,Sarirejo
Jawa Timur,Bojonegoro,Balen,Sarirejo
Jawa Timur,Lamongan,Sarirejo,Sarirejo
Jawa Timur,Sidoarjo,Sidoarjo,Sarirogo
Jawa Timur,Probolinggo,Sukapura,Sariwani
Jawa Timur,Sumenep,Saronggi,Saroka
Jawa Timur,Banyuwangi,Pesanggaran,Sarongan
Jawa Timur,Sumenep,Saronggi,Saronggi
Jawa Timur,Sumenep,Sapeken,Saseel
Jawa Timur,Kediri,Puncu,Satak
Jawa Timur,Blitar,Kanigoro,Satreyan
Jawa Timur,Probolinggo,Maron,Satreyan
Jawa Timur,Sumenep,Sapeken,Saur Saebus
Jawa Timur,Sampang,Robatal,Sawah Tengah
Jawa Timur,Mojokerto,Mojosari,Sawahan
Jawa Timur,Trenggalek,Panggul,Sawahan
Jawa Timur,Trenggalek,Watulimo,Sawahan
Jawa Timur,Nganjuk,Sawahan,Sawahan
Jawa Timur,Nganjuk,Lengkong,Sawahan
Jawa Timur,Tuban,Rengel,Sawahan
Jawa Timur,Surabaya,Sawahan,Sawahan
Jawa Timur,Pacitan,Donorojo,Sawahan
Jawa Timur,Madiun,Sawahan,Sawahan
Jawa Timur,Lumajang,Kedungjajang,Sawaran Kulon
Jawa Timur,Lumajang,Klakah,Sawaran Lor
Jawa Timur,Blitar,Kanigoro,Sawentar
Jawa Timur,Jombang,Jogoroto,Sawiji
Jawa Timur,Mojokerto,Kutorejo,Sawo
Jawa Timur,Gresik,Dukun,Sawo
Jawa Timur,Tulungagung,Campurdarat,Sawo
Jawa Timur,Mojokerto,Jetis,Sawo
Jawa Timur,Ngawi,Karangjati,Sawo
Jawa Timur,Sidoarjo,Wonoayu,Sawocangkring
Jawa Timur,Sidoarjo,Buduran,Sawohan
Jawa Timur,Magetan,Takeran,Sawojajar
Jawa Timur,Sidoarjo,Gedangan,Sawotratap
Jawa Timur,Ponorogo,Siman,Sawuh
Jawa Timur,Surabaya,Wonokromo,Sawunggaling
Jawa Timur,Magetan,Parang,Sayutan
Jawa Timur,Pasuruan,Nguling,Sebalong
Jawa Timur,Tulungagung,Bandung,Sebalor
Jawa Timur,Pasuruan,Sukorejo,Sebandung
Jawa Timur,Jember,Kalisat,Sebanen
Jawa Timur,Sidoarjo,Tarik,Sebani
Jawa Timur,Pasuruan,Pandaan,Sebani
Jawa Timur,Jombang,Sumobito,Sebani
Jawa Timur,Pasuruan,Gadingrejo,Sebani
Jawa Timur,Probolinggo,Gending,Sebaung
Jawa Timur,Madiun,Gemarang,Sebayi
Jawa Timur,Kediri,Plemahan,Sebet
Jawa Timur,Probolinggo,Krejengan,Seboro
Jawa Timur,Pasuruan,Tosari,Sedaeng
Jawa Timur,Gresik,Sidayu,Sedagaran
Jawa Timur,Ponorogo,Jenangan,Sedah
Jawa Timur,Bojonegoro,Purwosari,Sedahkidul
Jawa Timur,Gresik,Benjeng,Sedapur Klagen
Jawa Timur,Ponorogo,Balong,Sedarat
Jawa Timur,Pasuruan,Nguling,Sedarum
Jawa Timur,Mojokerto,Ngoro,Sedati
Jawa Timur,Sidoarjo,Sedati,Sedatiagung
Jawa Timur,Sidoarjo,Sedati,Sedatigede
Jawa Timur,Pacitan,Arjosari,Sedayu
Jawa Timur,Tulungagung,Besuki,Sedayugunung
Jawa Timur,Pamekasan,Pakong,Seddur
Jawa Timur,Bojonegoro,Kanor,Sedeng
Jawa Timur,Pacitan,Pacitan,Sedeng
Jawa Timur,Sidoarjo,Krian,Sedenganmijen
Jawa Timur,Mojokerto,Mojosari,Seduri
Jawa Timur,Sidoarjo,Balongbendo,Seduri
Jawa Timur,Probolinggo,Tiris,Segaran
Jawa Timur,Kediri,Wates,Segaran
Jawa Timur,Tulungagung,Pagerwojo,Segawe
Jawa Timur,Banyuwangi,Licin,Segobang
Jawa Timur,Sidoarjo,Tarik,Segodobancang
Jawa Timur,Jombang,Sumobito,Segodorejo
Jawa Timur,Gresik,Kebomas,Segoromadu
Jawa Timur,Pasuruan,Rejoso,Segoropuro
Jawa Timur,Sidoarjo,Sedati,Segorotambak
Jawa Timur,Madiun,Dagangan,Segulung
Jawa Timur,Mojokerto,Dlanggu,Segunung
Jawa Timur,Sampang,Camplong,Sejati
Jawa Timur,Bojonegoro,Sekar,Sekar
Jawa Timur,Pacitan,Donorojo,Sekar
Jawa Timur,Pasuruan,Gondangwetan,Sekar Putih
Jawa Timur,Ngawi,Widodaren,Sekaralas
Jawa Timur,Nganjuk,Loceret,Sekaran
Jawa Timur,Bojonegoro,Balen,Sekaran
Jawa Timur,Kediri,Kayen Kidul,Sekaran
Jawa Timur,Ponorogo,Siman,Sekaran
Jawa Timur,Bojonegoro,Kasiman,Sekaran
Jawa Timur,Lamongan,Sekaran,Sekaran
Jawa Timur,Lamongan,Sugio,Sekarbagus
Jawa Timur,Sidoarjo,Sidoarjo,Sekardangan
Jawa Timur,Gresik,Dukun,Sekargadung
Jawa Timur,Mojokerto,Pungging,Sekargadung
Jawa Timur,Pasuruan,Purworejo,Sekargadung
Jawa Timur,Ngawi,Karanganyar,Sekarjati
Jawa Timur,Pasuruan,Prigen,Sekarjoho
Jawa Timur,Probolinggo,Dringu,Sekarkare
Jawa Timur,Gresik,Kebomas,Sekarkurung
Jawa Timur,Pasuruan,Purwosari,Sekarmojo
Jawa Timur,Bondowoso,Tegalampel,Sekarputih
Jawa Timur,Nganjuk,Bagor,Sekarputih
Jawa Timur,Gresik,Balongpanggang,Sekarputih
Jawa Timur,Ngawi,Widodaren,Sekarputih
Jawa Timur,Sidoarjo,Balongbendo,Seketi
Jawa Timur,Jombang,Mojoagung,Seketi
Jawa Timur,Kediri,Ngadiluwih,Seketi
Jawa Timur,Lamongan,Sambeng,Sekidang
Jawa Timur,Kediri,Badas,Sekoto
Jawa Timur,Situbondo,Banyuglugur,Selabanteng
Jawa Timur,Situbondo,Kapongan,Seletreng
Jawa Timur,Jember,Tanggul,Selodakon
Jawa Timur,Kediri,Ringinrejo,Selodono
Jawa Timur,Tuban,Parengan,Selogabus
Jawa Timur,Probolinggo,Pejarakan,Selogudig Kulon
Jawa Timur,Probolinggo,Pejarakan,Selogudig Wetan
Jawa Timur,Lumajang,Pasirian,Selok Awar-Awar
Jawa Timur,Blitar,Srengat,Selokajang
Jawa Timur,Lumajang,Pasirian,Selokanyar
Jawa Timur,Lumajang,Sukodono,Selokbesuki
Jawa Timur,Lumajang,Sukodono,Selokgondang
Jawa Timur,Bondowoso,Curahdami,Selolembu
Jawa Timur,Mojokerto,Trawas,Seloliman
Jawa Timur,Situbondo,Mlandingan,Selomukti
Jawa Timur,Magetan,Ngariboyo,Selopanggung
Jawa Timur,Kediri,Semen,Selopanggung
Jawa Timur,Blitar,Selopuro,Selopuro
Jawa Timur,Ngawi,Pitu,Selopuro
Jawa Timur,Tulungagung,Ngunut,Selorejo
Jawa Timur,Blitar,Selorejo,Selorejo
Jawa Timur,Jombang,Mojowarno,Selorejo
Jawa Timur,Nganjuk,Bagor,Selorejo
Jawa Timur,Magetan,Kawedanan,Selorejo
Jawa Timur,Bojonegoro,Baureno,Selorejo
Jawa Timur,Lamongan,Sambeng,Selorejo
Jawa Timur,Kediri,Kandat,Selosari
Jawa Timur,Magetan,Magetan,Selosari
Jawa Timur,Pasuruan,Kraton,Selotambak
Jawa Timur,Mojokerto,Trawas,Selotapak
Jawa Timur,Magetan,Ngariboyo,Selotinatah
Jawa Timur,Situbondo,Bungatan,Selowogo
Jawa Timur,Situbondo,Jatibanteng,Semambung
Jawa Timur,Sidoarjo,Jabon,Semambung
Jawa Timur,Sidoarjo,Wonoayu,Semambung
Jawa Timur,Sidoarjo,Gedangan,Semambung
Jawa Timur,Bojonegoro,Kanor,Semambung
Jawa Timur,Kediri,Kayen Kidul,Semambung
Jawa Timur,Sidoarjo,Sedati,Semampir
Jawa Timur,Probolinggo,Kraksaan,Semampir
Jawa Timur,Gresik,Cerme,Semampir
Jawa Timur,Kediri,Kota,Semampir
Jawa Timur,Lamongan,Sambeng,Semampirejo
Jawa Timur,Bojonegoro,Bojonegoro,Semanding
Jawa Timur,Kediri,Pagu,Semanding
Jawa Timur,Ponorogo,Kauman,Semanding
Jawa Timur,Ponorogo,Jenangan,Semanding
Jawa Timur,Pacitan,Pacitan,Semanten
Jawa Timur,Pasuruan,Kraton,Semare
Jawa Timur,Nganjuk,Berbek,Semare
Jawa Timur,Trenggalek,Durenan,Semarum
Jawa Timur,Bojonegoro,Sukosewu,Semawot
Jawa Timur,Gresik,Manyar,Sembayat
Jawa Timur,Bangkalan,Bangkalan,Sembilangan
Jawa Timur,Tulungagung,Karangrejo,Sembon
Jawa Timur,Jember,Semboro,Semboro
Jawa Timur,Pacitan,Sudimoro,Sembowo
Jawa Timur,Banyuwangi,Cluring,Sembulung
Jawa Timur,Gresik,Wringinanom,Sembung
Jawa Timur,Tulungagung,Tulungagung,Sembung
Jawa Timur,Jombang,Perak,Sembung
Jawa Timur,Bojonegoro,Kapas,Sembung
Jawa Timur,Tuban,Parengan,Sembung
Jawa Timur,Ngawi,Karangjati,Sembung
Jawa Timur,Lamongan,Sukorame,Sembung
Jawa Timur,Gresik,Dukun,Sembungan Kidul
Jawa Timur,Gresik,Dukun,Sembunganyar
Jawa Timur,Bojonegoro,Baureno,Sembunglor
Jawa Timur,Tuban,Plumpang,Sembungrejo
Jawa Timur,Pasuruan,Lekok,Semedusari
Jawa Timur,Surabaya,Benowo,Sememi
Jawa Timur,Lumajang,Pasirian,Sememu
Jawa Timur,Blitar,Gandusari,Semen
Jawa Timur,Magetan,Nguntoronadi,Semen
Jawa Timur,Kediri,Semen,Semen
Jawa Timur,Kediri,Pagu,Semen
Jawa Timur,Ngawi,Paron,Semen
Jawa Timur,Bojonegoro,Sukosewu,Semenkidul
Jawa Timur,Bojonegoro,Kapas,Semenpinggir
Jawa Timur,Situbondo,Mangaran,Semiring
Jawa Timur,Bojonegoro,Malo,Semlaran
Jawa Timur,Surabaya,Sukolilo,Semolowaru
Jawa Timur,Bondowoso,Prajekan,Sempol
Jawa Timur,Magetan,Maospati,Sempol
Jawa Timur,Bondowoso,Sempol,Sempol
Jawa Timur,Jember,Silo,Sempolan
Jawa Timur,Banyuwangi,Sempu,Sempu
Jawa Timur,Kediri,Ngancar,Sempu
Jawa Timur,Pacitan,Nawangan,Sempu
Jawa Timur,Jember,Kaliwates,Sempusari
Jawa Timur,Pasuruan,Purwodadi,Semut
Jawa Timur,Bangkalan,Konang,Sen Asen
Jawa Timur,Tulungagung,Sendang,Sendang
Jawa Timur,Tuban,Senori,Sendang
Jawa Timur,Sumenep,Pragaan,Sendang
Jawa Timur,Kediri,Banyakan,Sendang
Jawa Timur,Pacitan,Donorojo,Sendang
Jawa Timur,Ponorogo,Jambon,Sendang
Jawa Timur,Bangkalan,Labang,Sendang Dajah
Jawa Timur,Bangkalan,Labang,Sendang Laok
Jawa Timur,Bojonegoro,Sumberejo,Sendangagung
Jawa Timur,Magetan,Plaosan,Sendangagung
Jawa Timur,Nganjuk,Berbek,Sendangbumen
Jawa Timur,Bojonegoro,Ngasem,Sendangharjo
Jawa Timur,Bojonegoro,Tambakrejo,Sendangrejo
Jawa Timur,Bojonegoro,Dander,Sendangrejo
Jawa Timur,Tuban,Parengan,Sendangrejo
Jawa Timur,Madiun,Madiun,Sendangrejo
Jawa Timur,Lamongan,Ngimbang,Sendangrejo
Jawa Timur,Lamongan,Lamongan,Sendangrejo
Jawa Timur,Trenggalek,Kampak,Senden
Jawa Timur,Kediri,Kayen Kidul,Senden
Jawa Timur,Sumenep,Lenteng,Sendir
Jawa Timur,Lumajang,Senduro,Senduro
Jawa Timur,Probolinggo,Krucil,Seneng
Jawa Timur,Bojonegoro,Gondang,Senganten
Jawa Timur,Nganjuk,Gondang,Senggowar
Jawa Timur,Nganjuk,Berbek,Sengkut
Jawa Timur,Trenggalek,Bendungan,Sengon
Jawa Timur,Bojonegoro,Ngambon,Sengon
Jawa Timur,Pasuruan,Purwosari,Sengonagung
Jawa Timur,Nganjuk,Gondang,Senjayan
Jawa Timur,Mojokerto,Kranggan,Sentanan
Jawa Timur,Pamekasan,Pademawu,Sentol
Jawa Timur,Sumenep,Pragaan,Sentol Daya
Jawa Timur,Sumenep,Pragaan,Sentol Laok
Jawa Timur,Probolinggo,Krejengan,Sentong
Jawa Timur,Mojokerto,Trowulan,Sentonorejo
Jawa Timur,Lumajang,Sumbersuko,Sentul
Jawa Timur,Probolinggo,Gading,Sentul
Jawa Timur,Pasuruan,Purwodadi,Sentul
Jawa Timur,Sidoarjo,Tanggulangin,Sentul
Jawa Timur,Blitar,Kepanjenkidul,Sentul
Jawa Timur,Probolinggo,Banyuanyar,Sentulan
Jawa Timur,Sidoarjo,Candi,Sepande
Jawa Timur,Sidoarjo,Taman,Sepanjang
Jawa Timur,Banyuwangi,Glenmore,Sepanjang
Jawa Timur,Sumenep,Sapeken,Sepanjang
Jawa Timur,Jombang,Gudo,Sepanyul
Jawa Timur,Bangkalan,Galis,Separah
Jawa Timur,Tulungagung,Gondang,Sepatan
Jawa Timur,Kediri,Plosoklaten,Sepawon
Jawa Timur,Probolinggo,Wonomerto,Sepuhgembol
Jawa Timur,Jember,Mayang,Seputih
Jawa Timur,Sumenep,Bluto,Sera Barat
Jawa Timur,Sumenep,Bluto,Sera Tengah
Jawa Timur,Sumenep,Bluto,Sera Timur
Jawa Timur,Ponorogo,Pulung,Serag
Jawa Timur,Blitar,Panggungrejo,Serang
Jawa Timur,Ponorogo,Mlarak,Serangan
Jawa Timur,Ponorogo,Sukorejo,Serangan
Jawa Timur,Tulungagung,Boyolangu,Serut
Jawa Timur,Jember,Panti,Serut
Jawa Timur,Banyuwangi,Genteng,Setail
Jawa Timur,Ponorogo,Jenangan,Setono
Jawa Timur,Ngawi,Ngrambe,Setono
Jawa Timur,Kediri,Kota,Setonogedong
Jawa Timur,Kediri,Kota,Setonopande
Jawa Timur,Kediri,Kras,Setonorejo
Jawa Timur,Nganjuk,Rejoso,Setren
Jawa Timur,Magetan,Bendo,Setren
Jawa Timur,Bojonegoro,Ngasem,Setren
Jawa Timur,Gresik,Menganti,Setro
Jawa Timur,Gresik,Duduksampeyan,Setrohadi
Jawa Timur,Lamongan,Sukorame,Sewor
Jawa Timur,Madiun,Dagangan,Sewulan
Jawa Timur,Pasuruan,Pasrepan,Sibon
Jawa Timur,Tulungagung,Gondang,Sidem
Jawa Timur,Pasuruan,Winongan,Sidepan
Jawa Timur,Gresik,Gresik,Sido Kumpul
Jawa Timur,Bojonegoro,Balen,Sidobandung
Jawa Timur,Lamongan,Kedungpring,Sidobangun
Jawa Timur,Lamongan,Deket,Sidobinangun
Jawa Timur,Lamongan,Sugio,Sidobogem
Jawa Timur,Sidoarjo,Candi,Sidodadi
Jawa Timur,Sidoarjo,Taman,Sidodadi
Jawa Timur,Blitar,Garum,Sidodadi
Jawa Timur,Malang,Lawang,Sidodadi
Jawa Timur,Jember,Tempurejo,Sidodadi
Jawa Timur,Banyuwangi,Wongsorejo,Sidodadi
Jawa Timur,Probolinggo,Paiton,Sidodadi
Jawa Timur,Bojonegoro,Sukosewu,Sidodadi
Jawa Timur,Surabaya,Simokerto,Sidodadi
Jawa Timur,Madiun,Mejayan,Sidodadi
Jawa Timur,Lamongan,Modo,Sidodowo
Jawa Timur,Lamongan,Sukodadi,Sidogembul
Jawa Timur,Pasuruan,Kraton,Sidogiri
Jawa Timur,Mojokerto,Gedeg,Sidoharjo
Jawa Timur,Nganjuk,Tanjunganom,Sidoharjo
Jawa Timur,Tuban,Senori,Sidoharjo
Jawa Timur,Pacitan,Pacitan,Sidoharjo
Jawa Timur,Ponorogo,Pulung,Sidoharjo
Jawa Timur,Ponorogo,Jambon,Sidoharjo
Jawa Timur,Lamongan,Lamongan,Sidoharjo
Jawa Timur,Gresik,Menganti,Sidojangkung
Jawa Timur,Sidoarjo,Sidoarjo,Sidokare
Jawa Timur,Nganjuk,Rejoso,Sidokare
Jawa Timur,Jombang,Kudu,Sidokaton
Jawa Timur,Sidoarjo,Buduran,Sidokepung
Jawa Timur,Sidoarjo,Buduran,Sidokerto
Jawa Timur,Jombang,Mojowarno,Sidokerto
Jawa Timur,Magetan,Sidorejo,Sidokerto
Jawa Timur,Ngawi,Karangjati,Sidokerto
Jawa Timur,Sidoarjo,Sidoarjo,Sidoklumpuk
Jawa Timur,Gresik,Bungah,Sidokumpul
Jawa Timur,Sidoarjo,Sidoarjo,Sidokumpul
Jawa Timur,Tuban,Bangilan,Sidokumpul
Jawa Timur,Lamongan,Sambeng,Sidokumpul
Jawa Timur,Lamongan,Lamongan,Sidokumpul
Jawa Timur,Ngawi,Widodaren,Sidolaju
Jawa Timur,Malang,Lawang,Sidoluhur
Jawa Timur,Ngawi,Widodaren,Sidomakmur
Jawa Timur,Jember,Semboro,Sidomekar
Jawa Timur,Lamongan,Kedungpring,Sidomlangean
Jawa Timur,Sidoarjo,Krian,Sidomojo
Jawa Timur,Gresik,Kebomas,Sidomoro
Jawa Timur,Gresik,Bungah,Sidomukti
Jawa Timur,Gresik,Kebomas,Sidomukti
Jawa Timur,Jember,Mayang,Sidomukti
Jawa Timur,Probolinggo,Kraksaan,Sidomukti
Jawa Timur,Bojonegoro,Kepohbaru,Sidomukti
Jawa Timur,Magetan,Plaosan,Sidomukti
Jawa Timur,Bojonegoro,Kasiman,Sidomukti
Jawa Timur,Lamongan,Kembangbahu,Sidomukti
Jawa Timur,Lamongan,Lamongan,Sidomukti
Jawa Timur,Blitar,Bakung,Sidomulyo
Jawa Timur,Sidoarjo,Krian,Sidomulyo
Jawa Timur,Sidoarjo,Buduran,Sidomulyo
Jawa Timur,Gresik,Sidayu,Sidomulyo
Jawa Timur,Pacitan,Kebonagung,Sidomulyo
Jawa Timur,Pacitan,Ngadirojo,Sidomulyo
Jawa Timur,Trenggalek,Pule,Sidomulyo
Jawa Timur,Tulungagung,Pagerwojo,Sidomulyo
Jawa Timur,Tulungagung,Gondang,Sidomulyo
Jawa Timur,Blitar,Selorejo,Sidomulyo
Jawa Timur,Jember,Semboro,Sidomulyo
Jawa Timur,Jember,Silo,Sidomulyo
Jawa Timur,Probolinggo,Kotaanyar,Sidomulyo
Jawa Timur,Mojokerto,Bangsal,Sidomulyo
Jawa Timur,Bojonegoro,Kedungadem,Sidomulyo
Jawa Timur,Batu,Batu,Sidomulyo
Jawa Timur,Kediri,Semen,Sidomulyo
Jawa Timur,Kediri,Wates,Sidomulyo
Jawa Timur,Kediri,Puncu,Sidomulyo
Jawa Timur,Kediri,Purwoasri,Sidomulyo
Jawa Timur,Madiun,Sawahan,Sidomulyo
Jawa Timur,Madiun,Wonoasri,Sidomulyo
Jawa Timur,Magetan,Sidorejo,Sidomulyo
Jawa Timur,Ngawi,Ngrambe,Sidomulyo
Jawa Timur,Lamongan,Mantup,Sidomulyo
Jawa Timur,Lamongan,Modo,Sidomulyo
Jawa Timur,Lamongan,Deket,Sidomulyo
Jawa Timur,Probolinggo,Kraksaan,Sidopekso
Jawa Timur,Gresik,Kedamean,Sidoraharjo
Jawa Timur,Malang,Wagir,Sidorahayu
Jawa Timur,Sidoarjo,Krian,Sidorejo
Jawa Timur,Gresik,Bungah,Sidorejo
Jawa Timur,Tulungagung,Kauman,Sidorejo
Jawa Timur,Blitar,Doko,Sidorejo
Jawa Timur,Lumajang,Rowokangkung,Sidorejo
Jawa Timur,Jember,Umbulsari,Sidorejo
Jawa Timur,Banyuwangi,Purwoharjo,Sidorejo
Jawa Timur,Probolinggo,Kotaanyar,Sidorejo
Jawa Timur,Mojokerto,Jetis,Sidorejo
Jawa Timur,Nganjuk,Sawahan,Sidorejo
Jawa Timur,Madiun,Kebon Sari,Sidorejo
Jawa Timur,Madiun,Wungu,Sidorejo
Jawa Timur,Madiun,Saradan,Sidorejo
Jawa Timur,Bojonegoro,Kedungadem,Sidorejo
Jawa Timur,Bojonegoro,Sukosewu,Sidorejo
Jawa Timur,Kediri,Pare,Sidorejo
Jawa Timur,Ponorogo,Sukorejo,Sidorejo
Jawa Timur,Magetan,Sidorejo,Sidorejo
Jawa Timur,Ngawi,Kendal,Sidorejo
Jawa Timur,Ngawi,Geneng,Sidorejo
Jawa Timur,Ngawi,Karangjati,Sidorejo
Jawa Timur,Bojonegoro,Padangan,Sidorejo
Jawa Timur,Lamongan,Sugio,Sidorejo
Jawa Timur,Lamongan,Deket,Sidorejo
Jawa Timur,Gresik,Gresik,Sidorukun
Jawa Timur,Surabaya,Wonocolo,Sidosermo
Jawa Timur,Tuban,Bangilan,Sidotentrem
Jawa Timur,Surabaya,Semampir,Sidotopo
Jawa Timur,Surabaya,Kenjeran,Sidotopo Wetan
Jawa Timur,Banyuwangi,Wongsorejo,Sidowangi
Jawa Timur,Jombang,Ngoro,Sidowarek
Jawa Timur,Kediri,Plemahan,Sidowarek
Jawa Timur,Pasuruan,Beji,Sidowayah
Jawa Timur,Magetan,Panekan,Sidowayah
Jawa Timur,Gresik,Menganti,Sidowungu
Jawa Timur,Trenggalek,Dongko,Siki
Jawa Timur,Kediri,Wates,Silir
Jawa Timur,Banyuwangi,Siliragung,Siliragung
Jawa Timur,Jember,Silo,Silo
Jawa Timur,Kediri,Kepung,Siman
Jawa Timur,Ponorogo,Siman,Siman
Jawa Timur,Lamongan,Sekaran,Siman
Jawa Timur,Mojokerto,Kutorejo,Simbaringin
Jawa Timur,Magetan,Nguntoronadi,Simbatan
Jawa Timur,Bojonegoro,Kanor,Simbatan
Jawa Timur,Lamongan,Sarirejo,Simbatan
Jawa Timur,Tulungagung,Kedungwaru,Simo
Jawa Timur,Tuban,Soko,Simo
Jawa Timur,Madiun,Balerejo,Simo
Jawa Timur,Ngawi,Kendal,Simo
Jawa Timur,Ngawi,Kwadungan,Simo
Jawa Timur,Sidoarjo,Wonoayu,Simoangin-angin
Jawa Timur,Sidoarjo,Prambon,Simogirang
Jawa Timur,Surabaya,Simokerto,Simokerto
Jawa Timur,Sidoarjo,Wonoayu,Simoketawang
Jawa Timur,Surabaya,Simokerto,Simolawang
Jawa Timur,Surabaya,Sukomanunggal,Simomulyo
Jawa Timur,Surabaya,Sukomanunggal,Simomulyo Baru
Jawa Timur,Mojokerto,Dawarblandong,Simongagrok
Jawa Timur,Bojonegoro,Kepohbaru,Simorejo
Jawa Timur,Bojonegoro,Kanor,Simorejo
Jawa Timur,Tuban,Widang,Simorejo
Jawa Timur,Sidoarjo,Prambon,Simpang
Jawa Timur,Probolinggo,Besuk,Sindetanyar
Jawa Timur,Probolinggo,Besuk,Sindetlami
Jawa Timur,Ngawi,Sine,Sine
Jawa Timur,Banyuwangi,Siliragung,Sineporejo
Jawa Timur,Madiun,Kebon Sari,Singgahan
Jawa Timur,Ponorogo,Pulung,Singgahan
Jawa Timur,Tulungagung,Bandung,Singgit
Jawa Timur,Sidoarjo,Balongbendo,Singkalan
Jawa Timur,Nganjuk,Prambon,Singkalanyar
Jawa Timur,Ponorogo,Balong,Singkil
Jawa Timur,Sidoarjo,Tarik,Singogalih
Jawa Timur,Banyuwangi,Singojuruh,Singojuruh
Jawa Timur,Banyuwangi,Singojuruh,Singolatren
Jawa Timur,Banyuwangi,Banyuwangi,Singonegaran
Jawa Timur,Kediri,Pesantren,Singonegaran
Jawa Timur,Sidoarjo,Tulangan,Singopadu
Jawa Timur,Ponorogo,Jenangan,Singosaren
Jawa Timur,Gresik,Kebomas,Singosari
Jawa Timur,Banyuwangi,Banyuwangi,Singotrunan
Jawa Timur,Mojokerto,Kutorejo,Singowangi
Jawa Timur,Blitar,Kesamben,Siraman
Jawa Timur,Madiun,Madiun,Sirapan
Jawa Timur,Ngawi,Paron,Sirigan
Jawa Timur,Sidoarjo,Porong,Siring
Jawa Timur,Gresik,Benjeng,Sirnoboyo
Jawa Timur,Pacitan,Pacitan,Sirnoboyo
Jawa Timur,Lamongan,Laren,Siser
Jawa Timur,Batu,Batu,Sisir
Jawa Timur,Bojonegoro,Sukosewu,Sitiaji
Jawa Timur,Kediri,Pagu,Sitimerto
Jawa Timur,Malang,Wagir,Sitirejo
Jawa Timur,Tulungagung,Besuki,Sitoyobagus
Jawa Timur,Nganjuk,Sawahan,Siwalan
Jawa Timur,Bojonegoro,Sugihwaras,Siwalan
Jawa Timur,Ponorogo,Mlarak,Siwalan
Jawa Timur,Surabaya,Wonocolo,Siwalankerto
Jawa Timur,Sidoarjo,Buduran,Siwalanpanji
Jawa Timur,Lamongan,Sukodadi,Siwalanrejo
Jawa Timur,Lamongan,Maduran,Siwuran
Jawa Timur,Pasuruan,Rembang,Siyar
Jawa Timur,Pasuruan,Kejayan,Sladi
Jawa Timur,Lamongan,Ngimbang,Slaharwotan
Jawa Timur,Pasuruan,Kraton,Slambrit
Jawa Timur,Madiun,Geger,Slambur
Jawa Timur,Jember,Ledokombo,Slateng
Jawa Timur,Trenggalek,Watulimo,Slawe
Jawa Timur,Jember,Patrang,Slawu
Jawa Timur,Blitar,Udanawu,Slemanan
Jawa Timur,Gresik,Kedamean,Slempit
Jawa Timur,Situbondo,Panji,Sliwung
Jawa Timur,Blitar,Garum,Slorok
Jawa Timur,Blitar,Doko,Slorok
Jawa Timur,Blitar,Gandusari,Slumbung
Jawa Timur,Kediri,Ngadiluwih,Slumbung
Jawa Timur,Bangkalan,Burneh,Sobih
Jawa Timur,Trenggalek,Munjungan,Sobo
Jawa Timur,Banyuwangi,Banyuwangi,Sobo
Jawa Timur,Pacitan,Pringkuku,Sobo
Jawa Timur,Tulungagung,Boyolangu,Sobontoro
Jawa Timur,Bojonegoro,Balen,Sobontoro
Jawa Timur,Magetan,Karas,Sobontoro
Jawa Timur,Madiun,Wungu,Sobrah
Jawa Timur,Bangkalan,Socah,Socah
Jawa Timur,Magetan,Bendo,Soco
Jawa Timur,Ngawi,Jogorogo,Soco
Jawa Timur,Tulungagung,Pakel,Sodo
Jawa Timur,Probolinggo,Pakuniran,Sogaan
Jawa Timur,Madiun,Manguharjo,Sogaten
Jawa Timur,Sampang,Omben,Sogian
Jawa Timur,Madiun,Balerejo,Sogo
Jawa Timur,Lamongan,Babat,Sogo
Jawa Timur,Probolinggo,Krejengan,Soka'an
Jawa Timur,Sumenep,Nonggunong,Sokarami Paseser
Jawa Timur,Sumenep,Nonggunong,Sokaramme Timur
Jawa Timur,Bangkalan,Tragah,Soket Dajah
Jawa Timur,Bangkalan,Tragah,Soket Laok
Jawa Timur,Tulungagung,Bandung,Soko
Jawa Timur,Bojonegoro,Temayang,Soko
Jawa Timur,Lamongan,Tikung,Soko
Jawa Timur,Lamongan,Glagah,Soko
Jawa Timur,Nganjuk,Wilangan,Sukoharjo
Jawa Timur,Pamekasan,Kadur,Sokalelah
Jawa Timur,Nganjuk,Sukomoro,Sokomoro
Jawa Timur,Tuban,Soko,Sokosari
Jawa Timur,Bondowoso,Cermee,Solor
Jawa Timur,Pamekasan,Pakong,Somalang
Jawa Timur,Sampang,Tambelangan,Somber
Jawa Timur,Sumenep,Nonggunong,Somber
Jawa Timur,Lumajang,Gucialit,Sombo
Jawa Timur,Magetan,Poncol,Sombo
Jawa Timur,Nganjuk,Loceret,Sombron
Jawa Timur,Bojonegoro,Dander,Sumodikaran
Jawa Timur,Bangkalan,Kwanyar,Somor Koneng
Jawa Timur,Ponorogo,Kauman,Somoroto
Jawa Timur,Lamongan,Kalitengah,Somosari
Jawa Timur,Lamongan,Karangbinangun,Somowinangun
Jawa Timur,Batu,Batu,Songgokerto
Jawa Timur,Banyuwangi,Songgon,Songgon
Jawa Timur,Lamongan,Bluluk,Songowareng
Jawa Timur,Nganjuk,Prambon,Sono Ageng
Jawa Timur,Lamongan,Karanggeneng,Sonoadi
Jawa Timur,Nganjuk,Tanjunganom,Sonobekel
Jawa Timur,Sumenep,Nonggunong,Sonok
Jawa Timur,Jember,Rambipuji,Gugut
Jawa Timur,Sampang,Pangarengan,Gulbung
Jawa Timur,Gresik,Kebomas,Gulomantung
Jawa Timur,Sumenep,Guluk-Guluk,Guluk-guluk
Jawa Timur,Sumenep,Bluto,Guluk Manjung
Jawa Timur,Magetan,Maospati,Gulun
Jawa Timur,Lamongan,Maduran,Gumantuk
Jawa Timur,Jember,Balung,Gumelar
Jawa Timur,Gresik,Bungah,Gumeng
Jawa Timur,Mojokerto,Gondang,Gumeng
Jawa Timur,Gresik,Manyar,Gumeno
Jawa Timur,Lamongan,Tikung,Guminingrejo
Jawa Timur,Banyuwangi,Singojuruh,Gumirih
Jawa Timur,Banyuwangi,Licin,Gumuk
Jawa Timur,Jember,Gumukmas,Gumukmas
Jawa Timur,Jember,Kalisat,Gumuksari
Jawa Timur,Surabaya,Bubutan,Gundih
Jawa Timur,Sumenep,Batuan,Gunggung
Jawa Timur,Probolinggo,Pakuniran,Gunggungan Kidul
Jawa Timur,Probolinggo,Pakuniran,Gunggungan Lor
Jawa Timur,Bondowoso,Tlogosari,Gunosari
Jawa Timur,Pasuruan,Sukorejo,Gunting
Jawa Timur,Bondowoso,Tapen,Gunung Anyar
Jawa Timur,Surabaya,Gunung Anyar,Gunung Anyar
Jawa Timur,Surabaya,Gunung Anyar,Gunung Anyar Tambak
Jawa Timur,Pasuruan,Beji,Gunung Gangsir
Jawa Timur,Sumenep,Manding,Gunung Kembar
Jawa Timur,Sampang,Karangpenang,Gunung Kesan
Jawa Timur,Sampang,Sampang,Gunung Maddah
Jawa Timur,Situbondo,Suboh,Gunung Malang
Jawa Timur,Situbondo,Suboh,Gunung Putri
Jawa Timur,Sampang,Robatal,Gunung Rancak
Jawa Timur,Surabaya,Dukuh Pakis,Gunung Sari
Jawa Timur,Sampang,Sampang,Gunung Sekar
Jawa Timur,Bangkalan,Kwanyar,Gunung Sereng
Jawa Timur,Mojokerto,Dawarblandong,Gunungan
Jawa Timur,Magetan,Kartoharjo,Gunungan
Jawa Timur,Tuban,Soko,Gununganyar
Jawa Timur,Probolinggo,Tegalsiwalan,Gunungbekel
Jawa Timur,Sampang,Kedungdung,Gunungeleh
Jawa Timur,Mojokerto,Magersari,Gununggedangan
Jawa Timur,Blitar,Wonotirto,Gununggede
Jawa Timur,Probolinggo,Banyuanyar,Gununggeni
Jawa Timur,Jember,Sumberjambe,Gunungmalang
Jawa Timur,Pacitan,Sudimoro,Gunungrejo
Jawa Timur,Lamongan,Kedungpring,Gunungrejo
Jawa Timur,Jember,Umbulsari,Gunungsari
Jawa Timur,Bondowoso,Maesan,Gunungsari
Jawa Timur,Pasuruan,Beji,Gunungsari
Jawa Timur,Mojokerto,Dawarblandong,Gunungsari
Jawa Timur,Bojonegoro,Baureno,Gunungsari
Jawa Timur,Batu,Bumiaji,Gunungsari
Jawa Timur,Pacitan,Arjosari,Gunungsari
Jawa Timur,Madiun,Madiun,Gunungsari
Jawa Timur,Ngawi,Kasreman,Gunungsari
Jawa Timur,Probolinggo,Bantaran,Gunungtugel
Jawa Timur,Ponorogo,Babadan,Gupolo
Jawa Timur,Kediri,Gurah,Gurah
Jawa Timur,Gresik,Cerme,Guranganyar
Jawa Timur,Gresik,Benjeng,Gurangploso
Jawa Timur,Sumenep,Ra'as,Guwa-Guwa
Jawa Timur,Probolinggo,Krucil,Guyangan
Jawa Timur,Nganjuk,Bagor,Guyangan
Jawa Timur,Bojonegoro,Trucuk,Guyangan
Jawa Timur,Ngawi,Gerih,Guyung
Jawa Timur,Pacitan,Ngadirojo,Hadiluwih
Jawa Timur,Pacitan,Ngadirojo,Hadiwarno
Jawa Timur,Ngawi,Ngrambe,Hargomulyo
Jawa Timur,Bojonegoro,Kedewan,Hargomulyo
Jawa Timur,Ngawi,Sine,Hargosari
Jawa Timur,Jember,Silo,Harjomulyo
Jawa Timur,Gresik,Menganti,Hendrosari
Jawa Timur,Gresik,Menganti,Hulaan
Jawa Timur,Gresik,Cerme,Iker-iker Geger
Jawa Timur,Gresik,Dukun,Ima'an
Jawa Timur,Gresik,Kebomas,Indro
Jawa Timur,Gresik,Bungah,Indrodelik
Jawa Timur,Bangkalan,Tragah,Ja'ah
Jawa Timur,Nganjuk,Gondang,Ja'an
Jawa Timur,Tulungagung,Sumbergempol,Jabalsari
Jawa Timur,Kediri,Kras,Jabang
Jawa Timur,Sidoarjo,Balongbendo,Jabaran
Jawa Timur,Tulungagung,Kalidawir,Jabon
Jawa Timur,Mojokerto,Mojoanyar,Jabon
Jawa Timur,Kediri,Banyakan,Jabon
Jawa Timur,Mojokerto,Pungging,Jabontegal
Jawa Timur,Blitar,Talun,Jabung
Jawa Timur,Ponorogo,Mlarak,Jabung
Jawa Timur,Magetan,Panekan,Jabung
Jawa Timur,Lamongan,Laren,Jabung
Jawa Timur,Probolinggo,Paiton,Jabung Wetan
Jawa Timur,Probolinggo,Paiton,Jabungcandi
Jawa Timur,Probolinggo,Paiton,Jabungsisir
Jawa Timur,Bangkalan,Socah,Jaddih
Jawa Timur,Bangkalan,Tragah,Jaddung
Jawa Timur,Sumenep,Pragaan,Jaddung
Jawa Timur,Sumenep,Dungkek,Jadung
Jawa Timur,Mojokerto,Kranggan,Jagalan
Jawa Timur,Kediri,Kota,Jagalan
Jawa Timur,Surabaya,Wonokromo,Jagir
Jawa Timur,Ngawi,Sine,Jagir
Jawa Timur,Lamongan,Karanggeneng,Jagran
Jawa Timur,Kediri,Ngancar,Jagul
Jawa Timur,Kediri,Pagu,Jagung
Jawa Timur,Banyuwangi,Gambiran,Jajag
Jawa Timur,Trenggalek,Gandusari,Jajar
Jawa Timur,Blitar,Talun,Jajar
Jawa Timur,Kediri,Wates,Jajar
Jawa Timur,Magetan,Kartoharjo,Jajar
Jawa Timur,Surabaya,Wiyung,Jajar Tunggal
Jawa Timur,Ponorogo,Balong,Jalen
Jawa Timur,Pamekasan,Pamekasan,Jalmak
Jawa Timur,Sidoarjo,Candi,Jambangan
Jawa Timur,Probolinggo,Besuk,Jambangan
Jawa Timur,Magetan,Kawedanan,Jambangan
Jawa Timur,Surabaya,Jambangan,Jambangan
Jawa Timur,Kediri,Papar,Jambangan
Jawa Timur,Ngawi,Paron,Jambangan
Jawa Timur,Kediri,Kras,Jambean
Jawa Timur,Bondowoso,Jambesari Darus Sholah,Jambeanom
Jawa Timur,Lumajang,Pasrujambe,Jambearum
Jawa Timur,Jember,Puger,Jambearum
Jawa Timur,Jember,Sumberjambe,Jambearum
Jawa Timur,Lumajang,Pasrujambe,Jambekumbu
Jawa Timur,Blitar,Doko,Jambepawon
Jawa Timur,Bojonegoro,Kedungadem,Jamberejo
Jawa Timur,Jember,Sumberbaru,Jambesari
Jawa Timur,Banyuwangi,Giri,Jambesari
Jawa Timur,Bondowoso,Jambesari Darus Sholah,Jambesari
Jawa Timur,Blitar,Selopuro,Jambewangi
Jawa Timur,Banyuwangi,Sempu,Jambewangi
Jawa Timur,Bondowoso,Wringin,Jambewungu
Jawa Timur,Nganjuk,Baron,Jambi
Jawa Timur,Ponorogo,Jambon,Jambon
Jawa Timur,Pamekasan,Proppo,Jambringin
Jawa Timur,Trenggalek,Tugu,Jambu
Jawa Timur,Sumenep,Lenteng,Jambu
Jawa Timur,Kediri,Kayen Kidul,Jambu
Jawa Timur,Bangkalan,Burneh,Jambuh
Jawa Timur,Sumenep,Gayam,Jambuir
Jawa Timur,Mojokerto,Trowulan,Jambuwok
Jawa Timur,Jember,Sumberbaru,Jamintoro
Jawa Timur,Nganjuk,Pace,Jampes
Jawa Timur,Bojonegoro,Ngasem,Jampet
Jawa Timur,Mojokerto,Sooko,Jampirogo
Jawa Timur,Bondowoso,Sempol,Jampit
Jawa Timur,Kediri,Pesantren,Jamsaren
Jawa Timur,Magetan,Poncol,Janggan
Jawa Timur,Probolinggo,Tiris,Jangkang
Jawa Timur,Situbondo,Jangkar,Jangkar
Jawa Timur,Bangkalan,Tanah Merah,Jangkar
Jawa Timur,Lamongan,Maduran,Jangkungsomo
Jawa Timur,Probolinggo,Sumberasih,Jangur
Jawa Timur,Pasuruan,Puspo,Janjangwulung
Jawa Timur,Bangkalan,Kwanyar,Janteh
Jawa Timur,Sidoarjo,Tarik,Janti
Jawa Timur,Sidoarjo,Waru,Janti
Jawa Timur,Sidoarjo,Tulangan,Janti
Jawa Timur,Jombang,Mojoagung,Janti
Jawa Timur,Kediri,Wates,Janti
Jawa Timur,Kediri,Papar,Janti
Jawa Timur,Jombang,Perak,Jantiganggong
Jawa Timur,Kediri,Purwoasri,Jantok
Jawa Timur,Mojokerto,Sooko,Japan
Jawa Timur,Ponorogo,Babadan,Japan
Jawa Timur,Mojokerto,Kemlagi,Japanan
Jawa Timur,Jombang,Gudo,Japanan
Jawa Timur,Jombang,Mojowarno,Japanan
Jawa Timur,Jombang,Wonosalam,Jarak
Jawa Timur,Kediri,Plosoklaten,Jarak
Jawa Timur,Ponorogo,Siman,Jarak
Jawa Timur,Tulungagung,Gondang,Jarakan
Jawa Timur,Jombang,Jogoroto,Jarakkulon
Jawa Timur,Pasuruan,Rejoso,Jarangan
Jawa Timur,Bojonegoro,Gondang,Jari
Jawa Timur,Pamekasan,Pademawu,Jarin
Jawa Timur,Lumajang,Candipuro,Jarit
Jawa Timur,Mojokerto,Ngoro,Jasem
Jawa Timur,Sumenep,Giliginting,Jate
Jawa Timur,Blitar,Wonodadi,Jaten
Jawa Timur,Ngawi,Jogorogo,Jaten
Jawa Timur,Trenggalek,Karangan,Jati
Jawa Timur,Blitar,Udanawu,Jati
Jawa Timur,Sidoarjo,Sidoarjo,Jati
Jawa Timur,Tuban,Soko,Jati
Jawa Timur,Probolinggo,Mayangan,Jati
Jawa Timur,Kediri,Tarokan,Jati
Jawa Timur,Pasuruan,Wonorejo,Jati Gunting
Jawa Timur,Probolinggo,Gending,Jatiadi
Jawa Timur,Sidoarjo,Prambon,Jatialun-alun
Jawa Timur,Jember,Pakusari,Jatian
Jawa Timur,Pasuruan,Prigen,Jatiarjo
Jawa Timur,Jombang,Ploso,Jatibanjar
Jawa Timur,Situbondo,Jatibanteng,Jatibanteng
Jawa Timur,Bojonegoro,Dander,Jatiblimbing
Jawa Timur,Tulungagung,Rejotangan,Jatidowo
Jawa Timur,Lamongan,Kedungpring,Jatidrojog
Jawa Timur,Mojokerto,Gondang,Jatidukuh
Jawa Timur,Jombang,Kesamben,Jatiduwur
Jawa Timur,Bojonegoro,Sumberejo,Jatigede
Jawa Timur,Ngawi,Kedunggalar,Jatigembol
Jawa Timur,Lumajang,Kunir,Jatigono
Jawa Timur,Nganjuk,Pace,Jatigreges
Jawa Timur,Pacitan,Tulakan,Jatigunung
Jawa Timur,Mojokerto,Trawas,Jatijejer
Jawa Timur,Sidoarjo,Prambon,Jatikalang
Jawa Timur,Sidoarjo,Krian,Jatikalang
Jawa Timur,Nganjuk,Jatikalen,Jatikalen
Jawa Timur,Mojokerto,Pungging,Jatilangkung
Jawa Timur,Blitar,Ponggok,Jatilengger
Jawa Timur,Pacitan,Arjosari,Jatimalang
Jawa Timur,Jombang,Plandaan,Jatimlerek
Jawa Timur,Tulungagung,Kauman,Jatimulyo
Jawa Timur,Lumajang,Kunir,Jatimulyo
Jawa Timur,Jember,Jenggawah,Jatimulyo
Jawa Timur,Bojonegoro,Tambakrejo,Jatimulyo
Jawa Timur,Tuban,Plumpang,Jatimulyo
Jawa Timur,Ngawi,Mantingan,Jatimulyo
Jawa Timur,Blitar,Kanigoro,Jatinom
Jawa Timur,Lamongan,Sambeng,Jatipandak
Jawa Timur,Mojokerto,Trowulan,Jatipasar
Jawa Timur,Lamongan,Modo,Jatipayak
Jawa Timur,Jombang,Diwek,Jatipelem
Jawa Timur,Trenggalek,Karangan,Jatiprahu
Jawa Timur,Nganjuk,Lengkong,Jatipunggur
Jawa Timur,Ngawi,Karangjati,Jatipuro
Jawa Timur,Lumajang,Kunir,Jatirejo
Jawa Timur,Pasuruan,Lekok,Jatirejo
Jawa Timur,Sidoarjo,Porong,Jatirejo
Jawa Timur,Mojokerto,Jatirejo,Jatirejo
Jawa Timur,Jombang,Diwek,Jatirejo
Jawa Timur,Nganjuk,Loceret,Jatirejo
Jawa Timur,Nganjuk,Nganjuk,Jatirejo
Jawa Timur,Nganjuk,Rejoso,Jatirejo
Jawa Timur,Kediri,Banyakan,Jatirejo
Jawa Timur,Madiun,Wonoasri,Jatirejo
Jawa Timur,Ngawi,Kasreman,Jatirejo
Jawa Timur,Lamongan,Tikung,Jatirejo
Jawa Timur,Gresik,Benjeng,Jatirembe
Jawa Timur,Lamongan,Glagah,Jatirenggo
Jawa Timur,Lumajang,Jatiroto,Jatiroto
Jawa Timur,Jember,Sumberbaru,Jatiroto
Jawa Timur,Mojokerto,Dawarblandong,Jatirowo
Jawa Timur,Lumajang,Kedungjajang,jatisari
Jawa Timur,Lumajang,Tempeh,Jatisari
Jawa Timur,Jember,Jenggawah,Jatisari
Jawa Timur,Bondowoso,Wringin,Jatisari
Jawa Timur,Situbondo,Arjasa,Jatisari
Jawa Timur,Probolinggo,Kuripan,Jatisari
Jawa Timur,Pasuruan,Purwodadi,Jatisari
Jawa Timur,Madiun,Geger,Jatisari
Jawa Timur,Tuban,Senori,Jatisari
Jawa Timur,Bondowoso,Wringin,Jatitamban
Jawa Timur,Blitar,Selopuro,Jatitengah
Jawa Timur,Bojonegoro,Sugihwaras,Jatitengah
Jawa Timur,Probolinggo,Krejengan,Jatiurip
Jawa Timur,Bojonegoro,Tambakrejo,Jawik
Jawa Timur,Blitar,Talun,Jeblog
Jawa Timur,Ngawi,Paron,Jeblogan
Jawa Timur,Bondowoso,Tlogosari,Jebung Kidul
Jawa Timur,Bondowoso,Tlogosari,Jebung Lor
Jawa Timur,Blitar,Sanankulon,Jeding
Jawa Timur,Malang,Wagir,Jedong
Jawa Timur,Sidoarjo,Prambon,Jedongcangkring
Jawa Timur,Nganjuk,Lengkong,Jegreg
Jawa Timur,Lamongan,Modo,Jegreg
Jawa Timur,Blitar,Sutojayan,Jegu
Jawa Timur,Tuban,Soko,Jegulo
Jawa Timur,Lamongan,Ngimbang,Jejel
Jawa Timur,Nganjuk,Baron,Jekek
Jawa Timur,Pasuruan,Winongan,Jeladri
Jawa Timur,Lamongan,Kalitengah,Jelakcatur
Jawa Timur,Jember,Jelbuk,Jelbuk
Jawa Timur,Sampang,Robatal,Jelgung
Jawa Timur,Tulungagung,Karangrejo,Jeli
Jawa Timur,Bojonegoro,Ngasem,Jelu
Jawa Timur,Banyuwangi,Licin,Jelun
Jawa Timur,Jember,Kaliwates,Jemberkidul
Jawa Timur,Jember,Patrang,Jemberlor
Jawa Timur,Mojokerto,Jatirejo,Jembul
Jawa Timur,Kediri,Ringinrejo,Jemekan
Jawa Timur,Sidoarjo,Jabon,Jemirahan
Jawa Timur,Sidoarjo,Taman,Jemundo
Jawa Timur,Surabaya,Wonocolo,Jemur Wonosari
Jawa Timur,Ponorogo,Sampung,Jenangan
Jawa Timur,Ponorogo,Jenangan,Jenangan
Jawa Timur,Ngawi,Kwadungan,Jenangan
Jawa Timur,Jember,Jenggawah,Jenggawah
Jawa Timur,Tulungagung,Tanggunggunung,Jengglungharjo
Jawa Timur,Sidoarjo,Krembung,Jenggot
Jawa Timur,Ngawi,Kedunggalar,Jenggrik
Jawa Timur,Lumajang,Ranuyoso,Jenggrong
Jawa Timur,Jombang,Bareng,Jenisgelaran
Jawa Timur,Surabaya,Bubutan,Jepara
Jawa Timur,Tulungagung,Tulungagung,Jepun
Jawa Timur,Pacitan,Bandar,Jeruk
Jawa Timur,Lumajang,Gucialit,Jeruk
Jawa Timur,Pasuruan,Kraton,Jeruk
Jawa Timur,Surabaya,Lakarsantri,Jeruk
Jawa Timur,Magetan,Kartoharjo,Jeruk
Jawa Timur,Sampang,Torjun,Jeruk Porot
Jawa Timur,Pasuruan,Gempol,Jeruk Purut
Jawa Timur,Sidoarjo,Krian,Jerukgamping
Jawa Timur,Kediri,Kandangan,Jerukgulung
Jawa Timur,Madiun,Balerejo,Jerukgulung
Jawa Timur,Sidoarjo,Balongbendo,Jeruklegi
Jawa Timur,Mojokerto,Gedeg,Jerukseger
Jawa Timur,Bondowoso,Binakal,Jeruksoksok
Jawa Timur,Kediri,Kandangan,Jerukwangi
Jawa Timur,Pacitan,Tulakan,Jetak
Jawa Timur,Probolinggo,Sukapura,Jetak
Jawa Timur,Bojonegoro,Bojonegoro,Jetak
Jawa Timur,Bondowoso,Curahdami,Jetis
Jawa Timur,Situbondo,Besuki,Jetis
Jawa Timur,Mojokerto,Jetis,Jetis
Jawa Timur,Nganjuk,Pace,Jetis
Jawa Timur,Madiun,Dagangan,Jetis
Jawa Timur,Ponorogo,Jetis,Jetis
Jawa Timur,Lamongan,Lamongan,Jetis
Jawa Timur,Pacitan,Nawangan,Jetis Lor
Jawa Timur,Pacitan,Arjosari,Jetiskidul
Jawa Timur,Sidoarjo,Tulangan,Jiken
Jawa Timur,Pasuruan,Puspo,Jimbaran
Jawa Timur,Sidoarjo,Wonoayu,Jimbarankulon
Jawa Timur,Sidoarjo,Wonoayu,Jimbaranwetan
Jawa Timur,Blitar,Kademangan,Jimbe
Jawa Timur,Ponorogo,Jenangan,Jimbe
Jawa Timur,Blitar,Sutojayan,Jingglong
Jawa Timur,Ponorogo,Ponorogo,Jingglong
Jawa Timur,Nganjuk,Rejoso,Jintel
Jawa Timur,Bojonegoro,Kepohbaru,Jipo
Jawa Timur,Jombang,Plandaan,Jiporapah
Jawa Timur,Bondowoso,Cermee,Jirek Mas
Jawa Timur,Madiun,Jiwan,Jiwan
Jawa Timur,Blitar,Nglegok,Jiwut
Jawa Timur,Mojokerto,Kutorejo,Jiyu
Jawa Timur,Pacitan,Pringkuku,Jlubang
Jawa Timur,Kediri,Kandangan,Jlumbang
Jawa Timur,Gresik,Benjeng,Jogodalu
Jawa Timur,Madiun,Geger,Jogodayuh
Jawa Timur,Jombang,Sumobito,Jogoloyo
Jawa Timur,Nganjuk,Tanjunganom,Jogomerto
Jawa Timur,Pasuruan,Pasrepan,Jogorepuh
Jawa Timur,Ngawi,Jogorogo,Jogorogo
Jawa Timur,Jombang,Jogoroto,Jogoroto
Jawa Timur,Pasuruan,Pandaan,Jogosari
Jawa Timur,Sidoarjo,Sukodono,Jogosatru
Jawa Timur,Lumajang,Lumajang,Jogotrunan
Jawa Timur,Lumajang,Lumajang,Jogoyudan
Jawa Timur,Trenggalek,Pule,Joho
Jawa Timur,Tulungagung,Kalidawir,Joho
Jawa Timur,Nganjuk,Pace,Joho
Jawa Timur,Madiun,Dagangan,Joho
Jawa Timur,Kediri,Semen,Joho
Jawa Timur,Kediri,Wates,Joho
Jawa Timur,Jombang,Mojoagung,Johowinong
Jawa Timur,Lumajang,Tempeh,Jokarto
Jawa Timur,Magetan,Parang,Joketro
Jawa Timur,Mojokerto,Jetis,Jolotundo
Jawa Timur,Jember,Jombang,Jombang
Jawa Timur,Gresik,Balongpanggang,Jombangdelik
Jawa Timur,Jombang,Kesamben,Jombatan
Jawa Timur,Magetan,Takeran,Jomblang
Jawa Timur,Trenggalek,Pule,Jombok
Jawa Timur,Jombang,Ngoro,Jombok
Jawa Timur,Jombang,Kesamben,Jombok
Jawa Timur,Kediri,Gampengrejo,Jongbiru
Jawa Timur,Ponorogo,Jambon,Jonggol
Jawa Timur,Magetan,Barat,Jonggrang
Jawa Timur,Bojonegoro,Temayang,Jono
Jawa Timur,Gresik,Cerme,Jono
Jawa Timur,Ponorogo,Mlarak,Joresan
Jawa Timur,Probolinggo,Leces,Jorongan
Jawa Timur,Ponorogo,Jetis,Josari
Jawa Timur,Madiun,Taman,Josenan
Jawa Timur,Mojokerto,Mojosari,Jotangan
Jawa Timur,Lamongan,Tikung,Jotosanur
Jawa Timur,Ponorogo,Sambit,Jrakah
Jawa Timur,Mojokerto,Dlanggu,Jrambe
Jawa Timur,Sampang,Omben,Jranguan
Jawa Timur,Gresik,Dukun,Jrebeng
Jawa Timur,Probolinggo,Wonomerto,Jrebeng
Jawa Timur,Probolinggo,Wonoasih,Jrebeng Kidul
Jawa Timur,Probolinggo,Kedopok,Jrebeng Kulon
Jawa Timur,Probolinggo,Kedopok,Jrebeng Lor
Jawa Timur,Probolinggo,Kedopok,Jrebeng Wetan
Jawa Timur,Sampang,Jrengik,Jrengik
Jawa Timur,Lamongan,Sugio,Jubelkidul
Jawa Timur,Lamongan,Sugio,Jubellor
Jawa Timur,Jember,Sukorambi,Jubung
Jawa Timur,Situbondo,Panji,Juglangan
Jawa Timur,Blitar,Kesamben,Jugo
Jawa Timur,Kediri,Mojo,Jugo
Jawa Timur,Lamongan,Sekaran,Jugo
Jawa Timur,Lumajang,Candipuro,Jugosari
Jawa Timur,Bangkalan,Labang,Jukong
Jawa Timur,Sumenep,Saronggi,Juluk
Jawa Timur,Mojokerto,Mojoanyar,Jumeneng
Jawa Timur,Jember,Patrang,Jumerto
Jawa Timur,Bojonegoro,Ngraho,Jumok
Jawa Timur,Bondowoso,Wonosari,Jumpong
Jawa Timur,Bojonegoro,Sukosewu,Jumput
Jawa Timur,Sidoarjo,Sukodono,Jumputrejo
Jawa Timur,Bangkalan,Socah,Junganyar
Jawa Timur,Pamekasan,Pamekasan,Jungcang Cang
Jawa Timur,Sampang,Jrengik,Jungkarang
Jawa Timur,Sumenep,Ra'as,Jungkat
Jawa Timur,Magetan,Karas,Jungke
Jawa Timur,Tulungagung,Sumbergempol,Junjung
Jawa Timur,Sampang,Sreseh,Junok
Jawa Timur,Batu,Junrejo,Junrejo
Jawa Timur,Sidoarjo,Krian,Junwangi
Jawa Timur,Bondowoso,Tapen,Jurang Sapi
Jawa Timur,Probolinggo,Gading,Jurangjero
Jawa Timur,Ponorogo,Sooko,Jurug
Jawa Timur,Ngawi,Ngawi,Jururejo
Jawa Timur,Nganjuk,Ngronggot,Juwet
Jawa Timur,Kediri,Kunjang,Juwet
Jawa Timur,Sidoarjo,Porong,Juwetkenongo
Jawa Timur,Bojonegoro,Kanor,Kabalan
Jawa Timur,Banyuwangi,Kabat,Kabat
Jawa Timur,Tuban,Bangilan,Kablukan
Jawa Timur,Lumajang,Kunir,Kabuaran
Jawa Timur,Bondowoso,Grujugan,Kabuaran
Jawa Timur,Jombang,Kabuh,Kabuh
Jawa Timur,Bojonegoro,Balen,Kabunan
Jawa Timur,Tulungagung,Ngunut,Kacangan
Jawa Timur,Nganjuk,Berbek,Kacangan
Jawa Timur,Bojonegoro,Tambakrejo,Kacangan
Jawa Timur,Bojonegoro,Malo,Kacangan
Jawa Timur,Lamongan,Modo,Kacangan
Jawa Timur,Pamekasan,Palenggaan,Kacok
Jawa Timur,Sumenep,Kota Sumenep,Kacongan
Jawa Timur,Blitar,Kademangan,Kademangan
Jawa Timur,Bondowoso,Bondowoso,Kademangan
Jawa Timur,Jombang,Mojoagung,Kademangan
Jawa Timur,Probolinggo,Kademangan,Kademangan
Jawa Timur,Bojonegoro,Bojonegoro,Kadipaten
Jawa Timur,Ponorogo,Babadan,Kadipaten
Jawa Timur,Pamekasan,Larangan,Kaduara Barat
Jawa Timur,Sumenep,Pragaan,Kaduara Timur
Jawa Timur,Lamongan,Sukodadi,Kadungrembug
Jawa Timur,Pamekasan,Kadur,Kadur
Jawa Timur,Madiun,Geger,Kaibon
Jawa Timur,Bondowoso,Tenggarang,Kajar
Jawa Timur,Banyuwangi,Kalibaru,Kajarharjo
Jawa Timur,Sidoarjo,Prambon,Kajartengguli
Jawa Timur,Sidoarjo,Tulangan,Kajeksan
Jawa Timur,Bangkalan,Blega,Kajjan
Jawa Timur,Bangkalan,Galis,Kajuanak
Jawa Timur,Lamongan,Ngimbang,Kakatpenjalin
Jawa Timur,Pacitan,Donorojo,Kalak
Jawa Timur,Magetan,Sidorejo,Kalang
Jawa Timur,Ngawi,Pitu,Kalang
Jawa Timur,Tulungagung,Ngunut,Kalangan
Jawa Timur,Bojonegoro,Margomulyo,Kalangan
Jawa Timur,Sampang,Jrengik,Kalangan Prao
Jawa Timur,Sidoarjo,Sedati,Kalanganyar
Jawa Timur,Lamongan,Karanggeneng,Kalanganyar
Jawa Timur,Tulungagung,Kauman,Kalangbret
Jawa Timur,Magetan,Sukomoro,Kalangketi
Jawa Timur,Jombang,Perak,Kalangsemanding
Jawa Timur,Mojokerto,Dlanggu,Kalen
Jawa Timur,Lamongan,Kedungpring,Kalen
Jawa Timur,Bondowoso,Sempol,Kali Gedang
Jawa Timur,Madiun,Mejayan,Kaliabu
Jawa Timur,Probolinggo,Krucil,Kalianan
Jawa Timur,Probolinggo,Gading,Kaliancar
Jawa Timur,Situbondo,Banyuglugur,Kalianget
Jawa Timur,Sumenep,Kalianget,Kalianget Barat
Jawa Timur,Sumenep,Kalianget,Kalianget Timur
Jawa Timur,Bondowoso,Tamanan,Kalianyar
Jawa Timur,Nganjuk,Ngronggot,Kalianyar
Jawa Timur,Nganjuk,Kertosono,Kalianyar
Jawa Timur,Bojonegoro,Kapas,Kalianyar
Jawa Timur,Bondowoso,Sempol,Kalianyar
Jawa Timur,Situbondo,Situbondo,Kalibagor
Jawa Timur,Banyuwangi,Kalibaru,Kalibarukulon
Jawa Timur,Banyuwangi,Kalibaru,Kalibarumanis
Jawa Timur,Banyuwangi,Kalibaru,Kalibaruwetan
Jawa Timur,Tulungagung,Kalidawir,Kalibatur
Jawa Timur,Kediri,Gampengrejo,Kalibelo
Jawa Timur,Lumajang,Pasirian,Kalibendo
Jawa Timur,Blitar,Wonodadi,Kaliboto
Jawa Timur,Kediri,Tarokan,Kaliboto
Jawa Timur,Lumajang,Jatiroto,Kaliboto Kidul
Jawa Timur,Lumajang,Jatiroto,Kaliboto Lor
Jawa Timur,Probolinggo,Kraksaan,Kalibuntu
Jawa Timur,Bojonegoro,Sukosewu,Kalicilik
Jawa Timur,Probolinggo,Pakuniran,Kalidandan
Jawa Timur,Tulungagung,Pucanglaban,Kalidawe
Jawa Timur,Tulungagung,Kalidawir,Kalidawir
Jawa Timur,Sidoarjo,Tanggulangin,Kalidawir
Jawa Timur,Lumajang,Randuagung,Kalidilem
Jawa Timur,Blitar,Panggungrejo,Kaligambir
Jawa Timur,Tuban,Senori,Kaligede
Jawa Timur,Tulungagung,Pucanglaban,Kaligentong
Jawa Timur,Lamongan,Karanggeneng,Kaligerman
Jawa Timur,Jember,Sumberbaru,Kaliglagah
Jawa Timur,Banyuwangi,Genteng,Kaligondo
Jawa Timur,Mojokerto,Kutorejo,Kaligoro
Jawa Timur,Blitar,Wonotirto,Kaligrenjeng
Jawa Timur,Banyuwangi,Blimbingsari,Kaligung
Jawa Timur,Madiun,Mejayan,Kaligunting
Jawa Timur,Sidoarjo,Taman,Kalijaten
Jawa Timur,Surabaya,Mulyorejo,Kalijudan
Jawa Timur,Probolinggo,Paiton,Kalikajar Kulon
Jawa Timur,Probolinggo,Paiton,Kalikajar Wetan
Jawa Timur,Mojokerto,Gondang,Kalikatir
Jawa Timur,Pacitan,Tulakan,Kalikuning
Jawa Timur,Ponorogo,Sukorejo,Kalimalang
Jawa Timur,Blitar,Doko,Kalimanis
Jawa Timur,Situbondo,Besuki,Kalimas
Jawa Timur,Sidoarjo,Tarik,Kalimati
Jawa Timur,Sumenep,Kalianget,Kalimook
Jawa Timur,Bojonegoro,Purwosari,Kaliombo
Jawa Timur,Kediri,Kota,Kaliombo
Jawa Timur,Gresik,Benjeng,Kalipadang
Jawa Timur,Banyuwangi,Tegaldlimo,Kalipait
Jawa Timur,Blitar,Sutojayan,Kalipang
Jawa Timur,Pasuruan,Grati,Kalipang
Jawa Timur,Kediri,Grogol,Kalipang
Jawa Timur,Lamongan,Sugio,Kalipang
Jawa Timur,Sidoarjo,Candi,Kalipecabean
Jawa Timur,Pacitan,Kebonagung,Kalipelus
Jawa Timur,Lumajang,Randuagung,Kalipenggung
Jawa Timur,Lumajang,Yosowilangun,Kalipepe
Jawa Timur,Banyuwangi,Cluring,Kaliploso
Jawa Timur,Pasuruan,Tutur,Kalipucang
Jawa Timur,Blitar,Sanankulon,Kalipucung
Jawa Timur,Banyuwangi,Kalipuro,Kalipuro
Jawa Timur,Mojokerto,Pungging,Kalipuro
Jawa Timur,Gresik,Dukun,Kalirejo
Jawa Timur,Malang,Lawang,Kalirejo
Jawa Timur,Banyuwangi,Kabat,Kalirejo
Jawa Timur,Situbondo,Sumbermalang,Kalirejo
Jawa Timur,Probolinggo,Dringu,Kalirejo
Jawa Timur,Pasuruan,Sukorejo,Kalirejo
Jawa Timur,Pasuruan,Bangil,Kalirejo
Jawa Timur,Pasuruan,Kraton,Kalirejo
Jawa Timur,Pasuruan,Gondangwetan,Kalirejo
Jawa Timur,Bojonegoro,Bojonegoro,Kalirejo
Jawa Timur,Bojonegoro,Ngraho,Kalirejo
Jawa Timur,Kediri,Tarokan,Kalirong
Jawa Timur,Surabaya,Rungkut,Kalirungkut
Jawa Timur,Probolinggo,Dringu,Kalisalam
Jawa Timur,Sidoarjo,Tanggulangin,Kalisampurno
Jawa Timur,Situbondo,Banyuglugur,Kalisari
Jawa Timur,Bojonegoro,Baureno,Kalisari
Jawa Timur,Surabaya,Mulyorejo,Kalisari
Jawa Timur,Jember,Kalisat,Kalisat
Jawa Timur,Pasuruan,Rembang,Kalisat
Jawa Timur,Bondowoso,Sempol,Kalisat
Jawa Timur,Lumajang,Padang,Kalisemut
Jawa Timur,Bojonegoro,Tambakrejo,Kalisumber
Jawa Timur,Bondowoso,Tapen,Kalitapen
Jawa Timur,Blitar,Panggungrejo,Kalitengah
Jawa Timur,Sidoarjo,Tanggulangin,Kalitengah
Jawa Timur,Lamongan,Sugio,Kalitengah
Jawa Timur,Lamongan,Kalitengah,Kalitengah
Jawa Timur,Bojonegoro,Kalitidu,Kalitidu
Jawa Timur,Lumajang,Tempursari,Kaliuling
Jawa Timur,Jember,Kaliwates,Kaliwates
Jawa Timur,Lamongan,Kembangbahu,Kaliwates
Jawa Timur,Jember,Rambipuji,Kaliwining
Jawa Timur,Tulungagung,Ngunut,Kaliwungu
Jawa Timur,Lumajang,Tempeh,Kaliwungu
Jawa Timur,Nganjuk,Ngronggot,Kaloran
Jawa Timur,Sumenep,Gayam,Kalowang
Jawa Timur,Bangkalan,Kamal,Kamal
Jawa Timur,Jember,Arjasa,Kamal
Jawa Timur,Probolinggo,Krejengan,Kamalkuning
Jawa Timur,Gresik,Cerme,Kambingan
Jawa Timur,Kediri,Pagu,Kambingan
Jawa Timur,Sumenep,Lenteng,Kambingan Barat
Jawa Timur,Sumenep,Saronggi,Kambingan Timur
Jawa Timur,Pasuruan,Grati,Kambinganrejo
Jawa Timur,Sampang,Omben,Kamondung
Jawa Timur,Bangkalan,Geger,Kampak
Jawa Timur,Bangkalan,Blega,Kampao
Jawa Timur,Kediri,Kota,Kampung Dalem
Jawa Timur,Banyuwangi,Glagah,Kampunganyar
Jawa Timur,Jombang,Plandaan,Kampungbaru
Jawa Timur,Nganjuk,Tanjunganom,Kampungbaru
Jawa Timur,Kediri,Kepung,Kampungbaru
Jawa Timur,Tulungagung,Tulungagung,Kampungdalem
Jawa Timur,Banyuwangi,Banyuwangi,Kampungmandar
Jawa Timur,Banyuwangi,Banyuwangi,Kampungmelayu
Jawa Timur,Trenggalek,Durenan,Kamulan
Jawa Timur,Blitar,Talun,Kamulan
Jawa Timur,Sampang,Sampang,Kamuning
Jawa Timur,Situbondo,Kapongan,Kandang
Jawa Timur,Probolinggo,Kraksaan,Kandang Jati Kulon
Jawa Timur,Probolinggo,Kraksaan,Kandang Jati Wetan
Jawa Timur,Sidoarjo,Krembung,Kandangan
Jawa Timur,Blitar,Srengat,Kandangan
Jawa Timur,Lumajang,Senduro,Kandangan
Jawa Timur,Banyuwangi,Pesanggaran,Kandangan
Jawa Timur,Pasuruan,Tosari,Kandangan
Jawa Timur,Bojonegoro,Trucuk,Kandangan
Jawa Timur,Gresik,Duduksampeyan,Kandangan
Jawa Timur,Gresik,Cerme,Kandangan
Jawa Timur,Surabaya,Benowo,Kandangan
Jawa Timur,Kediri,Kandangan,Kandangan
Jawa Timur,Ngawi,Ngawi,Kandangan
Jawa Timur,Lamongan,Kedungpring,Kandangrejo
Jawa Timur,Pasuruan,Panggungrejo,Kandang Sapi
Jawa Timur,Lumajang,Senduro,Kandangtepus
Jawa Timur,Kediri,Kandat,Kandat
Jawa Timur,Pasuruan,Winongan,Kandung
Jawa Timur,Bangkalan,Konang,Kanegarah
Jawa Timur,Pamekasan,Pamekasan,Kangenan
Jawa Timur,Probolinggo,Kanigaran,Kanigaran
Jawa Timur,Blitar,Kanigoro,Kanigoro
Jawa Timur,Pasuruan,Rembang,Kanigoro
Jawa Timur,Madiun,Kartoharjo,Kanigoro
Jawa Timur,Kediri,Kras,Kanigoro
Jawa Timur,Sampang,Torjun,Kanjar
Jawa Timur,Bojonegoro,Kanor,Kanor
Jawa Timur,Tuban,Rengel,Kanorejo
Jawa Timur,Bojonegoro,Trucuk,Kanten
Jawa Timur,Lamongan,Maduran,Kanugrahan
Jawa Timur,Madiun,Sawahan,Kanung
Jawa Timur,Kediri,Semen,Kanyoran
Jawa Timur,Banyuwangi,Blimbingsari,Kaotan
Jawa Timur,Nganjuk,Sukomoro,Kapas
Jawa Timur,Bojonegoro,Kapas,Kapas
Jawa Timur,Kediri,Kunjang,Kapas
Jawa Timur,Pasuruan,Nguling,Kapasan
Jawa Timur,Surabaya,Simokerto,Kapasan
Jawa Timur,Surabaya,Genteng,Kapasari
Jawa Timur,Surabaya,Tambaksari,Kapasmadya Baru
Jawa Timur,Sumenep,Bluto,Kapedi
Jawa Timur,Kediri,Kunjang,Kapi
Jawa Timur,Ponorogo,Mlarak,Kaponan
Jawa Timur,Situbondo,Kapongan,Kapongan
Jawa Timur,Bangkalan,Burneh,Kapor
Jawa Timur,Bondowoso,Wonosari,Kapuran
Jawa Timur,Ponorogo,Badegan,Kapuran
Jawa Timur,Sampang,Torjun,Kara
Jawa Timur,Surabaya,Jambangan,Karah
Jawa Timur,Lamongan,Sekaran,Karang
Jawa Timur,Bondowoso,Klabang,Karang Anyar
Jawa Timur,Bangkalan,Kwanyar,Karang Anyar
Jawa Timur,Bangkalan,Modung,Karang Anyar
Jawa Timur,Pamekasan,Proppo,Karang Anyar
Jawa Timur,Pasuruan,Lumbang,Karang Asem
Jawa Timur,Sumenep,Bluto,Karang Campaka
Jawa Timur,Sampang,Sampang,Karang Dalam
Jawa Timur,Bangkalan,Arosbaya,Karang Duwak
Jawa Timur,Bangkalan,Kwanyar,Karang Entang
Jawa Timur,Bangkalan,Blega,Karang Gayam
Jawa Timur,Pasuruan,Lumbang,Karang Jati
Jawa Timur,Jember,Mumbulsari,Karang Kedawung
Jawa Timur,Bangkalan,Tragah,Karang Leman
Jawa Timur,Bondowoso,Tamanan,Karang Melok
Jawa Timur,Sumenep,Rubaru,Karang Nangka
Jawa Timur,Bangkalan,Blega,Karang Nangkah
Jawa Timur,Bojonegoro,Bojonegoro,Karang pacar
Jawa Timur,Bangkalan,Blega,Karang Panasan
Jawa Timur,Bangkalan,Arosbaya,Karang Pao
Jawa Timur,Surabaya,Karang Pilang,Karang Pilang
Jawa Timur,Gresik,Gresik,Karang Poh
Jawa Timur,Surabaya,Tandes,Karang Poh
Jawa Timur,Jember,Balung,Karang Semanding
Jawa Timur,Bondowoso,Klabang,Karang Sengon
Jawa Timur,Pasuruan,Winongan,Karang Tengah
Jawa Timur,Nganjuk,Bagor,Karang Tengah
Jawa Timur,Sumenep,Gayam,Karang Tengah
Jawa Timur,Blitar,Sananwetan,Karang Tengah
Jawa Timur,Gresik,Gresik,Karang Turi
Jawa Timur,Lamongan,Glagah,Karangagung
Jawa Timur,Trenggalek,Karangan,Karangan
Jawa Timur,Jombang,Bareng,Karangan
Jawa Timur,Bojonegoro,Kepohbaru,Karangan
Jawa Timur,Ponorogo,Balong,Karangan
Jawa Timur,Ponorogo,Badegan,Karangan
Jawa Timur,Gresik,Driyorejo,Karangandong
Jawa Timur,Gresik,Benjeng,Karangankidul
Jawa Timur,Trenggalek,Durenan,Karanganom
Jawa Timur,Tulungagung,Kauman,Karanganom
Jawa Timur,Lumajang,Pasrujambe,Karanganom
Jawa Timur,Lamongan,Karangbinangun,Karanganom
Jawa Timur,Pacitan,Kebonagung,Karanganyar
Jawa Timur,Trenggalek,Pule,Karanganyar
Jawa Timur,Trenggalek,Gandusari,Karanganyar
Jawa Timur,Lumajang,Yosowilangun,Karanganyar
Jawa Timur,Jember,Ambulu,Karanganyar
Jawa Timur,Bondowoso,Tegalampel,Karanganyar
Jawa Timur,Probolinggo,Bantaran,Karanganyar
Jawa Timur,Probolinggo,Paiton,Karanganyar
Jawa Timur,Pasuruan,Kraton,Karanganyar
Jawa Timur,Sampang,Tambelangan,Karanganyar
Jawa Timur,Sumenep,Kalianget,Karanganyar
Jawa Timur,Pasuruan,Panggungrejo,Karanganyar
Jawa Timur,Kediri,Wates,Karanganyar
Jawa Timur,Ngawi,Karanganyar,Karanganyar
Jawa Timur,Mojokerto,Kutorejo,Karangasem
Jawa Timur,Pasuruan,Wonorejo,Karangasem
Jawa Timur,Ngawi,Ngawi,Karangasri
Jawa Timur,Ngawi,Widodaren,Karangbanyu
Jawa Timur,Jember,Sumberbaru,Karangbayat
Jawa Timur,Blitar,Ponggok,Karangbendo
Jawa Timur,Lumajang,Tekung,Karangbendo
Jawa Timur,Banyuwangi,Rogojampi,Karangbendo
Jawa Timur,Lamongan,Karangbinangun,Karangbinangun
Jawa Timur,Sidoarjo,Gedangan,Karangbong
Jawa Timur,Probolinggo,Pejarakan,Karangbong
Jawa Timur,Sumenep,Gapura,Karangbudi
Jawa Timur,Gresik,Dukun,Karangcangkring
Jawa Timur,Lamongan,Kedungpring,Karangcangkring
Jawa Timur,Jombang,Bandarkedungmulyo,Karangdagangan
Jawa Timur,Bojonegoro,Baureno,Karangdayu
Jawa Timur,Bojonegoro,Sumberejo,Karangdinoyo
Jawa Timur,Mojokerto,Kutorejo,Karangdiyeng
Jawa Timur,Banyuwangi,Tegalsari,Karangdoro
Jawa Timur,Bojonegoro,Sumberejo,Karangdowo
Jawa Timur,Sumenep,Kota Sumenep,Karangduak
Jawa Timur,Jember,Balung,Karangduren
Jawa Timur,Trenggalek,Watulimo,Karanggandu
Jawa Timur,Blitar,Srengat,Karanggayam
Jawa Timur,Sampang,Omben,Karanggayam
Jawa Timur,Ponorogo,Jetis,Karanggebang
Jawa Timur,Pacitan,Arjosari,Karanggede
Jawa Timur,Probolinggo,Pejarakan,Karanggeger
Jawa Timur,Ngawi,Pitu,Karanggeneng
Jawa Timur,Lamongan,Karanggeneng,Karanggeneng
Jawa Timur,Blitar,Udanawu,Karanggondang
Jawa Timur,Ngawi,Kendal,Karanggupito
Jawa Timur,Jember,Silo,Karangharjo
Jawa Timur,Banyuwangi,Glenmore,Karangharjo
Jawa Timur,Pasuruan,Pandaan,Karangjati
Jawa Timur,Ngawi,Karangjati,Karangjati
Jawa Timur,Pasuruan,Wonorejo,Karangjatianyar
Jawa Timur,Mojokerto,Jatirejo,Karangjeruk
Jawa Timur,Ponorogo,Badegan,Karangjoho
Jawa Timur,Mojokerto,Sooko,Karangkedawang
Jawa Timur,Lamongan,Babat,Karangkembang
Jawa Timur,Pasuruan,Gadingrejo,Karangketug
Jawa Timur,Gresik,Kebomas,Karangkiring
Jawa Timur,Pasuruan,Grati,Karangkliwon
Jawa Timur,Mojokerto,Gondang,Karangkuten
Jawa Timur,Lamongan,Lamongan,Karanglangit
Jawa Timur,Lumajang,Kunir,Karanglo
Jawa Timur,Pasuruan,Grati,Karanglo
Jawa Timur,Jombang,Mojowarno,Karanglo
Jawa Timur,Ponorogo,Jambon,Karanglo Kidul
Jawa Timur,Ponorogo,Sukorejo,Karanglo Lor
Jawa Timur,Ngawi,Kasreman,Karangmalang
Jawa Timur,Bojonegoro,Ngambon,Karangmangu
Jawa Timur,Pasuruan,Wonorejo,Karangmenggah
Jawa Timur,Jombang,Plandaan,Karangmojo
Jawa Timur,Ponorogo,Balong,Karangmojo
Jawa Timur,Magetan,Kartoharjo,Karangmojo
Jawa Timur,Pacitan,Sudimoro,Karangmulyo
Jawa Timur,Banyuwangi,Tegalsari,Karangmulyo
Jawa Timur,Sampang,Omben,Karangnangger
Jawa Timur,Sumenep,Ra'as,Karangnangka
Jawa Timur,Pacitan,Kebonagung,Karangnongko
Jawa Timur,Jember,Ledokombo,Karangpaiton
Jawa Timur,Jombang,Kabuh,Karangpakis
Jawa Timur,Kediri,Purwoasri,Karangpakis
Jawa Timur,Pasuruan,Rejoso,Karangpandan
Jawa Timur,Ponorogo,Pulung,Karangpatihan
Jawa Timur,Ponorogo,Balong,Karangpatihan
Jawa Timur,Sampang,Karangpenang,Karangpenang Oloh
Jawa Timur,Sampang,Karangpenang,Karangpenang Onjur
Jawa Timur,Probolinggo,Pejarakan,Karangpranti
Jawa Timur,Jember,Sukorambi,Karangpring
Jawa Timur,Sidoarjo,Wonoayu,Karangpuri
Jawa Timur,Trenggalek,Kampak,Karangrejo
Jawa Timur,Tulungagung,Boyolangu,Karangrejo
Jawa Timur,Tulungagung,Karangrejo,Karangrejo
Jawa Timur,Blitar,Garum,Karangrejo
Jawa Timur,Lumajang,Yosowilangun,Karangrejo
Jawa Timur,Jember,Gumukmas,Karangrejo
Jawa Timur,Jember,Sumbersari,Karangrejo
Jawa Timur,Banyuwangi,Banyuwangi,Karangrejo
Jawa Timur,Banyuwangi,Blimbingsari,Karangrejo
Jawa Timur,Probolinggo,Kuripan,Karangrejo
Jawa Timur,Pasuruan,Purwosari,Karangrejo
Jawa Timur,Pasuruan,Gempol,Karangrejo
Jawa Timur,Madiun,Wungu,Karangrejo
Jawa Timur,Magetan,Kawedanan,Karangrejo
Jawa Timur,Gresik,Manyar,Karangrejo
Jawa Timur,Kediri,Kandat,Karangrejo
Jawa Timur,Kediri,Ngasem,Karangrejo
Jawa Timur,Pacitan,Arjosari,Karangrejo
Jawa Timur,Magetan,Karangrejo,Karangrejo
Jawa Timur,Ngawi,Kendal,Karangrejo
Jawa Timur,Lamongan,Karanggeneng,Karangrejo
Jawa Timur,Probolinggo,Krejengan,Karangren
Jawa Timur,Lamongan,Sugio,Karangsambigalih
Jawa Timur,Tulungagung,Rejotangan,Karangsari
Jawa Timur,Lumajang,Sukodono,Karangsari
Jawa Timur,Banyuwangi,Sempu,Karangsari
Jawa Timur,Blitar,Sukorejo,Karangsari
Jawa Timur,Gresik,Balongpanggang,Karangsemanding
Jawa Timur,Nganjuk,Gondang,Karangsemi
Jawa Timur,Pasuruan,Gondangwetan,Karangsentul
Jawa Timur,Trenggalek,Trenggalek,Karangsoko
Jawa Timur,Tulungagung,Ngunut,Karangsono
Jawa Timur,Blitar,Kanigoro,Karangsono
Jawa Timur,Jember,Bangsalsari,Karangsono
Jawa Timur,Pasuruan,Wonorejo,Karangsono
Jawa Timur,Pasuruan,Sukorejo,Karangsono
Jawa Timur,Nganjuk,Loceret,Karangsono
Jawa Timur,Bojonegoro,Dander,Karangsono
Jawa Timur,Magetan,Barat,Karangsono
Jawa Timur,Ngawi,Kwadungan,Karangsono
Jawa Timur,Tulungagung,Kalidawir,Karangtalun
Jawa Timur,Kediri,Kras,Karangtalun
Jawa Timur,Sidoarjo,Candi,Karangtanjung
Jawa Timur,Lamongan,Laren,Karangtawar
Jawa Timur,Trenggalek,Panggul,Karangtengah
Jawa Timur,Kediri,Kandangan,Karangtengah
Jawa Timur,Ngawi,Ngawi,Karangtengah
Jawa Timur,Ngawi,Ngawi,Karangtengah Prandon
Jawa Timur,Lamongan,Pucuk,Karangtinggil
Jawa Timur,Tuban,Rengel,Karangtinoto
Jawa Timur,Trenggalek,Munjungan,Karangturi
Jawa Timur,Lamongan,Glagah,Karangturi
Jawa Timur,Ponorogo,Sampung,Karangwaluh
Jawa Timur,Tulungagung,Tulungagung,Karangwaru
Jawa Timur,Lamongan,Turi,Karangwedoro
Jawa Timur,Jombang,Mojoagung,Karangwinongan
Jawa Timur,Lamongan,Karanggeneng,Karangwungu
Jawa Timur,Lamongan,Laren,Karangwungulor
Jawa Timur,Magetan,Karas,Karas
Jawa Timur,Sumenep,Pragaan,Karduluk
Jawa Timur,Madiun,Kare,Kare
Jawa Timur,Probolinggo,Wonomerto,Kareng Kidul
Jawa Timur,Probolinggo,Kedopok,Kareng Lor
Jawa Timur,Banyuwangi,Purwoharjo,Karetan
Jawa Timur,Jombang,Mojoagung,Karobelah
Jawa Timur,Bangkalan,Blega,Karpote
Jawa Timur,Nganjuk,Nganjuk,Kartoharjo
Jawa Timur,Madiun,Kartoharjo,Kartoharjo
Jawa Timur,Magetan,Kartoharjo,Kartoharjo
Jawa Timur,Ngawi,Ngawi,Kartoharjo
Jawa Timur,Sumenep,Manding,Kasengan
Jawa Timur,Bojonegoro,Kasiman,Kasiman
Jawa Timur,Jember,Puger,Kasiyan
Jawa Timur,Jember,Puger,Kasiyan Timur
Jawa Timur,Tulungagung,Pakel,Kasreman
Jawa Timur,Kediri,Kandangan,Kasreman
Jawa Timur,Ngawi,Geneng,Kasreman
Jawa Timur,Ngawi,Kasreman,Kasreman
Jawa Timur,Jombang,Kudu,Katemas
Jawa Timur,Lamongan,Kembangbahu,Katemas
Jawa Timur,Nganjuk,Baron,Katerban
Jawa Timur,Tuban,Senori,Katerban
Jawa Timur,Sidoarjo,Krian,Katerungan
Jawa Timur,Tulungagung,Kauman,Kates
Jawa Timur,Ngawi,Kedunggalar,Katikan
Jawa Timur,Gresik,Kedamean,Katimoho
Jawa Timur,Pacitan,Kebonagung,Katipugal
Jawa Timur,Bangkalan,Geger,Katol Barat
Jawa Timur,Bangkalan,Kokop,Katol Timur
Jawa Timur,Bojonegoro,Gayam,Katur
Jawa Timur,Blitar,Sutojayan,Kaulon
Jawa Timur,Mojokerto,Mojosari,Kauman
Jawa Timur,Gresik,Sidayu,Kauman
Jawa Timur,Tulungagung,Tulungagung,Kauman
Jawa Timur,Tulungagung,Kauman,Kauman
Jawa Timur,Blitar,Srengat,Kauman
Jawa Timur,Pasuruan,Bangil,Kauman
Jawa Timur,Jombang,Ngoro,Kauman
Jawa Timur,Jombang,Mojoagung,Kauman
Jawa Timur,Jombang,Kabuh,Kauman
Jawa Timur,Nganjuk,Nganjuk,Kauman
Jawa Timur,Bojonegoro,Baureno,Kauman
Jawa Timur,Bojonegoro,Bojonegoro,Kauman
Jawa Timur,Blitar,Kepanjenkidul,Kauman
Jawa Timur,Mojokerto,Prajuritkulon,Kauman
Jawa Timur,Ponorogo,Kauman,Kauman
Jawa Timur,Ponorogo,Ponorogo,Kauman
Jawa Timur,Magetan,Karangrejo,Kauman
Jawa Timur,Ngawi,Sine,Kauman
Jawa Timur,Ngawi,Widodaren,Kauman
Jawa Timur,Jember,Mumbulsari,Kawangrejo
Jawa Timur,Magetan,Kawedanan,Kawedanan
Jawa Timur,Blitar,Ponggok,Kawedusan
Jawa Timur,Kediri,Plosoklaten,Kawedusan
Jawa Timur,Bojonegoro,Kedewan,Kawengan
Jawa Timur,Blitar,Talun,Kaweron
Jawa Timur,Gresik,Kebomas,Kawis Anyar
Jawa Timur,Pasuruan,Rejoso,Kawisrejo
Jawa Timur,Lamongan,Karanggeneng,Kawistolegi
Jawa Timur,Gresik,Duduksampeyan,Kawistowindu
Jawa Timur,Ngawi,Kedunggalar,Kawu
Jawa Timur,Jombang,Diwek,Kayangan
Jawa Timur,Jombang,Bandarkedungmulyo,Kayen
Jawa Timur,Trenggalek,Karangan,Kayen
Jawa Timur,Pacitan,Pacitan,Kayen
Jawa Timur,Kediri,Kayen Kidul,Kayen Kidul
Jawa Timur,Kediri,Plemahan,Kayen Lor
Jawa Timur,Pasuruan,Purwosari,Kayoman
Jawa Timur,Pasuruan,Tutur,Kayu Kebek
Jawa Timur,Situbondo,Panji,Kayu Putih
Jawa Timur,Bojonegoro,Sumberejo,Kayulemah
Jawa Timur,Situbondo,Arjasa,Kayumas
Jawa Timur,Kediri,Plosoklaten,Kayunan
Jawa Timur,Ngawi,Widodaren,Kayutrejo
Jawa Timur,Sidoarjo,Porong,Kebakalan
Jawa Timur,Lamongan,Babat,Kebalandono
Jawa Timur,Lamongan,Sekaran,Kebalankulon
Jawa Timur,Lamongan,Babat,Kebalanpelang
Jawa Timur,Banyuwangi,Banyuwangi,Kebalenan
Jawa Timur,Banyuwangi,Srono,Kebaman
Jawa Timur,Sidoarjo,Tulangan,Kebaron
Jawa Timur,Probolinggo,Gading,Keben
Jawa Timur,Lamongan,Turi,Keben
Jawa Timur,Lamongan,Lamongan,Kebet
Jawa Timur,Jombang,Ngusikan,Keboan
Jawa Timur,Sidoarjo,Gedangan,Keboananom
Jawa Timur,Sidoarjo,Gedangan,Keboansikep
Jawa Timur,Sidoarjo,Jabon,Keboguyang
Jawa Timur,Sidoarjo,Krian,Keboharan
Jawa Timur,Tulungagung,Besuki,Keboireng
Jawa Timur,Gresik,Kebomas,Kebomas
Jawa Timur,Tuban,Plumpang,Kebomlati
Jawa Timur,Ngawi,Paron,Kebon
Jawa Timur,Pasuruan,Gondangwetan,Kebon Candi
Jawa Timur,Blitar,Wonodadi,Kebonagung
Jawa Timur,Pacitan,Kebonagung,Kebonagung
Jawa Timur,Lumajang,Sukodono,Kebonagung
Jawa Timur,Jember,Kaliwates,Kebonagung
Jawa Timur,Probolinggo,Kraksaan,Kebonagung
Jawa Timur,Sidoarjo,Porong,Kebonagung
Jawa Timur,Sidoarjo,Sukodono,Kebonagung
Jawa Timur,Mojokerto,Puri,Kebonagung
Jawa Timur,Jombang,Ploso,Kebonagung
Jawa Timur,Nganjuk,Sawahan,Kebonagung
Jawa Timur,Tuban,Rengel,Kebonagung
Jawa Timur,Pasuruan,Purworejo,Kebonagung
Jawa Timur,Madiun,Balerejo,Kebonagung
Jawa Timur,Madiun,Mejayan,Kebonagung
Jawa Timur,Magetan,Magetan,Kebonagung
Jawa Timur,Bojonegoro,Padangan,Kebonagung
Jawa Timur,Lamongan,Babat,Kebonagung
Jawa Timur,Lumajang,Klakah,Kebonan
Jawa Timur,Pacitan,Tegalombo,Kebondalem
Jawa Timur,Mojokerto,Mojosari,Kebondalem
Jawa Timur,Banyuwangi,Bangorejo,Kebondalem
Jawa Timur,Jombang,Bareng,Kebondalem
Jawa Timur,Blitar,Ponggok,Kebonduren
Jawa Timur,Banyuwangi,Kalibaru,Kebonrejo
Jawa Timur,Pasuruan,Grati,Kebonrejo
Jawa Timur,Kediri,Kepung,Kebonrejo
Jawa Timur,Sidoarjo,Candi,Kebonsari
Jawa Timur,Blitar,Kademangan,Kebonsari
Jawa Timur,Lumajang,Yosowilangun,Kebonsari
Jawa Timur,Lumajang,Sumbersuko,Kebonsari
Jawa Timur,Jember,Sumbersari,Kebonsari
Jawa Timur,Madiun,Kebon Sari,Kebonsari
Jawa Timur,Pasuruan,Panggungrejo,Kebonsari
Jawa Timur,Surabaya,Jambangan,Kebonsari
Jawa Timur,Pacitan,Punung,Kebonsari
Jawa Timur,Lamongan,Sukodadi,Kebonsari
Jawa Timur,Probolinggo,Kanigaran,Kebonsari Kulon
Jawa Timur,Probolinggo,Kanigaran,Kebonsari Wetan
Jawa Timur,Mojokerto,Gondang,Kebontunggul
Jawa Timur,Pasuruan,Pandaan,Kebonwaris
Jawa Timur,Pasuruan,Kraton,Kebotohan
Jawa Timur,Surabaya,Karang Pilang,Kebraon
Jawa Timur,Bangkalan,Kamal,Kebun
Jawa Timur,Sampang,Omben,Kebun Sareh
Jawa Timur,Sumenep,Kota Sumenep,Kebunagung
Jawa Timur,Sumenep,Kota Sumenep,Kebunan
Jawa Timur,Sumenep,Saronggi,Kebundadap Barat
Jawa Timur,Sumenep,Saronggi,Kebundadap Timur
Jawa Timur,Gresik,Gresik,Kebungson
Jawa Timur,Probolinggo,Besuk,Kecik
Jawa Timur,Nganjuk,Pace,Kecubung
Jawa Timur,Kediri,Semen,Kedak
Jawa Timur,Banyuwangi,Rogojampi,Kedaleman
Jawa Timur,Lamongan,Pucuk,Kedali
Jawa Timur,Gresik,Kedamean,Kedamean
Jawa Timur,Probolinggo,Sukapura,Kedasih
Jawa Timur,Bojonegoro,Kapas,Kedaton
Jawa Timur,Pasuruan,Nguling,Kedawang
Jawa Timur,Blitar,Nglegok,Kedawung
Jawa Timur,Lumajang,Padang,Kedawung
Jawa Timur,Probolinggo,Kuripan,Kedawung
Jawa Timur,Kediri,Mojo,Kedawung
Jawa Timur,Pasuruan,Grati,Kedawungkulon
Jawa Timur,Pasuruan,Grati,Kedawungwetan
Jawa Timur,Gresik,Kebomas,Kedayang
Jawa Timur,Banyuwangi,Kabat,Kedayunan
Jawa Timur,Pasuruan,Kejayan,Kedemungan
Jawa Timur,Sidoarjo,Tanggulangin,Kedensari
Jawa Timur,Bojonegoro,Kedewan,Kedewan
Jawa Timur,Sidoarjo,Tarik,Kedinding
Jawa Timur,Magetan,Lembeyan,Kediren
Jawa Timur,Lamongan,Kalitengah,Kediren
Jawa Timur,Sidoarjo,Tulangan,Kedondong
Jawa Timur,Nganjuk,Bagor,Kedondong
Jawa Timur,Probolinggo,Kedopok,Kedopok
Jawa Timur,Tulungagung,Sendang,Kedoyo
Jawa Timur,Lamongan,Mantup,Kedukbembem
Jawa Timur,Mojokerto,Magersari,Kedundung
Jawa Timur,Probolinggo,Wonoasih,Kedung Asem
Jawa Timur,Pasuruan,Rembang,Kedung Banteng
Jawa Timur,Surabaya,Rungkut,Kedung Baruk
Jawa Timur,Surabaya,Bulak,Kedung Cowek
Jawa Timur,Jombang,Sumobito,Kedungpapar
Jawa Timur,Bojonegoro,Kedungadem,Kedungadem
Jawa Timur,Gresik,Wringinanom,Kedunganyar
Jawa Timur,Banyuwangi,Tegaldlimo,Kedungasri
Jawa Timur,Lamongan,Kembangbahu,Kedungasri
Jawa Timur,Pasuruan,Rejoso,Kedungbako
Jawa Timur,Lamongan,Sambeng,Kedungbanjar
Jawa Timur,Lamongan,Sugio,Kedungbanjar
Jawa Timur,Blitar,Bakung,Kedungbanteng
Jawa Timur,Sidoarjo,Tanggulangin,Kedungbanteng
Jawa Timur,Ponorogo,Sukorejo,Kedungbanteng
Jawa Timur,Madiun,Pilangkenceng,Kedungbanteng
Jawa Timur,Sidoarjo,Tanggulangin,Kedungbendo
Jawa Timur,Bojonegoro,Balen,Kedungbondo
Jawa Timur,Pacitan,Arjosari,Kedungbendo
Jawa Timur,Sidoarjo,Tarik,Kedungbocok
Jawa Timur,Jombang,Ngusikan,Kedungbogo
Jawa Timur,Pasuruan,Beji,Kedungboto
Jawa Timur,Sidoarjo,Porong,Kedungboto
Jawa Timur,Blitar,Sutojayan,Kedungbunder
Jawa Timur,Probolinggo,Krejengan,Kedungcaluk
Jawa Timur,Tulungagung,Pagerwojo,Kedungcangkring
Jawa Timur,Sidoarjo,Jabon,Kedungcangkring
Jawa Timur,Lamongan,Sugio,Kedungdadi
Jawa Timur,Probolinggo,Dringu,Kedungdalem
Jawa Timur,Surabaya,Tegalsari,Kedungdoro
Jawa Timur,Situbondo,Arjasa,Kedungdowo
Jawa Timur,Jombang,Ploso,Kedungdowo
Jawa Timur,Nganjuk,Nganjuk,Kedungdowo
Jawa Timur,Bojonegoro,Sugihwaras,Kedungdowo
Jawa Timur,Bojonegoro,Balen,Kedungdowo
Jawa Timur,Sampang,Kedungdung,Kedungdung
Jawa Timur,Ngawi,Kedunggalar,Kedunggalar
Jawa Timur,Probolinggo,Wonoasih,Kedunggaleng
Jawa Timur,Banyuwangi,Tegaldlimo,Kedunggebang
Jawa Timur,Mojokerto,Dlanggu,Kedunggede
Jawa Timur,Mojokerto,Mojosari,Kedunggempol
Jawa Timur,Nganjuk,Gondang,Kedungglugu
Jawa Timur,Ngawi,Widodaren,Kedunggudel
Jawa Timur,Magetan,Sukomoro,Kedungguwo
Jawa Timur,Tuban,Bangilan,Kedungharjo
Jawa Timur,Tuban,Widang,Kedungharjo
Jawa Timur,Ngawi,Mantingan,Kedungharjo
Jawa Timur,Lumajang,Kedungjajang,Kedungjajang
Jawa Timur,Tuban,Singgahan,Kedungjambe
Jawa Timur,Jombang,Kabuh,Kedungjati
Jawa Timur,Madiun,Balerejo,Kedungjati
Jawa Timur,Sidoarjo,Prambon,Kedungkembar
Jawa Timur,Sidoarjo,Candi,Kedungkendo
Jawa Timur,Lamongan,Sukorame,Kedungkumpul
Jawa Timur,Lamongan,Sarirejo,Kedungkumpul
Jawa Timur,Mojokerto,Dlanggu,Kedunglengkong
Jawa Timur,Lamongan,Modo,Kedunglerep
Jawa Timur,Situbondo,Asembagus,Kedunglo
Jawa Timur,Jombang,Mojoagung,Kedunglumpang
Jawa Timur,Trenggalek,Pogalan,Kedunglurah
Jawa Timur,Kediri,Papar,Kedungmalang
Jawa Timur,Mojokerto,Sooko,Kedungmaling
Jawa Timur,Madiun,Pilangkenceng,Kedungmaron
Jawa Timur,Lamongan,Kembangbahu,Kedungmegarih
Jawa Timur,Lamongan,Ngimbang,Kedungmentawar
Jawa Timur,Nganjuk,Lengkong,Kedungmlaten
Jawa Timur,Lumajang,Kunir,Kedungmoro
Jawa Timur,Mojokerto,Pungging,Kedungmungal
Jawa Timur,Nganjuk,Tanjunganom,Kedungombo
Jawa Timur,Nganjuk,Rejoso,Kedungpadang
Jawa Timur,Magetan,Lembeyan,Kedungpanji
Jawa Timur,Jombang,Mojowarno,Kedungpari
Jawa Timur,Sidoarjo,Candi,Kedungpeluk
Jawa Timur,Pasuruan,Kejayan,Kedungpengaron
Jawa Timur,Lamongan,Modo,Kedungpengaron
Jawa Timur,Ngawi,Padas,Kedungprahu
Jawa Timur,Bojonegoro,Kanor,Kedungprimpen
Jawa Timur,Gresik,Balongpanggang,Kedungpring
Jawa Timur,Lamongan,Kedungpring,Kedungpring
Jawa Timur,Ngawi,Paron,Kedungputri
Jawa Timur,Sidoarjo,Krembung,Kedungrawan
Jawa Timur,Sidoarjo,Waru,Kedungrejo
Jawa Timur,Lumajang,Rowokangkung,Kedungrejo
Jawa Timur,Banyuwangi,Muncar,Kedungrejo
Jawa Timur,Probolinggo,Bantaran,Kedungrejo
Jawa Timur,Pasuruan,Winongan,Kedungrejo
Jawa Timur,Sidoarjo,Jabon,Kedungrejo
Jawa Timur,Nganjuk,Tanjunganom,Kedungrejo
Jawa Timur,Bojonegoro,Kedungadem,Kedungrejo
Jawa Timur,Bojonegoro,Sumberejo,Kedungrejo
Jawa Timur,Bojonegoro,Malo,Kedungrejo
Jawa Timur,Bojonegoro,Baureno,Kadungrejo
Jawa Timur,Madiun,Balerejo,Kedungrejo
Jawa Timur,Madiun,Pilangkenceng,Kedungrejo
Jawa Timur,Lamongan,Sukorame,Kedungrejo
Jawa Timur,Lamongan,Modo,Kedungrejo
Jawa Timur,Probolinggo,Kotaanyar,Kedungrejoso
Jawa Timur,Banyuwangi,Muncar,Kedungringin
Jawa Timur,Pasuruan,Beji,Kedungringin
Jawa Timur,Tuban,Plumpang,Kedungrojo
Jawa Timur,Gresik,Benjeng,Kedungrukem
Jawa Timur,Probolinggo,Maron,Kedungsari
Jawa Timur,Mojokerto,Kemlagi,Kedungsari
Jawa Timur,Bojonegoro,Temayang,Kedungsari
Jawa Timur,Kediri,Tarokan,Kedungsari
Jawa Timur,Gresik,Benjeng,Kedungsekar
Jawa Timur,Trenggalek,Karangan,Kedungsigit
Jawa Timur,Tulungagung,Tulungagung,Kedungsoko
Jawa Timur,Nganjuk,Sukomoro,Kedungsoko
Jawa Timur,Tuban,Plumpang,Kedungsoko
Jawa Timur,Lamongan,Mantup,Kedungsoko
Jawa Timur,Sidoarjo,Porong,Kedungsolo
Jawa Timur,Sidoarjo,Prambon,Kedungsugo
Jawa Timur,Sidoarjo,Balongbendo,Kedungsukodani
Jawa Timur,Bojonegoro,Temayang,Kedungsumber
Jawa Timur,Gresik,Balongpanggang,Kedungsumber
Jawa Timur,Sidoarjo,Krembung,Kedungsumur
Jawa Timur,Probolinggo,Pakuniran,Kedungsumur
Jawa Timur,Probolinggo,Wonomerto,Kedungsupit
Jawa Timur,Sidoarjo,Taman,Kedungturi
Jawa Timur,Jombang,Gudo,Kedungturi
Jawa Timur,Mojokerto,Trawas,Kedungudi
Jawa Timur,Mojokerto,Bangsal,Kedunguneng
Jawa Timur,Lamongan,Sambeng,Kedungwangi
Jawa Timur,Lamongan,Modo,Kedungwaras
Jawa Timur,Tulungagung,Kedungwaru,Kedungwaru
Jawa Timur,Tulungagung,Bandung,Kedungwilut
Jawa Timur,Sidoarjo,Prambon,Kedungwonokerto
Jawa Timur,Blitar,Binangun,Kedungwungu
Jawa Timur,Banyuwangi,Tegaldlimo,Kedungwungu
Jawa Timur,Surabaya,Karang Pilang,Kedurus
Jawa Timur,Pasuruan,Puspo,Keduwung
Jawa Timur,Lamongan,Laren,Keduyung
Jawa Timur,Mojokerto,Trowulan,Kejagan
Jawa Timur,Pasuruan,Gempol,Kejapanan
Jawa Timur,Surabaya,Mulyorejo,Kejawaan Putih Tambak
Jawa Timur,Bondowoso,Grujugan,Kejawan
Jawa Timur,Bondowoso,Pujer,Kejayan
Jawa Timur,Pasuruan,Kejayan,Kejayan
Jawa Timur,Madiun,Taman,Kejuron
Jawa Timur,Bangkalan,Galis,Kelbung
Jawa Timur,Bangkalan,Socah,Keleyan
Jawa Timur,Kediri,Kepung,Keling
Jawa Timur,Banyuwangi,Kalipuro,Kelir
Jawa Timur,Lamongan,Tikung,Kelorarum
Jawa Timur,Madiun,Kartoharjo,Kelun
Jawa Timur,Trenggalek,Trenggalek,Kelutan
Jawa Timur,Nganjuk,Ngronggot,Kelutan
Jawa Timur,Nganjuk,Baron,Kemaduh
Jawa Timur,Bojonegoro,Balen,Kemamang
Jawa Timur,Gresik,Bungah,Kemangi
Jawa Timur,Sidoarjo,Balongbendo,Kemangsen
Jawa Timur,Sidoarjo,Tulangan,Kemantren
Jawa Timur,Mojokerto,Gedeg,Kemantren
Jawa Timur,Pasuruan,Rejoso,Kemantren Rejo
Jawa Timur,Sidoarjo,Krian,Kemasan
Jawa Timur,Kediri,Kota,Kemasan
Jawa Timur,Mojokerto,Gondang,Kemasantani
Jawa Timur,Bangkalan,Bangkalan,Kemayoran
Jawa Timur,Surabaya,Krembangan,Kemayoran
Jawa Timur,Bondowoso,Tlogosari,Kembang
Jawa Timur,Bondowoso,Bondowoso,Kembang
Jawa Timur,Pacitan,Pacitan,Kembang
Jawa Timur,Gresik,Kebomas,Kembangan
Jawa Timur,Trenggalek,Pule,Kembangan
Jawa Timur,Bondowoso,Binakal,Kembangan
Jawa Timur,Magetan,Sukomoro,Kembangan
Jawa Timur,Lamongan,Sekaran,Kembangan
Jawa Timur,Blitar,Sutojayan,Kembangarum
Jawa Timur,Lamongan,Kembangbahu,Kembangbahu
Jawa Timur,Mojokerto,Pacet,Kembangbelor
Jawa Timur,Mojokerto,Pungging,Kembangringgit
Jawa Timur,Situbondo,Jatibanteng,Kembangsari
Jawa Timur,Mojokerto,Ngoro,Kembangsri
Jawa Timur,Banyuwangi,Genteng,Kembiritan
Jawa Timur,Banyuwangi,Glagah,Kemiren
Jawa Timur,Jember,Panti,Kemiri
Jawa Timur,Banyuwangi,Singojuruh,Kemiri
Jawa Timur,Pasuruan,Puspo,Kemiri
Jawa Timur,Sidoarjo,Sidoarjo,Kemiri
Jawa Timur,Mojokerto,Pacet,Kemiri
Jawa Timur,Bojonegoro,Malo,Kemiri
Jawa Timur,Kediri,Kandangan,Kemiri
Jawa Timur,Ponorogo,Jenangan,Kemiri
Jawa Timur,Bondowoso,Tamanan,Kemirian
Jawa Timur,Blitar,Kesamben,Kemirigede
Jawa Timur,Pasuruan,Pandaan,Kemirisewu
Jawa Timur,Mojokerto,Kemlagi,Kemlagi
Jawa Timur,Lamongan,Turi,Kemlagigede
Jawa Timur,Lamongan,Turi,Kemlagilor
Jawa Timur,Tuban,Parengan,Kemlaten
Jawa Timur,Blitar,Nglegok,Kemloko
Jawa Timur,Nganjuk,Baron,Kemlokolegi
Jawa Timur,Bangkalan,Tragah,Kemoning
Jawa Timur,Kediri,Purwoasri,Kempleng
Jawa Timur,Gresik,Duduksampeyan,Kemudi
Jawa Timur,Pacitan,Tegalombo,Kemuning
Jawa Timur,Sidoarjo,Tarik,Kemuning
Jawa Timur,Ponorogo,Sambit,Kemuning
Jawa Timur,Jember,Panti,Kemuning Sari Lor
Jawa Timur,Bondowoso,Taman Krocok,Kemuningan
Jawa Timur,Jember,Arjasa,Kemuninglor
Jawa Timur,Jember,Jenggawah,Kemuningsarikidul
Jawa Timur,Gresik,Gresik,Kemuteran
Jawa Timur,Mojokerto,Puri,Kenanten
Jawa Timur,Tulungagung,Tulungagung,Kenayan
Jawa Timur,Jember,Kencong,Kencong
Jawa Timur,Kediri,Kepung,Kencong
Jawa Timur,Bangkalan,Tanah Merah,Kendaban
Jawa Timur,Tulungagung,Gondang,Kendal
Jawa Timur,Pacitan,Punung,Kendal
Jawa Timur,Ngawi,Kendal,Kendal
Jawa Timur,Lamongan,Sekaran,Kendal
Jawa Timur,Tulungagung,Boyolangu,Kendalbulur
Jawa Timur,Lamongan,Karanggeneng,Kendalkemlagi
Jawa Timur,Sidoarjo,Candi,Kendalpecabean
Jawa Timur,Trenggalek,Durenan,Kendalrejo
Jawa Timur,Blitar,Srengat,Kendalrejo
Jawa Timur,Blitar,Talun,Kendalrejo
Jawa Timur,Banyuwangi,Tegaldlimo,Kendalrejo
Jawa Timur,Nganjuk,Bagor,Kendalrejo
Jawa Timur,Tuban,Soko,Kendalrejo
Jawa Timur,Jombang,Sumobito,Kendalsari
Jawa Timur,Sidoarjo,Tarik,Kendalsewu
Jawa Timur,Pasuruan,Wonorejo,Kendangdukuh
Jawa Timur,Surabaya,Tenggilis Mejoyo,Kendangsari
Jawa Timur,Situbondo,Kendit,Kendit
Jawa Timur,Madiun,Kebon Sari,Kedondong
Jawa Timur,Bojonegoro,Kedungadem,Kendung
Jawa Timur,Ngawi,Kwadungan,Kendung
Jawa Timur,Bojonegoro,Padangan,Kendung
Jawa Timur,Pasuruan,Sukorejo,Kenduruan
Jawa Timur,Pasuruan,Beji,Kenep
Jawa Timur,Nganjuk,Loceret,Kenep
Jawa Timur,Bojonegoro,Balen,Kenep
Jawa Timur,Kediri,Mojo,Keniten
Jawa Timur,Ponorogo,Ponorogo,Keniten
Jawa Timur,Ngawi,Geneng,Keniten
Jawa Timur,Surabaya,Bulak,Kenjeran
Jawa Timur,Banyuwangi,Glagah,Kenjo
Jawa Timur,Lumajang,Gucialit,Kenongo
Jawa Timur,Sidoarjo,Tulangan,Kenongo
Jawa Timur,Magetan,Nguntoronadi,Kenongomulyo
Jawa Timur,Madiun,Pilangkenceng,Kenongorejo
Jawa Timur,Ngawi,Bringin,Kenongorejo
Jawa Timur,Tuban,Soko,Kenongosari
Jawa Timur,Magetan,Sukomoro,Kentangan
Jawa Timur,Lamongan,Glagah,Kentong
Jawa Timur,Sidoarjo,Tulangan,Kepadangan
Jawa Timur,Jember,Gumukmas,Kepanjen
Jawa Timur,Nganjuk,Pace,Kepanjen
Jawa Timur,Blitar,Kepanjenkidul,Kepanjenkidul
Jawa Timur,Blitar,Kepanjenkidul,Kepanjenlor
Jawa Timur,Sumenep,Kota Sumenep,Kepanjin
Jawa Timur,Gresik,Menganti,Kepatihan
Jawa Timur,Tulungagung,Tulungagung,Kepatihan
Jawa Timur,Jember,Kaliwates,Kepatihan
Jawa Timur,Banyuwangi,Banyuwangi,Kepatihan
Jawa Timur,Sidoarjo,Tulangan,Kepatihan
Jawa Timur,Bojonegoro,Bojonegoro,Kepatihan
Jawa Timur,Ponorogo,Ponorogo,Kepatihan
Jawa Timur,Nganjuk,Ngetos,Kepel
Jawa Timur,Madiun,Kare,Kepel
Jawa Timur,Pasuruan,Bugul Kidul,Kepel
Jawa Timur,Sidoarjo,Krembung,Keper
Jawa Timur,Madiun,Dagangan,Kepet
Jawa Timur,Bojonegoro,Kepohbaru,Kepoh
Jawa Timur,Tuban,Plumpang,Kepohagung
Jawa Timur,Bojonegoro,Kedungadem,Kepohkidul
Jawa Timur,Magetan,Magetan,Kepolorejo
Jawa Timur,Lamongan,Turi,Kepudibener
Jawa Timur,Tulungagung,Boyolangu,Kepuh
Jawa Timur,Pasuruan,Kejayan,Kepuh
Jawa Timur,Nganjuk,Kertosono,Kepuh
Jawa Timur,Kediri,Papar,Kepuh
Jawa Timur,Mojokerto,Mojoanyar,Kepuhanyar
Jawa Timur,Malang,Karangploso,Kepuharjo
Jawa Timur,Lumajang,Lumajang,Kepuharjo
Jawa Timur,Mojokerto,Kutorejo,Kepuharum
Jawa Timur,Jombang,Perak,Kepuhkajang
Jawa Timur,Sidoarjo,Tulangan,Kepuhkemiri
Jawa Timur,Sidoarjo,Waru,Kepuhkiriman
Jawa Timur,Gresik,Wringinanom,Kepuhklagen
Jawa Timur,Mojokerto,Kutorejo,Kepuhpandak
Jawa Timur,Tulungagung,Ngantru,Kepuhrejo
Jawa Timur,Jombang,Kudu,Kepuhrejo
Jawa Timur,Magetan,Takeran,Kepuhrejo
Jawa Timur,Kediri,Gampengrejo,Kepuhrejo
Jawa Timur,Ponorogo,Siman,Kepuhrubuh
Jawa Timur,Pasuruan,Gempol,Kepulungan
Jawa Timur,Banyuwangi,Srono,Kepundungan
Jawa Timur,Kediri,Kepung,Kepung
Jawa Timur,Sidoarjo,Tulangan,Kepunten
Jawa Timur,Surabaya,Sukolilo,Keputih
Jawa Timur,Surabaya,Tegalsari,Keputran
Jawa Timur,Bondowoso,Sukosari,Kerang
Jawa Timur,Magetan,Takeran,Kerang
Jawa Timur,Jombang,Diwek,Keras
Jawa Timur,Ngawi,Gerih,Keraskulon
Jawa Timur,Ngawi,Geneng,Keraswetan
Jawa Timur,Ngawi,Ngawi,Kerek
Jawa Timur,Kediri,Tarokan,Kerep
Jawa Timur,Nganjuk,Bagor,Kerepkidul
Jawa Timur,Sidoarjo,Krembung,Keret
Jawa Timur,Magetan,Takeran,Kerik
Jawa Timur,Blitar,Srengat,Kerjen
Jawa Timur,Trenggalek,Karangan,Kerjo
Jawa Timur,Kediri,Gurah,Kerkep
Jawa Timur,Probolinggo,Leces,Kerpangan
Jawa Timur,Pasuruan,Bangil,Kersikan
Jawa Timur,Pasuruan,Gondangwetan,Kersikan
Jawa Timur,Ngawi,Geneng,Kersikan
Jawa Timur,Ngawi,Geneng,Kersoharjo
Jawa Timur,Pamekasan,Kadur,Kertagena Dajah
Jawa Timur,Pamekasan,Kadur,Kertagena Laok
Jawa Timur,Pamekasan,Kadur,Kertagena Tengah
Jawa Timur,Surabaya,Gubeng,Kertajaya
Jawa Timur,Sumenep,Kalianget,Kertasada
Jawa Timur,Madiun,Geger,Kertobanyon
Jawa Timur,Jember,Jenggawah,Kertonegoro
Jawa Timur,Probolinggo,Pakuniran,Kertonegoro
Jawa Timur,Jombang,Ngoro,Kertorejo
Jawa Timur,Lumajang,Pasrujambe,Kertosari
Jawa Timur,Jember,Pakusari,Kertosari
Jawa Timur,Banyuwangi,Banyuwangi,Kertosari
Jawa Timur,Situbondo,Asembagus,Kertosari
Jawa Timur,Pasuruan,Purwosari,Kertosari
Jawa Timur,Mojokerto,Kutorejo,Kertosari
Jawa Timur,Madiun,Geger,Kertosari
Jawa Timur,Ponorogo,Babadan,Kertosari
Jawa Timur,Gresik,Sidayu,Kertosono
Jawa Timur,Trenggalek,Panggul,Kertosono
Jawa Timur,Probolinggo,Gading,Kertosono
Jawa Timur,Probolinggo,Krucil,Kertosuko
Jawa Timur,Lumajang,Gucialit,Kertowono
Jawa Timur,Blitar,Kesamben,Kesamben
Jawa Timur,Jombang,Ngoro,Kesamben
Jawa Timur,Jombang,Kesamben,Kesamben
Jawa Timur,Tuban,Plumpang,Kesamben
Jawa Timur,Gresik,Driyorejo,Kesamben Wetan
Jawa Timur,Gresik,Wringinanom,Kesambenkulon
Jawa Timur,Tulungagung,Bandung,Kesambi
Jawa Timur,Sidoarjo,Porong,Kesambi
Jawa Timur,Lamongan,Pucuk,Kesambi
Jawa Timur,Situbondo,Kapongan,Kesambirampak
Jawa Timur,Bangkalan,Labang,Kesek
Jawa Timur,Bondowoso,Tenggarang,Kesemek
Jawa Timur,Mojokerto,Ngoro,Kesemen
Jawa Timur,Jember,Wuluhan,Kesilir
Jawa Timur,Banyuwangi,Siliragung,Kesilir
Jawa Timur,Mojokerto,Trawas,Kesiman
Jawa Timur,Mojokerto,Pacet,Kesimantengah
Jawa Timur,Bojonegoro,Kedungadem,Kesongo
Jawa Timur,Ponorogo,Pulung,Kesugihan
Jawa Timur,Surabaya,Genteng,Ketabang
Jawa Timur,Situbondo,Suboh,Ketah
Jawa Timur,Sidoarjo,Gedangan,Ketajen
Jawa Timur,Kediri,Pesantren,Ketami
Jawa Timur,Nganjuk,Lengkong,Ketandan
Jawa Timur,Madiun,Dagangan,Ketandan
Jawa Timur,Ngawi,Ngawi,Ketanggi
Jawa Timur,Pacitan,Sudimoro,Ketanggung
Jawa Timur,Ngawi,Sine,Ketanggung
Jawa Timur,Pasuruan,Kejayan,Ketangirejo
Jawa Timur,Pasuruan,Prigen,Ketanireng
Jawa Timur,Tulungagung,Kedungwaru,Ketanon
Jawa Timur,Banyuwangi,Kalipuro,Ketapang
Jawa Timur,Sidoarjo,Tanggulangin,Ketapang
Jawa Timur,Probolinggo,Kademangan,Ketapang
Jawa Timur,Jombang,Ngusikan,Ketapangkuning
Jawa Timur,Lamongan,Karangbinangun,Ketapangtelu
Jawa Timur,Mojokerto,Trawas,Ketapanrame
Jawa Timur,Nganjuk,Gondang,Ketawang
Jawa Timur,Madiun,Dolopo,Ketawang
Jawa Timur,Kediri,Purwoasri,Ketawang
Jawa Timur,Sumenep,Ganding,Ketawang Daleman
Jawa Timur,Sumenep,Ganding,Ketawang Karay
Jawa Timur,Sumenep,Guluk-Guluk,Ketawang Laok
Jawa Timur,Sumenep,Ganding,Ketawang Larangan
Jawa Timur,Sumenep,Ganding,Ketawang Parebaan
Jawa Timur,Sidoarjo,Taman,Ketegan
Jawa Timur,Pasuruan,Rejoso,Ketegan
Jawa Timur,Sidoarjo,Tanggulangin,Ketegan
Jawa Timur,Bangkalan,Tragah,Keteleng
Jawa Timur,Mojokerto,Puri,Ketemasdungus
Jawa Timur,Pacitan,Kebonagung,Ketepung
Jawa Timur,Bangkalan,Kwanyar,Ketetang
Jawa Timur,Bojonegoro,Malo,Ketileng
Jawa Timur,Sidoarjo,Wonoayu,Ketimang
Jawa Timur,Malang,Lawang,Ketindan
Jawa Timur,Jember,Jombang,Keting
Jawa Timur,Lamongan,Sekaran,Keting
Jawa Timur,Surabaya,Gayungan,Ketintang
Jawa Timur,Probolinggo,Pejarakan,Ketompen
Jawa Timur,Situbondo,Arjasa,Ketowan
Jawa Timur,Pacitan,Kebonagung,Ketro
Jawa Timur,Sumenep,Ra'as,Ketupat
Jawa Timur,Lamongan,Babat,Keyongan
Jawa Timur,Pasuruan,Bangil,Kiduldalem
Jawa Timur,Situbondo,Panarukan,Kilensari
Jawa Timur,Magetan,Bendo,Kinandang
Jawa Timur,Madiun,Jiwan,Kincang Wetan
Jawa Timur,Mojokerto,Puri,Kintelan
Jawa Timur,Tulungagung,Gondang,Kiping
Jawa Timur,Magetan,Takeran,Kiringan
Jawa Timur,Gresik,Bungah,Kisik
Jawa Timur,Bondowoso,Tegalampel,Klabang
Jawa Timur,Bondowoso,Klabang,Klabang
Jawa Timur,Bondowoso,Tegalampel,Klabang Agung
Jawa Timur,Bondowoso,Cermee,Kladi
Jawa Timur,Nganjuk,Rejoso,Klagen
Jawa Timur,Magetan,Barat,Klagen
Jawa Timur,Magetan,Maospati,Klagen Gambiran
Jawa Timur,Madiun,Jiwan,Klagenserut
Jawa Timur,Lamongan,Maduran,Klagensrampat
Jawa Timur,Lumajang,Klakah,Klakah
Jawa Timur,Pasuruan,Pasrepan,Klakah
Jawa Timur,Tuban,Bangilan,Klakeh
Jawa Timur,Pamekasan,Proppo,Klampar
Jawa Timur,Surabaya,Sukolilo,Klampis Ngasem
Jawa Timur,Kediri,Kandangan,Klampisan
Jawa Timur,Ngawi,Geneng,Klampisan
Jawa Timur,Pasuruan,Kraton,Klampisrejo
Jawa Timur,Kediri,Purwoasri,Klampitan
Jawa Timur,Gresik,Benjeng,Klampok
Jawa Timur,Probolinggo,Tongas,Klampok
Jawa Timur,Bojonegoro,Kapas,Klampok
Jawa Timur,Blitar,Sananwetan,Klampok
Jawa Timur,Bondowoso,Klabang,Klampokan
Jawa Timur,Situbondo,Panji,Klampokan
Jawa Timur,Probolinggo,Besuk,Klampokan
Jawa Timur,Lumajang,Tekung,Klampokarum
Jawa Timur,Kediri,Plosoklaten,Klanderan
Jawa Timur,Madiun,Saradan,Klangon
Jawa Timur,Bojonegoro,Bojonegoro,Klangon
Jawa Timur,Gresik,Kebomas,Klangonan
Jawa Timur,Pasuruan,Kejayan,Klangrong
Jawa Timur,Lumajang,Sukodono,Klanting
Jawa Timur,Sidoarjo,Tarik,Klantingsari
Jawa Timur,Bangkalan,Sepulu,Klapayan
Jawa Timur,Probolinggo,Gending,Klaseman
Jawa Timur,Banyuwangi,Kalipuro,Klatak
Jawa Timur,Jember,Tanggul,Klatakan
Jawa Timur,Situbondo,Kendit,Klatakan
Jawa Timur,Magetan,Bendo,Kleco
Jawa Timur,Madiun,Mejayan,Klecorejo
Jawa Timur,Magetan,Bendo,Kledokan
Jawa Timur,Pacitan,Bandar,Kledung
Jawa Timur,Madiun,Kartoharjo,Klegen
Jawa Timur,Bondowoso,Botolinggo,Klekehan
Jawa Timur,Bojonegoro,Ngraho,Klempun
Jawa Timur,Blitar,Wlingi,Klemunan
Jawa Timur,Probolinggo,Banyuanyar,Klenangkidul
Jawa Timur,Probolinggo,Banyuanyar,Klenanglor
Jawa Timur,Bojonegoro,Sukosewu,Klepek
Jawa Timur,Kediri,Kunjang,Klepek
Jawa Timur,Pacitan,Sudimoro,Klepu
Jawa Timur,Pacitan,Donorojo,Klepu
Jawa Timur,Ponorogo,Sooko,Klepu
Jawa Timur,Pacitan,Kebonagung,Klesem
Jawa Timur,Sidoarjo,Taman,Kletek
Jawa Timur,Ngawi,Jogorogo,Kletekan
Jawa Timur,Bojonegoro,Sekar,Klino
Jawa Timur,Pasuruan,Kejayan,Klinter
Jawa Timur,Mojokerto,Sooko,Klinterejo
Jawa Timur,Bojonegoro,Malo,Kliteh
Jawa Timur,Jombang,Plandaan,Klitih
Jawa Timur,Madiun,Wonoasri,Klitik
Jawa Timur,Ngawi,Geneng,Klitik
Jawa Timur,Sampang,Sreseh,Klobur
Jawa Timur,Nganjuk,Ngetos,Klodan
Jawa Timur,Pamekasan,Pakong,Klompang Barat
Jawa Timur,Pamekasan,Pakong,Klompang Timur
Jawa Timur,Jember,Ajung,Klompangan
Jawa Timur,Lumajang,Candipuro,Klopo Sawit
Jawa Timur,Sidoarjo,Sukodono,Kloposepuluh
Jawa Timur,Madiun,Geger,Klorogan
Jawa Timur,Tuban,Plumpang,Klotok
Jawa Timur,Gresik,Balongpanggang,Klotok
Jawa Timur,Sidoarjo,Tanggulangin,Kludan
Jawa Timur,Tuban,Soko,Klumpit
Jawa Timur,Madiun,Sawahan,Klumpit
Jawa Timur,Madiun,Saradan,Klumutan
Jawa Timur,Banyuwangi,Licin,Kluncing
Jawa Timur,Jember,Sukorambi,Klungkung
Jawa Timur,Nganjuk,Ngronggot,Klurahan
Jawa Timur,Magetan,Kartoharjo,Klurahan
Jawa Timur,Sidoarjo,Candi,Klurak
Jawa Timur,Pacitan,Tulakan,Kluwih
Jawa Timur,Pasuruan,Wonorejo,Kluwut
Jawa Timur,Bangkalan,Blega,Ko'olan
Jawa Timur,Sampang,Torjun,Kodak
Jawa Timur,Pamekasan,Proppo,Kodik
Jawa Timur,Bangkalan,Kokop,Kokop
Jawa Timur,Bangkalan,Modung,Kolla
Jawa Timur,Blitar,Wonodadi,Kolomayan
Jawa Timur,Bojonegoro,Ngasem,Kolong
Jawa Timur,Sumenep,Kota Sumenep,Kolor
Jawa Timur,Pamekasan,Pamekasan,Kolpajung
Jawa Timur,Pasuruan,Bangil,Kolursari
Jawa Timur,Sumenep,Talango,Kombang
Jawa Timur,Bangkalan,Geger,Kombangan
Jawa Timur,Sampang,Kedungdung,Komis
Jawa Timur,Bangkalan,Konang,Konang
Jawa Timur,Pamekasan,Galis,Konang
Jawa Timur,Lamongan,Glagah,Konang
Jawa Timur,Bondowoso,Tenggarang,Koncer Darul Aman
Jawa Timur,Bondowoso,Tenggarang,Koncer Kidul
Jawa Timur,Probolinggo,Kotaanyar,Kotaanyar
Jawa Timur,Sampang,Jrengik,Kotah
Jawa Timur,Situbondo,Situbondo,Kotakan
Jawa Timur,Bondowoso,Bondowoso,Kotakulon
Jawa Timur,Blitar,Gandusari,Kotes
Jawa Timur,Pamekasan,Pamekasan,Kowel
Jawa Timur,Banyuwangi,Purwoharjo,Kradenan
Jawa Timur,Ponorogo,Jetis,Kradenan
Jawa Timur,Lamongan,Kedungpring,Kradenanrejo
Jawa Timur,Tulungagung,Pagerwojo,Kradinan
Jawa Timur,Madiun,Dolopo,Kradinan
Jawa Timur,Sidoarjo,Gedangan,Kragan
Jawa Timur,Lumajang,Yosowilangun,Krai
Jawa Timur,Magetan,Parang,Krajan
Jawa Timur,Madiun,Mejayan,Krajan
Jawa Timur,Probolinggo,Kraksaan,Kraksaan Wetan
Jawa Timur,Gresik,Bungah,Kramat
Jawa Timur,Bangkalan,Bangkalan,Kramat
Jawa Timur,Nganjuk,Nganjuk,Kramat
Jawa Timur,Gresik,Duduksampeyan,Kramat
Jawa Timur,Sampang,Kedungdung,Kramat
Jawa Timur,Pamekasan,Tlanakan,Kramat
Jawa Timur,Lamongan,Lamongan,Kramat
Jawa Timur,Jember,Tanggul,Kramat Sukoharjo
Jawa Timur,Probolinggo,Bantaran,Kramatagung
Jawa Timur,Gresik,Gresik,Kramatinggil
Jawa Timur,Sidoarjo,Taman,Kramatjegu
Jawa Timur,Sidoarjo,Tarik,Kramattemenggung
Jawa Timur,Probolinggo,Besuk,Krampilan
Jawa Timur,Sampang,Torjun,Krampon
Jawa Timur,Pasuruan,Bugul Kidul,Krampyangan
Jawa Timur,Kediri,Kras,Krandang
Jawa Timur,Trenggalek,Gandusari,Krandegan
Jawa Timur,Madiun,Kebon Sari,Krandegan
Jawa Timur,Ngawi,Ngrambe,Krandegan
Jawa Timur,Kediri,Mojo,Kranding
Jawa Timur,Madiun,Geger,Kranggan
Jawa Timur,Mojokerto,Kranggan,Kranggan
Jawa Timur,Kediri,Gurah,Kranggan
Jawa Timur,Ponorogo,Sukorejo,Kranggan
Jawa Timur,Bangkalan,Tanah Merah,Kranggan Barat
Jawa Timur,Bangkalan,Galis,Kranggan Timur
Jawa Timur,Bojonegoro,Kepohbaru,Krangkong
Jawa Timur,Jember,Sumbersari,Kranjingan
Jawa Timur,Pasuruan,Gadingrejo,Krapyakrejo
Jawa Timur,Kediri,Kras,Kras
Jawa Timur,Lumajang,Kedungjajang,Krasak
Jawa Timur,Sidoarjo,Krian,Kraton
Jawa Timur,Bangkalan,Bangkalan,Kraton
Jawa Timur,Lumajang,Yosowilangun,Kraton
Jawa Timur,Jember,Kencong,Kraton
Jawa Timur,Pasuruan,Kraton,Kraton
Jawa Timur,Magetan,Maospati,Kraton
Jawa Timur,Kediri,Mojo,Kraton
Jawa Timur,Ponorogo,Jambon,Krebet
Jawa Timur,Madiun,Pilangkenceng,Krebet
Jawa Timur,Kediri,Badas,Krecek
Jawa Timur,Probolinggo,Kraksaan,Kregenan
Jawa Timur,Probolinggo,Krejengan,Krejengan
Jawa Timur,Sidoarjo,Taman,Krembangan
Jawa Timur,Jombang,Gudo,Krembangan
Jawa Timur,Surabaya,Krembangan,Krembangan Selatan
Jawa Timur,Surabaya,Pabean Cantian,Krembangan Utara
Jawa Timur,Sidoarjo,Krembung,Krembung
Jawa Timur,Blitar,Nglegok,Krenceng
Jawa Timur,Kediri,Kepung,Krenceng
Jawa Timur,Pasuruan,Rembang,Krengih
Jawa Timur,Madiun,Wungu,Kresek
Jawa Timur,Tulungagung,Tanggunggunung,Kresikan
Jawa Timur,Bondowoso,Taman Krocok,Kretek
Jawa Timur,Lamongan,Sambeng,Kreteranggon
Jawa Timur,Sidoarjo,Krian,Krian
Jawa Timur,Gresik,Driyorejo,Krikilan
Jawa Timur,Probolinggo,Krucil,Krobungan
Jawa Timur,Madiun,Sawahan,Krokeh
Jawa Timur,Gresik,Gresik,Kroman
Jawa Timur,Tulungagung,Ngunut,Kromasan
Jawa Timur,Jombang,Ngusikan,Kromong
Jawa Timur,Ngawi,Bringin,Krompol
Jawa Timur,Bojonegoro,Gondang,Krondonan
Jawa Timur,Pasuruan,Lumbang,Kronto
Jawa Timur,Probolinggo,Bantaran,Kropak
Jawa Timur,Sumenep,Ra'as,Kropoh
Jawa Timur,Tulungagung,Sendang,Krosok
Jawa Timur,Magetan,Lembeyan,Krowe
Jawa Timur,Probolinggo,Krucil,Krucil
Jawa Timur,Lamongan,Sekaran,Kudikan
Jawa Timur,Nganjuk,Kertosono,Kudu
Jawa Timur,Jombang,Kudu,Kudubanjar
Jawa Timur,Lumajang,Klakah,Kudus
Jawa Timur,Tuban,Widang,Kujung
Jawa Timur,Situbondo,Kendit,Kukusan
Jawa Timur,Lamongan,Kalitengah,Kuluran
Jawa Timur,Situbondo,Jangkar,Kumbangsari
Jawa Timur,Banyuwangi,Muncar,Kumendung
Jawa Timur,Mojokerto,Jatirejo,Kumitir
Jawa Timur,Bojonegoro,Kapas,Kumpulrejo
Jawa Timur,Tuban,Parengan,Kumpulrejo
Jawa Timur,Madiun,Taman,Kuncen
Jawa Timur,Madiun,Mejayan,Kuncen
Jawa Timur,Bojonegoro,Padangan,Kuncen
Jawa Timur,Bojonegoro,Dander,Kunci
Jawa Timur,Nganjuk,Ngetos,Kuncir
Jawa Timur,Blitar,Kanigoro,Kuningan
Jawa Timur,Blitar,Wonodadi,Kunir
Jawa Timur,Lumajang,Kunir,Kunir Kidul
Jawa Timur,Lumajang,Kunir,Kunir Lor
Jawa Timur,Ngawi,Sine,Kuniran
Jawa Timur,Bojonegoro,Purwosari,Kuniran
Jawa Timur,Kediri,Ngancar,Kunjang
Jawa Timur,Kediri,Kunjang,Kunjang
Jawa Timur,Mojokerto,Ngoro,Kunjorowesi
Jawa Timur,Ponorogo,Sampung,Kunti
Jawa Timur,Bondowoso,Curahdami,Kupang
Jawa Timur,Bondowoso,Pakem,Kupang
Jawa Timur,Sidoarjo,Jabon,Kupang
Jawa Timur,Mojokerto,Jetis,Kupang
Jawa Timur,Surabaya,Sawahan,Kupang Krajan
Jawa Timur,Sidoarjo,Waru,Kureksari
Jawa Timur,Lamongan,Babat,Kuripan
Jawa Timur,Mojokerto,Pacet,Kuripansari
Jawa Timur,Lamongan,Karangbinangun,Kuro
Jawa Timur,Pasuruan,Kejayan,Kurung
Jawa Timur,Nganjuk,Prambon,Kurungrejo
Jawa Timur,Surabaya,Tenggilis Mejoyo,Kutisari
Jawa Timur,Tulungagung,Tulungagung,Kutoanyar
Jawa Timur,Mojokerto,Ngoro,Kutogirang
Jawa Timur,Mojokerto,Bangsal,Kutoporong
Jawa Timur,Mojokerto,Kutorejo,Kutorejo
Jawa Timur,Pasuruan,Pandaan,Kutorejo
Jawa Timur,Nganjuk,Kertosono,Kutorejo
Jawa Timur,Nganjuk,Bagor,Kutorejo
Jawa Timur,Lumajang,Sukodono,Kutorenon
Jawa Timur,Ponorogo,Jetis,Kutu Kulon
Jawa Timur,Ponorogo,Jetis,Kutu Wetan
Jawa Timur,Kediri,Kunjang,Kuwik
Jawa Timur,Madiun,Kare,Kuwiran
Jawa Timur,Magetan,Karas,Kuwon
Jawa Timur,Magetan,Takeran,Kuwonharjo
Jawa Timur,Madiun,Balerejo,Kuwu
Jawa Timur,Lamongan,Bluluk,Kuwurejo
Jawa Timur,Kediri,Ngasem,Kwadungan
Jawa Timur,Ngawi,Kwadungan,Kwadungan
Jawa Timur,Ngawi,Padas,Kwadungan Lor
Jawa Timur,Nganjuk,Loceret,Kwagean
Jawa Timur,Sidoarjo,Sedati,Kwangsan
Jawa Timur,Madiun,Jiwan,Kwangsen
Jawa Timur,Bangkalan,Kwanyar,Kwanyar Barat
Jawa Timur,Jombang,Diwek,Kwaron
Jawa Timur,Kediri,Papar,Kwaron
Jawa Timur,Mojokerto,Mojoanyar,Kwatu
Jawa Timur,Nganjuk,Ngetos,Kweden
Jawa Timur,Mojokerto,Mojoanyar,Kwedenkembar
Jawa Timur,Ngawi,Kasreman,Kyonten
Jawa Timur,Gresik,Menganti,Laban
Jawa Timur,Banyuwangi,Kabat,Labanasem
Jawa Timur,Bangkalan,Labang,Labang
Jawa Timur,Sampang,Sreseh,Labang
Jawa Timur,Lumajang,Sumbersuko,Labruk Kidul
Jawa Timur,Lumajang,Lumajang,Labruk Lor
Jawa Timur,Sampang,Sreseh,Labuhan
Jawa Timur,Pamekasan,Pamekasan,Laden
Jawa Timur,Tuban,Singgahan,Lajo Kidul
Jawa Timur,Pasuruan,Gondangwetan,Lajuk
Jawa Timur,Sidoarjo,Porong,Lajuk
Jawa Timur,Mojokerto,Jetis,Lakardowo
Jawa Timur,Surabaya,Lakarsantri,Lakarsantri
Jawa Timur,Lamongan,Deket,Laladan
Jawa Timur,Sumenep,Manding,Lalangon
Jawa Timur,Sidoarjo,Wonoayu,Lambangan
Jawa Timur,Probolinggo,Lumbang,Lambangkuning
Jawa Timur,Nganjuk,Kertosono,Lambangkuning
Jawa Timur,Kediri,Badas,Lamong
Jawa Timur,Situbondo,Arjasa,Lamongan
Jawa Timur,Lamongan,Ngimbang,Lamongrejo
Jawa Timur,Gresik,Kedamean,Lampah
Jawa Timur,Jember,Mumbulsari,Lampeji
Jawa Timur,Bondowoso,Botolinggo,Lanas
Jawa Timur,Pamekasan,Larangan,Lancar
Jawa Timur,Bangkalan,Tanah Merah,Landak
Jawa Timur,Situbondo,Kapongan,Landangan
Jawa Timur,Kediri,Plemahan,Langenharjo
Jawa Timur,Jember,Bangsalsari,Langkap
Jawa Timur,Situbondo,Besuki,Langkap
Jawa Timur,Bangkalan,Burneh,Langkap
Jawa Timur,Blitar,Ponggok,Langon
Jawa Timur,Bangkalan,Modung,Langpanggang
Jawa Timur,Sumenep,Saronggi,Langsar
Jawa Timur,Sumenep,Manding,Lanjuk
Jawa Timur,Bangkalan,Galis,Lantek Barat
Jawa Timur,Bangkalan,Galis,Lantek Timor
Jawa Timur,Sumenep,Dungkek,Lapa Laok
Jawa Timur,Sampang,Banyuates,Lar Lar
Jawa Timur,Sidoarjo,Candi,Larangan
Jawa Timur,Pamekasan,Palenggaan,Larangan Badung
Jawa Timur,Pamekasan,Larangan,Larangan Dalam
Jawa Timur,Pamekasan,Larangan,Larangan Luar
Jawa Timur,Sumenep,Pragaan,Larangan Perreng
Jawa Timur,Pamekasan,Tlanakan,Larangan Slampar
Jawa Timur,Pamekasan,Tlanakan,Larangan Tokol
Jawa Timur,Lamongan,Laren,Laren
Jawa Timur,Gresik,Sidayu,Lasem
Jawa Timur,Pasuruan,Bangil,Latek
Jawa Timur,Lamongan,Sekaran,Latek
Jawa Timur,Banyuwangi,Banyuwangi,Lateng
Jawa Timur,Jombang,Mojowarno,Latsari
Jawa Timur,Lamongan,Karanggeneng,Latukan
Jawa Timur,Lamongan,Ngimbang,Lawak
Jawa Timur,Malang,Lawang,Lawang
Jawa Timur,Pamekasan,Pademawu,Lawangan Daya
Jawa Timur,Lamongan,Sugio,Lawanganagung
Jawa Timur,Probolinggo,Sumberasih,Laweyan
Jawa Timur,Pasuruan,Winongan,Lebak
Jawa Timur,Pasuruan,Purwodadi,Lebak Rejo
Jawa Timur,Pasuruan,Wonorejo,Lebak Sari
Jawa Timur,Lamongan,Sugio,Lebakadi
Jawa Timur,Madiun,Sawahan,Lebakayu
Jawa Timur,Mojokerto,Jatirejo,Lebakjabung
Jawa Timur,Bojonegoro,Baureno,Lebaksari
Jawa Timur,Mojokerto,Pungging,Lebaksono
Jawa Timur,Gresik,Wringinanom,Lebanisuko
Jawa Timur,Gresik,Wringinanom,Lebaniwaras
Jawa Timur,Pamekasan,Pakong,Lebbek
Jawa Timur,Sidoarjo,Sidoarjo,Lebo
Jawa Timur,Pasuruan,Sukorejo,Lecari
Jawa Timur,Probolinggo,Leces,Leces
Jawa Timur,Bojonegoro,Bojonegoro,Ledok Kulon
Jawa Timur,Bojonegoro,Bojonegoro,Ledok Wetan
Jawa Timur,Jember,Ledokombo,Ledokombo
Jawa Timur,Probolinggo,Sumber,Ledokombo
Jawa Timur,Lumajang,Randuagung,Ledoktempuro
Jawa Timur,Pasuruan,Prigen,Ledug
Jawa Timur,Pasuruan,Gempol,Legok
Jawa Timur,Ngawi,Kasreman,Legokulon
Jawa Timur,Ngawi,Bringin,Legowetan
Jawa Timur,Probolinggo,Bantaran,Legundi
Jawa Timur,Ngawi,Karangjati,Legundi
Jawa Timur,Pasuruan,Pasrepan,Lemahbang
Jawa Timur,Pasuruan,Sukorejo,Lemahbang
Jawa Timur,Magetan,Bendo,Lemahbang
Jawa Timur,Banyuwangi,Singojuruh,Lemahbang Kulon
Jawa Timur,Banyuwangi,Rogojampi,Lemahbangdewo
Jawa Timur,Probolinggo,Sumberasih,Lemahkembar
Jawa Timur,Sidoarjo,Sidoarjo,Lemahputro
Jawa Timur,Madiun,Dolopo,Lembah
Jawa Timur,Ponorogo,Babadan,Lembah
Jawa Timur,Jember,Ledokombo,Lembengan
Jawa Timur,Magetan,Lembeyan,Lembeyan Kulon
Jawa Timur,Magetan,Lembeyan,Lembeyan Wetan
Jawa Timur,Pamekasan,Galis,Lembung
Jawa Timur,Sumenep,Lenteng,Lembung Barat
Jawa Timur,Bangkalan,Kokop,Lembung Gunong
Jawa Timur,Sumenep,Lenteng,Lembung Timur
Jawa Timur,Mojokerto,Mojosari,Leminggir
Jawa Timur,Lumajang,Tempeh,Lempeni
Jawa Timur,Pamekasan,Pademawu,Lemper
Jawa Timur,Sidoarjo,Krembung,Lemujut
Jawa Timur,Jember,Mumbulsari,Lengkong
Jawa Timur,Mojokerto,Mojoanyar,Lengkong
Jawa Timur,Nganjuk,Lengkong,Lengkong
Jawa Timur,Bojonegoro,Balen,Lengkong
Jawa Timur,Gresik,Cerme,Lengkong
Jawa Timur,Ponorogo,Sukorejo,Lengkong
Jawa Timur,Nganjuk,Ngluyu,Lengkong Lor
Jawa Timur,Pamekasan,Proppo,Lenteng
Jawa Timur,Sumenep,Lenteng,Lenteng Barat
Jawa Timur,Sumenep,Lenteng,Lenteng Timur
Jawa Timur,Sampang,Robatal,Lepelle
Jawa Timur,Bondowoso,Klabang,Leprak
Jawa Timur,Bojonegoro,Kalitidu,Leran
Jawa Timur,Tuban,Senori,Leran
Jawa Timur,Gresik,Manyar,Leran
Jawa Timur,Bangkalan,Geger,Lerpak
Jawa Timur,Nganjuk,Patianrowo,Lestari
Jawa Timur,Banyuwangi,Licin,Licin
Jawa Timur,Surabaya,Lakarsantri,Lidah kulon
Jawa Timur,Surabaya,Lakarsantri,Lidah Wetan
Jawa Timur,Pasuruan,Kejayan,Linggo
Jawa Timur,Probolinggo,Banyuanyar,Liprak Kidul
Jawa Timur,Probolinggo,Banyuanyar,Liprak Kulon
Jawa Timur,Probolinggo,Banyuanyar,Liprak Wetan
Jawa Timur,Kediri,Mojoroto,Lirboyo
Jawa Timur,Sumenep,Bluto,Lobuk
Jawa Timur,Bondowoso,Curahdami,Locare
Jawa Timur,Nganjuk,Loceret,Loceret
Jawa Timur,Tulungagung,Kedungwaru,Loderesan
Jawa Timur,Pasuruan,Pohjentrek,Logowok
Jawa Timur,Bondowoso,Tenggarang,Lojajar
Jawa Timur,Jember,Wuluhan,Lojejer
Jawa Timur,Mojokerto,Ngoro,Lolawang
Jawa Timur,Bangkalan,Blega,Lomaer
Jawa Timur,Sumenep,Giliginting,Lombang
Jawa Timur,Bangkalan,Blega,Lombang Dajah
Jawa Timur,Bangkalan,Blega,Lombang Laok
Jawa Timur,Bondowoso,Wonosari,Lombok Kulon
Jawa Timur,Bondowoso,Wonosari,Lombok Wetan
Jawa Timur,Bangkalan,Galis,Longkek
Jawa Timur,Sumenep,Gapura,Longos
Jawa Timur,Surabaya,Sambikerep,Lontar
Jawa Timur,Lamongan,Kembangbahu,Lopang
Jawa Timur,Blitar,Bakung,Lorejo
Jawa Timur,Pasuruan,Kejayan,Lorokan
Jawa Timur,Jombang,Ploso,Losari
Jawa Timur,Nganjuk,Gondang,Losari
Jawa Timur,Gresik,Dukun,Lowayu
Jawa Timur,Situbondo,Banyuglugur,Lubawang
Jawa Timur,Lamongan,Kalitengah,Lukrejo
Jawa Timur,Probolinggo,Lumbang,Lumbang
Jawa Timur,Pasuruan,Lumbang,Lumbang
Jawa Timur,Pasuruan,Prigen,Lumbangrejo
Jawa Timur,Nganjuk,Jatikalen,Lumpangkuwik
Jawa Timur,Gresik,Gresik,Lumpur
Jawa Timur,Bondowoso,Botolinggo,Lumutan
Jawa Timur,Gresik,Benjeng,Lundo
Jawa Timur,Bojonegoro,Ngraho,Luwihaji
Jawa Timur,Madiun,Pilangkenceng,Luworo
Jawa Timur,Pasuruan,Kejayan,Luwuk
Jawa Timur,Nganjuk,Baron,Mabung
Jawa Timur,Banyuwangi,Kabat,Macan Putih
Jawa Timur,Nganjuk,Loceret,Macanan
Jawa Timur,Ngawi,Jogorogo,Macanan
Jawa Timur,Tulungagung,Gondang,Macanbang
Jawa Timur,Jombang,Kudu,Made
Jawa Timur,Surabaya,Sambikerep,Made
Jawa Timur,Lamongan,Lamongan,Made
Jawa Timur,Magetan,Takeran,Madigondo
Jawa Timur,Jombang,Sumobito,Madiopuro
Jawa Timur,Madiun,Manguharjo,Madiun Lor
Jawa Timur,Sampang,Omben,Madulang
Jawa Timur,Lamongan,Sukodadi,Madulegi
Jawa Timur,Gresik,Dukun,Madumulyorejo
Jawa Timur,Sampang,Camplong,Madupat
Jawa Timur,Lamongan,Maduran,Maduran
Jawa Timur,Lumajang,Pasirian,Madurejo
Jawa Timur,Mojokerto,Dawarblandong,Madureso
Jawa Timur,Kediri,Papar,Maduretno
Jawa Timur,Ponorogo,Siman,Madusari
Jawa Timur,Bondowoso,Maesan,Maesan
Jawa Timur,Kediri,Mojo,Maesan
Jawa Timur,Sidoarjo,Sidoarjo,Magersari
Jawa Timur,Tuban,Plumpang,Magersari
Jawa Timur,Mojokerto,Magersari,Magersari
Jawa Timur,Magetan,Magetan,Magetan
Jawa Timur,Nganjuk,Berbek,Maguan
Jawa Timur,Ponorogo,Sambit,Maguwan
Jawa Timur,Tuban,Rengel,Maibit
Jawa Timur,Tuban,Montong,Maindu
Jawa Timur,Lamongan,Kedungpring,Maindu
Jawa Timur,Tulungagung,Kedungwaru,Majan
Jawa Timur,Sampang,Jrengik,Majangan
Jawa Timur,Ngawi,Kendal,Majasem
Jawa Timur,Lamongan,Kedungpring,Majenang
Jawa Timur,Pamekasan,Pademawu,Majungan
Jawa Timur,Bangkalan,Arosbaya,Makam Agung
Jawa Timur,Magetan,Maospati,Malang
Jawa Timur,Nganjuk,Tanjunganom,Malangsari
Jawa Timur,Trenggalek,Durenan,Malasan
Jawa Timur,Probolinggo,Leces,Malasankulon
Jawa Timur,Probolinggo,Tegalsiwalan,Malesanwetan
Jawa Timur,Bojonegoro,Tambakrejo,Malingmati
Jawa Timur,Blitar,Ponggok,Maliran
Jawa Timur,Bojonegoro,Malo,Malo
Jawa Timur,Sampang,Tambelangan,Mambulu Barat
Jawa Timur,Pasuruan,Bangil,Manaruwi
Jawa Timur,Jombang,Mojoagung,Mancilan
Jawa Timur,Nganjuk,Wilangan,Mancon
Jawa Timur,Sumenep,Gapura,Mandala
Jawa Timur,Sumenep,Rubaru,Mandala
Jawa Timur,Pasuruan,Panggungrejo,Mandaranrejo
Jawa Timur,Blitar,Selopuro,Mandesan
Jawa Timur,Tulungagung,Pucanglaban,Manding
Jawa Timur,Bondowoso,Tegalampel,Mandiro
Jawa Timur,Jombang,Kabuh,Manduro
Jawa Timur,Mojokerto,Ngoro,Manduro Manggunggajah
Jawa Timur,Pamekasan,Tlanakan,Mangar
Jawa Timur,Jember,Ajung,Mangaran
Jawa Timur,Situbondo,Mangaran,Mangaran
Jawa Timur,Bangkalan,Modung,Mangga'an
Jawa Timur,Magetan,Barat,Mangge
Jawa Timur,Trenggalek,Panggul,Manggis
Jawa Timur,Kediri,Ngancar,Manggis
Jawa Timur,Kediri,Puncu,Manggis
Jawa Timur,Jember,Tanggul,Manggisan
Jawa Timur,Pasuruan,Pasrepan,Mangguan
Jawa Timur,Banyuwangi,Rogojampi,Mangir
Jawa Timur,Bangkalan,Arosbaya,Mangkon
Jawa Timur,Lamongan,Kembangbahu,Mangkujajar
Jawa Timur,Magetan,Magetan,Mangkujayan
Jawa Timur,Ponorogo,Ponorogo,Mangkujayan
Jawa Timur,Jember,Kaliwates,Mangli
Jawa Timur,Bondowoso,Pujer,Mangli
Jawa Timur,Bondowoso,Tapen,Mangli Wetan
Jawa Timur,Madiun,Manguharjo,Manguharjo
Jawa Timur,Blitar,Udanawu,Mangunan
Jawa Timur,Jombang,Kabuh,Mangunan
Jawa Timur,Nganjuk,Nganjuk,Mangundikaran
Jawa Timur,Probolinggo,Mayangan,Mangunharjo
Jawa Timur,Pacitan,Arjosari,Mangunharjo
Jawa Timur,Ngawi,Ngawi,Mangunharjo
Jawa Timur,Magetan,Kawedanan,Mangunrejo
Jawa Timur,Kediri,Ngadiluwih,Mangunrejo
Jawa Timur,Tulungagung,Kedungwaru,Mangunsari
Jawa Timur,Lumajang,Tekung,Mangunsari
Jawa Timur,Ponorogo,Siman,Mangunsuman
Jawa Timur,Pasuruan,Rejoso,Manikrejo
Jawa Timur,Ngawi,Ngrambe,Manisharjo
Jawa Timur,Madiun,Taman,Manisrejo
Jawa Timur,Magetan,Karangrejo,Manisrejo
Jawa Timur,Kediri,Kota,Manisrenggo
Jawa Timur,Tuban,Montong,Manjung
Jawa Timur,Magetan,Panekan,Manjung
Jawa Timur,Magetan,Barat,Manjung
Jawa Timur,Bangkalan,Kokop,Mano'an
Jawa Timur,Mojokerto,Jatirejo,Manting
Jawa Timur,Ngawi,Mantingan,Mantingan
Jawa Timur,Pacitan,Kebonagung,Mantren
Jawa Timur,Pacitan,Punung,Mantren
Jawa Timur,Magetan,Karangrejo,Mantren
Jawa Timur,Lamongan,Mantup,Mantup
Jawa Timur,Ponorogo,Siman,Manuk
Jawa Timur,Bojonegoro,Gayam,Manukan
Jawa Timur,Surabaya,Tandes,Manukan Kulon
Jawa Timur,Surabaya,Tandes,Manukan Wetan
Jawa Timur,Jombang,Ngusikan,Manunggal
Jawa Timur,Lamongan,Sekaran,Manyar
Jawa Timur,Surabaya,Mulyorejo,Manyar Sabrangan
Jawa Timur,Gresik,Manyar,Manyar Sidomukti
Jawa Timur,Gresik,Manyar,Manyar Sidorukun
Jawa Timur,Kediri,Banyakan,Manyaran
Jawa Timur,Gresik,Manyar,Manyarejo
Jawa Timur,Lamongan,Kembangbahu,Maor
Jawa Timur,Magetan,Maospati,Maospati
Jawa Timur,Pamekasan,Proppo,Mapper
Jawa Timur,Sumenep,Kota Sumenep,Marengan Daya
Jawa Timur,Sumenep,Kalianget,Marengan Laok
Jawa Timur,Sampang,Jrengik,Margantoko
Jawa Timur,Bojonegoro,Sumberejo,Margoagung
Jawa Timur,Lamongan,Glagah,Margoanyar
Jawa Timur,Blitar,Panggungrejo,Margomulyo
Jawa Timur,Trenggalek,Watulimo,Margomulyo
Jawa Timur,Banyuwangi,Glenmore,Margomulyo
Jawa Timur,Bojonegoro,Balen,Margomulyo
Jawa Timur,Ngawi,Ngawi,Margomulyo
Jawa Timur,Bojonegoro,Margomulyo,Margomulyo
Jawa Timur,Nganjuk,Sawahan,Margopatut
Jawa Timur,Tuban,Parengan,Margorejo
Jawa Timur,Surabaya,Wonocolo,Margorejo
Jawa Timur,Kediri,Ngancar,Margourip
Jawa Timur,Jombang,Kabuh,Marmoyo
Jawa Timur,Blitar,Srengat,Maron
Jawa Timur,Blitar,Kademangan,Maron
Jawa Timur,Kediri,Banyakan,Maron
Jawa Timur,Ponorogo,Kauman,Maron
Jawa Timur,Magetan,Karangrejo,Maron
Jawa Timur,Probolinggo,Maron,Maron Kidul
Jawa Timur,Probolinggo,Maron,Maron Kulon
Jawa Timur,Probolinggo,Maron,Maron Wetan
Jawa Timur,Sampang,Sreseh,Marparan
Jawa Timur,Bangkalan,Bangkalan,Martajasah
Jawa Timur,Pasuruan,Purwosari,Martopuro
Jawa Timur,Gresik,Bungah,Masangan
Jawa Timur,Pasuruan,Bangil,Masangan
Jawa Timur,Sidoarjo,Sukodono,Masangankulon
Jawa Timur,Sidoarjo,Sukodono,Masanganwetan
Jawa Timur,Trenggalek,Munjungan,Masaran
Jawa Timur,Trenggalek,Bendungan,Masaran
Jawa Timur,Bangkalan,Tragah,Masaran
Jawa Timur,Sumenep,Bluto,Masaran
Jawa Timur,Bondowoso,Pujer,Maskuning Kulon
Jawa Timur,Bondowoso,Pujer,Maskuning Wetan
Jawa Timur,Sumenep,Rubaru,Matanair
Jawa Timur,Magetan,Parang,Mategal
Jawa Timur,Probolinggo,Besuk,Matekan
Jawa Timur,Jember,Mayang,Mayang
Jawa Timur,Jember,Gumukmas,Mayangan
Jawa Timur,Jombang,Jogoroto,Mayangan
Jawa Timur,Probolinggo,Mayangan,Mayangan
Jawa Timur,Pasuruan,Panggungrejo,Mayangan
Jawa Timur,Bojonegoro,Kalitidu,Mayanggeneng
Jawa Timur,Bojonegoro,Balen,Mayangkawis
Jawa Timur,Bojonegoro,Kalitidu,Mayangrejo
Jawa Timur,Lamongan,Karangbinangun,Mayong
Jawa Timur,Sidoarjo,Waru,Medaeng
Jawa Timur,Sidoarjo,Tulangan,Medalem
Jawa Timur,Tuban,Senori,Medalem
Jawa Timur,Lamongan,Modo,Medalem
Jawa Timur,Mojokerto,Puri,Medali
Jawa Timur,Lamongan,Glagah,Medang
Jawa Timur,Sumenep,Lenteng,Meddelan
Jawa Timur,Bojonegoro,Ngasem,Mediyunan
Jawa Timur,Surabaya,Rungkut,Medokan Ayu
Jawa Timur,Surabaya,Sukolilo,Medokan Semampir
Jawa Timur,Kediri,Kandangan,Medowo
Jawa Timur,Bojonegoro,Margomulyo,Meduri
Jawa Timur,Bojonegoro,Kedungadem,Megale
Jawa Timur,Jombang,Megaluh,Megaluh
Jawa Timur,Madiun,Mejayan,Mejayan
Jawa Timur,Kediri,Plemahan,Mejono
Jawa Timur,Mojokerto,Bangsal,Mejoyo
Jawa Timur,Jombang,Gudo,Mejoyolosari
Jawa Timur,Bojonegoro,Sumberejo,Mejuwet
Jawa Timur,Lamongan,Kedungpring,Mekanderejo
Jawa Timur,Kediri,Purwoasri,Mekikis
Jawa Timur,Gresik,Bungah,Melirang
Jawa Timur,Trenggalek,Gandusari,Melis
Jawa Timur,Lamongan,Glagah,Meluntur
Jawa Timur,Lamongan,Glagah,Meluwur
Jawa Timur,Pacitan,Pacitan,Menadi
Jawa Timur,Jember,Gumukmas,Menampu
Jawa Timur,Kediri,Pagu,Menang
Jawa Timur,Ponorogo,Jambon,Menang
Jawa Timur,Mojokerto,Mojosari,Menanggal
Jawa Timur,Surabaya,Gayungan,Menanggal
Jawa Timur,Madiun,Dagangan,Mendak
Jawa Timur,Pasuruan,Winongan,Mendalan
Jawa Timur,Malang,Wagir,Mendalanwangi
Jawa Timur,Ngawi,Ngrambe,Mendiro
Jawa Timur,Lamongan,Ngimbang,Mendogo
Jawa Timur,Lamongan,Glagah,Mendogo
Jawa Timur,Pacitan,Punung,Mendolo Kidul
Jawa Timur,Pacitan,Punung,Mendolo Lor
Jawa Timur,Gresik,Menganti,Menganti
Jawa Timur,Lamongan,Glagah,Menganti
Jawa Timur,Jombang,Mojowarno,Menganto
Jawa Timur,Bondowoso,Tamanan,Mengen
Jawa Timur,Ngawi,Karanganyar,Mengger
Jawa Timur,Bondowoso,Pujer,Mengok
Jawa Timur,Tuban,Soko,Menilo
Jawa Timur,Lumajang,Ranuyoso,Meninjo
Jawa Timur,Lamongan,Sukodadi,Menongo
Jawa Timur,Jombang,Gudo,Mentaos
Jawa Timur,Gresik,Dukun,Mentaras
Jawa Timur,Mojokerto,Prajuritkulon,Mentikan
Jawa Timur,Probolinggo,Sumberasih,Mentor
Jawa Timur,Tuban,Soko,Mentoro
Jawa Timur,Pacitan,Pacitan,Mentoro
Jawa Timur,Jombang,Kudu,Menturus
Jawa Timur,Gresik,Kedamean,Menunggal
Jawa Timur,Surabaya,Sukolilo,Menur Pumpungan
Jawa Timur,Pasuruan,Winongan,Menyarik
Jawa Timur,Probolinggo,Kuripan,Menyono
Jawa Timur,Tuban,Grabagan,Menyunyur
Jawa Timur,Lumajang,Padang,Merakan
Jawa Timur,Tulungagung,Bandung,Mergayu
Jawa Timur,Tuban,Parengan,Mergoasri
Jawa Timur,Sidoarjo,Tarik,Mergobener
Jawa Timur,Sidoarjo,Tarik,Mergosari
Jawa Timur,Tuban,Singgahan,Mergosari
Jawa Timur,Mojokerto,Kranggan,Meri
Jawa Timur,Kediri,Purwoasri,Merjoyo
Jawa Timur,Lamongan,Karanggeneng,Mertani
Jawa Timur,Gresik,Benjeng,Metatu
Jawa Timur,Sampang,Omben,Meteng
Jawa Timur,Madiun,Jiwan,Metesih
Jawa Timur,Jombang,Mojoagung,Miagan
Jawa Timur,Mojokerto,Kranggan,Miji
Jawa Timur,Magetan,Panekan,Milangasri
Jawa Timur,Situbondo,Panji,Mimbaan
Jawa Timur,Sidoarjo,Porong,Mindi
Jawa Timur,Sidoarjo,Tarik,Mindugading
Jawa Timur,Pasuruan,Winongan,Minggir
Jawa Timur,Kediri,Papar,Minggiran
Jawa Timur,Blitar,Kanigoro,Minggirsari
Jawa Timur,Tuban,Widang,Minohorejo
Jawa Timur,Tulungagung,Sumbergempol,Mirigambar
Jawa Timur,Sidoarjo,Tarik,Mliriprowo
Jawa Timur,Lamongan,Sekaran,Miru
Jawa Timur,Bojonegoro,Sekar,Miyono
Jawa Timur,Bangkalan,Bangkalan,Mlajah
Jawa Timur,Sampang,Jrengik,Mlakah
Jawa Timur,Kediri,Kandangan,Mlancu
Jawa Timur,Nganjuk,Pace,Mlandangan
Jawa Timur,Situbondo,Mlandingan,Mlandingan Kulon
Jawa Timur,Situbondo,Bungatan,Mlandingan Wetan
Jawa Timur,Tuban,Widang,Mlangi
Jawa Timur,Ponorogo,Mlarak,Mlarak
Jawa Timur,Jombang,Sumobito,Mlaras
Jawa Timur,Pasuruan,Nguling,Mlaten
Jawa Timur,Mojokerto,Puri,Mlaten
Jawa Timur,Bojonegoro,Kalitidu,Mlaten
Jawa Timur,Kediri,Mojo,Mlati
Jawa Timur,Pacitan,Arjosari,Mlati
Jawa Timur,Lamongan,Kedungpring,Mlati
Jawa Timur,Lumajang,Klakah,Mlawang
Jawa Timur,Bojonegoro,Kedungadem,Mlideg
Jawa Timur,Nganjuk,Berbek,Mlilir
Jawa Timur,Madiun,Dolopo,Mlilir
Jawa Timur,Bojonegoro,Sumberejo,Mlinjeng
Jawa Timur,Trenggalek,Suruh,Mlinjon
Jawa Timur,Mojokerto,Jetis,Mlirip
Jawa Timur,Jember,Puger,Mlokorejo
Jawa Timur,Nganjuk,Rejoso,Mlorah
Jawa Timur,Sumenep,Saronggi,Moangan
Jawa Timur,Blitar,Nglegok,Modangan
Jawa Timur,Sidoarjo,Tulangan,Modong
Jawa Timur,Mojokerto,Sooko,Modongan
Jawa Timur,Mojokerto,Mojosari,Modopuro
Jawa Timur,Bangkalan,Modung,Modung
Jawa Timur,Lumajang,Padang,Mojo
Jawa Timur,Bojonegoro,Kalitidu,Mojo
Jawa Timur,Surabaya,Gubeng,Mojo
Jawa Timur,Kediri,Mojo,Mojo
Jawa Timur,Ngawi,Bringin,Mojo
Jawa Timur,Tulungagung,Ngantru,Mojoagung
Jawa Timur,Nganjuk,Prambon,Mojoagung
Jawa Timur,Tuban,Soko,Mojoagung
Jawa Timur,Tulungagung,Gondang,Mojoarum
Jawa Timur,Gresik,Sidayu,Mojoasem
Jawa Timur,Lamongan,Laren,Mojoasem
Jawa Timur,Kediri,Plemahan,Mojoayu
Jawa Timur,Mojokerto,Kemlagi,Mojodadi
Jawa Timur,Lamongan,Kedungpring,Mojodadi
Jawa Timur,Jombang,Ngusikan,Mojodanu
Jawa Timur,Bojonegoro,Gayam,Mojodelik
Jawa Timur,Bojonegoro,Kapas,Mojodeso
Jawa Timur,Mojokerto,Kemlagi,Mojodowo
Jawa Timur,Situbondo,Suboh,Mojodungkul
Jawa Timur,Jombang,Mojowarno,Mojoduwur
Jawa Timur,Nganjuk,Ngetos,Mojoduwur
Jawa Timur,Mojokerto,Kemlagi,Mojogebang
Jawa Timur,Gresik,Balongpanggang,Mojogede
Jawa Timur,Jember,Sukowono,Mojogemi
Jawa Timur,Mojokerto,Jatirejo,Mojogeneng
Jawa Timur,Mojokerto,Kemlagi,Mojojajar
Jawa Timur,Jombang,Mojowarno,Mojojejer
Jawa Timur,Jombang,Bandarkedungmulyo,Mojokambang
Jawa Timur,Bojonegoro,Bojonegoro,Mojokampung
Jawa Timur,Mojokerto,Dlanggu,Mojokarang
Jawa Timur,Mojokerto,Pacet,Mojokembang
Jawa Timur,Nganjuk,Ngronggot,Mojokendil
Jawa Timur,Kediri,Plemahan,Mojokerep
Jawa Timur,Mojokerto,Kemlagi,Mojokumpul
Jawa Timur,Mojokerto,Kemlagi,Mojokusumo
Jawa Timur,Mojokerto,Jetis,Mojolebak
Jawa Timur,Probolinggo,Gading,Mojolegi
Jawa Timur,Tuban,Parengan,Mojomalang
Jawa Timur,Ponorogo,Jetis,Mojomati
Jawa Timur,Jember,Puger,Mojomulyo
Jawa Timur,Banyuwangi,Giri,Mojopanggung
Jawa Timur,Pasuruan,Rembang,Mojoparon
Jawa Timur,Gresik,Dukun,Mojopetung
Jawa Timur,Mojokerto,Kemlagi,Mojopilang
Jawa Timur,Madiun,Wungu,Mojopurno
Jawa Timur,Magetan,Ngariboyo,Mojopurno
Jawa Timur,Gresik,Bungah,Mojopurogede
Jawa Timur,Gresik,Bungah,Mojopurowetan
Jawa Timur,Sidoarjo,Wonoayu,Mojorangagung
Jawa Timur,Mojokerto,Sooko,Mojoranu
Jawa Timur,Bojonegoro,Dander,Mojoranu
Jawa Timur,Madiun,Wungu,Mojorayung
Jawa Timur,Blitar,Wates,Mojorejo
Jawa Timur,Mojokerto,Pungging,Mojorejo
Jawa Timur,Mojokerto,Kemlagi,Mojorejo
Jawa Timur,Mojokerto,Jetis,Mojorejo
Jawa Timur,Madiun,Kebon Sari,Mojorejo
Jawa Timur,Magetan,Kawedanan,Mojorejo
Jawa Timur,Bojonegoro,Kedungadem,Mojorejo
Jawa Timur,Madiun,Taman,Mojorejo
Jawa Timur,Batu,Junrejo,Mojorejo
Jawa Timur,Ponorogo,Jetis,Mojorejo
Jawa Timur,Bojonegoro,Ngraho,Mojorejo
Jawa Timur,Lamongan,Modo,Mojorejo
Jawa Timur,Nganjuk,Rejoso,Mojorembun
Jawa Timur,Kediri,Mojoroto,Mojoroto
Jawa Timur,Sidoarjo,Krembung,Mojoruntut
Jawa Timur,Mojokerto,Mojosari,Mojosari
Jawa Timur,Tulungagung,Kauman,Mojosari
Jawa Timur,Lumajang,Sumbersuko,Mojosari
Jawa Timur,Jember,Puger,Mojosari
Jawa Timur,Situbondo,Asembagus,Mojosari
Jawa Timur,Bojonegoro,Kepohbaru,Mojosari
Jawa Timur,Bojonegoro,Kalitidu,Mojosari
Jawa Timur,Kediri,Kras,Mojosari
Jawa Timur,Lamongan,Mantup,Mojosari
Jawa Timur,Gresik,Driyorejo,Mojosari Rejo
Jawa Timur,Mojokerto,Kemlagi,Mojosarirejo
Jawa Timur,Nganjuk,Gondang,Mojoseto
Jawa Timur,Mojokerto,Mojosari,Mojosulur
Jawa Timur,Mojokerto,Bangsal,Mojotamping
Jawa Timur,Gresik,Menganti,Mojotengah
Jawa Timur,Pasuruan,Sukorejo,Mojotengah
Jawa Timur,Jombang,Bareng,Mojotengah
Jawa Timur,Jombang,Mojoagung,Mojotrisno
Jawa Timur,Jombang,Mojowarno,Mojowangi
Jawa Timur,Jombang,Mojowarno,Mojowarno
Jawa Timur,Mojokerto,Kemlagi,Mojowatesrejo
Jawa Timur,Mojokerto,Kemlagi,Mojowiryo
Jawa Timur,Mojokerto,Kemlagi,Mojowono
Jawa Timur,Gresik,Kedamean,Mojowuku
Jawa Timur,Sampang,Kedungdung,Moktesareh
Jawa Timur,Sumenep,Lenteng,Moncek Barat
Jawa Timur,Sumenep,Lenteng,Moncek Tengah
Jawa Timur,Sumenep,Lenteng,Moncek Timur
Jawa Timur,Kediri,Mojo,Mondo
Jawa Timur,Gresik,Wringinanom,Mondoluku
Jawa Timur,Pamekasan,Larangan,Montok
Jawa Timur,Sumenep,Pasongsongan,Montorna
Jawa Timur,Madiun,Kare,Morang
Jawa Timur,Bojonegoro,Trucuk,Mori
Jawa Timur,Bangkalan,Labang,Morkepek
Jawa Timur,Lamongan,Sekaran,Moro
Jawa Timur,Gresik,Manyar,Morobakung
Jawa Timur,Lamongan,Glagah,Morocalan
Jawa Timur,Surabaya,Krembangan,Morokrembangan
Jawa Timur,Bangkalan,Kwanyar,Morombuh
Jawa Timur,Lamongan,Kembangbahu,Moronyamplung
Jawa Timur,Lamongan,Babat,Moropelang
Jawa Timur,Pasuruan,Tosari,Mororejo
Jawa Timur,Ponorogo,Sukorejo,Morosari
Jawa Timur,Gresik,Cerme,Morowudi
Jawa Timur,Tulungagung,Boyolangu,Moyoketen
Jawa Timur,Lamongan,Sukorame,Mragel
Jawa Timur,Magetan,Kartoharjo,Mrahu
Jawa Timur,Magetan,Maospati,Mranggen
Jawa Timur,Kediri,Purwoasri,Mranggen
Jawa Timur,Probolinggo,Dringu,Mrangonlawang
Jawa Timur,Jember,Mayang,Mrawan
Jawa Timur,Bondowoso,Tapen,Mrawan
Jawa Timur,Bangkalan,Tanah Merah,Mrecah
Jawa Timur,Ponorogo,Jenangan,Mrican
Jawa Timur,Kediri,Mojoroto,Mrican
Jawa Timur,Gresik,Sidayu,Mriyunan
Jawa Timur,Blitar,Selopuro,Mronjo
Jawa Timur,Tuban,Widang,Mrutuk
Jawa Timur,Madiun,Dagangan,Mruwak
Jawa Timur,Bojonegoro,Kepohbaru,Mudung
Jawa Timur,Pacitan,Nawangan,Mujing
Jawa Timur,Kediri,Kayen Kidul,Mukuh
Jawa Timur,Gresik,Driyorejo,Mulung
Jawa Timur,Bojonegoro,Balen,Mulyoagung
Jawa Timur,Bojonegoro,Bojonegoro,Mulyoagung
Jawa Timur,Malang,Lawang,Mulyoarjo
Jawa Timur,Sidoarjo,Wonoayu,Mulyodadi
Jawa Timur,Jember,Silo,Mulyorejo
Jawa Timur,Pasuruan,Kraton,Mulyorejo
Jawa Timur,Bojonegoro,Tambakrejo,Mulyorejo
Jawa Timur,Bojonegoro,Balen,Mulyorejo
Jawa Timur,Tuban,Singgahan,Mulyorejo
Jawa Timur,Surabaya,Mulyorejo,Mulyorejo
Jawa Timur,Tulungagung,Pagerwojo,Mulyosari
Jawa Timur,Jember,Mumbulsari,Mumbulsari
Jawa Timur,Lumajang,Yosowilangun,Munder
Jawa Timur,Jember,Umbulsari,Mundurejo
Jawa Timur,Jombang,Bareng,Mundusewu
Jawa Timur,Probolinggo,Sumberasih,Muneng
Jawa Timur,Kediri,Purwoasri,Muneng
Jawa Timur,Ponorogo,Balong,Muneng
Jawa Timur,Madiun,Pilangkenceng,Muneng
Jawa Timur,Probolinggo,Sumberasih,Munengkidul
Jawa Timur,Gresik,Benjeng,Munggugebang
Jawa Timur,Gresik,Benjeng,Munggugianti
Jawa Timur,Ponorogo,Pulung,Munggung
Jawa Timur,Madiun,Wungu,Munggut
Jawa Timur,Ngawi,Padas,Munggut
Jawa Timur,Nganjuk,Loceret,Mungkung
Jawa Timur,Nganjuk,Rejoso,Mungkung
Jawa Timur,Lamongan,Kalitengah,Mungli
Jawa Timur,Trenggalek,Munjungan,Munjungan
Jawa Timur,Jombang,Kabuh,Munungkerep
Jawa Timur,Lamongan,Ngimbang,Munungrejo
Jawa Timur,Pamekasan,Pademawu,Murtajih
Jawa Timur,Jombang,Mojoagung,Murukan
Jawa Timur,Nganjuk,Rejoso,Musir Kidul
Jawa Timur,Nganjuk,Rejoso,Musir Lor
Jawa Timur,Kediri,Ngasem,Nambaan
Jawa Timur,Kediri,Ringinrejo,Nambakan
Jawa Timur,Sumenep,Saronggi,Nambakor
Jawa Timur,Madiun,Manguharjo,Nambangan Kidul
Jawa Timur,Madiun,Manguharjo,Nambangan Lor
Jawa Timur,Ponorogo,Sukorejo,Nambangrejo
Jawa Timur,Ponorogo,Sukorejo,Nampan
Jawa Timur,Madiun,Gemarang,Nampu
Jawa Timur,Kediri,Kayen Kidul,Nanggungan
Jawa Timur,Pacitan,Pacitan,Nanggungan
Jawa Timur,Bondowoso,Bondowoso,Nangkaan
Jawa Timur,Bojonegoro,Tambakrejo,Napis
Jawa Timur,Sampang,Omben,Napo Daya
Jawa Timur,Sampang,Omben,Napo Laok
Jawa Timur,Pacitan,Nawangan,Nawangan
Jawa Timur,Probolinggo,Lumbang,Negororejo
Jawa Timur,Bangkalan,Modung,Neroh
Jawa Timur,Sidoarjo,Tanggulangin,Ngaban
Jawa Timur,Pasuruan,Kraton,Ngabar
Jawa Timur,Mojokerto,Jetis,Ngabar
Jawa Timur,Ponorogo,Siman,Ngabar
Jawa Timur,Gresik,Cerme,Ngabetan
Jawa Timur,Bojonegoro,Dander,Ngablak
Jawa Timur,Kediri,Banyakan,Ngablak
Jawa Timur,Probolinggo,Sukapura,Ngadas
Jawa Timur,Kediri,Mojo,Ngadi
Jawa Timur,Nganjuk,Rejoso,Ngadiboyo
Jawa Timur,Bojonegoro,Balen,Ngadiluhur
Jawa Timur,Bojonegoro,Ngasem,Ngadiluwih
Jawa Timur,Kediri,Ngadiluwih,Ngadiluwih
Jawa Timur,Trenggalek,Kampak,Ngadimulyo
Jawa Timur,Pasuruan,Sukorejo,Ngadimulyo
Jawa Timur,Nganjuk,Wilangan,Ngadipiro
Jawa Timur,Blitar,Wonotirto,Ngadipuro
Jawa Timur,Tuban,Widang,Ngadipuro
Jawa Timur,Pacitan,Pringkuku,Ngadirejan
Jawa Timur,Trenggalek,Pogalan,Ngadirejo
Jawa Timur,Probolinggo,Sukapura,Ngadirejo
Jawa Timur,Pasuruan,Tutur,Ngadirejo
Jawa Timur,Nganjuk,Tanjunganom,Ngadirejo
Jawa Timur,Magetan,Kawedanan,Ngadirejo
Jawa Timur,Tuban,Rengel,Ngadirejo
Jawa Timur,Tuban,Widang,Ngadirejo
Jawa Timur,Blitar,Kepanjenkidul,Ngadirejo
Jawa Timur,Madiun,Wonoasri,Ngadirejo
Jawa Timur,Kediri,Kota,Ngadirejo
Jawa Timur,Trenggalek,Pogalan,Ngadirenggo
Jawa Timur,Blitar,Wlingi,Ngadirenggo
Jawa Timur,Pacitan,Ngadirojo,Ngadirojo
Jawa Timur,Ponorogo,Sooko,Ngadirojo
Jawa Timur,Ponorogo,Sambit,Ngadisanan
Jawa Timur,Probolinggo,Sukapura,Ngadisari
Jawa Timur,Trenggalek,Durenan,Ngadisuko
Jawa Timur,Pasuruan,Tosari,Ngadiwono
Jawa Timur,Blitar,Binangun,Ngadri
Jawa Timur,Surabaya,Wonokromo,Ngagel
Jawa Timur,Surabaya,Wonokromo,Ngagel Rejo
Jawa Timur,Blitar,Srengat,Ngaglik
Jawa Timur,Magetan,Parang,Ngaglik
Jawa Timur,Batu,Batu,Ngaglik
Jawa Timur,Bojonegoro,Kasiman,Ngaglik
Jawa Timur,Madiun,Pilangkenceng,Ngale
Jawa Timur,Ngawi,Paron,Ngale
Jawa Timur,Lamongan,Pucuk,Ngambeg
Jawa Timur,Bojonegoro,Ngambon,Ngambon
Jawa Timur,Bojonegoro,Sumberejo,Ngampal
Jawa Timur,Jombang,Ngusikan,Ngampel
Jawa Timur,Bojonegoro,Kapas,Ngampel
Jawa Timur,Gresik,Balongpanggang,Ngampel
Jawa Timur,Gresik,Manyar,Ngampel
Jawa Timur,Kediri,Papar,Ngampel
Jawa Timur,Ponorogo,Balong,Ngampel
Jawa Timur,Madiun,Mejayan,Ngampel
Jawa Timur,Kediri,Mojoroto,Ngampel
Jawa Timur,Jember,Jombang,Ngampelrejo
Jawa Timur,Sidoarjo,Candi,Ngampelsari
Jawa Timur,Jombang,Bareng,Ngampungan
Jawa Timur,Kediri,Ngancar,Ngancar
Jawa Timur,Magetan,Plaosan,Ngancar
Jawa Timur,Ngawi,Pitu,Ngancar
Jawa Timur,Tuban,Grabagan,Ngandong
Jawa Timur,Nganjuk,Rejoso,Ngangkatan
Jawa Timur,Bojonegoro,Ngraho,Nganti
Jawa Timur,Trenggalek,Trenggalek,Ngantru
Jawa Timur,Tulungagung,Ngantru,Ngantru
Jawa Timur,Bojonegoro,Ngasem,Ngantru
Jawa Timur,Pasuruan,Pasrepan,Ngantungan
Jawa Timur,Trenggalek,Trenggalek,Ngares
Jawa Timur,Mojokerto,Gedeg,Ngareskidul
Jawa Timur,Sidoarjo,Sukodono,Ngaresrejo
Jawa Timur,Gresik,Kebomas,Ngargosari
Jawa Timur,Magetan,Ngariboyo,Ngariboyo
Jawa Timur,Blitar,Gandusari,Ngaringan
Jawa Timur,Mojokerto,Mojoanyar,Ngarjo
Jawa Timur,Tuban,Grabagan,Ngarum
Jawa Timur,Lamongan,Sekaran,Ngarum
Jawa Timur,Nganjuk,Jatikalen,Ngasem
Jawa Timur,Bojonegoro,Ngasem,Ngasem
Jawa Timur,Kediri,Gurah,Ngasem
Jawa Timur,Kediri,Ngasem,Ngasem
Jawa Timur,Lamongan,Ngimbang,Ngasemlemahbang
Jawa Timur,Gresik,Balongpanggang,Ngasin
Jawa Timur,Ponorogo,Jetis,Ngasinan
Jawa Timur,Bojonegoro,Padangan,Ngasinan
Jawa Timur,Mojokerto,Bangsal,Ngastemi
Jawa Timur,Gresik,Sidayu,Ngawen
Jawa Timur,Ngawi,Ngawi,Ngawi
Jawa Timur,Tuban,Parengan,Ngawun
Jawa Timur,Lamongan,Maduran,Ngayung
Jawa Timur,Tulungagung,Pakel,Ngebong
Jawa Timur,Kediri,Gampengrejo,Ngebrak
Jawa Timur,Madiun,Manguharjo,Ngegong
Jawa Timur,Magetan,Kartoharjo,Ngelang
Jawa Timur,Bojonegoro,Margomulyo,Ngelo
Jawa Timur,Sidoarjo,Taman,Ngelom
Jawa Timur,Pasuruan,Tutur,Ngembal
Jawa Timur,Mojokerto,Gondang,Ngembat
Jawa Timur,Pasuruan,Beji,Ngembe
Jawa Timur,Mojokerto,Dlanggu,Ngembeh
Jawa Timur,Trenggalek,Watulimo,Ngembel
Jawa Timur,Blitar,Binangun,Ngembul
Jawa Timur,Gresik,Cerme,Ngembung
Jawa Timur,Pasuruan,Kraton,Ngempit
Jawa Timur,Bojonegoro,Baureno,Ngemplak
Jawa Timur,Pasuruan,Panggungrejo,Ngemplakrejo
Jawa Timur,Ponorogo,Balong,Ngendut
Jawa Timur,Malang,Karangploso,Ngenep
Jawa Timur,Madiun,Pilangkenceng,Ngengor
Jawa Timur,Blitar,Wonotirto,Ngeni
Jawa Timur,Magetan,Kawedanan,Ngentep
Jawa Timur,Trenggalek,Karangan,Ngentrong
Jawa Timur,Tulungagung,Campurdarat,Ngentrong
Jawa Timur,Trenggalek,Tugu,Ngepeh
Jawa Timur,Tulungagung,Bandung,Ngepeh
Jawa Timur,Nganjuk,Loceret,Ngepeh
Jawa Timur,Madiun,Saradan,Ngepeh
Jawa Timur,Bojonegoro,Padangan,Ngeper
Jawa Timur,Tulungagung,Tanggunggunung,Ngepoh
Jawa Timur,Probolinggo,Dringu,Ngepoh
Jawa Timur,Probolinggo,Sukapura,Ngepung
Jawa Timur,Nganjuk,Patianrowo,Ngepung
Jawa Timur,Nganjuk,Lengkong,Ngepung
Jawa Timur,Gresik,Kedamean,Ngepung
Jawa Timur,Trenggalek,Dongko,Ngerdani
Jawa Timur,Pasuruan,Gempol,Ngerong
Jawa Timur,Trenggalek,Pogalan,Ngetal
Jawa Timur,Nganjuk,Ngetos,Ngetos
Jawa Timur,Madiun,Jiwan,Ngetrep
Jawa Timur,Kediri,Mojo,Ngetrep
Jawa Timur,Malang,Karangploso,Ngijo
Jawa Timur,Pacitan,Tulakan,Ngile
Jawa Timur,Magetan,Panekan,Ngiliran
Jawa Timur,Tuban,Palang,Ngimbang
Jawa Timur,Lamongan,Ngimbang,Ngimbang
Jawa Timur,Mojokerto,Mojosari,Ngimbangan
Jawa Timur,Surabaya,Sukolilo,Nginden Jangkungan
Jawa Timur,Sidoarjo,Waru,Ngingas
Jawa Timur,Mojokerto,Sooko,Ngingasrembyong
Jawa Timur,Tuban,Semanding,Ngino
Jawa Timur,Kediri,Plemahan,Ngino
Jawa Timur,Gresik,Gresik,Ngipik
Jawa Timur,Bojonegoro,Kalitidu,Ngiringinrejo
Jawa Timur,Nganjuk,Loceret,Nglaban
Jawa Timur,Bojonegoro,Sugihwaras,Nglajang
Jawa Timur,Madiun,Wungu,Nglambangan
Jawa Timur,Madiun,Madiun,Nglames
Jawa Timur,Bojonegoro,Ngambon,Nglampin
Jawa Timur,Tulungagung,Bandung,Nglampir
Jawa Timur,Madiun,Wungu,Nglanduk
Jawa Timur,Madiun,Geger,Nglandung
Jawa Timur,Pacitan,Tulakan,Nglaran
Jawa Timur,Bojonegoro,Kanor,Nglarangan
Jawa Timur,Ponorogo,Kauman,Nglarangan
Jawa Timur,Nganjuk,Prambon,Nglawak
Jawa Timur,Nganjuk,Kertosono,Nglawak
Jawa Timur,Ponorogo,Jenangan,Nglayang
Jawa Timur,Jombang,Bareng,Nglebak
Jawa Timur,Trenggalek,Panggul,Nglebeng
Jawa Timur,Trenggalek,Suruh,Nglebo
Jawa Timur,Lamongan,Kedungpring,Nglebur
Jawa Timur,Blitar,Nglegok,Nglegok
Jawa Timur,Kediri,Kandat,Ngletih
Jawa Timur,Kediri,Pesantren,Ngletih
Jawa Timur,Ponorogo,Sambit,Nglewan
Jawa Timur,Nganjuk,Sawahan,Ngliman
Jawa Timur,Trenggalek,Tugu,Nglinggis
Jawa Timur,Nganjuk,Gondang,Nglinggo
Jawa Timur,Trenggalek,Tugu,Nglongsor
Jawa Timur,Magetan,Parang,Nglopang
Jawa Timur,Nganjuk,Sukomoro,Nglundo
Jawa Timur,Kediri,Gurah,Nglumbang
Jawa Timur,Bojonegoro,Kepohbaru,Nglumber
Jawa Timur,Ponorogo,Mlarak,Nglumpang
Jawa Timur,Tulungagung,Sendang,Nglurup
Jawa Timur,Ponorogo,Sampung,Nglurup
Jawa Timur,Tulungagung,Sendang,Nglutung
Jawa Timur,Nganjuk,Ngluyu,Ngluyu
Jawa Timur,Ngawi,Pangkur,Ngompro
Jawa Timur,Blitar,Nglegok,Ngoran
Jawa Timur,Mojokerto,Ngoro,Ngoro
Jawa Timur,Jombang,Ngoro,Ngoro
Jawa Timur,Bojonegoro,Bubulan,Ngorogunung
Jawa Timur,Bojonegoro,Padangan,Ngradin
Jawa Timur,Bojonegoro,Gayam,Ngraho
Jawa Timur,Bojonegoro,Ngraho,Ngraho
Jawa Timur,Ponorogo,Balong,Ngraket
Jawa Timur,Ngawi,Ngrambe,Ngrambe
Jawa Timur,Trenggalek,Panggul,Ngrambingan
Jawa Timur,Mojokerto,Pungging,Ngrame
Jawa Timur,Nganjuk,Sukomoro,Ngrami
Jawa Timur,Bojonegoro,Tambakrejo,Ngrancang
Jawa Timur,Tulungagung,Pakel,Ngrance
Jawa Timur,Trenggalek,Suruh,Ngrandu
Jawa Timur,Bojonegoro,Kedungadem,Ngrandu
Jawa Timur,Ponorogo,Kauman,Ngrandu
Jawa Timur,Madiun,Dagangan,Ngranget
Jawa Timur,Bojonegoro,Kepohbaru,Ngranggonanyar
Jawa Timur,Tulungagung,Boyolangu,Ngranti
Jawa Timur,Bojonegoro,Dander,Ngraseh
Jawa Timur,Nganjuk,Berbek,Ngrawan
Jawa Timur,Ngawi,Jogorogo,Ngrayudan
Jawa Timur,Trenggalek,Gandusari,Ngrayung
Jawa Timur,Tuban,Plumpang,Ngrayung
Jawa Timur,Pacitan,Tegalombo,Ngreco
Jawa Timur,Blitar,Selorejo,Ngreco
Jawa Timur,Kediri,Kandat,Ngreco
Jawa Timur,Tuban,Grabagan,Ngrejeng
Jawa Timur,Bojonegoro,Purwosari,Ngrejeng
Jawa Timur,Blitar,Bakung,Ngrejo
Jawa Timur,Tulungagung,Tanggunggunung,Ngrejo
Jawa Timur,Trenggalek,Panggul,Ngrencak
Jawa Timur,Tulungagung,Gondang,Ngrendeng
Jawa Timur,Blitar,Selorejo,Ngrendeng
Jawa Timur,Ngawi,Sine,Ngrendeng
Jawa Timur,Nganjuk,Sukomoro,Ngrengket
Jawa Timur,Jombang,Bareng,Ngrimbi
Jawa Timur,Nganjuk,Lengkong,Ngringin
Jawa Timur,Tuban,Bangilan,Ngrojo
Jawa Timur,Nganjuk,Patianrowo,Ngrombot
Jawa Timur,Pacitan,Nawangan,Ngromo
Jawa Timur,Kediri,Kota,Ngronggo
Jawa Timur,Nganjuk,Ngronggot,Ngronggot
Jawa Timur,Mojokerto,Bangsal,Ngrowo
Jawa Timur,Bojonegoro,Bojonegoro,Ngrowo
Jawa Timur,Ponorogo,Mlarak,Ngrukem
Jawa Timur,Ponorogo,Jenangan,Ngrupit
Jawa Timur,Tulungagung,Kalidawir,Ngubalan
Jawa Timur,Nganjuk,Wilangan,Ngudikan
Jawa Timur,Tulungagung,Kedungwaru,Ngujang
Jawa Timur,Bojonegoro,Kalitidu,Ngujo
Jawa Timur,Magetan,Maospati,Ngujung
Jawa Timur,Bojonegoro,Malo,Ngujung
Jawa Timur,Bojonegoro,Temayang,Ngujung
Jawa Timur,Lamongan,Turi,Ngujungrejo
Jawa Timur,Bojonegoro,Padangan,Nguken
Jawa Timur,Bojonegoro,Dander,Ngulanan
Jawa Timur,Trenggalek,Pogalan,Ngulankulon
Jawa Timur,Trenggalek,Pogalan,Ngulanwetan
Jawa Timur,Pasuruan,Nguling,Nguling
Jawa Timur,Tuban,Montong,Nguluhan
Jawa Timur,Trenggalek,Munjungan,Ngulungkulon
Jawa Timur,Trenggalek,Munjungan,Ngulungwetan
Jawa Timur,Bojonegoro,Dander,Ngumpakdalem
Jawa Timur,Nganjuk,Bagor,Ngumpul
Jawa Timur,Ponorogo,Balong,Ngumpul
Jawa Timur,Magetan,Barat,Ngumpul
Jawa Timur,Tulungagung,Bandung,Ngunggahan
Jawa Timur,Nganjuk,Gondang,Ngujung
Jawa Timur,Magetan,Nguntoronadi,Nguntoronadi
Jawa Timur,Pacitan,Bandar,Ngunut
Jawa Timur,Tulungagung,Ngunut,Ngunut
Jawa Timur,Magetan,Parang,Ngunut
Jawa Timur,Magetan,Kawedanan,Ngunut
Jawa Timur,Bojonegoro,Dander,Ngunut
Jawa Timur,Ponorogo,Babadan,Ngunut
Jawa Timur,Magetan,Lembeyan,Nguri
Jawa Timur,Tuban,Soko,Nguruan
Jawa Timur,Jombang,Ngusikan,Ngusikan
Jawa Timur,Lumajang,Pasirian,Nguter
Jawa Timur,Lamongan,Modo,Nguwok
Jawa Timur,Magetan,Plaosan,Nitikan
Jawa Timur,Lamongan,Sambeng,Nogojatisari
Jawa Timur,Probolinggo,Gading,Nogosaren
Jawa Timur,Pacitan,Ngadirojo,Nogosari
Jawa Timur,Lumajang,Rowokangkung,Nogosari
Jawa Timur,Jember,Rambipuji,Nogosari
Jawa Timur,Bondowoso,Sukosari,Nogosari
Jawa Timur,Pasuruan,Pandaan,Nogosari
Jawa Timur,Mojokerto,Pacet,Nogosari
Jawa Timur,Ponorogo,Ponorogo,Nologaten
Jawa Timur,Sumenep,Nonggunong,Nonggunong
Jawa Timur,Ponorogo,Kauman,Nongkodono
Jawa Timur,Sampang,Sreseh,Noreh
Jawa Timur,Tulungagung,Gondang,Notorejo
Jawa Timur,Pamekasan,Pamekasan,Nyalabu Daja
Jawa Timur,Pamekasan,Pamekasan,Nyalabu Laok
Jawa Timur,Sumenep,Gayam,Nyamplong
Jawa Timur,Surabaya,Pabean Cantian,Nyamplungan
Jawa Timur,Tulungagung,Sendang,Nyawangan
Jawa Timur,Kediri,Kras,Nyawangan
Jawa Timur,Sampang,Kedungdung,Nyeloh
Jawa Timur,Bangkalan,Blega,Nyor Manes
Jawa Timur,Blitar,Selorejo,Olak Alen
Jawa Timur,Situbondo,Situbondo,Olean
Jawa Timur,Banyuwangi,Glagah,Olehsari
Jawa Timur,Sampang,Banyuates,Olor
Jawa Timur,Sampang,Omben,Omben
Jawa Timur,Bangkalan,Arosbaya,Ombul
Jawa Timur,Sampang,Kedungdung,Ombul
Jawa Timur,Probolinggo,Krejengan,Opo Opo
Jawa Timur,Lumajang,Pronojiwo,Oro-oro Ombo
Jawa Timur,Nganjuk,Ngetos,Oro-oro Ombo
Jawa Timur,Madiun,Kartoharjo,Oro-oro Ombo
Jawa Timur,Batu,Batu,Oro-oro Ombo
Jawa Timur,Pasuruan,Rembang,Oro-Oro Ombokulon
Jawa Timur,Pasuruan,Rembang,Oro-Oro Ombowetan
Jawa Timur,Pasuruan,Rembang,Oro-Orobulu
Jawa Timur,Pasuruan,Kejayan,Oro Oro Puleh
Jawa Timur,Sidoarjo,Sedati,Pabean
Jawa Timur,Probolinggo,Dringu,Pabean
Jawa Timur,Sumenep,Kota Sumenep,Paberasan
Jawa Timur,Sumenep,Kota Sumenep,Pabian
Jawa Timur,Magetan,Plaosan,Pacalan
Jawa Timur,Bangkalan,Tragah,Pacangan
Jawa Timur,Sampang,Pangarengan,Pacangga an
Jawa Timur,Pasuruan,Kejayan,Pacar Keling
Jawa Timur,Surabaya,Tambaksari,Pacarkeling
Jawa Timur,Surabaya,Tambaksari,Pacarkembang
Jawa Timur,Jombang,Megaluh,Pacarpeluk
Jawa Timur,Jember,Silo,Pace
Jawa Timur,Nganjuk,Pace,Pacewetan
Jawa Timur,Nganjuk,Pace,Pacekulon
Jawa Timur,Bangkalan,Tanah Merah,Pacentan
Jawa Timur,Mojokerto,Pacet,Pacet
Jawa Timur,Madiun,Balerejo,Pacinan
Jawa Timur,Mojokerto,Bangsal,Pacing
Jawa Timur,Bojonegoro,Sukosewu,Pacing
Jawa Timur,Tuban,Parengan,Pacing
Jawa Timur,Ngawi,Padas,Pacing
Jawa Timur,Pacitan,Pacitan,Pacitan
Jawa Timur,Gresik,Balongpanggang,Pacuh
Jawa Timur,Bojonegoro,Bojonegoro,Pacul
Jawa Timur,Lumajang,Padang,Padang
Jawa Timur,Banyuwangi,Singojuruh,Padang
Jawa Timur,Bojonegoro,Trucuk,Padang
Jawa Timur,Gresik,Dukun,Padang Bandung
Jawa Timur,Tulungagung,Ngantru,Padangan
Jawa Timur,Kediri,Kayen Kidul,Padangan
Jawa Timur,Bojonegoro,Padangan,Padangan
Jawa Timur,Mojokerto,Jatirejo,Padangasri
Jawa Timur,Bojonegoro,Kapas,Padangmentoyo
Jawa Timur,Madiun,Dagangan,Padas
Jawa Timur,Ngawi,Padas,Padas
Jawa Timur,Bondowoso,Pujer,Padasan
Jawa Timur,Gresik,Cerme,Padeg
Jawa Timur,Pamekasan,Pademawu,Padelegan
Jawa Timur,Pamekasan,Pademawu,Pademawu Barat
Jawa Timur,Pamekasan,Pademawu,Pademawu Timur
Jawa Timur,Sidoarjo,Sukodono,Pademonegoro
Jawa Timur,Lamongan,Pucuk,Padenganploso
Jawa Timur,Pacitan,Tulakan,Padi
Jawa Timur,Mojokerto,Gondang,Padi
Jawa Timur,Sumenep,Talango,Padike
Jawa Timur,Jember,Jombang,Padomasan
Jawa Timur,Bangkalan,Tanah Merah,Padurungan
Jawa Timur,Mojokerto,Pacet,Padusan
Jawa Timur,Bangkalan,Modung,Paeng
Jawa Timur,Pamekasan,Pademawu,Pagagan
Jawa Timur,Pasuruan,Beji,Pagak
Jawa Timur,Gresik,Manyar,Paganden
Jawa Timur,Sumenep,Saronggi,Pagar Batu
Jawa Timur,Pamekasan,Galis,Pagendingan
Jawa Timur,Pasuruan,Purwosari,Pager
Jawa Timur,Pacitan,Ngadirojo,Pagerejo
Jawa Timur,Blitar,Kesamben,Pagergunung
Jawa Timur,Mojokerto,Gedeg,Pagerjo
Jawa Timur,Pacitan,Sudimoro,Pagerkidul
Jawa Timur,Pacitan,Sudimoro,Pagerlor
Jawa Timur,Mojokerto,Gedeg,Pagerluyung
Jawa Timur,Sidoarjo,Wonoayu,Pagerngumbuk
Jawa Timur,Tulungagung,Kalidawir,Pagersari
Jawa Timur,Jombang,Ploso,Pagertanjung
Jawa Timur,Ponorogo,Sampung,Pagerukir
Jawa Timur,Bojonegoro,Trucuk,Pagerwesi
Jawa Timur,Sidoarjo,Buduran,Pagerwojo
Jawa Timur,Tulungagung,Pagerwojo,Pagerwojo
Jawa Timur,Blitar,Kesamben,Pagerwojo
Jawa Timur,Jombang,Perak,Pagerwojo
Jawa Timur,Surabaya,Jambangan,Pagesangan
Jawa Timur,Madiun,Geger,Pagotan
Jawa Timur,Lumajang,Pasrujambe,Pagowan
Jawa Timur,Kediri,Wates,Pagu
Jawa Timur,Kediri,Pagu,Pagu
Jawa Timur,Bondowoso,Taman Krocok,Paguan
Jawa Timur,Kediri,Semen,Pagung
Jawa Timur,Pacitan,Arjosari,Pagutan
Jawa Timur,Probolinggo,Paiton,Paiton
Jawa Timur,Sumenep,Kota Sumenep,Pajagalan
Jawa Timur,Lamongan,Sukodadi,Pajangan
Jawa Timur,Lumajang,Randuagung,Pajarakan
Jawa Timur,Sidoarjo,Jabon,Pajarakan
Jawa Timur,Pasuruan,Rembang,Pajaran
Jawa Timur,Madiun,Saradan,Pajaran
Jawa Timur,Bojonegoro,Gondang,Pajeng
Jawa Timur,Sampang,Kedungdung,Pajeruan
Jawa Timur,Lamongan,Pucuk,Paji
Jawa Timur,Ponorogo,Ponorogo,Paju
Jawa Timur,Probolinggo,Gending,Pajurangan
Jawa Timur,Bangkalan,Galis,Paka'an Dajah
Jawa Timur,Bangkalan,Galis,Paka'an Laok
Jawa Timur,Ngawi,Mantingan,Pakah
Jawa Timur,Surabaya,Pakal,Pakal
Jawa Timur,Sampang,Sampang,Pakalongan
Jawa Timur,Sumenep,Pragaan,Pakamban Daya
Jawa Timur,Sumenep,Pragaan,Pakamban Laok
Jawa Timur,Sumenep,Bluto,Pakandangan Barat
Jawa Timur,Sumenep,Bluto,Pakandangan Sangra
Jawa Timur,Sumenep,Bluto,Pakandangan Tengah
Jawa Timur,Trenggalek,Pule,Pakel
Jawa Timur,Trenggalek,Watulimo,Pakel
Jawa Timur,Tulungagung,Ngantru,Pakel
Jawa Timur,Tulungagung,Pakel,Pakel
Jawa Timur,Lumajang,Gucialit,Pakel
Jawa Timur,Banyuwangi,Licin,Pakel
Jawa Timur,Probolinggo,Sukapura,Pakel
Jawa Timur,Jombang,Bareng,Pakel
Jawa Timur,Kediri,Kota,Pakelan
Jawa Timur,Bondowoso,Pakem,Pakem
Jawa Timur,Bangkalan,Konang,Pakes
Jawa Timur,Pasuruan,Wonorejo,Pakijangan
Jawa Timur,Trenggalek,Durenan,Pakis
Jawa Timur,Jember,Panti,Pakis
Jawa Timur,Banyuwangi,Banyuwangi,Pakis
Jawa Timur,Mojokerto,Trowulan,Pakis
Jawa Timur,Tuban,Grabagan,Pakis
Jawa Timur,Surabaya,Sawahan,Pakis
Jawa Timur,Kediri,Kunjang,Pakis
Jawa Timur,Pacitan,Nawangan,Pakis Baru
Jawa Timur,Tulungagung,Kalidawir,Pakisaji
Jawa Timur,Blitar,Kademangan,Pakisaji
Jawa Timur,Bondowoso,Tlogosari,Pakisan
Jawa Timur,Tulungagung,Rejotangan,Pakisrejo
Jawa Timur,Tulungagung,Tanggunggunung,Pakisrejo
Jawa Timur,Blitar,Srengat,Pakisrejo
Jawa Timur,Banyuwangi,Kabat,Pakistaji
Jawa Timur,Probolinggo,Wonoasih,Pakistaji
Jawa Timur,Sumenep,Rubaru,Pakondang
Jawa Timur,Bangkalan,Modung,Pakong
Jawa Timur,Pamekasan,Pakong,Pakong
Jawa Timur,Pasuruan,Sukorejo,Pakukerto
Jawa Timur,Nganjuk,Patianrowo,Pakuncen
Jawa Timur,Blitar,Sukorejo,Pakunden
Jawa Timur,Ponorogo,Ponorogo,Pakunden
Jawa Timur,Kediri,Pesantren,Pakunden
Jawa Timur,Bondowoso,Maesan,Pakuniran
Jawa Timur,Probolinggo,Pakuniran,Pakuniran
Jawa Timur,Jember,Pakusari,Pakusari
Jawa Timur,Bondowoso,Curahdami,Pakuwesi
Jawa Timur,Pamekasan,Pakong,Palalang
Jawa Timur,Bondowoso,Cermee,Palalangan
Jawa Timur,Situbondo,Jangkar,Palangan
Jawa Timur,Lamongan,Karangbinangun,Palangan
Jawa Timur,Probolinggo,Lumbang,Palangbesi
Jawa Timur,Pasuruan,Puspo,Palangsari
Jawa Timur,Sumenep,Talango,Palasa
Jawa Timur,Gresik,Duduksampeyan,Palebon
Jawa Timur,Bojonegoro,Kanor,Palembon
Jawa Timur,Pamekasan,Palenggaan,Palengaan Dajah
Jawa Timur,Pamekasan,Palenggaan,Palengaan Laok
Jawa Timur,Sampang,Kedungdung,Palenggian
Jawa Timur,Jember,Umbulsari,Paleran
Jawa Timur,Pamekasan,Pegantenan,Palesanggar
Jawa Timur,Sumenep,Gapura,Palo'lo'an
Jawa Timur,Sumenep,Bluto,Palongan
Jawa Timur,Jombang,Sumobito,Palrejo
Jawa Timur,Madiun,Kebon Sari,Palur
Jawa Timur,Pamekasan,Kadur,Pamaroh
Jawa Timur,Probolinggo,Tongas,Pamatan
Jawa Timur,Sampang,Camplong,Pamola'an
Jawa Timur,Sumenep,Kota Sumenep,Pamolokan
Jawa Timur,Kediri,Mojo,Pamongan
Jawa Timur,Bangkalan,Tragah,Pamorah
Jawa Timur,Pamekasan,Kadur,Pamoroh
Jawa Timur,Sidoarjo,Porong,Pamotan
Jawa Timur,Lamongan,Sambeng,Pamotan
Jawa Timur,Pamekasan,Palenggaan,Panaan
Jawa Timur,Sumenep,Gapura,Panagan
Jawa Timur,Pamekasan,Proppo,Panaguan
Jawa Timur,Pamekasan,Larangan,Panaguan
Jawa Timur,Bondowoso,Curahdami,Panambangan
Jawa Timur,Sumenep,Guluk-Guluk,Pananggungan
Jawa Timur,Jember,Ajung,Pancakarya
Jawa Timur,Sumenep,Gayam,Pancor
Jawa Timur,Bondowoso,Bondowoso,Pancoran
Jawa Timur,Pasuruan,Lumbang,Pancur
Jawa Timur,Bojonegoro,Temayang,Pancur
Jawa Timur,Pasuruan,Pandaan,Pandaan
Jawa Timur,Bondowoso,Klabang,Pandak
Jawa Timur,Ponorogo,Balong,Pandak
Jawa Timur,Sampang,Omben,Pandan
Jawa Timur,Pamekasan,Galis,Pandan
Jawa Timur,Bojonegoro,Ngraho,Pandan
Jawa Timur,Bangkalan,Arosbaya,Pandan Lanjang
Jawa Timur,Tuban,Soko,Pandanagung
Jawa Timur,Gresik,Duduksampeyan,Pandanan
Jawa Timur,Bangkalan,Kwanyar,Pandanan
Jawa Timur,Probolinggo,Krucil,Pandanaras
Jawa Timur,Blitar,Sutojayan,Pandanarum
Jawa Timur,Lumajang,Tempeh,Pandanarum
Jawa Timur,Mojokerto,Pacet,Pandanarum
Jawa Timur,Jombang,Ploso,Pandanblole
Jawa Timur,Mojokerto,Kemlagi,Pandankrajan
Jawa Timur,Malang,Wagir,Pandanlandung
Jawa Timur,Lamongan,Deket,Pandanpancur
Jawa Timur,Malang,Wagir,Pandanrejo
Jawa Timur,Pasuruan,Rejoso,Pandanrejo
Jawa Timur,Batu,Bumiaji,Pandanrejo
Jawa Timur,Tulungagung,Ngunut,Pandansari
Jawa Timur,Lumajang,Senduro,Pandansari
Jawa Timur,Lumajang,Kedungjajang,Pandansari
Jawa Timur,Probolinggo,Sumber,Pandansari
Jawa Timur,Kediri,Purwoasri,Pandansari
Jawa Timur,Ngawi,Sine,Pandansari
Jawa Timur,Nganjuk,Kertosono,Pandantoyo
Jawa Timur,Bojonegoro,Temayang,Pandantoyo
Jawa Timur,Kediri,Ngancar,Pandantoyo
Jawa Timur,Lumajang,Tempeh,Pandanwangi
Jawa Timur,Tuban,Soko,Pandanwangi
Jawa Timur,Trenggalek,Dongko,Pandean
Jawa Timur,Trenggalek,Durenan,Pandean
Jawa Timur,Probolinggo,Paiton,Pandean
Jawa Timur,Pasuruan,Rembang,Pandean
Jawa Timur,Nganjuk,Gondang,Pandean
Jawa Timur,Madiun,Taman,Pandean
Jawa Timur,Madiun,Mejayan,Pandean
Jawa Timur,Ngawi,Karanganyar,Pandean
Jawa Timur,Banyuwangi,Banyuwangi,Panderejo
Jawa Timur,Magetan,Maospati,Pandeyan
Jawa Timur,Sumenep,Kota Sumenep,Pandian
Jawa Timur,Pasuruan,Lumbang,Panditan
Jawa Timur,Sampang,Robatal,Pandiyangan
Jawa Timur,Gresik,Cerme,Pandu
Jawa Timur,Jember,Jelbuk,Panduman
Jawa Timur,Magetan,Panekan,Panekan
Jawa Timur,Bojonegoro,Sugihwaras,Panemon
Jawa Timur,Pamekasan,Pamekasan,Panempan
Jawa Timur,Sumenep,Kota Sumenep,Pangarangan
Jawa Timur,Sampang,Pangarengan,Pangarengan
Jawa Timur,Pamekasan,Proppo,Pangbatok
Jawa Timur,Lamongan,Maduran,Pangean
Jawa Timur,Sampang,Sampang,Pangelen
Jawa Timur,Bangkalan,Tanah Merah,Pangeleyan
Jawa Timur,Bangkalan,Blega,Pangeran Gadungan
Jawa Timur,Bangkalan,Bangkalan,Pangeranan
Jawa Timur,Lamongan,Glagah,Panggang
Jawa Timur,Mojokerto,Trowulan,Panggih
Jawa Timur,Sidoarjo,Jabon,Panggreh
Jawa Timur,Trenggalek,Panggul,Panggul
Jawa Timur,Sampang,Sampang,Panggung
Jawa Timur,Magetan,Barat,Panggung
Jawa Timur,Blitar,Panggungrejo,Panggungasri
Jawa Timur,Blitar,Kademangan,Panggungduwet
Jawa Timur,Tulungagung,Pucanglaban,Panggungkalak
Jawa Timur,Blitar,Panggungrejo,Panggungrejo
Jawa Timur,Tulungagung,Tulungagung,Panggungrejo
Jawa Timur,Tulungagung,Kauman,Panggungrejo
Jawa Timur,Pasuruan,Panggungrejo,Panggungrejo
Jawa Timur,Trenggalek,Durenan,Panggungsari
Jawa Timur,Tulungagung,Pucanglaban,Panggunguni
Jawa Timur,Lamongan,Sugio,Pangkatrejo
Jawa Timur,Lamongan,Lamongan,Pangkatrejo
Jawa Timur,Lamongan,Maduran,Pangkatrejo
Jawa Timur,Sidoarjo,Tulangan,Pangkemiri
Jawa Timur,Ngawi,Pangkur,Pangkur
Jawa Timur,Pamekasan,Tlanakan,Panglegur
Jawa Timur,Pamekasan,Proppo,Panglemah
Jawa Timur,Jombang,Wonosalam,Panglungan
Jawa Timur,Bangkalan,Burneh,Pangolangan
Jawa Timur,Madiun,Manguharjo,Pangongangan
Jawa Timur,Sampang,Torjun,Pangongsean
Jawa Timur,Pamekasan,Proppo,Pangorayan
Jawa Timur,Bangkalan,Modung,Pangpajung
Jawa Timur,Bangkalan,Labang,Pangpong
Jawa Timur,Pamekasan,Proppo,Pangtonggal
Jawa Timur,Bangkalan,Blega,Panjalinan
Jawa Timur,Bojonegoro,Kedungadem,Panjang
Jawa Timur,Surabaya,Tenggilis Mejoyo,Panjang Jiwo
Jawa Timur,Ponorogo,Jenangan,Panjeng
Jawa Timur,Kediri,Plosoklaten,Panjer
Jawa Timur,Tulungagung,Rejotangan,Panjerejo
Jawa Timur,Situbondo,Panji,Panji Kidul
Jawa Timur,Situbondo,Panji,Panji Lor
Jawa Timur,Sidoarjo,Sukodono,Panjunan
Jawa Timur,Bojonegoro,Kalitidu,Panjunan
Jawa Timur,Gresik,Duduksampeyan,Panjunan
Jawa Timur,Jember,Panti,Panti
Jawa Timur,Bojonegoro,Sugihwaras,Panunggalan
Jawa Timur,Sampang,Pangarengan,Panyirangan
Jawa Timur,Bangkalan,Kwanyar,Paoran
Jawa Timur,Situbondo,Panarukan,Paowan
Jawa Timur,Kediri,Papar,Papar
Jawa Timur,Lumajang,Klakah,Papringan
Jawa Timur,Bojonegoro,Temayang,Papringan
Jawa Timur,Blitar,Kanigoro,Papungan
Jawa Timur,Ngawi,Pitu,Papungan
Jawa Timur,Trenggalek,Trenggalek,Parakan
Jawa Timur,Magetan,Parang,Parang
Jawa Timur,Kediri,Banyakan,Parang
Jawa Timur,Malang,Wagir,Parangargo
Jawa Timur,Tuban,Parengan,Parangbatu
Jawa Timur,Banyuwangi,Songgon,Parangharjo
Jawa Timur,Situbondo,Asembagus,Parante
Jawa Timur,Probolinggo,Tegalsiwalan,Paras
Jawa Timur,Ngawi,Pangkur,Paras
Jawa Timur,Pasuruan,Pohjentrek,Parasrejo
Jawa Timur,Kediri,Pare,Pare
Jawa Timur,Kediri,Kunjang,Parelor
Jawa Timur,Mojokerto,Jetis,Parengan
Jawa Timur,Lamongan,Maduran,Parengan
Jawa Timur,Pasuruan,Purwodadi,Parerejo
Jawa Timur,Banyuwangi,Srono,Parijatah Kulon
Jawa Timur,Banyuwangi,Srono,Parijatah Wetan
Jawa Timur,Ponorogo,Jenangan,Paringan
Jawa Timur,Nganjuk,Bagor,Paron
Jawa Timur,Kediri,Ngasem,Paron
Jawa Timur,Ngawi,Paron,Paron
Jawa Timur,Sumenep,Kota Sumenep,Parsanga
Jawa Timur,Bangkalan,Socah,Parseh
Jawa Timur,Pamekasan,Pamekasan,Parteker
Jawa Timur,Pamekasan,Pegantenan,Pasanggar
Jawa Timur,Bondowoso,Wonosari,Pasarejo
Jawa Timur,Sampang,Kedungdung,Pasarenan
Jawa Timur,Lamongan,Sambeng,Pasarlegi
Jawa Timur,Jember,Kencong,Paseban
Jawa Timur,Probolinggo,Kotaanyar,Pasembon
Jawa Timur,Sampang,Sampang,Paseyan
Jawa Timur,Lamongan,Glagah,Pasi
Jawa Timur,Pasuruan,Lekok,Pasinan
Jawa Timur,Bojonegoro,Baureno,Pasinan
Jawa Timur,Gresik,Wringinanom,Pasinanlemahputih
Jawa Timur,Situbondo,Bungatan,Pasir Putih
Jawa Timur,Blitar,Wonotirto,Pasiraman
Jawa Timur,Blitar,Talun,Pasirharjo
Jawa Timur,Lumajang,Pasirian,Pasirian
Jawa Timur,Banyuwangi,Glagah,Paspan
Jawa Timur,Pasuruan,Pasrepan,Pasrepan
Jawa Timur,Lumajang,Pasrujambe,Pasrujambe
Jawa Timur,Lamongan,Sambeng,Pataan
Jawa Timur,Probolinggo,Wonomerto,Patalan
Jawa Timur,Ngawi,Kendal,Patalan
Jawa Timur,Sampang,Torjun,Patapan
Jawa Timur,Sampang,Torjun,Patarongan
Jawa Timur,Sumenep,Batuan,Patean
Jawa Timur,Pasuruan,Kejayan,Patebon
Jawa Timur,Situbondo,Jatibanteng,Pategalan
Jawa Timur,Pasuruan,Gondangwetan,Pateguhan
Jawa Timur,Jember,Tanggul,Patemon
Jawa Timur,Jember,Pakusari,Patemon
Jawa Timur,Bondowoso,Tlogosari,Patemon
Jawa Timur,Bondowoso,Pakem,Patemon
Jawa Timur,Situbondo,Jatibanteng,Patemon
Jawa Timur,Situbondo,Bungatan,Patemon
Jawa Timur,Probolinggo,Krejengan,Patemon
Jawa Timur,Bangkalan,Tanah Merah,Patemon
Jawa Timur,Pamekasan,Pamekasan,Patemon
Jawa Timur,Jember,Kalisat,Patempuran
Jawa Timur,Bangkalan,Modung,Patenteng
Jawa Timur,Bangkalan,Modung,Patereman
Jawa Timur,Bangkalan,Galis,Paterongan
Jawa Timur,Nganjuk,Patianrowo,Patianrowo
Jawa Timur,Nganjuk,Loceret,Patihan
Jawa Timur,Tuban,Widang,Patihan
Jawa Timur,Madiun,Manguharjo,Patihan
Jawa Timur,Magetan,Karangrejo,Patihan
Jawa Timur,Lamongan,Babat,Patihan
Jawa Timur,Ponorogo,Siman,Patihan Kidul
Jawa Timur,Ponorogo,Babadan,Patihan Wetan
Jawa Timur,Ponorogo,Pulung,Patik
Jawa Timur,Pamekasan,Palenggaan,Patoan Daja
Jawa Timur,Pamekasan,Palenggaan,Patoan Laok
Jawa Timur,Situbondo,Situbondo,Patokan
Jawa Timur,Probolinggo,Bantaran,Patokan
Jawa Timur,Probolinggo,Kraksaan,Patokan
Jawa Timur,Banyuwangi,Blimbingsari,Patoman
Jawa Timur,Jember,Patrang,Patrang
Jawa Timur,Nganjuk,Berbek,Patranrejo
Jawa Timur,Pasuruan,Rejoso,Patuguhan
Jawa Timur,Nganjuk,Nganjuk,Payaman
Jawa Timur,Kediri,Plemahan,Payaman
Jawa Timur,Bojonegoro,Ngraho,Payaman
Jawa Timur,Sumenep,Guluk-Guluk,Payudan Daleman
Jawa Timur,Sumenep,Guluk-Guluk,Payudan Dundang
Jawa Timur,Sumenep,Guluk-Guluk,Payudan Karangsokon
Jawa Timur,Sumenep,Guluk-Guluk,Payudan Nangger
Jawa Timur,Mojokerto,Kutorejo,Payungrejo
Jawa Timur,Bondowoso,Sukosari,Pecalongan
Jawa Timur,Pasuruan,Prigen,Pecalukan
Jawa Timur,Jember,Rambipuji,Pecoro
Jawa Timur,Tulungagung,Pakel,Pecuk
Jawa Timur,Nganjuk,Patianrowo,Pecuk
Jawa Timur,Gresik,Wringinanom,Pedagangan
Jawa Timur,Probolinggo,Tiris,Pedagangan
Jawa Timur,Probolinggo,Maron,Pegalangan Kidul
Jawa Timur,Pamekasan,Pegantenan,Pegantenan
Jawa Timur,Surabaya,Semampir,Pegirian
Jawa Timur,Gresik,Bungah,Pegundan
Jawa Timur,Kediri,Papar,Pehkulon
Jawa Timur,Nganjuk,Sukomoro,Pehserut
Jawa Timur,Kediri,Papar,Pehwetan
Jawa Timur,Bangkalan,Bangkalan,Pejagan
Jawa Timur,Bondowoso,Jambesari Darus Sholah,Pejagan
Jawa Timur,Bojonegoro,Sumberejo,Pejambon
Jawa Timur,Gresik,Manyar,Pejangganan
Jawa Timur,Sidoarjo,Prambon,Pejangkungan
Jawa Timur,Pasuruan,Rembang,Pejangkungan
Jawa Timur,Probolinggo,Pejarakan,Pejarakan Kulon
Jawa Timur,Bondowoso,Bondowoso,Pejaten
Jawa Timur,Bojonegoro,Kedungadem,Pejok
Jawa Timur,Bojonegoro,Kepohbaru,Pejok
Jawa Timur,Bangkalan,Galis,Pekadan
Jawa Timur,Bondowoso,Tenggarang,Pekalangan
Jawa Timur,Pasuruan,Gondangwetan,Pekangkungan
Jawa Timur,Sidoarjo,Sukodono,Pekarungan
Jawa Timur,Gresik,Gresik,Pekauman
Jawa Timur,Bondowoso,Grujugan,Pekauman
Jawa Timur,Sidoarjo,Sidoarjo,Pekauman
Jawa Timur,Gresik,Gresik,Pekelingan
Jawa Timur,Pasuruan,Rembang,Pekoren
Jawa Timur,Mojokerto,Mojosari,Pekukuhan
Jawa Timur,Pasuruan,Panggungrejo,Pekuncen
Jawa Timur,Mojokerto,Bangsal,Pekuwon
Jawa Timur,Bojonegoro,Sumberejo,Pekuwon
Jawa Timur,Tuban,Rengel,Pekuwon
Jawa Timur,Bondowoso,Wonosari,Pelalangan
Jawa Timur,Lamongan,Kembangbahu,Pelang
Jawa Timur,Ngawi,Kedunggalar,Pelangkidul
Jawa Timur,Ngawi,Kedunggalar,Pelanglor
Jawa Timur,Lamongan,Laren,Pelangwot
Jawa Timur,Kediri,Kras,Pelas
Jawa Timur,Tulungagung,Campurdarat,Pelem
Jawa Timur,Nganjuk,Kertosono,Pelem
Jawa Timur,Kediri,Pare,Pelem
Jawa Timur,Pacitan,Pringkuku,Pelem
Jawa Timur,Magetan,Karangrejo,Pelem
Jawa Timur,Ngawi,Ngawi,Pelem
Jawa Timur,Bojonegoro,Purwosari,Pelem
Jawa Timur,Gresik,Menganti,Pelemwatu
Jawa Timur,Situbondo,Panarukan,Peleyan
Jawa Timur,Situbondo,Kapongan,Peleyan
Jawa Timur,Pamekasan,Larangan,Peltong
Jawa Timur,Sidoarjo,Balongbendo,Penambangan
Jawa Timur,Probolinggo,Pejarakan,Penambangan
Jawa Timur,Bondowoso,Botolinggo,Penang
Jawa Timur,Lumajang,Candipuro,Penanggal
Jawa Timur,Bondowoso,Maesan,Penanggungan
Jawa Timur,Mojokerto,Trawas,Penanggungan
Jawa Timur,Pasuruan,Winongan,Penataan
Jawa Timur,Banyuwangi,Giri,Penataban
Jawa Timur,Blitar,Nglegok,Penataran
Jawa Timur,Sidoarjo,Tanggulangin,Penatarsewu
Jawa Timur,Lumajang,Ranuyoso,Penawungan
Jawa Timur,Magetan,Kartoharjo,Pencol
Jawa Timur,Bangkalan,Kamal,Pendabah
Jawa Timur,Banyuwangi,Kabat,Pendarungan
Jawa Timur,Magetan,Ngariboyo,Pendem
Jawa Timur,Batu,Junrejo,Pendem
Jawa Timur,Probolinggo,Banyuanyar,Pendil
Jawa Timur,Lamongan,Sukorame,Pendowokumpul
Jawa Timur,Lamongan,Karangbinangun,Pendowolimo
Jawa Timur,Surabaya,Genteng,Peneleh
Jawa Timur,Gresik,Menganti,Pengalangan
Jawa Timur,Jombang,Kabuh,Pengampon
Jawa Timur,Lamongan,Kalitengah,Pengangsalan
Jawa Timur,Banyuwangi,Banyuwangi,Penganjuran
Jawa Timur,Bojonegoro,Balen,Penganten
Jawa Timur,Banyuwangi,Banyuwangi,Pengantigan
Jawa Timur,Bondowoso,Jambesari Darus Sholah,Pengarang
Jawa Timur,Banyuwangi,Rogojampi,Pengatigan
Jawa Timur,Jombang,Mojowarno,Penggaron
Jawa Timur,Pacitan,Nawangan,Penggung
Jawa Timur,Bojonegoro,Tambakrejo,Pengkol
Jawa Timur,Ponorogo,Kauman,Pengkol
Jawa Timur,Ngawi,Mantingan,Pengkol
Jawa Timur,Gresik,Sidayu,Pengulu
Jawa Timur,Lamongan,Tikung,Pengumbulanadi
Jawa Timur,Tuban,Plumpang,Penidon
Jawa Timur,Surabaya,Rungkut,Penjaringansari
Jawa Timur,Tulungagung,Pagerwojo,Penjor
Jawa Timur,Mojokerto,Jetis,Penompo
Jawa Timur,Pasuruan,Nguling,Penunggul
Jawa Timur,Sampang,Jrengik,Penyepen
Jawa Timur,Sidoarjo,Sedati,Pepe
Jawa Timur,Sidoarjo,Waru,Pepelegi
Jawa Timur,Jombang,Perak,Perak
Jawa Timur,Surabaya,Krembangan,Perak Barat
Jawa Timur,Surabaya,Pabean Cantian,Perak Timur
Jawa Timur,Surabaya,Pabean Cantian,Perak Utara
Jawa Timur,Sidoarjo,Jabon,Permisan
Jawa Timur,Bangkalan,Socah,Pernajuh
Jawa Timur,Mojokerto,Jetis,Perning
Jawa Timur,Nganjuk,Jatikalen,Perning
Jawa Timur,Bangkalan,Burneh,Perreng
Jawa Timur,Sidoarjo,Taman,Pertapanmaduretno
Jawa Timur,Banyuwangi,Pesanggaran,Pesanggaran
Jawa Timur,Mojokerto,Kutorejo,Pesanggrahan
Jawa Timur,Situbondo,Jangkar,Pesanggrahan
Jawa Timur,Jombang,Gudo,Pesanggrahan
Jawa Timur,Bangkalan,Kwanyar,Pesanggrahan
Jawa Timur,Batu,Batu,Pesanggrahan
Jawa Timur,Lamongan,Laren,Pesanggrahan
Jawa Timur,Kediri,Pesantren,Pesantren
Jawa Timur,Probolinggo,Tiris,Pesawahan
Jawa Timur,Sidoarjo,Porong,Pesawahan
Jawa Timur,Bojonegoro,Kanor,Pesen
Jawa Timur,Kediri,Purwoasri,Pesing
Jawa Timur,Situbondo,Besuki,Pesisir
Jawa Timur,Probolinggo,Gending,Pesisir
Jawa Timur,Probolinggo,Sumberasih,Pesisir
Jawa Timur,Magetan,Maospati,Pesu
Jawa Timur,Banyuwangi,Kalipuro,Pesucen
Jawa Timur,Nganjuk,Bagor,Pesudukuh
Jawa Timur,Lumajang,Sumbersuko,Petahunan
Jawa Timur,Pasuruan,Gadingrejo,Petahunan
Jawa Timur,Mojokerto,Pacet,Petak
Jawa Timur,Nganjuk,Bagor,Petak
Jawa Timur,Bojonegoro,Malo,Petak
Jawa Timur,Pasuruan,Panggungrejo,Petamanan
Jawa Timur,Bangkalan,Socah,Petaonan
Jawa Timur,Bangkalan,Labang,Petapan
Jawa Timur,Surabaya,Sawahan,Petemon
Jawa Timur,Probolinggo,Pakuniran,Petemon Kulon
Jawa Timur,Mojokerto,Bangsal,Peterongan
Jawa Timur,Gresik,Driyorejo,Petiken
Jawa Timur,Gresik,Duduksampeyan,Petisbenem
Jawa Timur,Gresik,Dukun,Petiyin Tunggal
Jawa Timur,Kediri,Mojo,Petok
Jawa Timur,Bangkalan,Tanah Merah,Petrah
Jawa Timur,Bangkalan,Tanah Merah,Pettong
Jawa Timur,Gresik,Panceng,Petung
Jawa Timur,Trenggalek,Dongko,Petung
Jawa Timur,Jember,Bangsalsari,Petung
Jawa Timur,Bondowoso,Curahdami,Petung
Jawa Timur,Bondowoso,Pakem,Petung
Jawa Timur,Pasuruan,Pasrepan,Petung
Jawa Timur,Pasuruan,Pandaan,Petungasri
Jawa Timur,Magetan,Nguntoronadi,Petungrejo
Jawa Timur,Kediri,Mojo,Petungroto
Jawa Timur,Malang,Wagir,Petungsewu
Jawa Timur,Pacitan,Bandar,Petungsinarang
Jawa Timur,Probolinggo,Paiton,Petunjungan
Jawa Timur,Tulungagung,Sendang,Picisan
Jawa Timur,Ponorogo,Siman,Pijeran
Jawa Timur,Blitar,Wonodadi,Pikatan
Jawa Timur,Probolinggo,Gending,Pikatan
Jawa Timur,Sidoarjo,Wonoayu,Pilang
Jawa Timur,Bojonegoro,Kanor,Pilang
Jawa Timur,Probolinggo,Kademangan,Pilang
Jawa Timur,Madiun,Kartoharjo,Pilangbango
Jawa Timur,Bojonegoro,Balen,Pilanggede
Jawa Timur,Madiun,Pilangkenceng,Pilangkenceng
Jawa Timur,Madiun,Wungu,Pilangrejo
Jawa Timur,Bojonegoro,Kalitidu,Pilangsari
Jawa Timur,Nganjuk,Lengkong,Pinggir
Jawa Timur,Gresik,Balongpanggang,Pinggir
Jawa Timur,Sumenep,Kalianget,Pinggirpapas
Jawa Timur,Tulungagung,Ngantru,Pinggirsari
Jawa Timur,Ponorogo,Ponorogo,Pinggirsari
Jawa Timur,Magetan,Bendo,Pingkuk
Jawa Timur,Ponorogo,Jenangan,Pintu
Jawa Timur,Nganjuk,Patianrowo,Pisang
Jawa Timur,Pacitan,Punung,Piton
Jawa Timur,Ngawi,Pitu,Pitu
Jawa Timur,Bojonegoro,Kanor,Piyak
Jawa Timur,Jombang,Plandaan,Plabuhan
Jawa Timur,Lamongan,Mantup,Plabuhanrejo
Jawa Timur,Sampang,Jrengik,Plakaran
Jawa Timur,Pamekasan,Pegantenan,Plakpak
Jawa Timur,Jember,Kalisat,Plalangan
Jawa Timur,Situbondo,Sumbermalang,Plalangan
Jawa Timur,Ponorogo,Jenangan,Plalangan
Jawa Timur,Sampang,Camplong,Plampa'an
Jawa Timur,Probolinggo,Paiton,Plampang
Jawa Timur,Banyuwangi,Cluring,Plampangrejo
Jawa Timur,Tulungagung,Kedungwaru,Plandaan
Jawa Timur,Jombang,Plandaan,Plandaan
Jawa Timur,Blitar,Bakung,Plandirejo
Jawa Timur,Tuban,Plumpang,Plandirejo
Jawa Timur,Sampang,Banyuates,Planggaran Barat
Jawa Timur,Sampang,Banyuates,Planggaran Timur
Jawa Timur,Magetan,Poncol,Plangkrongan
Jawa Timur,Probolinggo,Krucil,Plaosan
Jawa Timur,Sidoarjo,Wonoayu,Plaosan
Jawa Timur,Kediri,Wates,Plaosan
Jawa Timur,Magetan,Plaosan,Plaosan
Jawa Timur,Lamongan,Babat,Plaosan
Jawa Timur,Sampang,Sreseh,Plasah
Jawa Timur,Jombang,Sumobito,Plemahan
Jawa Timur,Kediri,Plemahan,Plemahan
Jawa Timur,Jember,Sumberjambe,Plerean
Jawa Timur,Pasuruan,Pohjentrek,Pleret
Jawa Timur,Ngawi,Pangkur,Pleset
Jawa Timur,Bojonegoro,Kapas,Plesungan
Jawa Timur,Pasuruan,Kraton,Plinggisan
Jawa Timur,Pasuruan,Pandaan,Plintahan
Jawa Timur,Pacitan,Tegalombo,Ploso
Jawa Timur,Sidoarjo,Krembung,Ploso
Jawa Timur,Blitar,Selopuro,Ploso
Jawa Timur,Sidoarjo,Wonoayu,Ploso
Jawa Timur,Nganjuk,Nganjuk,Ploso
Jawa Timur,Surabaya,Tambaksari,Ploso
Jawa Timur,Kediri,Mojo,Ploso
Jawa Timur,Pacitan,Punung,Ploso
Jawa Timur,Pacitan,Pacitan,Ploso
Jawa Timur,Ngawi,Kendal,Ploso
Jawa Timur,Kediri,Plosoklaten,Ploso Kidul
Jawa Timur,Kediri,Plosoklaten,Ploso Lor
Jawa Timur,Blitar,Sanankulon,Plosoarang
Jawa Timur,Lamongan,Deket,Plosobuden
Jawa Timur,Nganjuk,Pace,Plosoharjo
Jawa Timur,Ponorogo,Kauman,Plosojenar
Jawa Timur,Tulungagung,Kedungwaru,Plosokandang
Jawa Timur,Blitar,Sananwetan,Plosokerep
Jawa Timur,Ngawi,Karangjati,Plosolor
Jawa Timur,Blitar,Kademangan,Plosorejo
Jawa Timur,Kediri,Gampengrejo,Plosorejo
Jawa Timur,Pasuruan,Grati,Plososari
Jawa Timur,Mojokerto,Puri,Plososari
Jawa Timur,Lamongan,Pucuk,Plososetro
Jawa Timur,Lamongan,Lamongan,Plosowahyu
Jawa Timur,Blitar,Doko,Plumbangan
Jawa Timur,Sidoarjo,Porong,Plumbon
Jawa Timur,Jombang,Gudo,Plumbon Gambang
Jawa Timur,Pacitan,Kebonagung,Plumbungan
Jawa Timur,Sidoarjo,Sukodono,Plumbungan
Jawa Timur,Tuban,Plumpang,Plumpang
Jawa Timur,Lamongan,Sukodadi,Plumpang
Jawa Timur,Magetan,Plaosan,Plumpung
Jawa Timur,Blitar,Kademangan,Plumpungrejo
Jawa Timur,Madiun,Wonoasri,Plumpungrejo
Jawa Timur,Ponorogo,Pulung,Plunturan
Jawa Timur,Kediri,Kota,Pocanan
Jawa Timur,Jember,Sukowono,Pocangan
Jawa Timur,Ngawi,Sine,Pocol
Jawa Timur,Bangkalan,Tragah,Pocong
Jawa Timur,Probolinggo,Paiton,Podokkelor
Jawa Timur,Pasuruan,Tosari,Podokoyo
Jawa Timur,Tulungagung,Sumbergempol,Podorejo
Jawa Timur,Jombang,Kesamben,Podoroto
Jawa Timur,Trenggalek,Pogalan,Pogalan
Jawa Timur,Pasuruan,Bangil,Pogar
Jawa Timur,Bojonegoro,Balen,Pohbogo
Jawa Timur,Pasuruan,Pasrepan,Pohgading
Jawa Timur,Blitar,Selorejo,Pohgajih
Jawa Timur,Pasuruan,Pasrepan,Pohgedang
Jawa Timur,Ponorogo,Sampung,Pohijo
Jawa Timur,Mojokerto,Gondang,Pohjejer
Jawa Timur,Pasuruan,Purworejo,Pohjentrek
Jawa Timur,Mojokerto,Dlanggu,Pohkecik
Jawa Timur,Ngawi,Pangkur,Pohkonyal
Jawa Timur,Probolinggo,Kademangan,Pohsangit Kidul
Jawa Timur,Probolinggo,Wonomerto,Pohsangit Lor
Jawa Timur,Probolinggo,Wonomerto,Pohsangit Ngisor
Jawa Timur,Probolinggo,Wonomerto,Pohsangit Tengah
Jawa Timur,Probolinggo,Sumberasih,Pohsangitleres
Jawa Timur,Bojonegoro,Kepohbaru,Pohwates
Jawa Timur,Sumenep,Gapura,Poja
Jawa Timur,Tulungagung,Ngantru,Pojok
Jawa Timur,Tulungagung,Campurdarat,Pojok
Jawa Timur,Blitar,Ponggok,Pojok
Jawa Timur,Blitar,Garum,Pojok
Jawa Timur,Magetan,Kawedanan,Pojok
Jawa Timur,Kediri,Wates,Pojok
Jawa Timur,Ngawi,Kwadungan,Pojok
Jawa Timur,Bojonegoro,Purwosari,Pojok
Jawa Timur,Kediri,Mojoroto,Pojok
Jawa Timur,Jombang,Kesamben,Pojokrejo
Jawa Timur,Magetan,Sukomoro,Pojoksari
Jawa Timur,Situbondo,Kapongan,Pokaan
Jawa Timur,Pacitan,Pringkuku,Poko
Jawa Timur,Ponorogo,Jambon,Poko
Jawa Timur,Sampang,Sampang,Polagan
Jawa Timur,Pamekasan,Galis,Polagan
Jawa Timur,Ponorogo,Babadan,Polorejo
Jawa Timur,Bojonegoro,Baureno,Pomahan
Jawa Timur,Ponorogo,Pulung,Pomahan
Jawa Timur,Lamongan,Turi,Pomahanjanggan
Jawa Timur,Bondowoso,Curahdami,Poncogati
Jawa Timur,Magetan,Poncol,Poncol
Jawa Timur,Ponorogo,Babadan,Pondok
Jawa Timur,Probolinggo,Leces,Pondok Wuluh
Jawa Timur,Jember,Semboro,Pondokdalem
Jawa Timur,Jember,Semboro,Pondokjoyo
Jawa Timur,Banyuwangi,Kabat,Pondoknongko
Jawa Timur,Jember,Tempurejo,Pondokrejo
Jawa Timur,Gresik,Manyar,Pongangan
Jawa Timur,Blitar,Ponggok,Ponggok
Jawa Timur,Kediri,Mojo,Ponggok
Jawa Timur,Pacitan,Pacitan,Ponggok
Jawa Timur,Sidoarjo,Krian,Ponokawan
Jawa Timur,Jember,Ambulu,Pontang
Jawa Timur,Pamekasan,Galis,Ponteh
Jawa Timur,Blitar,Selopuro,Popoh
Jawa Timur,Sidoarjo,Wonoayu,Popoh
Jawa Timur,Sumenep,Guluk-Guluk,Pordapor
Jawa Timur,Sampang,Karangpenang,Poreh
Jawa Timur,Sumenep,Lenteng,Poreh
Jawa Timur,Lamongan,Sekaran,Porodeso
Jawa Timur,Sidoarjo,Porong,Porong
Jawa Timur,Bangkalan,Tanah Merah,Poter
Jawa Timur,Sumenep,Talango,Poteran
Jawa Timur,Sumenep,Ra'as,Poteran
Jawa Timur,Surabaya,Dukuh Pakis,Pradah Kalikendal
Jawa Timur,Sumenep,Pragaan,Pragaan Daya
Jawa Timur,Sumenep,Pragaan,Pragaan Laok
Jawa Timur,Magetan,Parang,Pragak
Jawa Timur,Bojonegoro,Gondang,Pragelan
Jawa Timur,Ponorogo,Sukorejo,Prajegan
Jawa Timur,Bondowoso,Prajekan,Prajekan Kidul
Jawa Timur,Bondowoso,Prajekan,Prajekan Lor
Jawa Timur,Sampang,Camplong,Prajjan
Jawa Timur,Mojokerto,Prajuritkulon,Prajuritkulon
Jawa Timur,Sumenep,Gayam,Prambanan
Jawa Timur,Gresik,Kebomas,Prambangan
Jawa Timur,Bojonegoro,Balen,Prambatan
Jawa Timur,Sidoarjo,Prambon,Prambon
Jawa Timur,Madiun,Dagangan,Prambon
Jawa Timur,Tuban,Soko,Prambontergayang
Jawa Timur,Tuban,Rengel,Prambonwetan
Jawa Timur,Magetan,Karangrejo,Prampelan
Jawa Timur,Sumenep,Pasongsongan,Prancak
Jawa Timur,Kediri,Plosoklaten,Pranggang
Jawa Timur,Bojonegoro,Padangan,Prangi
Jawa Timur,Sidoarjo,Sedati,Pranti
Jawa Timur,Gresik,Menganti,Pranti
Jawa Timur,Probolinggo,Gading,Prasi
Jawa Timur,Sidoarjo,Buduran,Prasung
Jawa Timur,Nganjuk,Lengkong,Prayungan
Jawa Timur,Bojonegoro,Sumberejo,Prayungan
Jawa Timur,Pamekasan,Pademawu,Prekbun
Jawa Timur,Sumenep,Pragaan,Prenduan
Jawa Timur,Pasuruan,Prigen,Prigen
Jawa Timur,Trenggalek,Watulimo,Prigi
Jawa Timur,Bojonegoro,Kanor,Prigi
Jawa Timur,Lamongan,Karanggeneng,Prijekngablak
Jawa Timur,Lamongan,Bluluk,Primpen
Jawa Timur,Trenggalek,Dongko,Pringapus
Jawa Timur,Lamongan,Maduran,Pringgoboyo
Jawa Timur,Jember,Sumberjambe,Pringgondani
Jawa Timur,Jember,Sumberbaru,Pringgowirawan
Jawa Timur,Pacitan,Pringkuku,Pringkuku
Jawa Timur,Lamongan,Karangbinangun,Priyoso
Jawa Timur,Pasuruan,Winongan,Prodo
Jawa Timur,Lumajang,Pronojiwo,Pronojiwo
Jawa Timur,Pamekasan,Proppo,Proppo
Jawa Timur,Lamongan,Babat,Pucakwangi
Jawa Timur,Sidoarjo,Sidoarjo,Pucang
Jawa Timur,Pasuruan,Purwodadi,Pucang Sari
Jawa Timur,Pasuruan,Purwosari,Pucang Sari
Jawa Timur,Surabaya,Gubeng,Pucang Sewu
Jawa Timur,Tulungagung,Kauman,Pucangan
Jawa Timur,Ngawi,Ngrambe,Pucangan
Jawa Timur,Trenggalek,Tugu,Pucanganak
Jawa Timur,Bondowoso,Jambesari Darus Sholah,Pucanganom
Jawa Timur,Sidoarjo,Sidoarjo,Pucanganom
Jawa Timur,Madiun,Kebon Sari,Pucanganom
Jawa Timur,Tulungagung,Pucanglaban,Pucanglaban
Jawa Timur,Madiun,Sawahan,Pucangrejo
Jawa Timur,Jombang,Gudo,Pucangro
Jawa Timur,Lamongan,Kalitengah,Pucangro
Jawa Timur,Pacitan,Pacitan,Pucangsewu
Jawa Timur,Jombang,Bandarkedungmulyo,Pucangsimo
Jawa Timur,Lamongan,Kalitengah,Pucangtelu
Jawa Timur,Mojokerto,Dawarblandong,Pucuk
Jawa Timur,Lamongan,Pucuk,Pucuk
Jawa Timur,Gresik,Balongpanggang,Pucung
Jawa Timur,Tulungagung,Boyolangu,Pucung Kidul
Jawa Timur,Tulungagung,Ngantru,Pucung Lor
Jawa Timur,Bojonegoro,Baureno,Pucangarum
Jawa Timur,Mojokerto,Gondang,Pugeran
Jawa Timur,Jember,Puger,Pugerkulon
Jawa Timur,Jember,Puger,Pugerwetan
Jawa Timur,Kediri,Papar,Puhjajar
Jawa Timur,Kediri,Plemahan,Puhjarak
Jawa Timur,Nganjuk,Rejoso,Puhkerep
Jawa Timur,Kediri,Semen,Puhrubuh
Jawa Timur,Kediri,Semen,Puhsarang
Jawa Timur,Ngawi,Karangjati,Puhti
Jawa Timur,Bondowoso,Maesan,Pujer Baru
Jawa Timur,Pasuruan,Kraton,Pukul
Jawa Timur,Sampang,Sampang,P. Mandangin
Jawa Timur,Trenggalek,Pule,Pule
Jawa Timur,Nganjuk,Jatikalen,Pule
Jawa Timur,Kediri,Kandat,Pule
Jawa Timur,Madiun,Sawahan,Pule
Jawa Timur,Lamongan,Modo,Pule
Jawa Timur,Blitar,Bakung,Pulerejo
Jawa Timur,Tulungagung,Ngantru,Pulerejo
Jawa Timur,Madiun,Pilangkenceng,Pulerejo
Jawa Timur,Lumajang,Tempeh,Pulo
Jawa Timur,Pasuruan,Kraton,Pulokerto
Jawa Timur,Mojokerto,Bangsal,Puloniti
Jawa Timur,Gresik,Gresik,Pulopancikan
Jawa Timur,Mojokerto,Dawarblandong,Pulorejo
Jawa Timur,Jombang,Ngoro,Pulorejo
Jawa Timur,Mojokerto,Prajuritkulon,Pulorejo
Jawa Timur,Tulungagung,Ngunut,Pulosari
Jawa Timur,Jombang,Bareng,Pulosari
Jawa Timur,Ponorogo,Jambon,Pulosari
Jawa Timur,Tulungagung,Ngunut,Pulotondo
Jawa Timur,Nganjuk,Jatikalen,Pulowetan
Jawa Timur,Ponorogo,Pulung,Pulung
Jawa Timur,Ponorogo,Pulung,Pulung Merdiko
Jawa Timur,Sidoarjo,Sedati,Pulungan
Jawa Timur,Kediri,Puncu,Puncu
Jawa Timur,Jombang,Diwek,Pundong
Jawa Timur,Lumajang,Tempursari,Pundungsari
Jawa Timur,Gresik,Benjeng,Punduttrate
Jawa Timur,Pasuruan,Tutur,Pungging
Jawa Timur,Mojokerto,Pungging,Pungging
Jawa Timur,Sidoarjo,Gedangan,Punggul
Jawa Timur,Mojokerto,Dlanggu,Punggul
Jawa Timur,Tuban,Rengel,Punggulrejo
Jawa Timur,Bojonegoro,Purwosari,Punggur
Jawa Timur,Bojonegoro,Kalitidu,Pungpungan
Jawa Timur,Tulungagung,Karangrejo,Punjul
Jawa Timur,Kediri,Plosoklaten,Punjul
Jawa Timur,Pacitan,Kebonagung,Punjung
Jawa Timur,Batu,Bumiaji,Punten
Jawa Timur,Magetan,Plaosan,Puntukdoro
Jawa Timur,Pacitan,Punung,Punung
Jawa Timur,Magetan,Lembeyan,Pupus
Jawa Timur,Ponorogo,Ponorogo,Purbosuman
Jawa Timur,Mojokerto,Puri,Puri
Jawa Timur,Jombang,Plandaan,Purisemanding
Jawa Timur,Bondowoso,Tegalampel,Purnama
Jawa Timur,Lumajang,Tempursari,Purorejo
Jawa Timur,Trenggalek,Suruh,Puru
Jawa Timur,Probolinggo,Lumbang,Purut
Jawa Timur,Pasuruan,Purworejo,Purutrejo
Jawa Timur,Banyuwangi,Tegaldlimo,Purwoagung
Jawa Timur,Pacitan,Kebonagung,Purwoasri
Jawa Timur,Jember,Gumukmas,Purwoasri
Jawa Timur,Banyuwangi,Tegaldlimo,Purwoasri
Jawa Timur,Bojonegoro,Sukosewu,Purwoasri
Jawa Timur,Kediri,Purwoasri,Purwoasri
Jawa Timur,Gresik,Sidayu,Purwodadi
Jawa Timur,Banyuwangi,Gambiran,Purwodadi
Jawa Timur,Pasuruan,Purwodadi,Purwodadi
Jawa Timur,Kediri,Kras,Purwodadi
Jawa Timur,Kediri,Ringinrejo,Purwodadi
Jawa Timur,Kediri,Purwoasri,Purwodadi
Jawa Timur,Magetan,Barat,Purwodadi
Jawa Timur,Banyuwangi,Purwoharjo,Purwoharjo
Jawa Timur,Mojokerto,Ngoro,Purwojati
Jawa Timur,Blitar,Srengat,Purwokerto
Jawa Timur,Kediri,Ngadiluwih,Purwokerto
Jawa Timur,Lamongan,Ngimbang,Purwokerto
Jawa Timur,Tulungagung,Ngunut,Purworejo
Jawa Timur,Blitar,Sanankulon,Purworejo
Jawa Timur,Blitar,Wates,Purworejo
Jawa Timur,Lumajang,Senduro,Purworejo
Jawa Timur,Mojokerto,Pungging,Purworejo
Jawa Timur,Madiun,Geger,Purworejo
Jawa Timur,Magetan,Nguntoronadi,Purworejo
Jawa Timur,Pasuruan,Purworejo,Purworejo
Jawa Timur,Kediri,Kandat,Purworejo
Jawa Timur,Pacitan,Pacitan,Purworejo
Jawa Timur,Ponorogo,Balong,Purworejo
Jawa Timur,Madiun,Pilangkenceng,Purworejo
Jawa Timur,Bojonegoro,Padangan,Purworejo
Jawa Timur,Pasuruan,Purwosari,Purwosari
Jawa Timur,Magetan,Magetan,Purwosari
Jawa Timur,Ponorogo,Babadan,Purwosari
Jawa Timur,Madiun,Wonoasri,Purwosari
Jawa Timur,Ngawi,Kwadungan,Purwosari
Jawa Timur,Bojonegoro,Purwosari,Purwosari
Jawa Timur,Lumajang,Sumbersuko,Purwosono
Jawa Timur,Mojokerto,Kranggan,Purwotengah
Jawa Timur,Kediri,Papar,Purwotengah
Jawa Timur,Probolinggo,Maron,Puspan
Jawa Timur,Pasuruan,Puspo,Puspo
Jawa Timur,Pasuruan,Puspo,Pusung Malang
Jawa Timur,Sidoarjo,Tanggulangin,Putat
Jawa Timur,Madiun,Geger,Putat
Jawa Timur,Surabaya,Sukomanunggal,Putat Gede
Jawa Timur,Surabaya,Sawahan,Putat Jaya
Jawa Timur,Lamongan,Karangbinangun,Putatbangah
Jawa Timur,Lamongan,Turi,Putatkumpul
Jawa Timur,Gresik,Menganti,Putatlor
Jawa Timur,Lamongan,Kembangbahu,Puter
Jawa Timur,Kediri,Gampengrejo,Putih
Jawa Timur,Jombang,Diwek,Puton
Jawa Timur,Nganjuk,Sukomoro,Putren
Jawa Timur,Nganjuk,Loceret,Putukrejo
Jawa Timur,Trenggalek,Pule,Puyung
Jawa Timur,Sampang,Camplong,Rabasan
Jawa Timur,Sampang,Kedungdung,Rabasan
Jawa Timur,Probolinggo,Tiris,Racek
Jawa Timur,Pasuruan,Bangil,Raci
Jawa Timur,Gresik,Sidayu,Raci Kulon
Jawa Timur,Gresik,Sidayu,Raci Tengah
Jawa Timur,Gresik,Bungah,Raciwetan
Jawa Timur,Pamekasan,Waru,Ragang
Jawa Timur,Sampang,Pangarengan,Ragung
Jawa Timur,Tuban,Soko,Rahayu
Jawa Timur,Situbondo,Kendit,Rajekwesi
Jawa Timur,Bondowoso,Cermee,Ramban Kulon
Jawa Timur,Bondowoso,Cermee,Ramban Wetan
Jawa Timur,Jember,Rambipuji,Rambigundam
Jawa Timur,Jember,Rambipuji,Rambipuji
Jawa Timur,Lamongan,Lamongan,Rancangkencono
Jawa Timur,Sidoarjo,Tanggulangin,Randegan
Jawa Timur,Mojokerto,Dawarblandong,Randegan
Jawa Timur,Gresik,Driyorejo,Randegansari
Jawa Timur,Bondowoso,Pujer,Randu Cangkring
Jawa Timur,Gresik,Kebomas,Randuagung
Jawa Timur,Lumajang,Randuagung,Randuagung
Jawa Timur,Jember,Sumberjambe,Randuagung
Jawa Timur,Madiun,Kare,Randualas
Jawa Timur,Pasuruan,Nguling,Randuati
Jawa Timur,Mojokerto,Mojosari,Randubango
Jawa Timur,Lamongan,Kembangbahu,Randubener
Jawa Timur,Gresik,Sidayu,Randuboto
Jawa Timur,Magetan,Plaosan,Randugede
Jawa Timur,Mojokerto,Dlanggu,Randugenengan
Jawa Timur,Pasuruan,Kejayan,Randugong
Jawa Timur,Mojokerto,Pungging,Randuharjo
Jawa Timur,Probolinggo,Besuk,Randujalak
Jawa Timur,Probolinggo,Paiton,Randumerak
Jawa Timur,Gresik,Menganti,Randupadangan
Jawa Timur,Probolinggo,Gending,Randupitu
Jawa Timur,Pasuruan,Gempol,Randupitu
Jawa Timur,Probolinggo,Dringu,Randuputih
Jawa Timur,Pasuruan,Gadingrejo,Randusari
Jawa Timur,Ngawi,Gerih,Randusongo
Jawa Timur,Probolinggo,Paiton,Randutatah
Jawa Timur,Jombang,Kudu,Randuwatang
Jawa Timur,Pasuruan,Gondangwetan,Ranggeh
Jawa Timur,Surabaya,Tambaksari,Rangkah
Jawa Timur,Sidoarjo,Sidoarjo,Rangkahkidul
Jawa Timur,Probolinggo,Kraksaan,Rangkang
Jawa Timur,Pamekasan,Proppo,Rangperang Daja
Jawa Timur,Pamekasan,Proppo,Rangperang Laok
Jawa Timur,Probolinggo,Pakuniran,Ranon
Jawa Timur,Probolinggo,Tiris,Ranuagung
Jawa Timur,Lumajang,Ranuyoso,Ranubedali
Jawa Timur,Probolinggo,Tiris,Ranugedang
Jawa Timur,Pasuruan,Grati,Ranuklindungan
Jawa Timur,Lumajang,Randuagung,Ranulogong
Jawa Timur,Lumajang,Klakah,Ranupakis
Jawa Timur,Lumajang,Senduro,Ranupani
Jawa Timur,Lumajang,Randuagung,Ranuwurung
Jawa Timur,Probolinggo,Gading,Ranuwurung
Jawa Timur,Lumajang,Ranuyoso,Ranuyoso
Jawa Timur,Sampang,Omben,Rapa Daya
Jawa Timur,Sampang,Omben,Rapa Laok
Jawa Timur,Probolinggo,Krejengan,Rawan
Jawa Timur,Tuban,Senori,Rayung
Jawa Timur,Lamongan,Glagah,Rayunggumuk
Jawa Timur,Pasuruan,Grati,Rebalas
Jawa Timur,Pasuruan,Wonorejo,Rebono
Jawa Timur,Sidoarjo,Krembung,Rejeni
Jawa Timur,Probolinggo,Tiris,Rejing
Jawa Timur,Bondowoso,Sumberwringin,Rejo Agung
Jawa Timur,Tulungagung,Kedungwaru,Rejoagung
Jawa Timur,Jember,Semboro,Rejoagung
Jawa Timur,Banyuwangi,Srono,Rejoagung
Jawa Timur,Jombang,Ngoro,Rejoagung
Jawa Timur,Madiun,Kartoharjo,Rejomulyo
Jawa Timur,Kediri,Kras,Rejomulyo
Jawa Timur,Magetan,Panekan,Rejomulyo
Jawa Timur,Magetan,Barat,Rejomulyo
Jawa Timur,Ngawi,Karangjati,Rejomulyo
Jawa Timur,Kediri,Kota,Rejomulyo
Jawa Timur,Pasuruan,Pasrepan,Rejosalam
Jawa Timur,Blitar,Wonodadi,Rejosari
Jawa Timur,Tulungagung,Gondang,Rejosari
Jawa Timur,Tulungagung,Kalidawir,Rejosari
Jawa Timur,Banyuwangi,Glagah,Rejosari
Jawa Timur,Pasuruan,Kraton,Rejosari
Jawa Timur,Mojokerto,Jatirejo,Rejosari
Jawa Timur,Madiun,Kebon Sari,Rejosari
Jawa Timur,Magetan,Kawedanan,Rejosari
Jawa Timur,Madiun,Sawahan,Rejosari
Jawa Timur,Lamongan,Deket,Rejosari
Jawa Timur,Jombang,Mojowarno,Rejoslamet
Jawa Timur,Blitar,Binangun,Rejoso
Jawa Timur,Nganjuk,Rejoso,Rejoso
Jawa Timur,Pasuruan,Rejoso,Rejoso Kidul
Jawa Timur,Pasuruan,Rejoso,Rejoso Lor
Jawa Timur,Tulungagung,Rejotangan,Rejotangan
Jawa Timur,Lamongan,Deket,Rejotengah
Jawa Timur,Trenggalek,Trenggalek,Rejowinangun
Jawa Timur,Blitar,Kademangan,Rejowinangun
Jawa Timur,Ngawi,Karangjati,Rejuno
Jawa Timur,Pamekasan,Palenggaan,Rek Kerrek
Jawa Timur,Probolinggo,Sumber,Remba'an
Jawa Timur,Pasuruan,Rembang,Rembang
Jawa Timur,Blitar,Sananwetan,Rembang
Jawa Timur,Kediri,Ngadiluwih,Rembang
Jawa Timur,Kediri,Ngadiluwih,Rembangkepuh
Jawa Timur,Bojonegoro,Malo,Rendeng
Jawa Timur,Tuban,Rengel,Rengel
Jawa Timur,Sidoarjo,Porong,Renokenongo
Jawa Timur,Probolinggo,Gading,Renteng
Jawa Timur,Blitar,Doko,Resapombo
Jawa Timur,Probolinggo,Kuripan,Resongo
Jawa Timur,Magetan,Magetan,Ringinagung
Jawa Timur,Blitar,Udanawu,Ringinanom
Jawa Timur,Nganjuk,Nganjuk,Ringinanom
Jawa Timur,Ngawi,Karangjati,Ringinanom
Jawa Timur,Kediri,Kota,Ringinanom
Jawa Timur,Blitar,Ponggok,Ringinanyar
Jawa Timur,Tulungagung,Kedungwaru,Ringinpitu
Jawa Timur,Kediri,Plemahan,Ringinpitu
Jawa Timur,Ponorogo,Sampung,Ringinputih
Jawa Timur,Blitar,Wates,Ringinrejo
Jawa Timur,Kediri,Ringinrejo,Ringinrejo
Jawa Timur,Kediri,Kandat,Ringinsari
Jawa Timur,Banyuwangi,Bangorejo,Ringintelu
Jawa Timur,Bojonegoro,Gayam,Ringintunggal
Jawa Timur,Sampang,Robatal,Robatal
Jawa Timur,Banyuwangi,Rogojampi,Rogojampi
Jawa Timur,Lumajang,Lumajang,Rogotrunan
Jawa Timur,Sampang,Kedungdung,Rohayu
Jawa Timur,Lumajang,Jatiroto,Rojopolo
Jawa Timur,Sumenep,Pragaan,Rombasan
Jawa Timur,Sumenep,Dungkek,Romben Barat
Jawa Timur,Sumenep,Dungkek,Romben Guna
Jawa Timur,Sumenep,Dungkek,Romben Rana
Jawa Timur,Sumenep,Ganding,Rombiya Barat
Jawa Timur,Sumenep,Ganding,Rombiya Timur
Jawa Timur,Pamekasan,Palenggaan,Rombuh
Jawa Timur,Probolinggo,Kraksaan,Rondokuning
Jawa Timur,Sampang,Omben,Rongdalam
Jawa Timur,Bangkalan,Tanah Merah,Rongdurin
Jawa Timur,Sampang,Sampang,Rongtengah
Jawa Timur,Ponorogo,Siman,Ronosentanan
Jawa Timur,Magetan,Maospati,Ronowijayan
Jawa Timur,Ponorogo,Siman,Ronowijayan
Jawa Timur,Gresik,Manyar,Roomo
Jawa Timur,Bangkalan,Blega,Rosep
Jawa Timur,Sumenep,Nonggunong,Rosong
Jawa Timur,Probolinggo,Krucil,Roto
Jawa Timur,Pasuruan,Lekok,Rowogempol
Jawa Timur,Nganjuk,Prambon,Rowoharjo
Jawa Timur,Jember,Ajung,Rowoindah
Jawa Timur,Lumajang,Rowokangkung,Rowokangkung
Jawa Timur,Nganjuk,Patianrowo,Rowomarto
Jawa Timur,Jember,Sumberjambe,Rowosari
Jawa Timur,Jember,Rambipuji,Rowotamtu
Jawa Timur,Jember,Sumberbaru,Rowotengah
Jawa Timur,Lamongan,Mantup,Rumpuk
Jawa Timur,Surabaya,Rungkut,Rungkut Kidul
Jawa Timur,Surabaya,Gunung Anyar,Rungkut Menanggal
Jawa Timur,Surabaya,Gunung Anyar,Rungkut Tengah
Jawa Timur,Bangkalan,Bangkalan,Sabiyan
Jawa Timur,Jember,Ambulu,Sabrang
Jawa Timur,Sumenep,Sapeken,Sabunten
Jawa Timur,Bangkalan,Galis,Sadah
Jawa Timur,Sidoarjo,Taman,Sadang
Jawa Timur,Mojokerto,Mojoanyar,Sadartengah
Jawa Timur,Pasuruan,Rejoso,Sadengrejo
Jawa Timur,Bangkalan,Socah,Saggra Agung
Jawa Timur,Mojokerto,Pacet,Sajen
Jawa Timur,Lumajang,Randuagung,Salak
Jawa Timur,Tulungagung,Kalidawir,Salakkembang
Jawa Timur,Blitar,Wonodadi,Salam
Jawa Timur,Trenggalek,Karangan,Salamrejo
Jawa Timur,Blitar,Binangun,Salamrejo
Jawa Timur,Nganjuk,Berbek,Salamrojo
Jawa Timur,Trenggalek,Dongko,Salamwates
Jawa Timur,Mojokerto,Bangsal,Salen
Jawa Timur,Tulungagung,Pagerwojo,Samar
Jawa Timur,Sampang,Tambelangan,Samaran
Jawa Timur,Pamekasan,Proppo,Samatan
Jawa Timur,Lamongan,Babat,Sambangan
Jawa Timur,Lamongan,Modo,Sambangrejo
Jawa Timur,Bojonegoro,Kasiman,Sambeng
Jawa Timur,Bojonegoro,Kanor,Samberan
Jawa Timur,Kediri,Ringinrejo,Sambi
Jawa Timur,Sidoarjo,Taman,Sambibulu
Jawa Timur,Tulungagung,Sumbergempol,Sambidoplang
Jawa Timur,Blitar,Binangun,Sambigede
Jawa Timur,Tulungagung,Sumbergempol,Sambijajar
Jawa Timur,Nganjuk,Rejoso,Sambikerep
Jawa Timur,Surabaya,Sambikerep,Sambikerep
Jawa Timur,Mojokerto,Dlanggu,Sambilawang
Jawa Timur,Banyuwangi,Bangorejo,Sambimulyo
Jawa Timur,Gresik,Sidayu,Sambipondok
Jawa Timur,Probolinggo,Kotaanyar,Sambirampak Kidul
Jawa Timur,Probolinggo,Kotaanyar,Sambirampak Lor
Jawa Timur,Trenggalek,Trenggalek,Sambirejo
Jawa Timur,Banyuwangi,Bangorejo,Sambirejo
Jawa Timur,Pasuruan,Rejoso,Sambirejo
Jawa Timur,Jombang,Wonosalam,Sambirejo
Jawa Timur,Jombang,Jogoroto,Sambirejo
Jawa Timur,Nganjuk,Tanjunganom,Sambirejo
Jawa Timur,Madiun,Geger,Sambirejo
Jawa Timur,Madiun,Jiwan,Sambirejo
Jawa Timur,Madiun,Saradan,Sambirejo
Jawa Timur,Kediri,Pare,Sambirejo
Jawa Timur,Kediri,Gampengrejo,Sambirejo
Jawa Timur,Ngawi,Ngrambe,Sambirejo
Jawa Timur,Ngawi,Mantingan,Sambirejo
Jawa Timur,Magetan,Karangrejo,Sambirembe
Jawa Timur,Kediri,Gampengrejo,Sambiresik
Jawa Timur,Tulungagung,Sumbergempol,Sambirobyong
Jawa Timur,Kediri,Kayen Kidul,Sambirobyong
Jawa Timur,Magetan,Sidorejo,Sambirobyong
Jawa Timur,Mojokerto,Sooko,Sambiroto
Jawa Timur,Nganjuk,Baron,Sambiroto
Jawa Timur,Bojonegoro,Kapas,Sambiroto
Jawa Timur,Ngawi,Padas,Sambiroto
Jawa Timur,Pasuruan,Wonorejo,Sambisirah
Jawa Timur,Ponorogo,Sambit,Sambit
Jawa Timur,Tulungagung,Pakel,Sambitan
Jawa Timur,Bangkalan,Konang,Sambiyan
Jawa Timur,Gresik,Dukun,Sambogunung
Jawa Timur,Bojonegoro,Ngasem,Sambong
Jawa Timur,Pacitan,Pacitan,Sambong
Jawa Timur,Bojonegoro,Sumberejo,Sambongrejo
Jawa Timur,Bojonegoro,Gondang,Sambongrejo
Jawa Timur,Tuban,Semanding,Sambongrejo
Jawa Timur,Lamongan,Karangbinangun,Sambopinggir
Jawa Timur,Sidoarjo,Sukodono,Sambungrejo
Jawa Timur,Lamongan,Modo,Sambungrejo
Jawa Timur,Tulungagung,Ngunut,Samir
Jawa Timur,Pamekasan,Proppo,Samiran
Jawa Timur,Gresik,Duduksampeyan,Samirplapan
Jawa Timur,Mojokerto,Kutorejo,Sampangagung
Jawa Timur,Magetan,Kawedanan,Sampung
Jawa Timur,Ponorogo,Sampung,Sampung
Jawa Timur,Pamekasan,Waru,Sana Laok
Jawa Timur,Tulungagung,Pakel,Sanan
Jawa Timur,Nganjuk,Pace,Sanan
Jawa Timur,Blitar,Sanankulon,Sanankulon
Jawa Timur,Blitar,Sananwetan,Sananwetan
Jawa Timur,Tuban,Soko,Sandingrowo
Jawa Timur,Jember,Tempurejo,Sanenrejo
Jawa Timur,Pasuruan,Nguling,Sanganom
Jawa Timur,Madiun,Geger,Sangen
Jawa Timur,Pacitan,Kebonagung,Sanggrahan
Jawa Timur,Tulungagung,Boyolangu,Sanggrahan
Jawa Timur,Nganjuk,Prambon,Sanggrahan
Jawa Timur,Nganjuk,Gondang,Sanggrahan
Jawa Timur,Sumenep,Kangayan,Saobi
Jawa Timur,Sumenep,Sapeken,Sapeken
Jawa Timur,Probolinggo,Lumbang,Sapih
Jawa Timur,Probolinggo,Sukapura,Sapikerep
Jawa Timur,Bangkalan,Sepulu,Saplasah
Jawa Timur,Pasuruan,Pasrepan,Sapulante
Jawa Timur,Bojonegoro,Kanor,Sarangan
Jawa Timur,Magetan,Plaosan,Sarangan
Jawa Timur,Madiun,Geger,Sareng
Jawa Timur,Lumajang,Senduro,Sarikemuning
Jawa Timur,Jember,Jombang,Sarimulyo
Jawa Timur,Malang,Pagak,Pagak
Jawa Timur,Malang,Ampelgading,Tawangagung
Jawa Timur,Malang,Pagelaran,Suwaru
Jawa Timur,Malang,Ampelgading,Tirtomoyo
Jawa Timur,Malang,Turen,Sawahan
Jawa Timur,Malang,Ampelgading,Sidorenggo
Jawa Timur,Malang,Pagelaran,Sidorejo
Jawa Timur,Malang,Bantur,Rejoyoso
Jawa Timur,Malang,Turen,Gedogwetan
Jawa Timur,Malang,Pagelaran,Kademangan
Jawa Timur,Malang,Dampit,Amandanom
Jawa Timur,Malang,Turen,Gedogkulon
Jawa Timur,Malang,Pagak,Sumberejo
Jawa Timur,Malang,Kalipare,Arjosari
Jawa Timur,Malang,Pagelaran,Balearjo
Jawa Timur,Malang,Pagelaran,Pagelaran
Jawa Timur,Malang,Turen,Undaan
Jawa Timur,Malang,Tirtoyudo,Tamankuncaran
Jawa Timur,Malang,Pagak,Tlogorejo
Jawa Timur,Malang,Kalipare,Sumberpetung
Jawa Timur,Malang,Dampit,Rembun
Jawa Timur,Malang,Tirtoyudo,Sukorejo
Jawa Timur,Malang,Pagak,Gampingan
Jawa Timur,Malang,Dampit,Majangtengah
Jawa Timur,Malang,Ampelgading,Simojayan
Jawa Timur,Malang,Kalipare,Kalipare
Jawa Timur,Malang,Pagelaran,Banjarejo
Jawa Timur,Malang,Turen,Sedayu
Jawa Timur,Malang,Turen,Talok
Jawa Timur,Malang,Pagelaran,Kanigoro
Jawa Timur,Malang,Dampit,Pamotan
Jawa Timur,Malang,Dampit,Pojok
Jawa Timur,Malang,Gondanglegi,Gondanglegi Wetan
Jawa Timur,Malang,Tirtoyudo,Wonoagung
Jawa Timur,Malang,Pagelaran,Brongkal
Jawa Timur,Malang,Turen,Tanggung
Jawa Timur,Malang,Kepanjen,Sengguruh
Jawa Timur,Malang,Kalipare,Kalirejo
Jawa Timur,Malang,Gondanglegi,Sepanjang
Jawa Timur,Malang,Tirtoyudo,Ampelgading
Jawa Timur,Malang,Sumberpucung,Ternyang
Jawa Timur,Malang,Kalipare,Arjowilangun
Jawa Timur,Malang,Kepanjen,Jenggolo
Jawa Timur,Malang,Gondanglegi,Gondanglegi Kulon
Jawa Timur,Malang,Kalipare,Sukowilangun
Jawa Timur,Malang,Gondanglegi,Putat Kidul
Jawa Timur,Malang,Kepanjen,Kemiri
Jawa Timur,Malang,Sumberpucung,Senggreng
Jawa Timur,Malang,Turen,Turen
Jawa Timur,Malang,Pagelaran,Karangsuko
Jawa Timur,Malang,Dampit,Jambangan
Jawa Timur,Malang,Kepanjen,Tegalsari
Jawa Timur,Malang,Sumberpucung,Sambigede
Jawa Timur,Malang,Turen,Jeru
Jawa Timur,Malang,Gondanglegi,Sukosari
Jawa Timur,Malang,Gondanglegi,Putat Lor
Jawa Timur,Malang,Wajak,Wonoayu
Jawa Timur,Malang,Sumberpucung,Jatiguwi
Jawa Timur,Malang,Turen,Sanankerto
Jawa Timur,Malang,Ampelgading,Mulyoasri
Jawa Timur,Malang,Turen,Pagedangan
Jawa Timur,Malang,Ampelgading,Argoyuwono
Jawa Timur,Malang,Sumberpucung,Ngebrug
Jawa Timur,Malang,Sumberpucung,Karangkates
Jawa Timur,Malang,Gondanglegi,Panggungrejo
Jawa Timur,Malang,Turen,Sananrejo
Jawa Timur,Malang,Kepanjen,Mangunrejo
Jawa Timur,Malang,Kepanjen,Kedungpedaringan
Jawa Timur,Malang,Sumberpucung,Sumberpucung
Jawa Timur,Malang,Gondanglegi,Sukorejo
Jawa Timur,Malang,Kromengan,Slorok
Jawa Timur,Malang,Kepanjen,Panggungrejo
Jawa Timur,Malang,Wajak,Bringin
Jawa Timur,Malang,Gondanglegi,Urek-Urek
Jawa Timur,Malang,Turen,Kedok
Jawa Timur,Malang,Gondanglegi,Ketawang
Jawa Timur,Malang,Kepanjen,Penarukan
Jawa Timur,Malang,Kepanjen,Cepokomulyo
Jawa Timur,Malang,Turen,Talangsuko
Jawa Timur,Malang,Wajak,Dadapan
Jawa Timur,Malang,Gondanglegi,Ganjaran
Jawa Timur,Malang,Kepanjen,Kepanjen
Jawa Timur,Malang,Wajak,Codo
Jawa Timur,Malang,Gondanglegi,Bulupitu
Jawa Timur,Malang,Kromengan,Jatikerto
Jawa Timur,Malang,Kromengan,Ngadirejo
Jawa Timur,Malang,Kepanjen,Ardirejo
Jawa Timur,Malang,Kromengan,Kromengan
Jawa Timur,Malang,Kepanjen,Talangagung
Jawa Timur,Malang,Gondanglegi,Putukrejo
Jawa Timur,Malang,Turen,Tumpukrenteng
Jawa Timur,Malang,Bululawang,Sudimoro
Jawa Timur,Malang,Gondanglegi,Sumberjaya
Jawa Timur,Malang,Kepanjen,Dilem
Jawa Timur,Malang,Wajak,Blayu
Jawa Timur,Malang,Wajak,Sukolilo
Jawa Timur,Malang,Bululawang,Bakalan
Jawa Timur,Malang,Bululawang,Kasri
Jawa Timur,Malang,Kepanjen,Sukoraharjo
Jawa Timur,Malang,Wajak,Bambang
Jawa Timur,Malang,Kepanjen,Ngadilangkung
Jawa Timur,Malang,Ngajum,Palaan
Jawa Timur,Malang,Wonosari,Plandi
Jawa Timur,Malang,Wajak,Patokpicis
Jawa Timur,Malang,Bululawang,Gading
Jawa Timur,Malang,Kromengan,Karangrejo
Jawa Timur,Malang,Kepanjen,Jatirejoyoso
Jawa Timur,Malang,Kromengan,Peniwen
Jawa Timur,Malang,Bululawang,Sukonolo
Jawa Timur,Malang,Bululawang,Krebet
Jawa Timur,Malang,Bululawang,Kuwolu
Jawa Timur,Malang,Wonosari,Kluwut
Jawa Timur,Malang,Bululawang,Pringu
Jawa Timur,Malang,Bululawang,Lumbangsari
Jawa Timur,Malang,Bululawang,Krebet Senggrong
Jawa Timur,Malang,Kepanjen,Curungrejo
Jawa Timur,Malang,Kepanjen,Mojosari
Jawa Timur,Malang,Wajak,Kidangbang
Jawa Timur,Malang,Wajak,Wajak
Jawa Timur,Malang,Wajak,Sukoanyar
Jawa Timur,Malang,Poncokusumo,Sumberejo
Jawa Timur,Malang,Pakisaji,Gelanggang
Jawa Timur,Malang,Bululawang,Kasembon
Jawa Timur,Malang,Poncokusumo,Dawuhan
Jawa Timur,Malang,Pakisaji,Wonokerso
Jawa Timur,Malang,Tajinan,Ngawonggo
Jawa Timur,Malang,Ngajum,Banjarsari
Jawa Timur,Malang,Bululawang,Bululawang
Jawa Timur,Malang,Kromengan,Jambuwer
Jawa Timur,Malang,Pakisaji,Sutojayan
Jawa Timur,Malang,Tajinan,Pandanmulyo
Jawa Timur,Malang,Tajinan,Jambearjo
Jawa Timur,Malang,Bululawang,Wandanpuro
Jawa Timur,Malang,Tajinan,Jatisari
Jawa Timur,Malang,Wajak,Ngembal
Jawa Timur,Malang,Poncokusumo,Karanganyar
Jawa Timur,Malang,Poncokusumo,Pandansari
Jawa Timur,Malang,Poncokusumo,Ngadireso
Jawa Timur,Malang,Poncokusumo,Jambesari
Jawa Timur,Malang,Wonosari,Bangelan
Jawa Timur,Malang,Ngajum,Ngasem
Jawa Timur,Malang,Tajinan,Purwosekar
Jawa Timur,Malang,Bululawang,Sempalwadak
Jawa Timur,Malang,Ngajum,Kranggan
Jawa Timur,Malang,Tajinan,Tangkilsari
Jawa Timur,Malang,Pakisaji,Karangduren
Jawa Timur,Malang,Tajinan,Tambaksari
Jawa Timur,Malang,Ngajum,Kesamben
Jawa Timur,Malang,Ngajum,Ngajum
Jawa Timur,Malang,Wonosari,Plaosan
Jawa Timur,Malang,Poncokusumo,Karangnongko
Jawa Timur,Malang,Tajinan,Gunungronggo
Jawa Timur,Malang,Poncokusumo,Wonorejo
Jawa Timur,Malang,Ngajum,Maguan
Jawa Timur,Malang,Pakisaji,Permanu
Jawa Timur,Malang,Poncokusumo,Ngebruk
Jawa Timur,Malang,Wonosari,Sumberdem
Jawa Timur,Malang,Poncokusumo,Pajaran
Jawa Timur,Malang,Wonosari,Sumbertempur
Jawa Timur,Malang,Poncokusumo,Wonomulyo
Jawa Timur,Malang,Tajinan,Gunungsari
Jawa Timur,Malang,Pakisaji,Kendalpayak
Jawa Timur,Malang,Tajinan,Tajinan
Jawa Timur,Malang,Poncokusumo,Poncokusumo
Jawa Timur,Malang,Wonosari,Kebobang
Jawa Timur,Malang,Tajinan,Randugading
Jawa Timur,Malang,Poncokusumo,Wringinanom
Jawa Timur,Malang,Tajinan,Sumbersuko
Jawa Timur,Malang,Poncokusumo,Argosuko
Jawa Timur,Malang,Poncokusumo,Belung
Jawa Timur,Malang,Tumpang,Ngingit
Jawa Timur,Malang,Tumpang,Kidal
Jawa Timur,Malang,Tumpang,Tulusbesar
Jawa Timur,Malang,Tumpang,Kambingan
Jawa Timur,Malang,Tumpang,Pulungdowo
Jawa Timur,Malang,Tumpang,Duwet Kerajan
Jawa Timur,Malang,Tumpang,Duwet
Jawa Timur,Malang,Tumpang,Pandanajeng
Jawa Timur,Malang,Tumpang,Tumpang
Jawa Timur,Malang,Poncokusumo,Gubugklakah
Jawa Timur,Malang,Tumpang,Bokor
Jawa Timur,Malang,Tumpang,Malangsuko
Jawa Timur,Malang,Tumpang,Wringinsongo
Jawa Timur,Malang,Tumpang,Benjor
Jawa Timur,Malang,Tumpang,Slamet
Jawa Timur,Malang,Pakis,Banjarejo
Jawa Timur,Malang,Tumpang,Jeru
Jawa Timur,Malang,Pakis,Kedungrejo
Jawa Timur,Malang,Pakis,Pucangsongo
Jawa Timur,Malang,Jabung,Ngadirejo
Jawa Timur,Malang,Jabung,Kenongo
Jawa Timur,Malang,Pakis,Sukoanyar
Jawa Timur,Malang,Ngajum,Babadan
Jawa Timur,Malang,Wonosari,Wonosari
Jawa Timur,Malang,Ngajum,Balesari
Jawa Timur,Malang,Pakis,Sumberkradenan
Jawa Timur,Malang,Jabung,Sukopuro
Jawa Timur,Malang,Pakis,Ampeldento
Jawa Timur,Malang,Pakis,Sekarpuro
Jawa Timur,Malang,Pakis,Sumberpasir
Jawa Timur,Malang,Jabung,Sidorejo
Jawa Timur,Malang,Dau,Kalisongo
Jawa Timur,Malang,Pakis,Pakiskembar
Jawa Timur,Malang,Jabung,Sidomulyo
Jawa Timur,Malang,Jabung,Pandansari Lor
Jawa Timur,Malang,Dau,Kucur
Jawa Timur,Malang,Pakis,Mangliawan
Jawa Timur,Malang,Dau,Karangwidoro
Jawa Timur,Malang,Dau,Petungsewu
Jawa Timur,Malang,Jabung,Gadingkembar
Jawa Timur,Malang,Pakis,Pakisjajar
Jawa Timur,Malang,Jabung,Sukolilo
Jawa Timur,Malang,Pakis,Asrikaton
Jawa Timur,Malang,Dau,Tegalweru
Jawa Timur,Malang,Jabung,Argosari
Jawa Timur,Malang,Dau,Selorejo
Jawa Timur,Malang,Dau,Gadingkulon
Jawa Timur,Malang,Dau,Landungsari
Jawa Timur,Malang,Jabung,Kemantren
Jawa Timur,Malang,Pakis,Tirtomoyo
Jawa Timur,Malang,Ngantang,Pagersari
Jawa Timur,Malang,Pakis,Saptorenggo
Jawa Timur,Malang,Pakis,Bunutwetan
Jawa Timur,Malang,Jabung,Slamparejo
Jawa Timur,Malang,Dau,Sumbersekar
Jawa Timur,Malang,Dau,Mulyoagung
Jawa Timur,Malang,Jabung,Gunungjati
Jawa Timur,Malang,Jabung,Jabung
Jawa Timur,Malang,Singosari,Banjararum
Jawa Timur,Malang,Ngantang,Sidodadi
Jawa Timur,Malang,Singosari,Watugede
Jawa Timur,Malang,Singosari,Tunjungtirto
Jawa Timur,Malang,Singosari,Dengkol
Jawa Timur,Malang,Singosari,Pagentan
Jawa Timur,Malang,Singosari,Tamanhardjo
Jawa Timur,Malang,Ngantang,Banjarejo
Jawa Timur,Malang,Singosari,Wonorejo
Jawa Timur,Malang,Singosari,Losari
Jawa Timur,Malang,Ngantang,Ngantru
Jawa Timur,Malang,Jabung,Kemiri
Jawa Timur,Malang,Ngantang,Banturejo
Jawa Timur,Malang,Jabung,Taji
Jawa Timur,Malang,Singosari,Purwoasri
Jawa Timur,Malang,Singosari,Baturetno
Jawa Timur,Malang,Ngantang,Purworejo
Jawa Timur,Malang,Singosari,Langlang
Jawa Timur,Malang,Singosari,Candirenggo
Jawa Timur,Malang,Ngantang,Mulyorejo
Jawa Timur,Malang,Singosari,Ardimulyo
Jawa Timur,Malang,Pujon,Bendosari
Jawa Timur,Malang,Ngantang,Pandansari
Jawa Timur,Malang,Pujon,Pujonkidul
Jawa Timur,Malang,Singosari,Randuagung
Jawa Timur,Malang,Pujon,Sukomulyo
Jawa Timur,Malang,Ngantang,Sumberagung
Jawa Timur,Malang,Pujon,Pujon Lor
Jawa Timur,Malang,Ngantang,Kaumrejo
Jawa Timur,Malang,Pujon,Ngroto
Jawa Timur,Malang,Pujon,Pandesari
Jawa Timur,Malang,Ngantang,Waturejo
Jawa Timur,Malang,Kasembon,Pondokagung
Jawa Timur,Malang,Ngantang,Tulungrejo
Jawa Timur,Malang,Ngantang,Jombok
Jawa Timur,Malang,Pujon,Ngabab
Jawa Timur,Malang,Pujon,Tawangsari
Jawa Timur,Malang,Pujon,Madiredo
Jawa Timur,Malang,Kasembon,Bayem
Jawa Timur,Malang,Singosari,Gunungrejo
Jawa Timur,Malang,Singosari,Klampok
Jawa Timur,Malang,Kasembon,Pait
Jawa Timur,Malang,Kasembon,Kasembon
Jawa Timur,Malang,Kasembon,Sukosari
Jawa Timur,Malang,Singosari,Toyomarto
Jawa Timur,Malang,Pujon,Wiyurejo
Jawa Timur,Malang,Kasembon,Wonoagung
Jawa Timur,Malang,Tirtoyudo,Tamansatriyan
Jawa Timur,Malang,Ampelgading,Tamansari
Jawa Timur,Malang,Wajak,Sumberputih
Jawa Timur,Malang,Poncokusumo,Ngadas
Jawa Timur,Ponorogo,Ngrayun,Wonodadi
Jawa Timur,Ponorogo,Ngrayun,Gedangan
Jawa Timur,Ponorogo,Ngrayun,Sendang
Jawa Timur,Ponorogo,Ngrayun,Baosan Kidul
Jawa Timur,Ponorogo,Ngrayun,Temon
Jawa Timur,Ponorogo,Ngrayun,Selur
Jawa Timur,Ponorogo,Ngrayun,Mrayan
Jawa Timur,Ponorogo,Ngrayun,Baosan Lor
Jawa Timur,Ponorogo,Ngrayun,Binade
Jawa Timur,Ponorogo,Ngrayun,Ngrayun
Jawa Timur,Ponorogo,Ngrayun,Cepoko
Jawa Timur,Ponorogo,Slahung,Senepo
Jawa Timur,Ponorogo,Bungkal,Pelem
Jawa Timur,Ponorogo,Slahung,Tugurejo
Jawa Timur,Ponorogo,Slahung,Caluk
Jawa Timur,Ponorogo,Slahung,Slahung
Jawa Timur,Ponorogo,Bungkal,Koripan
Jawa Timur,Ponorogo,Bungkal,Bekare
Jawa Timur,Ponorogo,Slahung,Broto
Jawa Timur,Ponorogo,Sawoo,Tumpuk
Jawa Timur,Ponorogo,Bungkal,Munggu
Jawa Timur,Ponorogo,Bungkal,Kalisat
Jawa Timur,Ponorogo,Slahung,Menggare
Jawa Timur,Ponorogo,Slahung,Truneng
Jawa Timur,Ponorogo,Bungkal,Pager
Jawa Timur,Ponorogo,Bungkal,Belang
Jawa Timur,Ponorogo,Bungkal,Nambak
Jawa Timur,Ponorogo,Slahung,Kambeng
Jawa Timur,Ponorogo,Slahung,Wates
Jawa Timur,Ponorogo,Bungkal,Ketonggo
Jawa Timur,Ponorogo,Bungkal,Bungkal
Jawa Timur,Ponorogo,Sawoo,Pangkal
Jawa Timur,Ponorogo,Slahung,Galak
Jawa Timur,Ponorogo,Slahung,Jebeng
Jawa Timur,Ponorogo,Slahung,Simo
Jawa Timur,Ponorogo,Slahung,Plancungan
Jawa Timur,Ponorogo,Bungkal,Kunti
Jawa Timur,Ponorogo,Bungkal,Kupuk
Jawa Timur,Ponorogo,Slahung,Ngilo-Ilo
Jawa Timur,Ponorogo,Slahung,Ngloning
Jawa Timur,Ponorogo,Sawoo,Tumpak Pelem
Jawa Timur,Ponorogo,Slahung,Duri
Jawa Timur,Ponorogo,Bungkal,Padas
Jawa Timur,Ponorogo,Slahung,Crabak
Jawa Timur,Ponorogo,Bungkal,Bungu
Jawa Timur,Ponorogo,Sawoo,Tempuran
Jawa Timur,Ponorogo,Bungkal,Bancar
Jawa Timur,Ponorogo,Bungkal,Sambilawang
Jawa Timur,Ponorogo,Slahung,Nailan
Jawa Timur,Ponorogo,Bungkal,Kwajon
Jawa Timur,Ponorogo,Slahung,Janti
Jawa Timur,Ponorogo,Sawoo,Tugurejo
Jawa Timur,Ponorogo,Slahung,Gundik
Jawa Timur,Ponorogo,Bungkal,Bediwetan
Jawa Timur,Ponorogo,Sawoo,Grogol
Jawa Timur,Ponorogo,Slahung,Mojopitu
Jawa Timur,Ponorogo,Slahung,Gombang
Jawa Timur,Ponorogo,Bungkal,Bedikulon
Jawa Timur,Ponorogo,Sawoo,Sriti
Jawa Timur,Ponorogo,Sawoo,Prayungan
Jawa Timur,Ponorogo,Sawoo,Sawoo
Jawa Timur,Ponorogo,Sawoo,Ketro
Jawa Timur,Ponorogo,Sawoo,Kori
Jawa Timur,Ponorogo,Sawoo,Temon
Jawa Timur,Ponorogo,Sawoo,Ngindeng
Jawa Timur,Ponorogo,Sawoo,Bondrang
Jawa Timur,Ponorogo,Pudak,Bareng
Jawa Timur,Ponorogo,Pudak,Banjarejo
Jawa Timur,Ponorogo,Pudak,Pudak Wetan
Jawa Timur,Ponorogo,Pudak,Tambang
Jawa Timur,Ponorogo,Pudak,Pudak Kulon
Jawa Timur,Ponorogo,Pudak,Krisik
Jawa Timur,Ponorogo,Ngebel,Wagir Lor
Jawa Timur,Ponorogo,Ngebel,Talun
Jawa Timur,Ponorogo,Ngebel,Sahang
Jawa Timur,Ponorogo,Ngebel,Ngrogung
Jawa Timur,Ponorogo,Ngebel,Gondowido
Jawa Timur,Ponorogo,Ngebel,Sempu
Jawa Timur,Ponorogo,Ngebel,Ngebel
Jawa Timur,Ponorogo,Ngebel,Pupus
Jawa Timur,Malang,Blimbing,Arjosari
Jawa Timur,Malang,Kedungkandang,Arjowinangun
Jawa Timur,Malang,Sukun,Bakalankrajan
Jawa Timur,Malang,Blimbing,Balearjosari
Jawa Timur,Malang,Sukun,Bandulan
Jawa Timur,Malang,Sukun,Bandungrejosari
Jawa Timur,Malang,Klojen,Bareng
Jawa Timur,Malang,Blimbing,Blimbing
Jawa Timur,Malang,Kedungkandang,Bumiayu
Jawa Timur,Malang,Blimbing,Bunulrejo
Jawa Timur,Malang,Kedungkandang,Buring
Jawa Timur,Malang,Kedungkandang,Cemorokandang
Jawa Timur,Malang,Sukun,Ciptomulyo
Jawa Timur,Malang,Lowokwaru,Dinoyo
Jawa Timur,Malang,Sukun,Gadang
Jawa Timur,Malang,Klojen,Gading Kasri
Jawa Timur,Malang,Lowokwaru,Jatimulyo
Jawa Timur,Malang,Blimbing,Jodipan
Jawa Timur,Malang,Sukun,Karangbesuki
Jawa Timur,Malang,Klojen,Kasin
Jawa Timur,Malang,Klojen,Kauman
Jawa Timur,Malang,Sukun,Kebonsari
Jawa Timur,Malang,Kedungkandang,Kedungkandang
Jawa Timur,Malang,Blimbing,Kesatrian
Jawa Timur,Malang,Lowokwaru,Ketawanggede
Jawa Timur,Malang,Klojen,Kiduldalem
Jawa Timur,Malang,Klojen,Klojen
Jawa Timur,Malang,Kedungkandang,Kotalama
Jawa Timur,Malang,Kedungkandang,Lesanpuro
Jawa Timur,Malang,Lowokwaru,Lowokwaru
Jawa Timur,Malang,Kedungkandang,Madyopuro
Jawa Timur,Malang,Kedungkandang,Mergosono
Jawa Timur,Malang,Lowokwaru,Merjosari
Jawa Timur,Malang,Lowokwaru,Mojolangu
Jawa Timur,Malang,Sukun,Mulyorejo
Jawa Timur,Malang,Klojen,Oro-oro Dowo
Jawa Timur,Malang,Blimbing,Pandanwangi
Jawa Timur,Malang,Klojen,Penanggungan
Jawa Timur,Malang,Sukun,Pisangcandi
Jawa Timur,Malang,Blimbing,Polehan
Jawa Timur,Malang,Blimbing,Polowijen
Jawa Timur,Malang,Blimbing,Purwantoro
Jawa Timur,Malang,Blimbing,Purwodadi
Jawa Timur,Malang,Klojen,Rampalcelaket
Jawa Timur,Malang,Klojen,Samaan
Jawa Timur,Malang,Kedungkandang,Sawojajar
Jawa Timur,Malang,Klojen,Sukoharjo
Jawa Timur,Malang,Sukun,Sukun
Jawa Timur,Malang,Lowokwaru,Sumbersari
Jawa Timur,Malang,Sukun,Tanjungrejo
Jawa Timur,Malang,Lowokwaru,Tasik Madu
Jawa Timur,Malang,Lowokwaru,Tlogomas
Jawa Timur,Malang,Kedungkandang,Tlogowaru
Jawa Timur,Malang,Lowokwaru,Tulusrejo
Jawa Timur,Malang,Lowokwaru,Tunggulwulung
Jawa Timur,Malang,Lowokwaru,Tunjungsekar
Jawa Timur,Malang,Kedungkandang,Wonokoyo
Jawa Timur,Ngawi,Kwadungan,Mojomanis
Jawa Timur,Madiun,Sawahan,Kajang
Jawa Timur,Ngawi,Kwadungan,Budug
Jawa Timur,Nganjuk,Jatikalen,Munung
Jawa Timur,Blitar,Ponggok,Sidorejo
Jawa Timur,Blitar,Gandusari,Krisik
Jawa Timur,Lumajang,Pronojiwo,Sidomulyo
Jawa Timur,Trenggalek,Tugu,Prambon
Jawa Timur,Jember,Sumberbaru,Sumberagung
Jawa Timur,Jember,Sumberbaru,Yosorati
Jawa Timur,Malang,Tirtoyudo,Purwodadi
Jawa Timur,Malang,Donomulyo,Purwodadi
Jawa Timur,Sidoarjo,Jabon,Kedungpandan
Jawa Timur,Pasuruan,Bangil,Kalianyar
Jawa Timur,Surabaya,Sukomanunggal,Sonokwijenan
Jawa Timur,Nganjuk,Berbek,Sonopatik
Jawa Timur,Kediri,Grogol,Sonorejo
Jawa Timur,Bojonegoro,Padangan,Sonorejo
Jawa Timur,Pacitan,Punung,Sooka
Jawa Timur,Gresik,Wringinanom,Sooko
Jawa Timur,Mojokerto,Sooko,Sooko
Jawa Timur,Ponorogo,Sooko,Sooko
Jawa Timur,Pamekasan,Pademawu,Sopa'ah
Jawa Timur,Situbondo,Jangkar,Sopet
Jawa Timur,Bangkalan,Galis,Sorpa
Jawa Timur,Blitar,Gandusari,Soso
Jawa Timur,Trenggalek,Bendungan,Srabah
Jawa Timur,Bangkalan,Modung,Srabi Barat
Jawa Timur,Bangkalan,Modung,Srabi Timur
Jawa Timur,Blitar,Talun,Sragi
Jawa Timur,Banyuwangi,Songgon,Sragi
Jawa Timur,Ponorogo,Sukorejo,Sragi
Jawa Timur,Pamekasan,Proppo,Srambah
Jawa Timur,Bojonegoro,Trucuk,Sranak
Jawa Timur,Ponorogo,Jambon,Srandil
Jawa Timur,Banyuwangi,Cluring,Sraten
Jawa Timur,Ponorogo,Jenangan,Sraten
Jawa Timur,Bojonegoro,Baureno,Sraturejo
Jawa Timur,Blitar,Srengat,Srengat
Jawa Timur,Sampang,Sreseh,Sreseh
Jawa Timur,Malang,Lawang,Srigading
Jawa Timur,Mojokerto,Ngoro,Srigading
Jawa Timur,Tulungagung,Ngantru,Srikaton
Jawa Timur,Kediri,Ringinrejo,Srikaton
Jawa Timur,Kediri,Papar,Srikaton
Jawa Timur,Lamongan,Deket,Srirande
Jawa Timur,Ngawi,Karanganyar,Sriwedari
Jawa Timur,Gresik,Sidayu,Srowo
Jawa Timur,Bojonegoro,Kanor,Sroyo
Jawa Timur,Lumajang,Klakah,Sruni
Jawa Timur,Jember,Jenggawah,Sruni
Jawa Timur,Sidoarjo,Gedangan,Sruni
Jawa Timur,Pasuruan,Winongan,Sruwi
Jawa Timur,Bojonegoro,Kepohbaru,Sumberoto
Jawa Timur,Jember,Pakusari,Subo
Jawa Timur,Situbondo,Suboh,Suboh
Jawa Timur,Jember,Panti,Suci
Jawa Timur,Gresik,Manyar,Suci
Jawa Timur,Tuban,Parengan,Suciharjo
Jawa Timur,Jember,Mumbulsari,Suco
Jawa Timur,Bondowoso,Maesan,Sucolor
Jawa Timur,Jember,Jelbuk,Sucopangepok
Jawa Timur,Bojonegoro,Malo,Sudah
Jawa Timur,Lamongan,Glagah,Sudangan
Jawa Timur,Pacitan,Sudimoro,Sudimoro
Jawa Timur,Sidoarjo,Tulangan,Sudimoro
Jawa Timur,Jombang,Megaluh,Sudimoro
Jawa Timur,Nganjuk,Wilangan,Sudimoroharjo
Jawa Timur,Pasuruan,Nguling,Sudimulyo
Jawa Timur,Bojonegoro,Gayam,Sudu
Jawa Timur,Mojokerto,Trawas,Sugeng
Jawa Timur,Bondowoso,Maesan,Suger Lor
Jawa Timur,Jember,Jelbuk,Sugerkidul
Jawa Timur,Trenggalek,Kampak,Sugihan
Jawa Timur,Magetan,Kawedanan,Sugihrejo
Jawa Timur,Lamongan,Sukodadi,Sugihrejo
Jawa Timur,Sidoarjo,Candi,Sugihwaras
Jawa Timur,Jombang,Ngoro,Sugihwaras
Jawa Timur,Nganjuk,Prambon,Sugihwaras
Jawa Timur,Nganjuk,Bagor,Sugihwaras
Jawa Timur,Nganjuk,Ngluyu,Sugihwaras
Jawa Timur,Madiun,Saradan,Sugihwaras
Jawa Timur,Magetan,Maospati,Sugihwaras
Jawa Timur,Bojonegoro,Sugihwaras,Sugihwaras
Jawa Timur,Bojonegoro,Kepohbaru,Sugihwaras
Jawa Timur,Tuban,Parengan,Sugihwaras
Jawa Timur,Kediri,Ngancar,Sugihwaras
Jawa Timur,Pacitan,Pringkuku,Sugihwaras
Jawa Timur,Bojonegoro,Ngraho,Sugihwaras
Jawa Timur,Lamongan,Deket,Sugihwaras
Jawa Timur,Lamongan,Kalitengah,Sugihwaras
Jawa Timur,Lamongan,Sugio,Sugio
Jawa Timur,Probolinggo,Mayangan,Sukabumi
Jawa Timur,Jember,Ajung,Sukamakmur
Jawa Timur,Probolinggo,Sukapura,Sukapura
Jawa Timur,Probolinggo,Maron,Suko
Jawa Timur,Sidoarjo,Sidoarjo,Suko
Jawa Timur,Sidoarjo,Sukodono,Suko
Jawa Timur,Bondowoso,Pujer,Suko Kerto
Jawa Timur,Tulungagung,Pakel,Sukoanyar
Jawa Timur,Blitar,Kesamben,Sukoanyar
Jawa Timur,Mojokerto,Ngoro,Sukoanyar
Jawa Timur,Gresik,Cerme,Sukoanyar
Jawa Timur,Kediri,Mojo,Sukoanyar
Jawa Timur,Lamongan,Turi,Sukoanyar
Jawa Timur,Lamongan,Mantup,Sukobendu
Jawa Timur,Malang,Wagir,Sukodadi
Jawa Timur,Probolinggo,Paiton,Sukodadi
Jawa Timur,Jombang,Kabuh,Sukodadi
Jawa Timur,Lamongan,Sukodadi,Sukodadi
Jawa Timur,Pasuruan,Purwosari,Sukodermo
Jawa Timur,Gresik,Gresik,Sukodono
Jawa Timur,Tulungagung,Karangrejo,Sukodono
Jawa Timur,Bondowoso,Pujer,Sukodono
Jawa Timur,Sidoarjo,Sukodono,Sukodono
Jawa Timur,Pacitan,Donorojo,Sukodono
Jawa Timur,Jember,Ledokombo,Sukogidri
Jawa Timur,Tulungagung,Bandung,Sukoharjo
Jawa Timur,Bojonegoro,Kalitidu,Sukoharjo
Jawa Timur,Probolinggo,Kanigaran,Sukoharjo
Jawa Timur,Kediri,Plemahan,Sukoharjo
Jawa Timur,Kediri,Kayen Kidul,Sukoharjo
Jawa Timur,Pacitan,Pacitan,Sukoharjo
Jawa Timur,Jombang,Gudo,Sukoiber
Jawa Timur,Banyuwangi,Blimbingsari,Sukojati
Jawa Timur,Jember,Jelbuk,Sukojember
Jawa Timur,Jember,Sukowono,Sukokerto
Jawa Timur,Probolinggo,Pejarakan,Sukokerto
Jawa Timur,Trenggalek,Pule,Sukokidul
Jawa Timur,Pasuruan,Prigen,Sukolelo
Jawa Timur,Madiun,Jiwan,Sukolilo
Jawa Timur,Lamongan,Sukodadi,Sukolilo
Jawa Timur,Bangkalan,Labang,Sukolilo Barat
Jawa Timur,Surabaya,Bulak,Sukolilo Baru
Jawa Timur,Bangkalan,Labang,Sukolilo Timur
Jawa Timur,Banyuwangi,Srono,Sukomaju
Jawa Timur,Lamongan,Kedungpring,Sukomalo
Jawa Timur,Surabaya,Sukomanunggal,Sukomanunggal
Jawa Timur,Magetan,Sukomoro,Sukomoro
Jawa Timur,Kediri,Papar,Sukomoro
Jawa Timur,Jombang,Mojowarno,Sukomulyo
Jawa Timur,Gresik,Manyar,Sukomulyo
Jawa Timur,Probolinggo,Pejarakan,Sukomulyo
Jawa Timur,Lamongan,Lamongan,Sukomulyo
Jawa Timur,Banyuwangi,Srono,Sukonatar
Jawa Timur,Jombang,Gudo,Sukopinggir
Jawa Timur,Jember,Sukorambi,Sukorambi
Jawa Timur,Gresik,Gresik,Sukorame
Jawa Timur,Trenggalek,Gandusari,Sukorame
Jawa Timur,Blitar,Binangun,Sukorame
Jawa Timur,Pasuruan,Sukorejo,Sukorame
Jawa Timur,Kediri,Mojoroto,Sukorame
Jawa Timur,Lamongan,Sukorame,Sukorame
Jawa Timur,Sidoarjo,Buduran,Sukorejo
Jawa Timur,Gresik,Sidayu,Sukorejo
Jawa Timur,Gresik,Bungah,Sukorejo
Jawa Timur,Gresik,Kebomas,Sukorejo
Jawa Timur,Pacitan,Sudimoro,Sukorejo
Jawa Timur,Trenggalek,Tugu,Sukorejo
Jawa Timur,Trenggalek,Gandusari,Sukorejo
Jawa Timur,Tulungagung,Karangrejo,Sukorejo
Jawa Timur,Blitar,Udanawu,Sukorejo
Jawa Timur,Blitar,Sutojayan,Sukorejo
Jawa Timur,Blitar,Wates,Sukorejo
Jawa Timur,Lumajang,Kunir,Sukorejo
Jawa Timur,Lumajang,Pasrujambe,Sukorejo
Jawa Timur,Jember,Bangsalsari,Sukorejo
Jawa Timur,Jember,Sukowono,Sukorejo
Jawa Timur,Banyuwangi,Bangorejo,Sukorejo
Jawa Timur,Bondowoso,Sumberwringin,Sukorejo
Jawa Timur,Probolinggo,Kotaanyar,Sukorejo
Jawa Timur,Pasuruan,Sukorejo,Sukorejo
Jawa Timur,Pasuruan,Pohjentrek,Sukorejo
Jawa Timur,Nganjuk,Loceret,Sukorejo
Jawa Timur,Nganjuk,Rejoso,Sukorejo
Jawa Timur,Madiun,Kebon Sari,Sukorejo
Jawa Timur,Madiun,Saradan,Sukorejo
Jawa Timur,Bojonegoro,Tambakrejo,Sukorejo
Jawa Timur,Bojonegoro,Bojonegoro,Sukorejo
Jawa Timur,Bojonegoro,Malo,Sukorejo
Jawa Timur,Tuban,Parengan,Sukorejo
Jawa Timur,Blitar,Sukorejo,Sukorejo
Jawa Timur,Kediri,Gurah,Sukorejo
Jawa Timur,Kediri,Ngasem,Sukorejo
Jawa Timur,Ponorogo,Sukorejo,Sukorejo
Jawa Timur,Lamongan,Lamongan,Sukorejo
Jawa Timur,Lamongan,Karangbinangun,Sukorejo
Jawa Timur,Lamongan,Turi,Sukorejo
Jawa Timur,Tulungagung,Kalidawir,Sukorejo Kulon
Jawa Timur,Tulungagung,Rejotangan,Sukorejo Wetan
Jawa Timur,Jember,Umbulsari,Sukoreno
Jawa Timur,Jember,Kalisat,Sukoreno
Jawa Timur,Pasuruan,Prigen,Sukoreno
Jawa Timur,Trenggalek,Trenggalek,Sukosari
Jawa Timur,Lumajang,Kunir,Sukosari
Jawa Timur,Lumajang,Jatiroto,Sukosari
Jawa Timur,Jember,Sukowono,Sukosari
Jawa Timur,Bondowoso,Tamanan,Sukosari
Jawa Timur,Mojokerto,Trawas,Sukosari
Jawa Timur,Jombang,Jogoroto,Sukosari
Jawa Timur,Madiun,Dagangan,Sukosari
Jawa Timur,Madiun,Kartoharjo,Sukosari
Jawa Timur,Ponorogo,Kauman,Sukosari
Jawa Timur,Ponorogo,Babadan,Sukosari
Jawa Timur,Lamongan,Mantup,Sukosari
Jawa Timur,Bondowoso,Sumberwringin,Sukosari Kidul
Jawa Timur,Bondowoso,Sukosari,Sukosari Lor
Jawa Timur,Blitar,Gandusari,Sukosewu
Jawa Timur,Bojonegoro,Sukosewu,Sukosewu
Jawa Timur,Lamongan,Kembangbahu,Sukosongo
Jawa Timur,Gresik,Bungah,Sukowati
Jawa Timur,Bojonegoro,Kapas,Sukowati
Jawa Timur,Trenggalek,Karangan,Sukowetan
Jawa Timur,Magetan,Nguntoronadi,Sukowidi
Jawa Timur,Magetan,Panekan,Sukowidi
Jawa Timur,Magetan,Kartoharjo,Sukowidi
Jawa Timur,Tulungagung,Karangrejo,Sukowidodo
Jawa Timur,Magetan,Magetan,Sukowinangun
Jawa Timur,Jember,Jelbuk,Sukowiryo
Jawa Timur,Bondowoso,Bondowoso,Sukowiryo
Jawa Timur,Tulungagung,Karangrejo,Sukowiyono
Jawa Timur,Ngawi,Padas,Sukowiyono
Jawa Timur,Jember,Sukowono,Sukowono
Jawa Timur,Bondowoso,Pujer,Sukowono
Jawa Timur,Bondowoso,Tlogosari,Sulek
Jawa Timur,Bondowoso,Cermee,Suling Kulon
Jawa Timur,Bondowoso,Cermee,Suling Wetan
Jawa Timur,Madiun,Dolopo,Suluk
Jawa Timur,Gresik,Duduksampeyan,Sumari
Jawa Timur,Bojonegoro,Bojonegoro,Sumbang
Jawa Timur,Bojonegoro,Trucuk,Sumbangtimun
Jawa Timur,Trenggalek,Karangan,Sumber
Jawa Timur,Blitar,Sanankulon,Sumber
Jawa Timur,Probolinggo,Sumber,Sumber
Jawa Timur,Ngawi,Pangkur,Sumber
Jawa Timur,Bondowoso,Tamanan,Sumber Anom
Jawa Timur,Bondowoso,Maesan,Sumber Anyar
Jawa Timur,Bondowoso,Jambesari Darus Sholah,Sumber Anyar
Jawa Timur,Pasuruan,Kejayan,Sumber Banteng
Jawa Timur,Bondowoso,Botolinggo,Sumber Canting
Jawa Timur,Probolinggo,Kotaanyar,Sumber Centeng
Jawa Timur,Bondowoso,Sumberwringin,Sumber Gading
Jawa Timur,Bondowoso,Tamanan,Sumber Kemuning
Jawa Timur,Lumajang,Candipuro,Sumber Mujur
Jawa Timur,Bondowoso,Maesan,Sumber Pakem
Jawa Timur,Bondowoso,Grujugan,Sumber Pandan
Jawa Timur,Situbondo,Mlandingan,Sumber Pinang
Jawa Timur,Pasuruan,Tutur,Sumber Pitu
Jawa Timur,Surabaya,Pakal,Sumber Rejo
Jawa Timur,Bondowoso,Sempol,Sumber Rejo
Jawa Timur,Bondowoso,Curahdami,Sumber Salak
Jawa Timur,Bondowoso,Tenggarang,Sumber Salam
Jawa Timur,Bondowoso,Curahdami,Sumber Suko
Jawa Timur,Bondowoso,Klabang,Sumber Suko
Jawa Timur,Pasuruan,Kejayan,Sumber Suko
Jawa Timur,Probolinggo,Wonoasih,Sumber Taman
Jawa Timur,Bondowoso,Binakal,Sumber Tengah
Jawa Timur,Bondowoso,Binakal,Sumber Waru
Jawa Timur,Pamekasan,Waru,Sumber Waru
Jawa Timur,Probolinggo,Kedopok,Sumber Wetan
Jawa Timur,Lumajang,Candipuro,Sumber Wuluh
Jawa Timur,Blitar,Panggungrejo,Sumberagung
Jawa Timur,Tulungagung,Rejotangan,Sumberagung
Jawa Timur,Blitar,Gandusari,Sumberagung
Jawa Timur,Blitar,Selorejo,Sumberagung
Jawa Timur,Banyuwangi,Pesanggaran,Sumberagung
Jawa Timur,Probolinggo,Dringu,Sumberagung
Jawa Timur,Pasuruan,Grati,Sumberagung
Jawa Timur,Mojokerto,Jatirejo,Sumberagung
Jawa Timur,Jombang,Perak,Sumberagung
Jawa Timur,Jombang,Megaluh,Sumberagung
Jawa Timur,Nganjuk,Gondang,Sumberagung
Jawa Timur,Bojonegoro,Dander,Sumberagung
Jawa Timur,Bojonegoro,Kepohbaru,Sumberagung
Jawa Timur,Tuban,Plumpang,Sumberagung
Jawa Timur,Kediri,Wates,Sumberagung
Jawa Timur,Kediri,Plosoklaten,Sumberagung
Jawa Timur,Magetan,Plaosan,Sumberagung
Jawa Timur,Bojonegoro,Ngraho,Sumberagung
Jawa Timur,Lamongan,Mantup,Sumberagung
Jawa Timur,Lamongan,Modo,Sumberagung
Jawa Timur,Lamongan,Sukodadi,Sumberagung
Jawa Timur,Jombang,Kabuh,Sumberaji
Jawa Timur,Lamongan,Sukodadi,Sumberaji
Jawa Timur,Gresik,Wringinanom,Sumberame
Jawa Timur,Probolinggo,Besuk,Sumberan
Jawa Timur,Jember,Ledokombo,Sumberanget
Jawa Timur,Probolinggo,Sumber,Sumberanom
Jawa Timur,Lumajang,Rowokangkung,Sumberanyar
Jawa Timur,Banyuwangi,Wongsorejo,Sumberanyar
Jawa Timur,Situbondo,Jatibanteng,Sumberanyar
Jawa Timur,Situbondo,Mlandingan,Sumberanyar
Jawa Timur,Situbondo,Banyuputih,Sumberanyar
Jawa Timur,Probolinggo,Paiton,Sumberanyar
Jawa Timur,Pasuruan,Nguling,Sumberanyar
Jawa Timur,Situbondo,Sumbermalang,Sumberargo
Jawa Timur,Blitar,Wates,Sumberarum
Jawa Timur,Banyuwangi,Songgon,Sumberarum
Jawa Timur,Bojonegoro,Dander,Sumberarum
Jawa Timur,Bojonegoro,Ngraho,Sumberarum
Jawa Timur,Blitar,Nglegok,Sumberasri
Jawa Timur,Lamongan,Bluluk,Sumberbanjar
Jawa Timur,Banyuwangi,Singojuruh,Sumberbaru
Jawa Timur,Tulungagung,Pucanglaban,Sumberbendo
Jawa Timur,Probolinggo,Sumberasih,Sumberbendo
Jawa Timur,Madiun,Saradan,Sumberbendo
Jawa Timur,Bojonegoro,Bubulan,Sumberbendo
Jawa Timur,Kediri,Pare,Sumberbendo
Jawa Timur,Lamongan,Mantup,Sumberbendo
Jawa Timur,Trenggalek,Dongko,Sumberbening
Jawa Timur,Madiun,Balerejo,Sumberbening
Jawa Timur,Ngawi,Bringin,Sumberbening
Jawa Timur,Banyuwangi,Muncar,Sumberberas
Jawa Timur,Blitar,Wonotirto,Sumberboto
Jawa Timur,Batu,Bumiaji,Sumberbrantas
Jawa Timur,Banyuwangi,Songgon,Sumberbulu
Jawa Timur,Probolinggo,Tegalsiwalan,Sumberbulu
Jawa Timur,Jember,Ledokombo,Sumberbulus
Jawa Timur,Kediri,Gurah,Sumbercangkring
Jawa Timur,Bondowoso,Wringin,Sumbercanting
Jawa Timur,Tulungagung,Pucanglaban,Sumberdadap
Jawa Timur,Blitar,Bakung,Sumberdadi
Jawa Timur,Trenggalek,Trenggalek,Sumberdadi
Jawa Timur,Tulungagung,Sumbergempol,Sumberdadi
Jawa Timur,Lamongan,Mantup,Sumberdadi
Jawa Timur,Jember,Sukowono,Sumberdanti
Jawa Timur,Probolinggo,Maron,Sumberdawe
Jawa Timur,Pasuruan,Grati,Sumberdawesari
Jawa Timur,Blitar,Garum,Sumberdiren
Jawa Timur,Magetan,Panekan,Sumberdodol
Jawa Timur,Magetan,Ngariboyo,Sumberdukun
Jawa Timur,Bondowoso,Pakem,Sumberdumpyong
Jawa Timur,Probolinggo,Krucil,Sumberduren
Jawa Timur,Kediri,Tarokan,Sumberduren
Jawa Timur,Pacitan,Sudimoro,Sumberejo
Jawa Timur,Trenggalek,Durenan,Sumberejo
Jawa Timur,Lumajang,Candipuro,Sumberejo
Jawa Timur,Lumajang,Sukodono,Sumberejo
Jawa Timur,Jember,Ambulu,Sumberejo
Jawa Timur,Situbondo,Besuki,Sumberejo
Jawa Timur,Situbondo,Banyuputih,Sumberejo
Jawa Timur,Probolinggo,Paiton,Sumberejo
Jawa Timur,Madiun,Geger,Sumberejo
Jawa Timur,Magetan,Maospati,Sumberejo
Jawa Timur,Bojonegoro,Malo,Sumberejo
Jawa Timur,Bojonegoro,Trucuk,Sumberejo
Jawa Timur,Tuban,Rengel,Sumberejo
Jawa Timur,Gresik,Manyar,Sumberejo
Jawa Timur,Batu,Batu,Sumberejo
Jawa Timur,Kediri,Kandat,Sumberejo
Jawa Timur,Kediri,Ngasem,Sumberejo
Jawa Timur,Kediri,Grogol,Sumberejo
Jawa Timur,Ponorogo,Balong,Sumberejo
Jawa Timur,Madiun,Madiun,Sumberejo
Jawa Timur,Ngawi,Sine,Sumberejo
Jawa Timur,Bojonegoro,Margomulyo,Sumberjo
Jawa Timur,Bojonegoro,Sukosewu,Sumberjokidul
Jawa Timur,Tulungagung,Ngunut,Sumberejo Kulon
Jawa Timur,Tulungagung,Ngunut,Sumberejo Wetan
Jawa Timur,Madiun,Pilangkenceng,Sumbergandu
Jawa Timur,Trenggalek,Durenan,Sumbergayam
Jawa Timur,Pasuruan,Pandaan,Sumbergedang
Jawa Timur,Gresik,Wringinanom,Sumbergede
Jawa Timur,Bojonegoro,Kepohbaru,Sumbergede
Jawa Timur,Trenggalek,Trenggalek,Sumbergedong
Jawa Timur,Mojokerto,Puri,Sumbergirang
Jawa Timur,Pasuruan,Rembang,Sumberglagah
Jawa Timur,Jombang,Kabuh,Sumbergondang
Jawa Timur,Banyuwangi,Glenmore,Sumbergondo
Jawa Timur,Batu,Bumiaji,Sumbergondo
Jawa Timur,Bojonegoro,Sumberejo,Sumberharjo
Jawa Timur,Pacitan,Pacitan,Sumberharjo
Jawa Timur,Trenggalek,Karangan,Sumberingin
Jawa Timur,Blitar,Sanankulon,Sumberingin
Jawa Timur,Jombang,Kabuh,Sumberingin
Jawa Timur,Tulungagung,Ngunut,Sumberingin Kidul
Jawa Timur,Tulungagung,Ngunut,Sumberingin Kulon
Jawa Timur,Jember,Sumberjambe,Sumberjambe
Jawa Timur,Blitar,Kademangan,Sumberjati
Jawa Timur,Lumajang,Tempeh,Sumberjati
Jawa Timur,Jember,Silo,Sumberjati
Jawa Timur,Mojokerto,Jatirejo,Sumberjati
Jawa Timur,Mojokerto,Mojoanyar,Sumberjati
Jawa Timur,Jember,Kalisat,Sumberjeruk
Jawa Timur,Bondowoso,Jambesari Darus Sholah,Sumberjeruk
Jawa Timur,Blitar,Kademangan,Sumberjo
Jawa Timur,Blitar,Sanankulon,Sumberjo
Jawa Timur,Blitar,Sutojayan,Sumberjo
Jawa Timur,Jombang,Wonosalam,Sumberjo
Jawa Timur,Jombang,Plandaan,Sumberjo
Jawa Timur,Nganjuk,Gondang,Sumberjo
Jawa Timur,Tuban,Widang,Sumberjo
Jawa Timur,Kediri,Purwoasri,Sumberjo
Jawa Timur,Lamongan,Pucuk,Sumberjo
Jawa Timur,Lamongan,Lamongan,Sumberjo
Jawa Timur,Lamongan,Sarirejo,Sumberjo
Jawa Timur,Jember,Kalisat,Sumberkalong
Jawa Timur,Bondowoso,Wonosari,Sumberkalong
Jawa Timur,Mojokerto,Dlanggu,Sumberkarang
Jawa Timur,Probolinggo,Wonomerto,Sumberkare
Jawa Timur,Probolinggo,Krejengan,Sumberkatimoho
Jawa Timur,Probolinggo,Leces,Sumberkedawung
Jawa Timur,Jember,Mayang,Sumberkejayan
Jawa Timur,Blitar,Binangun,Sumberkembar
Jawa Timur,Probolinggo,Pakuniran,Sumberkembar
Jawa Timur,Mojokerto,Pacet,Sumberkembar
Jawa Timur,Banyuwangi,Wongsorejo,Sumberkencono
Jawa Timur,Nganjuk,Tanjunganom,Sumberkepuh
Jawa Timur,Nganjuk,Lengkong,Sumberkepuh
Jawa Timur,Probolinggo,Gending,Sumberkerang
Jawa Timur,Lamongan,Mantup,Sumberkerep
Jawa Timur,Jember,Kalisat,Sumberketempa
Jawa Timur,Probolinggo,Tegalsiwalan,Sumberkledung
Jawa Timur,Bondowoso,Taman Krocok,Sumberkokap
Jawa Timur,Situbondo,Panarukan,Sumberkolak
Jawa Timur,Probolinggo,Tongas,Sumberkramat
Jawa Timur,Probolinggo,Kraksaan,Sumberlele
Jawa Timur,Jember,Ledokombo,Sumberlesung
Jawa Timur,Bondowoso,Wringin,Sumbermalang
Jawa Timur,Nganjuk,Lengkong,Sumbermiri
Jawa Timur,Banyuwangi,Pesanggaran,Sumbermulyo
Jawa Timur,Malang,Lawang,Sumberngepoh
Jawa Timur,Jombang,Ngusikan,Sumbernongko
Jawa Timur,Jember,Sumberjambe,Sumberpakem
Jawa Timur,Lumajang,Ranuyoso,Sumberpetung
Jawa Timur,Jember,Pakusari,Sumberpinang
Jawa Timur,Probolinggo,Maron,Sumberpoh
Jawa Timur,Malang,Lawang,Sumberporong
Jawa Timur,Banyuwangi,Banyuwangi,Sumberrejo
Jawa Timur,Probolinggo,Tongas,Sumberrejo
Jawa Timur,Pasuruan,Purwosari,Sumberrejo
Jawa Timur,Pasuruan,Pandaan,Sumberrejo
Jawa Timur,Pasuruan,Winongan,Sumberrejo
Jawa Timur,Sidoarjo,Wonoayu,Sumberejo
Jawa Timur,Bojonegoro,Sumberejo,Sumberrejo
Jawa Timur,Jember,Ledokombo,Sumbersalak
Jawa Timur,Blitar,Udanawu,Sumbersari
Jawa Timur,Lumajang,Rowokangkung,Sumbersari
Jawa Timur,Jember,Sumbersari,Sumbersari
Jawa Timur,Banyuwangi,Purwoharjo,Sumbersari
Jawa Timur,Banyuwangi,Srono,Sumbersari
Jawa Timur,Bondowoso,Maesan,Sumbersari
Jawa Timur,Madiun,Saradan,Sumbersari
Jawa Timur,Ngawi,Sine,Sumbersari
Jawa Timur,Lamongan,Sambeng,Sumbersari
Jawa Timur,Magetan,Sidorejo,Sumbersawit
Jawa Timur,Probolinggo,Gading,Sumbersecang
Jawa Timur,Banyuwangi,Muncar,Sumbersewu
Jawa Timur,Blitar,Panggungrejo,Sumbersih
Jawa Timur,Mojokerto,Dlanggu,Sumbersono
Jawa Timur,Nganjuk,Lengkong,Sumbersono
Jawa Timur,Malang,Wagir,Sumbersuko
Jawa Timur,Lumajang,Sumbersuko,Sumbersuko
Jawa Timur,Probolinggo,Dringu,Sumbersuko
Jawa Timur,Pasuruan,Purwosari,Sumbersuko
Jawa Timur,Pasuruan,Gempol,Sumbersuko
Jawa Timur,Mojokerto,Mojosari,Sumbertanggul
Jawa Timur,Mojokerto,Bangsal,Sumbertebu
Jawa Timur,Jombang,Kudu,Sumberteguh
Jawa Timur,Situbondo,Bungatan,Sumbertengah
Jawa Timur,Bojonegoro,Dander,Sumbertlaseh
Jawa Timur,Blitar,Doko,Sumberurip
Jawa Timur,Lumajang,Pronojiwo,Sumberurip
Jawa Timur,Nganjuk,Berbek,Sumberurip
Jawa Timur,Bojonegoro,Kanor,Sumberwangi
Jawa Timur,Gresik,Wringinanom,Sumberwaru
Jawa Timur,Jember,Sukowono,Sumberwaru
Jawa Timur,Situbondo,Banyuputih,Sumberwaru
Jawa Timur,Nganjuk,Berbek,Sumberwindu
Jawa Timur,Mojokerto,Bangsal,Sumberwono
Jawa Timur,Lumajang,Klakah,Sumberwringin
Jawa Timur,Jember,Sukowono,Sumberwringin
Jawa Timur,Bondowoso,Sumberwringin,Sumberwringin
Jawa Timur,Lamongan,Karanggeneng,Sumberwudi
Jawa Timur,Mojokerto,Dawarblandong,Sumberwuluh
Jawa Timur,Pamekasan,Pademawu,Sumedangan
Jawa Timur,Probolinggo,Tongas,Sumendi
Jawa Timur,Gresik,Wringinanom,Sumengko
Jawa Timur,Mojokerto,Jatirejo,Sumengko
Jawa Timur,Nganjuk,Sukomoro,Sumengko
Jawa Timur,Bojonegoro,Kalitidu,Sumengko
Jawa Timur,Gresik,Duduksampeyan,Sumengko
Jawa Timur,Ngawi,Kwadungan,Sumengko
Jawa Timur,Lamongan,Kedungpring,Sumengko
Jawa Timur,Jombang,Sumobito,Sumobito
Jawa Timur,Sidoarjo,Candi,Sumokali
Jawa Timur,Sidoarjo,Balongbendo,Sumokembangsri
Jawa Timur,Mojokerto,Puri,Sumolawang
Jawa Timur,Sidoarjo,Candi,Sumorame
Jawa Timur,Sidoarjo,Sidoarjo,Sumput
Jawa Timur,Gresik,Driyorejo,Sumput
Jawa Timur,Bojonegoro,Baureno,Sumuragung
Jawa Timur,Bojonegoro,Sumberejo,Sumuragung
Jawa Timur,Tuban,Soko,Sumurcinde
Jawa Timur,Probolinggo,Besuk,Sumurdalam
Jawa Timur,Lamongan,Babat,Sumurgenuk
Jawa Timur,Tuban,Plumpang,Sumurjalak
Jawa Timur,Probolinggo,Sumberasih,Sumurmati
Jawa Timur,Magetan,Karas,Sumursongo
Jawa Timur,Trenggalek,Bendungan,Sumurup
Jawa Timur,Surabaya,Lakarsantri,Sumurwelut
Jawa Timur,Magetan,Parang,Sundul
Jawa Timur,Lamongan,Sekaran,Sungegeneng
Jawa Timur,Lamongan,Karanggeneng,Sungelebak
Jawa Timur,Pasuruan,Pohjentrek,Sungikulon
Jawa Timur,Pasuruan,Pohjentrek,Sungiwetan
Jawa Timur,Gresik,Bungah,Sungonlegowo
Jawa Timur,Lamongan,Sugio,Supenuh
Jawa Timur,Lumajang,Pronojiwo,Supiturang
Jawa Timur,Lamongan,Sukodadi,Surabayan
Jawa Timur,Kediri,Mojo,Surat
Jawa Timur,Magetan,Maospati,Suratmajan
Jawa Timur,Jember,Ledokombo,Suren
Jawa Timur,Ponorogo,Mlarak,Suren
Jawa Timur,Trenggalek,Bendungan,Surenlor
Jawa Timur,Trenggalek,Trenggalek,Surodakan
Jawa Timur,Ponorogo,Ponorogo,Surodikraman
Jawa Timur,Mojokerto,Prajuritkulon,Surodinawan
Jawa Timur,Blitar,Doko,Suru
Jawa Timur,Mojokerto,Dawarblandong,Suru
Jawa Timur,Nganjuk,Ngetos,Suru
Jawa Timur,Ponorogo,Sooko,Suru
Jawa Timur,Trenggalek,Suruh,Suruh
Jawa Timur,Sidoarjo,Sukodono,Suruh
Jawa Timur,Ngawi,Bringin,Suruh
Jawa Timur,Tulungagung,Bandung,Suruhan Kidul
Jawa Timur,Tulungagung,Bandung,Suruhan Lor
Jawa Timur,Blitar,Kademangan,Suruhwadang
Jawa Timur,Kediri,Ringinrejo,Susuhbango
Jawa Timur,Pasuruan,Pohjentrek,Susukan Rejo
Jawa Timur,Blitar,Sutojayan,Sutojayan
Jawa Timur,Bangkalan,Modung,Suwa'an
Jawa Timur,Bojonegoro,Balen,Suwaloh
Jawa Timur,Tulungagung,Pakel,Suwaluh
Jawa Timur,Sidoarjo,Balongbendo,Suwaluh
Jawa Timur,Tulungagung,Bandung,Suwaru
Jawa Timur,Pasuruan,Sukorejo,Suwayuwo
Jawa Timur,Bondowoso,Tapen,Taal
Jawa Timur,Sampang,Camplong,Taddan
Jawa Timur,Pacitan,Tegalombo,Tahunan
Jawa Timur,Pacitan,Tegalombo,Tahunan Baru
Jawa Timur,Magetan,Karas,Taji
Jawa Timur,Lamongan,Maduran,Taji
Jawa Timur,Ponorogo,Siman,Tajug
Jawa Timur,Bangkalan,Kamal,Tajungan
Jawa Timur,Magetan,Takeran,Takeran
Jawa Timur,Lamongan,Tikung,Takeranklating
Jawa Timur,Sumenep,Nonggunong,Talaga
Jawa Timur,Sumenep,Ganding,Talaga
Jawa Timur,Tulungagung,Sendang,Talang
Jawa Timur,Nganjuk,Rejoso,Talang
Jawa Timur,Sumenep,Saronggi,Talang
Jawa Timur,Ngawi,Jogorogo,Talang
Jawa Timur,Sumenep,Talango,Talango
Jawa Timur,Pamekasan,Proppo,Talangoh
Jawa Timur,Kediri,Ngadiluwih,Tales
Jawa Timur,Situbondo,Situbondo,Talkandang
Jawa Timur,Probolinggo,Kotaanyar,Talkandang
Jawa Timur,Mojokerto,Dlanggu,Talok
Jawa Timur,Bojonegoro,Kalitidu,Talok
Jawa Timur,Blitar,Talun,Talun
Jawa Timur,Nganjuk,Rejoso,Talun
Jawa Timur,Bojonegoro,Sumberejo,Talun
Jawa Timur,Tulungagung,Bandung,Talun Kulon
Jawa Timur,Mojokerto,Dawarblandong,Talunblandong
Jawa Timur,Jombang,Sumobito,Talunkidul
Jawa Timur,Lamongan,Bluluk,Talunrejo
Jawa Timur,Sidoarjo,Taman,Taman
Jawa Timur,Bondowoso,Grujugan,Taman
Jawa Timur,Bondowoso,Taman Krocok,Taman
Jawa Timur,Situbondo,Sumbermalang,Taman
Jawa Timur,Probolinggo,Paiton,Taman
Jawa Timur,Sampang,Sreseh,Taman
Jawa Timur,Sampang,Jrengik,Taman
Jawa Timur,Madiun,Taman,Taman
Jawa Timur,Sampang,Sampang,Taman Sareh
Jawa Timur,Banyuwangi,Cluring,Tamanagung
Jawa Timur,Trenggalek,Trenggalek,Tamanan
Jawa Timur,Tulungagung,Tulungagung,Tamanan
Jawa Timur,Bondowoso,Tamanan,Tamanan
Jawa Timur,Magetan,Sukomoro,Tamanan
Jawa Timur,Kediri,Mojoroto,Tamanan
Jawa Timur,Magetan,Parang,Tamanarum
Jawa Timur,Ponorogo,Ponorogo,Tamanarum
Jawa Timur,Pacitan,Pringkuku,Tamanasri
Jawa Timur,Lumajang,Pronojiwo,Tamanayu
Jawa Timur,Banyuwangi,Banyuwangi,Tamanbaru
Jawa Timur,Situbondo,Sumbermalang,Tamankursi
Jawa Timur,Lamongan,Laren,Tamanprijeg
Jawa Timur,Jember,Wuluhan,Tamansari
Jawa Timur,Jember,Mumbulsari,Tamansari
Jawa Timur,Banyuwangi,Tegalsari,Tamansari
Jawa Timur,Banyuwangi,Licin,Tamansari
Jawa Timur,Bondowoso,Bondowoso,Tamansari
Jawa Timur,Situbondo,Sumbermalang,Tamansari
Jawa Timur,Probolinggo,Kraksaan,Tamansari
Jawa Timur,Probolinggo,Dringu,Tamansari
Jawa Timur,Pasuruan,Wonorejo,Tamansari
Jawa Timur,Banyuwangi,Glagah,Tamansuruh
Jawa Timur,Pasuruan,Panggungrejo,Tamba'an
Jawa Timur,Sampang,Camplong,Tamba'an
Jawa Timur,Lumajang,Candipuro,Tambahrejo
Jawa Timur,Bojonegoro,Kanor,Tambahrejo
Jawa Timur,Sampang,Omben,Tambak
Jawa Timur,Surabaya,Benowo,Tambak Oso Wilangun
Jawa Timur,Pasuruan,Pasrepan,Tambak Rejo
Jawa Timur,Pasuruan,Kraton,Tambak Rejo
Jawa Timur,Pasuruan,Purwodadi,Tambak Sari
Jawa Timur,Surabaya,Asem Rowo,Tambak Sarioso
Jawa Timur,Situbondo,Kendit,Tambak Ukir
Jawa Timur,Surabaya,Kenjeran,Tambak Wedi
Jawa Timur,Mojokerto,Puri,Tambakagung
Jawa Timur,Blitar,Gandusari,Tambakan
Jawa Timur,Pasuruan,Bangil,Tambakan
Jawa Timur,Ponorogo,Ponorogo,Tambakbayan
Jawa Timur,Gresik,Cerme,Tambakberas
Jawa Timur,Ngawi,Mantingan,Tambakboyo
Jawa Timur,Sidoarjo,Sedati,Tambakcemandi
Jawa Timur,Sidoarjo,Jabon,Tambakkalisogo
Jawa Timur,Sidoarjo,Krian,Tambakkemerakan
Jawa Timur,Pasuruan,Lekok,Tambaklekok
Jawa Timur,Madiun,Kebon Sari,Tambakmas
Jawa Timur,Magetan,Sukomoro,Tambakmas
Jawa Timur,Lamongan,Sarirejo,Tambakmenjangan
Jawa Timur,Bojonegoro,Kasiman,Tambakmerak
Jawa Timur,Sidoarjo,Waru,Tambakoso
Jawa Timur,Lamongan,Turi,Tambakploso
Jawa Timur,Sidoarjo,Krembung,Tambakrejo
Jawa Timur,Sidoarjo,Waru,Tambakrejo
Jawa Timur,Tulungagung,Sumbergempol,Tambakrejo
Jawa Timur,Blitar,Wonotirto,Tambakrejo
Jawa Timur,Banyuwangi,Muncar,Tambakrejo
Jawa Timur,Probolinggo,Tongas,Tambakrejo
Jawa Timur,Mojokerto,Ngoro,Tambakrejo
Jawa Timur,Magetan,Magetan,Tambakrejo
Jawa Timur,Bojonegoro,Tambakrejo,Tambakrejo
Jawa Timur,Tuban,Rengel,Tambakrejo
Jawa Timur,Gresik,Duduksampeyan,Tambakrejo
Jawa Timur,Surabaya,Simokerto,Tambakrejo
Jawa Timur,Kediri,Gurah,Tambakrejo
Jawa Timur,Pacitan,Pacitan,Tambakrejo
Jawa Timur,Lamongan,Tikung,Tambakrigadung
Jawa Timur,Bojonegoro,Malo,Tambakromo
Jawa Timur,Ngawi,Geneng,Tambakromo
Jawa Timur,Ngawi,Padas,Tambakromo
Jawa Timur,Pasuruan,Kraton,Tambaksari
Jawa Timur,Surabaya,Tambaksari,Tambaksari
Jawa Timur,Sidoarjo,Waru,Tambaksawah
Jawa Timur,Sidoarjo,Waru,Tambaksumur
Jawa Timur,Probolinggo,Kotaanyar,Tambakukir
Jawa Timur,Tulungagung,Pakel,Tamban
Jawa Timur,Bangkalan,Arosbaya,Tambegan
Jawa Timur,Probolinggo,Krucil,Tambelang
Jawa Timur,Sampang,Tambelangan,Tambelangan
Jawa Timur,Kediri,Mojo,Tambibendo
Jawa Timur,Bangkalan,Tragah,Tambin
Jawa Timur,Banyuwangi,Kabat,Tambong
Jawa Timur,Magetan,Magetan,Tambran
Jawa Timur,Sumenep,Guluk-Guluk,Tambuko
Jawa Timur,Pamekasan,Pademawu,Tambung
Jawa Timur,Mojokerto,Trawas,Tamiajeng
Jawa Timur,Banyuwangi,Cluring,Tampo
Jawa Timur,Pamekasan,Waru,Tampojung Guwa
Jawa Timur,Pamekasan,Waru,Tampojung Pregih
Jawa Timur,Pamekasan,Waru,Tampojung Tengah
Jawa Timur,Pamekasan,Waru,Tampojung Tenggina
Jawa Timur,Pasuruan,Rembang,Tampung
Jawa Timur,Pasuruan,Lekok,Tampung
Jawa Timur,Mojokerto,Puri,Tampungrejo
Jawa Timur,Kediri,Pesantren,Tampurejo
Jawa Timur,Surabaya,Kenjeran,Tanah Kali Kedinding
Jawa Timur,Sampang,Torjun,Tanah Merah
Jawa Timur,Sumenep,Nonggunong,Tanah Merah
Jawa Timur,Bangkalan,Tanah Merah,Tanah Merah Dajah
Jawa Timur,Bangkalan,Tanah Merah,Tanah Merah Laok
Jawa Timur,Gresik,Balongpanggang,Tanahlandean
Jawa Timur,Bondowoso,Maesan,Tanahwulan
Jawa Timur,Sumenep,Saronggi,Tanamerah
Jawa Timur,Surabaya,Tandes,Tandes
Jawa Timur,Probolinggo,Lumbang,Tandonsentul
Jawa Timur,Tulungagung,Rejotangan,Tanen
Jawa Timur,Jombang,Mojoagung,Tanggalrejo
Jawa Timur,Trenggalek,Pule,Tanggaran
Jawa Timur,Bojonegoro,Malo,Tanggir
Jawa Timur,Tuban,Singgahan,Tanggir
Jawa Timur,Sidoarjo,Wonoayu,Tanggul
Jawa Timur,Bondowoso,Tegalampel,Tanggulangin
Jawa Timur,Pasuruan,Kejayan,Tanggulangin
Jawa Timur,Tuban,Montong,Tanggulangin
Jawa Timur,Jember,Tanggul,Tanggulkulon
Jawa Timur,Tulungagung,Besuki,Tanggulkundung
Jawa Timur,Gresik,Manyar,Tanggulrejo
Jawa Timur,Tulungagung,Besuki,Tanggulturus
Jawa Timur,Tulungagung,Besuki,Tanggulwelahan
Jawa Timur,Jember,Tanggul,Tanggulwetan
Jawa Timur,Sampang,Sampang,Tanggumong
Jawa Timur,Tulungagung,Campurdarat,Tanggung
Jawa Timur,Lumajang,Padang,Tanggung
Jawa Timur,Blitar,Kepanjenkidul,Tanggung
Jawa Timur,Jombang,Gudo,Tanggungan
Jawa Timur,Bojonegoro,Baureno,Tanggungan
Jawa Timur,Bojonegoro,Ngraho,Tanggungan
Jawa Timur,Lamongan,Pucuk,Tanggungan
Jawa Timur,Tulungagung,Tanggunggunung,Tanggunggunung
Jawa Timur,Lamongan,Glagah,Tanggungprigel
Jawa Timur,Bangkalan,Kamal,Tangjungjati
Jawa Timur,Trenggalek,Panggul,Tangkil
Jawa Timur,Blitar,Wlingi,Tangkil
Jawa Timur,Bondowoso,Tenggarang,Tangsil Kulon
Jawa Timur,Bondowoso,Wonosari,Tangsil Wetan
Jawa Timur,Mojokerto,Puri,Tangunan
Jawa Timur,Gresik,Ujungpangkah,Tanjangawan
Jawa Timur,Mojokerto,Ngoro,Tanjangrono
Jawa Timur,Sidoarjo,Krembung,Tanjekwagir
Jawa Timur,Tulungagung,Kalidawir,Tanjung
Jawa Timur,Nganjuk,Kertosono,Tanjung
Jawa Timur,Magetan,Bendo,Tanjung
Jawa Timur,Bojonegoro,Tambakrejo,Tanjung
Jawa Timur,Gresik,Kedamean,Tanjung
Jawa Timur,Pamekasan,Pademawu,Tanjung
Jawa Timur,Pamekasan,Pegantenan,Tanjung
Jawa Timur,Sumenep,Saronggi,Tanjung
Jawa Timur,Kediri,Pagu,Tanjung
Jawa Timur,Probolinggo,Pejarakan,Tanjung
Jawa Timur,Lamongan,Lamongan,Tanjung
Jawa Timur,Situbondo,Mangaran,Tanjung Glugur
Jawa Timur,Situbondo,Mangaran,Tanjung Kamal
Jawa Timur,Sumenep,Sapeken,Tanjung Kiaok
Jawa Timur,Situbondo,Mangaran,Tanjung Pecinan
Jawa Timur,Gresik,Bungah,Tanjung Widoro
Jawa Timur,Mojokerto,Kemlagi,Tanjungan
Jawa Timur,Gresik,Driyorejo,Tanjungan
Jawa Timur,Nganjuk,Tanjunganom,Tanjunganom
Jawa Timur,Pasuruan,Sukorejo,Tanjungarum
Jawa Timur,Ponorogo,Badegan,Tanjunggunung
Jawa Timur,Bojonegoro,Kapas,Tanjungharjo
Jawa Timur,Nganjuk,Ngronggot,Tanjungkalang
Jawa Timur,Mojokerto,Pacet,Tanjungkenongo
Jawa Timur,Pacitan,Ngadirojo,Tanjunglor
Jawa Timur,Pacitan,Ngadirojo,Tanjungpuro
Jawa Timur,Jember,Wuluhan,Tanjungrejo
Jawa Timur,Probolinggo,Tongas,Tanjungrejo
Jawa Timur,Nganjuk,Loceret,Tanjungrejo
Jawa Timur,Madiun,Kebon Sari,Tanjungrejo
Jawa Timur,Tuban,Singgahan,Tanjungrejo
Jawa Timur,Ponorogo,Badegan,Tanjungrejo
Jawa Timur,Madiun,Madiun,Tanjungrejo
Jawa Timur,Sidoarjo,Taman,Tanjungsari
Jawa Timur,Tulungagung,Boyolangu,Tanjungsari
Jawa Timur,Tulungagung,Karangrejo,Tanjungsari
Jawa Timur,Jember,Umbulsari,Tanjungsari
Jawa Timur,Probolinggo,Krejengan,Tanjungsari
Jawa Timur,Blitar,Sukorejo,Tanjungsari
Jawa Timur,Surabaya,Sukomanunggal,Tanjungsari
Jawa Timur,Pacitan,Pacitan,Tanjungsari
Jawa Timur,Ponorogo,Jenangan,Tanjungsari
Jawa Timur,Magetan,Panekan,Tanjungsari
Jawa Timur,Ngawi,Jogorogo,Tanjungsari
Jawa Timur,Magetan,Maospati,Tanjungsepreh
Jawa Timur,Nganjuk,Prambon,Tanjungtani
Jawa Timur,Jombang,Kabuh,Tanjungwadung
Jawa Timur,Kediri,Papar,Tanon
Jawa Timur,Pasuruan,Bugul Kidul,Tapa'an
Jawa Timur,Magetan,Panekan,Tapak
Jawa Timur,Blitar,Kesamben,Tapakrejo
Jawa Timur,Tulungagung,Kedungwaru,Tapan
Jawa Timur,Banyuwangi,Muncar,Tapanrejo
Jawa Timur,Bojonegoro,Kapas,Tapelan
Jawa Timur,Madiun,Balerejo,Tapelan
Jawa Timur,Bojonegoro,Ngraho,Tapelan
Jawa Timur,Bondowoso,Tapen,Tapen
Jawa Timur,Jombang,Kudu,Tapen
Jawa Timur,Magetan,Lembeyan,Tapen
Jawa Timur,Pamekasan,Larangan,Taraban
Jawa Timur,Sumenep,Gayam,Tarebung
Jawa Timur,Sidoarjo,Tarik,Tarik
Jawa Timur,Pamekasan,Tlanakan,Taro'an
Jawa Timur,Sumenep,Lenteng,Tarogan
Jawa Timur,Probolinggo,Banyuanyar,Tarokan
Jawa Timur,Kediri,Tarokan,Tarokan
Jawa Timur,Bondowoso,Prajekan,Tarum
Jawa Timur,Pamekasan,Proppo,Tattangoh
Jawa Timur,Ponorogo,Balong,Tatung
Jawa Timur,Kediri,Wates,Tawang
Jawa Timur,Magetan,Magetan,Tawanganom
Jawa Timur,Malang,Karangploso,Tawangargo
Jawa Timur,Blitar,Wonodadi,Tawangrejo
Jawa Timur,Blitar,Binangun,Tawangrejo
Jawa Timur,Pasuruan,Pandaan,Tawangrejo
Jawa Timur,Mojokerto,Jatirejo,Tawangrejo
Jawa Timur,Madiun,Gemarang,Tawangrejo
Jawa Timur,Magetan,Takeran,Tawangrejo
Jawa Timur,Madiun,Kartoharjo,Tawangrejo
Jawa Timur,Ngawi,Ngrambe,Tawangrejo
Jawa Timur,Lamongan,Turi,Tawangrejo
Jawa Timur,Sidoarjo,Taman,Tawangsari
Jawa Timur,Tulungagung,Kedungwaru,Tawangsari
Jawa Timur,Blitar,Garum,Tawangsari
Jawa Timur,Mojokerto,Trowulan,Tawangsari
Jawa Timur,Mojokerto,Gondang,Tawar
Jawa Timur,Trenggalek,Munjungan,Tawing
Jawa Timur,Tulungagung,Gondang,Tawing
Jawa Timur,Ngawi,Kasreman,Tawun
Jawa Timur,Gresik,Manyar,Tebalo
Jawa Timur,Gresik,Duduksampeyan,Tebaloan
Jawa Timur,Pasuruan,Gondangwetan,Tebas
Jawa Timur,Sidoarjo,Gedangan,Tebel
Jawa Timur,Jombang,Bareng,Tebel
Jawa Timur,Magetan,Barat,Tebon
Jawa Timur,Bojonegoro,Padangan,Tebon
Jawa Timur,Bangkalan,Kwanyar,Tebul
Jawa Timur,Pamekasan,Pegantenan,Tebul Barat
Jawa Timur,Pamekasan,Pegantenan,Tebul Timur
Jawa Timur,Gresik,Dukun,Tebuwung
Jawa Timur,Bondowoso,Grujugan,Tegal Mijin
Jawa Timur,Bondowoso,Tegalampel,Tegalampel
Jawa Timur,Kediri,Kandat,Tegalan
Jawa Timur,Banyuwangi,Sempu,Tegalarum
Jawa Timur,Magetan,Bendo,Tegalarum
Jawa Timur,Blitar,Wlingi,Tegalasri
Jawa Timur,Lumajang,Ranuyoso,Tegalbangsri
Jawa Timur,Jember,Kaliwates,Tegalbesar
Jawa Timur,Lumajang,Klakah,Tegalciut
Jawa Timur,Banyuwangi,Tegaldlimo,Tegaldlimo
Jawa Timur,Jember,Sumbersari,Tegalgede
Jawa Timur,Malang,Karangploso,Tegalgondo
Jawa Timur,Banyuwangi,Glenmore,Tegalharjo
Jawa Timur,Bondowoso,Sumberwringin,Tegaljati
Jawa Timur,Bojonegoro,Sukosewu,Tegalkodo
Jawa Timur,Probolinggo,Tegalsiwalan,Tegalmojo
Jawa Timur,Pacitan,Tegalombo,Tegalombo
Jawa Timur,Ponorogo,Kauman,Tegalombo
Jawa Timur,Bondowoso,Jambesari Darus Sholah,Tegalpasir
Jawa Timur,Lumajang,Klakah,Tegalrandu
Jawa Timur,Tulungagung,Rejotangan,Tegalrejo
Jawa Timur,Blitar,Selopuro,Tegalrejo
Jawa Timur,Lumajang,Tempursari,Tegalrejo
Jawa Timur,Jember,Mayang,Tegalrejo
Jawa Timur,Banyuwangi,Tegalsari,Tegalrejo
Jawa Timur,Probolinggo,Dringu,Tegalrejo
Jawa Timur,Tuban,Widang,Tegalrejo
Jawa Timur,Ponorogo,Pulung,Tegalrejo
Jawa Timur,Jember,Ambulu,Tegalsari
Jawa Timur,Banyuwangi,Tegalsari,Tegalsari
Jawa Timur,Tuban,Widang,Tegalsari
Jawa Timur,Surabaya,Tegalsari,Tegalsari
Jawa Timur,Ponorogo,Jetis,Tegalsari
Jawa Timur,Probolinggo,Tegalsiwalan,Tegalsiwalan
Jawa Timur,Probolinggo,Tegalsiwalan,Tegalsono
Jawa Timur,Jember,Umbulsari,Tegalwangi
Jawa Timur,Jember,Mayang,Tegalwaru
Jawa Timur,Probolinggo,Tiris,Tegalwatu
Jawa Timur,Bangkalan,Geger,Tegar Priyah
Jawa Timur,Trenggalek,Tugu,Tegaren
Jawa Timur,Nganjuk,Prambon,Tegaron
Jawa Timur,Kediri,Plemahan,Tegowangi
Jawa Timur,Madiun,Jiwan,Teguhan
Jawa Timur,Ngawi,Paron,Teguhan
Jawa Timur,Pamekasan,Pamekasan,Teja Barat
Jawa Timur,Pamekasan,Pamekasan,Teja Timur
Jawa Timur,Jombang,Mojoagung,Tejo
Jawa Timur,Bojonegoro,Kanor,Tejo
Jawa Timur,Lamongan,Laren,Tejoasri
Jawa Timur,Pasuruan,Purwosari,Tejowangi
Jawa Timur,Nganjuk,Loceret,Tekenglagahan
Jawa Timur,Lumajang,Tekung,Tekung
Jawa Timur,Bangkalan,Kamal,Telang
Jawa Timur,Situbondo,Banyuglugur,Telempong
Jawa Timur,Banyuwangi,Kalipuro,Telemung
Jawa Timur,Bojonegoro,Sumberejo,Teleng
Jawa Timur,Bangkalan,Galis,Tellok
Jawa Timur,Batu,Batu,Temas
Jawa Timur,Bojonegoro,Temayang,Temayang
Jawa Timur,Blitar,Wlingi,Tembalang
Jawa Timur,Nganjuk,Kertosono,Tembarak
Jawa Timur,Bojonegoro,Kasiman,Tembeling
Jawa Timur,Surabaya,Bubutan,Tembok Dukuh
Jawa Timur,Jember,Gumukmas,Tembokrejo
Jawa Timur,Banyuwangi,Muncar,Tembokrejo
Jawa Timur,Pasuruan,Purworejo,Tembokrejo
Jawa Timur,Magetan,Karas,Temboro
Jawa Timur,Blitar,Udanawu,Temenggungan
Jawa Timur,Banyuwangi,Banyuwangi,Temenggungan
Jawa Timur,Probolinggo,Krejengan,Temenggungan
Jawa Timur,Magetan,Karas,Temenggungan
Jawa Timur,Mojokerto,Trowulan,Temon
Jawa Timur,Pacitan,Arjosari,Temon
Jawa Timur,Sampang,Omben,Temoran
Jawa Timur,Lumajang,Tempeh,Tempeh Kidul
Jawa Timur,Lumajang,Tempeh,Tempeh Lor
Jawa Timur,Lumajang,Tempeh,Tempeh Tengah
Jawa Timur,Sidoarjo,Krian,Tempel
Jawa Timur,Nganjuk,Loceret,Tempel Wetan
Jawa Timur,Probolinggo,Bantaran,Tempuran
Jawa Timur,Pasuruan,Pasrepan,Tempuran
Jawa Timur,Mojokerto,Pungging,Tempuran
Jawa Timur,Mojokerto,Sooko,Tempuran
Jawa Timur,Nganjuk,Ngluyu,Tempuran
Jawa Timur,Ngawi,Paron,Tempuran
Jawa Timur,Lumajang,Tempursari,Tempurejo
Jawa Timur,Jember,Tempurejo,Tempurejo
Jawa Timur,Kediri,Wates,Tempurejo
Jawa Timur,Lumajang,Tempursari,Tempursari
Jawa Timur,Lumajang,Kedungjajang,Tempursari
Jawa Timur,Madiun,Wungu,Tempursari
Jawa Timur,Sidoarjo,Prambon,Temu
Jawa Timur,Bojonegoro,Kanor,Temu
Jawa Timur,Banyuwangi,Sempu,Temuasri
Jawa Timur,Banyuwangi,Sempu,Temuguruh
Jawa Timur,Mojokerto,Dawarblandong,Temuireng
Jawa Timur,Banyuwangi,Bangorejo,Temurejo
Jawa Timur,Gresik,Driyorejo,Tenaru
Jawa Timur,Bondowoso,Tenggarang,Tenggarang
Jawa Timur,Tulungagung,Tanggunggunung,Tenggarejo
Jawa Timur,Bojonegoro,Ngasem,Tengger
Jawa Timur,Kediri,Pagu,Tengger Kidul
Jawa Timur,Kediri,Kunjang,Tengger Lor
Jawa Timur,Lamongan,Kedungpring,Tenggerejo
Jawa Timur,Pasuruan,Gondangwetan,Tenggilis Rejo
Jawa Timur,Situbondo,Panji,Tenggir
Jawa Timur,Lamongan,Sambeng,Tenggiring
Jawa Timur,Tulungagung,Rejotangan,Tenggong
Jawa Timur,Gresik,Balongpanggang,Tenggor
Jawa Timur,Sidoarjo,Candi,Tenggulunan
Jawa Timur,Gresik,Kebomas,Tenggulunan
Jawa Timur,Tulungagung,Rejotangan,Tenggur
Jawa Timur,Surabaya,Tenggilis Mejoyo,Tengilis Mejoyo
Jawa Timur,Sumenep,Manding,Tenonan
Jawa Timur,Pamekasan,Larangan,Tentenan Barat
Jawa Timur,Pamekasan,Larangan,Tentenan Timur
Jawa Timur,Blitar,Kesamben,Tepas
Jawa Timur,Ngawi,Geneng,Tepas
Jawa Timur,Situbondo,Banyuglugur,Tepos
Jawa Timur,Trenggalek,Panggul,Terbis
Jawa Timur,Sidoarjo,Krian,Terik
Jawa Timur,Pamekasan,Tlanakan,Terrak
Jawa Timur,Tulungagung,Tulungagung,Tertek
Jawa Timur,Kediri,Pare,Tertek
Jawa Timur,Magetan,Panekan,Terung
Jawa Timur,Sidoarjo,Krian,Terungkulon
Jawa Timur,Sidoarjo,Krian,Terungwetan
Jawa Timur,Mojokerto,Gedeg,Terusan
Jawa Timur,Pasuruan,Pohjentrek,Tidu
Jawa Timur,Probolinggo,Leces,Tigasan Kulon
Jawa Timur,Probolinggo,Leces,Tigasan Wetan
Jawa Timur,Bojonegoro,Kapas,Tikusan
Jawa Timur,Madiun,Dagangan,Tileng
Jawa Timur,Trenggalek,Kampak,Timahan
Jawa Timur,Kediri,Pesantren,Tinalan
Jawa Timur,Magetan,Sukomoro,Tinap
Jawa Timur,Pacitan,Punung,Tinatar
Jawa Timur,Bojonegoro,Malo,Tinawun
Jawa Timur,Blitar,Garum,Tingal
Jawa Timur,Jombang,Bandarkedungmulyo,Tinggar
Jawa Timur,Mojokerto,Bangsal,Tinggarbuntut
Jawa Timur,Tuban,Singgahan,Tingkis
Jawa Timur,Bojonegoro,Purwosari,Tinumpuk
Jawa Timur,Ngawi,Kwadungan,Tirak
Jawa Timur,Gresik,Duduksampeyan,Tirem
Jawa Timur,Gresik,Dukun,Tirem Enggal
Jawa Timur,Nganjuk,Berbek,Tiripan
Jawa Timur,Probolinggo,Tiris,Tiris
Jawa Timur,Kediri,Banyakan,Tiron
Jawa Timur,Madiun,Madiun,Tiron
Jawa Timur,Nganjuk,Patianrowo,Tirtobinangun
Jawa Timur,Kediri,Gurah,Tiru Kidul
Jawa Timur,Kediri,Gurah,Tiru Lor
Jawa Timur,Jember,Bangsalsari,Tisnogambar
Jawa Timur,Probolinggo,Kanigaran,Tisnonegaran
Jawa Timur,Kediri,Semen,Titik
Jawa Timur,Lamongan,Sekaran,Titik
Jawa Timur,Tulungagung,Gondang,Tiudan
Jawa Timur,Lamongan,Kalitengah,Tiwet
Jawa Timur,Magetan,Kawedanan,Tladan
Jawa Timur,Bangkalan,Galis,Tlagah
Jawa Timur,Pamekasan,Pegantenan,Tlagah
Jawa Timur,Sampang,Karangpenang,Tlambah
Jawa Timur,Lamongan,Kedungpring,Tlanak
Jawa Timur,Pamekasan,Tlanakan,Tlanakan
Jawa Timur,Sidoarjo,Tulangan,Tlasih
Jawa Timur,Bojonegoro,Purwosari,Tlatah
Jawa Timur,Batu,Junrejo,Tlekung
Jawa Timur,Lamongan,Ngimbang,Tlemang
Jawa Timur,Pamekasan,Tlanakan,Tlesah
Jawa Timur,Blitar,Kanigoro,Tlogo
Jawa Timur,Gresik,Gresik,Tlogo Patut
Jawa Timur,Gresik,Gresik,Tlogo Pojok
Jawa Timur,Bojonegoro,Kedungadem,Tlogoagung
Jawa Timur,Bojonegoro,Baureno,Tlogoagung
Jawa Timur,Lamongan,Kembangbahu,Tlogoagung
Jawa Timur,Lamongan,Lamongan,Tlogoanyar
Jawa Timur,Probolinggo,Tiris,Tlogoargo
Jawa Timur,Gresik,Gresik,Tlogobendung
Jawa Timur,Bojonegoro,Sumberejo,Tlogohaji
Jawa Timur,Bojonegoro,Kepohbaru,Tlogorejo
Jawa Timur,Lamongan,Sukodadi,Tlogorejo
Jawa Timur,Bondowoso,Tlogosari,Tlogosari
Jawa Timur,Situbondo,Sumbermalang,Tlogosari
Jawa Timur,Probolinggo,Tiris,Tlogosari
Jawa Timur,Bangkalan,Kokop,Tlokoh
Jawa Timur,Bangkalan,Tanah Merah,Tlomar
Jawa Timur,Blitar,Sukorejo,Tlumpu
Jawa Timur,Tuban,Soko,Tluwe
Jawa Timur,Sampang,Sokobanah,Tobai Barat
Jawa Timur,Sampang,Sokobanah,Tobai Tengah
Jawa Timur,Pamekasan,Galis,Tobungan
Jawa Timur,Blitar,Srengat,Togogan
Jawa Timur,Bangkalan,Geger,Togubang
Jawa Timur,Pacitan,Nawangan,Tokawi
Jawa Timur,Situbondo,Panji,Tokelan
Jawa Timur,Pamekasan,Proppo,Toket
Jawa Timur,Sampang,Banyuates,Tolang
Jawa Timur,Lumajang,Lumajang,Tompokersan
Jawa Timur,Ponorogo,Ponorogo,Tonatan
Jawa Timur,Bojonegoro,Kedungadem,Tondomulo
Jawa Timur,Jombang,Plandaan,Tondowulan
Jawa Timur,Sumenep,Ra'as,Tonduk
Jawa Timur,Probolinggo,Tongas,Tongaskulon
Jawa Timur,Probolinggo,Tongas,Tongaswetan
Jawa Timur,Sumenep,Batuan,Torbang
Jawa Timur,Sampang,Torjun,Torjun
Jawa Timur,Sampang,Robatal,Torjunan
Jawa Timur,Pamekasan,Pamekasan,Toronan
Jawa Timur,Batu,Junrejo,Torongrejo
Jawa Timur,Ponorogo,Kauman,Tosanan
Jawa Timur,Kediri,Pesantren,Tosaren
Jawa Timur,Pasuruan,Tosari,Tosari
Jawa Timur,Ponorogo,Mlarak,Totokan
Jawa Timur,Pasuruan,Rejoso,Toyaning
Jawa Timur,Kediri,Ngasem,Toyoresmi
Jawa Timur,Lamongan,Karanggeneng,Tracal
Jawa Timur,Bangkalan,Tragah,Tragah
Jawa Timur,Sampang,Robatal,Tragih
Jawa Timur,Pasuruan,Panggungrejo,Trajeng
Jawa Timur,Bondowoso,Wonosari,Traktakan
Jawa Timur,Bangkalan,Kokop,Tramok
Jawa Timur,Ponorogo,Siman,Tranjang
Jawa Timur,Pamekasan,Larangan,Trasak
Jawa Timur,Gresik,Gresik,Trate
Jawa Timur,Bojonegoro,Sugihwaras,Trate
Jawa Timur,Mojokerto,Trawas,Trawas
Jawa Timur,Nganjuk,Ngronggot,Trayang
Jawa Timur,Bondowoso,Taman Krocok,Trebungan
Jawa Timur,Situbondo,Mlandingan,Trebungan
Jawa Timur,Situbondo,Mangaran,Trebungan
Jawa Timur,Pacitan,Arjosari,Tremas
Jawa Timur,Bojonegoro,Malo,Trembes
Jawa Timur,Tulungagung,Sumbergempol,Trenceng
Jawa Timur,Bojonegoro,Ngasem,Trenggulunan
Jawa Timur,Lamongan,Babat,Trepan
Jawa Timur,Pasuruan,Grati,Trewung
Jawa Timur,Situbondo,Asembagus,Trigonco
Jawa Timur,Ponorogo,Babadan,Trisono
Jawa Timur,Nganjuk,Rejoso,Tritik
Jawa Timur,Lamongan,Babat,Tritunggal
Jawa Timur,Probolinggo,Kademangan,Triwung Kidul
Jawa Timur,Probolinggo,Kademangan,Triwung Lor
Jawa Timur,Probolinggo,Kotaanyar,Triwungan
Jawa Timur,Bojonegoro,Baureno,Trojalu
Jawa Timur,Sidoarjo,Jabon,Trompoasri
Jawa Timur,Sidoarjo,Krian,Tropodo
Jawa Timur,Sidoarjo,Waru,Tropodo
Jawa Timur,Sidoarjo,Taman,Trosobo
Jawa Timur,Magetan,Parang,Trosono
Jawa Timur,Lamongan,Sekaran,Trosono
Jawa Timur,Bondowoso,Tlogosari,Trotosari
Jawa Timur,Mojokerto,Trowulan,Trowulan
Jawa Timur,Bojonegoro,Trucuk,Trucuk
Jawa Timur,Magetan,Sukomoro,Truneng
Jawa Timur,Lamongan,Babat,Truni
Jawa Timur,Tuban,Plumpang,Trutup
Jawa Timur,Tulungagung,Sendang,Tugu
Jawa Timur,Tulungagung,Rejotangan,Tugu
Jawa Timur,Kediri,Purwoasri,Tugu
Jawa Timur,Ponorogo,Mlarak,Tugu
Jawa Timur,Lamongan,Mantup,Tugu
Jawa Timur,Blitar,Wates,Tugurejo
Jawa Timur,Kediri,Ngasem,Tugurejo
Jawa Timur,Jember,Bangsalsari,Tugusari
Jawa Timur,Banyuwangi,Banyuwangi,Tukangkayu
Jawa Timur,Lamongan,Deket,Tukkerto
Jawa Timur,Probolinggo,Sumber,Tukul
Jawa Timur,Lumajang,Tekung,Tukum
Jawa Timur,Pacitan,Tulakan,Tulakan
Jawa Timur,Ngawi,Sine,Tulakan
Jawa Timur,Sidoarjo,Tulangan,Tulangan
Jawa Timur,Blitar,Sanankulon,Tuliskriyo
Jawa Timur,Madiun,Saradan,Tulung
Jawa Timur,Magetan,Kawedanan,Tulung
Jawa Timur,Gresik,Kedamean,Tulung
Jawa Timur,Ponorogo,Sampung,Tulung
Jawa Timur,Bojonegoro,Baureno,Tulungagung
Jawa Timur,Bojonegoro,Malo,Tulungagung
Jawa Timur,Tulungagung,Karangrejo,Tulungrejo
Jawa Timur,Blitar,Gandusari,Tulungrejo
Jawa Timur,Blitar,Wates,Tulungrejo
Jawa Timur,Banyuwangi,Glenmore,Tulungrejo
Jawa Timur,Bojonegoro,Sumberejo,Tulungrejo
Jawa Timur,Bojonegoro,Trucuk,Tulungrejo
Jawa Timur,Batu,Bumiaji,Tulungrejo
Jawa Timur,Kediri,Pare,Tulungrejo
Jawa Timur,Tulungagung,Besuki,Tulungrejo
Jawa Timur,Madiun,Madiun,Tulungrejo
Jawa Timur,Probolinggo,Tiris,Tuluparari
Jawa Timur,Mojokerto,Dlanggu,Tumapel
Jawa Timur,Gresik,Duduksampeyan,Tumapel
Jawa Timur,Bojonegoro,Kedungadem,Tumbrasanom
Jawa Timur,Lamongan,Lamongan,Tumenggungan
Jawa Timur,Blitar,Bakung,Tumpakkepuh
Jawa Timur,Blitar,Bakung,Tumpakoyot
Jawa Timur,Blitar,Talun,Tumpang
Jawa Timur,Lumajang,Candipuro,Tumpeng
Jawa Timur,Bondowoso,Wonosari,Tumpeng
Jawa Timur,Pacitan,Bandar,Tumpuk
Jawa Timur,Trenggalek,Tugu,Tumpuk
Jawa Timur,Pasuruan,Kejayan,Tundosuro/Tundosoro
Jawa Timur,Kediri,Wates,Tunge
Jawa Timur,Probolinggo,Wonomerto,Tunggakcerme
Jawa Timur,Mojokerto,Pungging,Tunggalpager
Jawa Timur,Tulungagung,Kalidawir,Tunggangri
Jawa Timur,Tuban,Singgahan,Tunggulrejo
Jawa Timur,Tulungagung,Kedungwaru,Tunggulsari
Jawa Timur,Pasuruan,Pandaan,Tunggulwulung
Jawa Timur,Lamongan,Mantup,Tunggunjagir
Jawa Timur,Magetan,Lembeyan,Tunggur
Jawa Timur,Ngawi,Padas,Tungkulrejo
Jawa Timur,Kediri,Badas,Tunglur
Jawa Timur,Bangkalan,Burneh,Tunjung
Jawa Timur,Blitar,Udanawu,Tunjung
Jawa Timur,Lumajang,Gucialit,Tunjung
Jawa Timur,Lumajang,Randuagung,Tunjung
Jawa Timur,Lamongan,Kalitengah,Tunjungmekar
Jawa Timur,Lumajang,Yosowilangun,Tunjungrejo
Jawa Timur,Bojonegoro,Tambakrejo,Turi
Jawa Timur,Blitar,Sukorejo,Turi
Jawa Timur,Ponorogo,Jetis,Turi
Jawa Timur,Magetan,Panekan,Turi
Jawa Timur,Lamongan,Turi,Turi
Jawa Timur,Lamongan,Maduran,Turi
Jawa Timur,Bojonegoro,Kepohbaru,Turigede
Jawa Timur,Jombang,Megaluh,Turipinggir
Jawa Timur,Malang,Lawang,Turirejo
Jawa Timur,Gresik,Kedamean,Turirejo
Jawa Timur,Kediri,Gurah,Turus
Jawa Timur,Kediri,Gampengrejo,Turus
Jawa Timur,Jember,Balung,Tutul
Jawa Timur,Pasuruan,Tutur,Tutur
Jawa Timur,Surabaya,Semampir,Ujung
Jawa Timur,Bangkalan,Bangkalan,Ujung Piring
Jawa Timur,Lumajang,Kedungjajang,Umbul
Jawa Timur,Pasuruan,Winongan,Umbulan
Jawa Timur,Blitar,Binangun,Umbuldamar
Jawa Timur,Jember,Umbulsari,Umbulrejo
Jawa Timur,Ngawi,Jogorogo,Umbulrejo
Jawa Timur,Jember,Umbulsari,Umbulsari
Jawa Timur,Sidoarjo,Sidoarjo,Urangagung
Jawa Timur,Lumajang,Sukodono,Uranggantung
Jawa Timur,Madiun,Geger,Uteran
Jawa Timur,Gresik,Duduksampeyan,Wadak Kidul
Jawa Timur,Gresik,Duduksampeyan,Wadak Lor
Jawa Timur,Bojonegoro,Ngasem,Wadang
Jawa Timur,Gresik,Sidayu,Wadeng
Jawa Timur,Magetan,Takeran,Waduk
Jawa Timur,Tuban,Soko,Wadung
Jawa Timur,Sidoarjo,Buduran,Wadungasih
Jawa Timur,Sidoarjo,Waru,Wadungasri
Jawa Timur,Sidoarjo,Taman,Wage
Jawa Timur,Ponorogo,Pulung,Wagir Kidul
Jawa Timur,Gresik,Balongpanggang,Wahas
Jawa Timur,Tulungagung,Boyolangu,Wajak Kidul
Jawa Timur,Tulungagung,Boyolangu,Wajak Lor
Jawa Timur,Lamongan,Lamongan,Wajik
Jawa Timur,Ngawi,Ngrambe,Wakah
Jawa Timur,Tuban,Grabagan,Waleran
Jawa Timur,Bondowoso,Prajekan,Walidono
Jawa Timur,Ngawi,Widodaren,Walikukun
Jawa Timur,Lamongan,Pucuk,Wanar
Jawa Timur,Kediri,Gampengrejo,Wanengpaten
Jawa Timur,Lamongan,Glagah,Wangen
Jawa Timur,Sidoarjo,Krembung,Wangkal
Jawa Timur,Probolinggo,Gading,Wangkal
Jawa Timur,Jombang,Gudo,Wangkalkepuh
Jawa Timur,Pasuruan,Kejayan,Wangkalwetan
Jawa Timur,Tuban,Senori,Wanglukulon
Jawa Timur,Tuban,Senori,Wangluwetan
Jawa Timur,Lamongan,Turi,Wangunrejo
Jawa Timur,Bondowoso,Grujugan,Wanisodo
Jawa Timur,Pacitan,Punung,Wareng
Jawa Timur,Sidoarjo,Waru,Waru
Jawa Timur,Surabaya,Karang Pilang,Waru Gunung
Jawa Timur,Sidoarjo,Balongbendo,Waruberon
Jawa Timur,Mojokerto,Pacet,Warugunung
Jawa Timur,Nganjuk,Tanjunganom,Warujayeng
Jawa Timur,Probolinggo,Leces,Warujinggo
Jawa Timur,Lamongan,Karangbinangun,Waruk
Jawa Timur,Ngawi,Kwadungan,Warukkalong
Jawa Timur,Lamongan,Pucuk,Warukulon
Jawa Timur,Pasuruan,Pohjentrek,Warungdowo
Jawa Timur,Lamongan,Kedungpring,Warungring
Jawa Timur,Madiun,Balerejo,Warurejo
Jawa Timur,Ngawi,Pangkur,Warutengah
Jawa Timur,Lamongan,Pucuk,Waruwetan
Jawa Timur,Lamongan,Karangbinangun,Watangpanjang
Jawa Timur,Tulungagung,Sumbergempol,Wates
Jawa Timur,Tulungagung,Campurdarat,Wates
Jawa Timur,Blitar,Wates,Wates
Jawa Timur,Pasuruan,Lekok,Wates
Jawa Timur,Nganjuk,Tanjunganom,Wates
Jawa Timur,Mojokerto,Magersari,Wates
Jawa Timur,Kediri,Wates,Wates
Jawa Timur,Kediri,Pagu,Wates
Jawa Timur,Ponorogo,Jenangan,Wates
Jawa Timur,Magetan,Panekan,Wates
Jawa Timur,Lumajang,Ranuyoso,Wates Kulon
Jawa Timur,Lumajang,Ranuyoso,Wates Wetan
Jawa Timur,Sidoarjo,Balongbendo,Watesari
Jawa Timur,Tulungagung,Besuki,Wateskroyo
Jawa Timur,Mojokerto,Ngoro,Watesnegoro
Jawa Timur,Mojokerto,Kemlagi,Watesprojo
Jawa Timur,Pasuruan,Nguling,Watestani
Jawa Timur,Gresik,Wringinanom,Watestanjung
Jawa Timur,Mojokerto,Trowulan,Watesumpak
Jawa Timur,Lamongan,Sambeng,Wateswinangun
Jawa Timur,Pasuruan,Lumbang,Watu Lumbung
Jawa Timur,Gresik,Bungah,Watuagung
Jawa Timur,Trenggalek,Dongko,Watuagung
Jawa Timur,Trenggalek,Watulimo,Watuagung
Jawa Timur,Pasuruan,Prigen,Watuagung
Jawa Timur,Ngawi,Ngawi,Watualang
Jawa Timur,Ponorogo,Badegan,Watubonang
Jawa Timur,Jombang,Kesamben,Watudakon
Jawa Timur,Nganjuk,Prambon,Watudandang
Jawa Timur,Jombang,Diwek,Watugaluh
Jawa Timur,Kediri,Puncu,Watugede
Jawa Timur,Sidoarjo,Krian,Watugolong
Jawa Timur,Pacitan,Pringkuku,Watukarung
Jawa Timur,Banyuwangi,Wongsorejo,Watukebo
Jawa Timur,Banyuwangi,Blimbingsari,Watukebo
Jawa Timur,Mojokerto,Pungging,Watukenongo
Jawa Timur,Pasuruan,Gempol,Watukosek
Jawa Timur,Trenggalek,Watulimo,Watulimo
Jawa Timur,Probolinggo,Krucil,Watupanjang
Jawa Timur,Pacitan,Bandar,Watupatok
Jawa Timur,Pasuruan,Nguling,Watuprapat
Jawa Timur,Sidoarjo,Prambon,Watutulis
Jawa Timur,Probolinggo,Dringu,Watuwungkuk
Jawa Timur,Sidoarjo,Krembung,Waung
Jawa Timur,Tulungagung,Boyolangu,Waung
Jawa Timur,Nganjuk,Baron,Waung
Jawa Timur,Ponorogo,Pulung,Wayang
Jawa Timur,Madiun,Jiwan,Wayut
Jawa Timur,Gresik,Cerme,Wedani
Jawa Timur,Tuban,Bangilan,Weden
Jawa Timur,Sidoarjo,Gedangan,Wedi
Jawa Timur,Bojonegoro,Kapas,Wedi
Jawa Timur,Sidoarjo,Waru,Wedoro
Jawa Timur,Pasuruan,Pandaan,Wedoro
Jawa Timur,Bojonegoro,Sugihwaras,Wedoro
Jawa Timur,Lamongan,Sukorame,Wedoro
Jawa Timur,Lamongan,Glagah,Wedoro
Jawa Timur,Sidoarjo,Candi,Wedoroklurak
Jawa Timur,Lamongan,Deket,Weduni
Jawa Timur,Probolinggo,Tiris,Wedusan
Jawa Timur,Pasuruan,Lumbang,Welulang
Jawa Timur,Nganjuk,Rejoso,Wengkal
Jawa Timur,Nganjuk,Nganjuk,Werungotok
Jawa Timur,Tuban,Widang,Widang
Jawa Timur,Ngawi,Widodaren,Widodaren
Jawa Timur,Ngawi,Gerih,Widodaren
Jawa Timur,Trenggalek,Gandusari,Widoro
Jawa Timur,Probolinggo,Krejengan,Widoro
Jawa Timur,Pacitan,Donorojo,Widoro
Jawa Timur,Pacitan,Pacitan,Widoro
Jawa Timur,Magetan,Sidorejo,Widorokandang
Jawa Timur,Situbondo,Besuki,Widoropayung
Jawa Timur,Nganjuk,Wilangan,Wilangan
Jawa Timur,Ponorogo,Sambit,Wilangan
Jawa Timur,Sidoarjo,Sukodono,Wilayut
Jawa Timur,Lamongan,Karangbinangun,Windu
Jawa Timur,Mojokerto,Kutorejo,Windurejo
Jawa Timur,Trenggalek,Tugu,Winong
Jawa Timur,Tulungagung,Kedungwaru,Winong
Jawa Timur,Tulungagung,Kalidawir,Winong
Jawa Timur,Pasuruan,Gempol,Winong
Jawa Timur,Madiun,Gemarang,Winong
Jawa Timur,Ponorogo,Jetis,Winong
Jawa Timur,Pasuruan,Winongan,Winongan Kidul
Jawa Timur,Pasuruan,Winongan,Winongan Lor
Jawa Timur,Madiun,Manguharjo,Winongo
Jawa Timur,Sidoarjo,Prambon,Wirobiting
Jawa Timur,Probolinggo,Mayangan,Wiroborang
Jawa Timur,Pasuruan,Purworejo,Wirogunan
Jawa Timur,Jember,Sumbersari,Wirolegi
Jawa Timur,Jember,Ajung,Wirowongso
Jawa Timur,Pacitan,Ngadirojo,Wiyoro
Jawa Timur,Mojokerto,Pacet,Wiyu
Jawa Timur,Surabaya,Wiyung,Wiyung
Jawa Timur,Blitar,Wlingi,Wlingi
Jawa Timur,Banyuwangi,Wongsorejo,Wongsorejo
Jawa Timur,Pacitan,Tulakan,Wonoanti
Jawa Timur,Trenggalek,Gandusari,Wonoanti
Jawa Timur,Probolinggo,Wonoasih,Wonoasih
Jawa Timur,Jember,Tempurejo,Wonoasri
Jawa Timur,Probolinggo,Kuripan,Wonoasri
Jawa Timur,Kediri,Grogol,Wonoasri
Jawa Timur,Madiun,Wonoasri,Wonoasri
Jawa Timur,Lumajang,Ranuyoso,Wonoayu
Jawa Timur,Sidoarjo,Wonoayu,Wonoayu
Jawa Timur,Madiun,Pilangkenceng,Wonoayu
Jawa Timur,Bondowoso,Klabang,Wonoboyo
Jawa Timur,Kediri,Ngasem,Wonocatur
Jawa Timur,Lumajang,Senduro,Wonocepokoayu
Jawa Timur,Sidoarjo,Taman,Wonocolo
Jawa Timur,Bojonegoro,Kedewan,Wonocolo
Jawa Timur,Trenggalek,Panggul,Wonocoyo
Jawa Timur,Trenggalek,Pogalan,Wonocoyo
Jawa Timur,Blitar,Wonodadi,Wonodadi
Jawa Timur,Mojokerto,Kutorejo,Wonodadi
Jawa Timur,Pacitan,Ngadirojo,Wonodadi Kulon
Jawa Timur,Pacitan,Ngadirojo,Wonodadi Wetan
Jawa Timur,Pacitan,Kebonagung,Wonogondo
Jawa Timur,Probolinggo,Lumbang,Wonogoro
Jawa Timur,Lumajang,Tekung,Wonogriyo
Jawa Timur,Jember,Jenggawah,Wonojati
Jawa Timur,Pasuruan,Gondangwetan,Wonojati
Jawa Timur,Kediri,Gurah,Wonojoyo
Jawa Timur,Sidoarjo,Wonoayu,Wonokalang
Jawa Timur,Sidoarjo,Balongbendo,Wonokarang
Jawa Timur,Sidoarjo,Wonoayu,Wonokasian
Jawa Timur,Probolinggo,Sumber,Wonokerso
Jawa Timur,Gresik,Dukun,Wonokerto
Jawa Timur,Trenggalek,Suruh,Wonokerto
Jawa Timur,Lumajang,Tekung,Wonokerto
Jawa Timur,Lumajang,Gucialit,Wonokerto
Jawa Timur,Bondowoso,Klabang,Wonokerto
Jawa Timur,Probolinggo,Sukapura,Wonokerto
Jawa Timur,Pasuruan,Sukorejo,Wonokerto
Jawa Timur,Jombang,Wonosalam,Wonokerto
Jawa Timur,Kediri,Plemahan,Wonokerto
Jawa Timur,Ngawi,Kedunggalar,Wonokerto
Jawa Timur,Ponorogo,Jetis,Wonoketro
Jawa Timur,Pasuruan,Tosari,Wonokitri
Jawa Timur,Situbondo,Kapongan,Wonokoyo
Jawa Timur,Pasuruan,Beji,Wonokoyo
Jawa Timur,Tulungagung,Gondang,Wonokromo
Jawa Timur,Surabaya,Wonokromo,Wonokromo
Jawa Timur,Lamongan,Tikung,Wonokromo
Jawa Timur,Sidoarjo,Balongbendo,Wonokupang
Jawa Timur,Mojokerto,Mojosari,Wonokusumo
Jawa Timur,Bondowoso,Tapen,Wonokusumo
Jawa Timur,Surabaya,Semampir,Wonokusumo
Jawa Timur,Jombang,Wonosalam,Wonomerto
Jawa Timur,Sidoarjo,Krembung,Wonomlati
Jawa Timur,Sidoarjo,Prambon,Wonoplintahan
Jawa Timur,Mojokerto,Gondang,Wonoploso
Jawa Timur,Trenggalek,Gandusari,Wonorejo
Jawa Timur,Tulungagung,Pagerwojo,Wonorejo
Jawa Timur,Tulungagung,Sumbergempol,Wonorejo
Jawa Timur,Blitar,Srengat,Wonorejo
Jawa Timur,Blitar,Talun,Wonorejo
Jawa Timur,Malang,Lawang,Wonorejo
Jawa Timur,Lumajang,Kedungjajang,Wonorejo
Jawa Timur,Jember,Kencong,Wonorejo
Jawa Timur,Situbondo,Banyuputih,Wonorejo
Jawa Timur,Probolinggo,Maron,Wonorejo
Jawa Timur,Probolinggo,Wonomerto,Wonorejo
Jawa Timur,Pasuruan,Lumbang,Wonorejo
Jawa Timur,Pasuruan,Wonorejo,Wonorejo
Jawa Timur,Mojokerto,Trowulan,Wonorejo
Jawa Timur,Gresik,Balongpanggang,Wonorejo
Jawa Timur,Surabaya,Rungkut,Wonorejo
Jawa Timur,Surabaya,Tegalsari,Wonorejo
Jawa Timur,Kediri,Ngadiluwih,Wonorejo
Jawa Timur,Kediri,Wates,Wonorejo
Jawa Timur,Kediri,Puncu,Wonorejo
Jawa Timur,Kediri,Kunjang,Wonorejo
Jawa Timur,Madiun,Mejayan,Wonorejo
Jawa Timur,Ngawi,Kedunggalar,Wonorejo
Jawa Timur,Lamongan,Sambeng,Wonorejo
Jawa Timur,Lamongan,Glagah,Wonorejo
Jawa Timur,Kediri,Plosoklaten,Wonorejo Trisulo
Jawa Timur,Jombang,Wonosalam,Wonosalam
Jawa Timur,Lumajang,Tekung,Wonosari
Jawa Timur,Jember,Puger,Wonosari
Jawa Timur,Bondowoso,Grujugan,Wonosari
Jawa Timur,Bondowoso,Wonosari,Wonosari
Jawa Timur,Pasuruan,Tutur,Wonosari
Jawa Timur,Pasuruan,Wonorejo,Wonosari
Jawa Timur,Pasuruan,Gempol,Wonosari
Jawa Timur,Pasuruan,Gondangwetan,Wonosari
Jawa Timur,Mojokerto,Ngoro,Wonosari
Jawa Timur,Tuban,Senori,Wonosari
Jawa Timur,Kediri,Pagu,Wonosari
Jawa Timur,Ngawi,Sine,Wonosari
Jawa Timur,Pacitan,Ngadirojo,Wonosobo
Jawa Timur,Banyuwangi,Srono,Wonosobo
Jawa Timur,Bondowoso,Tamanan,Wonosuko
Jawa Timur,Pasuruan,Gempol,Wonosunyo
Jawa Timur,Kediri,Purwoasri,Wonotengah
Jawa Timur,Blitar,Wonotirto,Wonotirto
Jawa Timur,Probolinggo,Sukapura,Wonotoro
Jawa Timur,Pacitan,Kebonagung,Worawari
Jawa Timur,Bojonegoro,Kepohbaru,Woro
Jawa Timur,Kediri,Purwoasri,Woromarto
Jawa Timur,Bojonegoro,Sumberejo,Wotan
Jawa Timur,Ponorogo,Pulung,Wotan
Jawa Timur,Mojokerto,Ngoro,Wotanmasjedong
Jawa Timur,Bojonegoro,Kalitidu,Wotanngare
Jawa Timur,Gresik,Balongpanggang,Wotansari
Jawa Timur,Lumajang,Yosowilangun,Wotgalih
Jawa Timur,Pasuruan,Nguling,Wotgalih
Jawa Timur,Pasuruan,Kejayan,Wrati
Jawa Timur,Bondowoso,Wringin,Wringin
Jawa Timur,Situbondo,Asembagus,Wringin Anom
Jawa Timur,Jember,Jombang,Wringinagung
Jawa Timur,Banyuwangi,Gambiran,Wringinagung
Jawa Timur,Gresik,Wringinanom,Wringinanom
Jawa Timur,Situbondo,Jatibanteng,Wringinanom
Jawa Timur,Situbondo,Panarukan,Wringinanom
Jawa Timur,Probolinggo,Kuripan,Wringinanom
Jawa Timur,Probolinggo,Tongas,Wringinanom
Jawa Timur,Ponorogo,Sambit,Wringinanom
Jawa Timur,Banyuwangi,Tegaldlimo,Wringinpitu
Jawa Timur,Jombang,Mojowarno,Wringinpitu
Jawa Timur,Banyuwangi,Muncar,Wringinputih
Jawa Timur,Banyuwangi,Gambiran,Wringinrejo
Jawa Timur,Mojokerto,Sooko,Wringinrejo
Jawa Timur,Jember,Puger,Wringintelu
Jawa Timur,Lamongan,Sambeng,Wudi
Jawa Timur,Tuban,Parengan,Wukirharjo
Jawa Timur,Jombang,Kesamben,Wuluh
Jawa Timur,Madiun,Wungu,Wungu
Jawa Timur,Sidoarjo,Porong,Wunut
Jawa Timur,Mojokerto,Mojoanyar,Wunut
Jawa Timur,Banyuwangi,Gambiran,Yosomulyo
Jawa Timur,Gresik,Manyar,Yosowilangun
Jawa Timur,Lumajang,Yosowilangun,Yosowilangun Kidul
Jawa Timur,Lumajang,Yosowilangun,Yosowilangun Lor
Jawa Timur,Lamongan,Modo,Yungyang
Jawa Timur,Nganjuk,Kertosono,Juwono
Jawa Timur,Pasuruan,Tutur,Tlogosari
Jawa Timur,Jombang,Diwek,Kedawong
Jawa Timur,Jombang,Diwek,Brambang
Jawa Timur,Jombang,Diwek,Balongbesuk
Jawa Timur,Jombang,Diwek,Pandanwangi
Jawa Timur,Jombang,Diwek,Ngudirejo
Jawa Timur,Jombang,Jogoroto,Sumbermulyo
Jawa Timur,Jombang,Megaluh,Ngogri
Jawa Timur,Jombang,Perak,Temuwulan
Jawa Timur,Jombang,Perak,Sukorejo
Jawa Timur,Jombang,Perak,Plosogenuk
Jawa Timur,Jombang,Megaluh,Sidomulyo
Jawa Timur,Jombang,Megaluh,Balonggemek
Jawa Timur,Jombang,Megaluh,Kedungrejo
Jawa Timur,Jombang,Ploso,Rejoagung
Jawa Timur,Jombang,Ploso,Ploso
Jawa Timur,Jombang,Ploso,Daditunggal
Jawa Timur,Jombang,Ploso,Jatigedong
Jawa Timur,Jombang,Megaluh,Balongsari
Jawa Timur,Jombang,Jogoroto,Tambar
Jawa Timur,Jombang,Kesamben,Kedungmlati
Jawa Timur,Jombang,Kesamben,Kedungbetik
Jawa Timur,Jombang,Kesamben,Pojokkulon
Jawa Timur,Jombang,Jogoroto,Janti
Jawa Timur,Jombang,Sumobito,Mentoro
Jawa Timur,Jombang,Jogoroto,Ngumpul
Jawa Timur,Jombang,Sumobito,Plosokerep
Jawa Timur,Jombang,Sumobito,Trawasan
Jawa Timur,Jombang,Ploso,Tanggungkramat
Jawa Timur,Jombang,Jombang,Jabon
Jawa Timur,Jombang,Jombang,Plandi
Jawa Timur,Jombang,Jombang,Kaliwungu
Jawa Timur,Jombang,Jombang,Jombatan
Jawa Timur,Jombang,Jombang,Jelakombo
Jawa Timur,Jombang,Jombang,Tunggorono
Jawa Timur,Jombang,Jombang,Kepanjen
Jawa Timur,Jombang,Peterongan,Peterongan
Jawa Timur,Jombang,Jombang,Pulolor
Jawa Timur,Jombang,Peterongan,Keplaksari
Jawa Timur,Jombang,Jombang,Jombang
Jawa Timur,Jombang,Jombang,Candimulyo
Jawa Timur,Jombang,Jombang,Mojongapit
Jawa Timur,Jombang,Peterongan,Mancar
Jawa Timur,Jombang,Peterongan,Kepuhkembeng
Jawa Timur,Jombang,Jombang,Denanyar
Jawa Timur,Jombang,Jombang,Sambongdukuh
Jawa Timur,Jombang,Jombang,Tambakrejo
Jawa Timur,Jombang,Jombang,Dapurkejambon
Jawa Timur,Jombang,Peterongan,Tugusumberjo
Jawa Timur,Jombang,Jombang,Sumberjo
Jawa Timur,Jombang,Jombang,Plosogeneng
Jawa Timur,Jombang,Jombang,Banjardowo
Jawa Timur,Jombang,Peterongan,Tanjunggunung
Jawa Timur,Jombang,Peterongan,Senden
Jawa Timur,Jombang,Peterongan,Dukuhklopo
Jawa Timur,Jombang,Tembelang,Kalikejambon
Jawa Timur,Jombang,Peterongan,Bongkot
Jawa Timur,Jombang,Tembelang,Mojokrapak
Jawa Timur,Jombang,Tembelang,Kedunglosari
Jawa Timur,Jombang,Tembelang,Tampingmojo
Jawa Timur,Jombang,Peterongan,Sumberagung
Jawa Timur,Jombang,Tembelang,Pesantren
Jawa Timur,Jombang,Peterongan,Tengaran
Jawa Timur,Jombang,Tembelang,Kedungotok
Jawa Timur,Jombang,Tembelang,Tembelang
Jawa Timur,Jombang,Tembelang,Pulorejo
Jawa Timur,Jombang,Tembelang,Rejosopinggir
Jawa Timur,Jombang,Tembelang,Sentul
Jawa Timur,Jombang,Tembelang,Gabusbanaran
Jawa Timur,Jombang,Tembelang,Pulogedang
Jawa Timur,Jombang,Tembelang,Bedahlawak
Jawa Timur,Jombang,Tembelang,Jatiwates
Jawa Timur,Jombang,Tembelang,Kepuhdoko
Jawa Timur,Jombang,Perak,Cangkringrandu
Jawa Timur,Jombang,Megaluh,Sumbersari
Jawa Timur,Jombang,Kesamben,Gumulan
Jawa Timur,Jombang,Jombang,Sengon
Jawa Timur,Jombang,Jombang,Kepatihan
Jawa Timur,Jombang,Sumobito,Gedangan
Jawa Timur,Jombang,Peterongan,Ngrandulor
Jawa Timur,Jombang,Sumobito,Nglele
Jawa Timur,Jombang,Peterongan,Kebontemu
Jawa Timur,Jombang,Peterongan,Morosunggingan
Jawa Timur,Jombang,Perak,Glagahan
Jawa Timur,Trenggalek,Watulimo,Tasikmadu
Jawa Timur,Surabaya,Benowo,Romokalisari
Jawa Timur,Malang,Pakisaji,Genengan
Jawa Timur,Malang,Pakisaji,Jatisari
Jawa Timur,Malang,Pakisaji,Karangpandan
Jawa Timur,Malang,Pakisaji,Kebonagung
Jawa Timur,Malang,Pakisaji,Pakisaji
Jawa Timur,Malang,Pakisaji,Wadung
Jawa Timur,Pacitan,Tulakan,Bubakan
Jawa Timur,Pacitan,Tegalombo,Kasihan
Jawa Timur,Pacitan,Tulakan,Ketro
Jawa Timur,Pacitan,Tulakan,Losari
Jawa Timur,Pacitan,Tulakan,Ngumbul
Jawa Timur,Pacitan,Tegalombo,Pucangombo
Jawa Timur,Pacitan,Ngadirojo,Wonoasri
Jawa Timur,Pacitan,Ngadirojo,Wonokarto
Jawa Timur,Pacitan,Tulakan,Wonosidi
Jawa Timur,Malang,Sumbermanjing Wetan,Tambakrejo
Jawa Timur,Malang,Sumbermanjing Wetan,Sitiarjo
Jawa Timur,Malang,Sumbermanjing Wetan,Kedungbanteng
Jawa Timur,Malang,Tirtoyudo,Pujiharjo
Jawa Timur,Malang,Sumbermanjing Wetan,Sidoasri
Jawa Timur,Malang,Gedangan,Sidodadi
Jawa Timur,Malang,Sumbermanjing Wetan,Tambakasri
Jawa Timur,Malang,Bantur,Srigonco
Jawa Timur,Malang,Gedangan,Gajahrejo
Jawa Timur,Malang,Donomulyo,Tulungrejo
Jawa Timur,Malang,Gedangan,Sindurejo
Jawa Timur,Malang,Bantur,Wonorejo
Jawa Timur,Malang,Gedangan,Tumpakrejo
Jawa Timur,Malang,Donomulyo,Banjarejo
Jawa Timur,Malang,Sumbermanjing Wetan,Sumberagung
Jawa Timur,Malang,Sumbermanjing Wetan,Argotirto
Jawa Timur,Malang,Gedangan,Girimulyo
Jawa Timur,Malang,Donomulyo,Mentaraman
Jawa Timur,Malang,Bantur,Sumberbening
Jawa Timur,Malang,Donomulyo,Kedungsalam
Jawa Timur,Malang,Bantur,Bandungrejo
Jawa Timur,Malang,Donomulyo,Tempursari
Jawa Timur,Malang,Bantur,Bantur
Jawa Timur,Malang,Pagak,Pandanrejo
Jawa Timur,Malang,Pagak,Sumbermanjingkulon
Jawa Timur,Malang,Dampit,Sukodono
Jawa Timur,Malang,Gedangan,Gedangan
Jawa Timur,Malang,Ampelgading,Lebakharjo
Jawa Timur,Malang,Sumbermanjing Wetan,Tegalrejo
Jawa Timur,Malang,Tirtoyudo,Sumbertangkil
Jawa Timur,Malang,Tirtoyudo,Kepatihan
Jawa Timur,Malang,Sumbermanjing Wetan,Ringinkembar
Jawa Timur,Malang,Sumbermanjing Wetan,Ringinsari
Jawa Timur,Malang,Bantur,Pringgodani
Jawa Timur,Malang,Donomulyo,Donomulyo
Jawa Timur,Malang,Dampit,Baturetno
Jawa Timur,Malang,Donomulyo,Tlogosari
Jawa Timur,Malang,Sumbermanjing Wetan,Harjokuncaran
Jawa Timur,Malang,Pagak,Sumberkerto
Jawa Timur,Malang,Sumbermanjing Wetan,Sekarbanyu
Jawa Timur,Malang,Bantur,Rejosari
Jawa Timur,Malang,Kalipare,Kaliasri
Jawa Timur,Malang,Ampelgading,Wirotaman
Jawa Timur,Malang,Tirtoyudo,Jogomulyan
Jawa Timur,Malang,Ampelgading,Sonowangi
Jawa Timur,Malang,Donomulyo,Purworejo
Jawa Timur,Malang,Dampit,Srimulyo
Jawa Timur,Malang,Ampelgading,Purwoharjo
Jawa Timur,Malang,Gedangan,Segaran
Jawa Timur,Malang,Donomulyo,Sumberoto
Jawa Timur,Malang,Sumbermanjing Wetan,Sumbermanjing Wetan
Jawa Timur,Malang,Gedangan,Sumberejo
Jawa Timur,Malang,Pagak,Sempol
Jawa Timur,Malang,Dampit,Dampit
Jawa Timur,Malang,Kalipare,Putukrejo
Jawa Timur,Malang,Ampelgading,Tirtomarto
Jawa Timur,Malang,Tirtoyudo,Tirtoyudo
Jawa Timur,Malang,Sumbermanjing Wetan,Klepu
Jawa Timur,Malang,Sumbermanjing Wetan,Druju
Jawa Timur,Malang,Dampit,Bumirejo
Jawa Timur,Malang,Tirtoyudo,Tlogosari
Jawa Timur,Malang,Turen,Kemulan
Jawa Timur,Malang,Ampelgading,Tamanasri
Jawa Timur,Malang,Dampit,Sumbersuko
Jawa Timur,Malang,Bantur,Wonokerto
Jawa Timur,Malang,Bantur,Karangsari
Jawa Timur,Malang,Pagelaran,Clumprit
Jawa Timur,Malang,Tirtoyudo,Gadungsari
Jawa Timur,Malang,Kalipare,Tumpakrejo
Jawa Timur,Malang,Turen,Tawangrejeni
Jawa Timur,Bangkalan,Kokop,Batokorogan
Jawa Timur,Sumenep,Dasuk,Batubellah Barat
Jawa Timur,Sumenep,Dasuk,Batubellah Timur
Jawa Timur,Gresik,Ujungpangkah,Gosari
Jawa Timur,Bangkalan,Klampis,Karang Asem
Jawa Timur,Sumenep,Batang Batang,Kolpo
Jawa Timur,Sumenep,Batang Batang,Lombang
Jawa Timur,Bangkalan,Klampis,Moarah
Jawa Timur,Bangkalan,Klampis,Ra'as
Jawa Timur,Sumenep,Sapeken,Sakala
Jawa Timur,Gresik,Panceng,Siwalan
Jawa Timur,Sumenep,Ambunten,Sogian
Jawa Timur,Gresik,Panceng,Surowiti
Jawa Timur,Pamekasan,Waru,Tagangser Laok
Jawa Timur,Pamekasan,Waru,Tlonto Ares
Jawa Timur,Tuban,Bancar,Latsari
Jawa Timur,Sumenep,Ambunten,Ambunten Tengah
Jawa Timur,Sumenep,Arjasa,Angkatan
Jawa Timur,Sampang,Banyuates,Asem Jaran
Jawa Timur,Bangkalan,Tanjung Bumi,Bandang Dajah
Jawa Timur,Lamongan,Solokuro,Banyubang
Jawa Timur,Sampang,Ketapang,Banyusokah
Jawa Timur,Gresik,Ujungpangkah,Banyuurip
Jawa Timur,Pamekasan,Batumarmar,Batu Bintang
Jawa Timur,Sumenep,Kangayan,Batuputih
Jawa Timur,Sumenep,Batuputih,Batuputih Kenek
Jawa Timur,Sumenep,Batuputih,Batuputih Laok
Jawa Timur,Tuban,Semanding,Bejagung
Jawa Timur,Sumenep,Ambunten,Belluk Kenek
Jawa Timur,Sumenep,Ambunten,Belluk Raja
Jawa Timur,Sumenep,Batang Batang,Bilangan
Jawa Timur,Sampang,Ketapang,Bira Barat
Jawa Timur,Sampang,Sokobanah,Bira Timur
Jawa Timur,Pamekasan,Batumarmar,Blaban
Jawa Timur,Lamongan,Solokuro,Bluri
Jawa Timur,Tuban,Semanding,Boto
Jawa Timur,Sumenep,Batuputih,Bulla'an
Jawa Timur,Bangkalan,Klampis,Bulung
Jawa Timur,Bangkalan,Tanjung Bumi,Bungkeng
Jawa Timur,Gresik,Ujungpangkah,Cangaan
Jawa Timur,Sumenep,Kangayan,Cangkramaan
Jawa Timur,Tuban,Palang,Cendoro
Jawa Timur,Tuban,Palang,Cepokorejo
Jawa Timur,Lamongan,Solokuro,Dagan
Jawa Timur,Sumenep,Batang Batang,Dapenda
Jawa Timur,Sumenep,Dasuk,Dasuk Laok
Jawa Timur,Tuban,Palang,Dawung
Jawa Timur,Pamekasan,Pasean,Dempo Barat
Jawa Timur,Pamekasan,Pasean,Dempo Timur
Jawa Timur,Tuban,Jatirogo,Dingil
Jawa Timur,Sumenep,Batuputih,Gedang-Gedang
Jawa Timur,Tuban,Semanding,Gedongombo
Jawa Timur,Tuban,Kerek,Gemulung
Jawa Timur,Tuban,Kerek,Hargoretno
Jawa Timur,Sumenep,Batang Batang,Jangkong
Jawa Timur,Tuban,Jatirogo,Jatiklabang
Jawa Timur,Sumenep,Dasuk,Jelbudan
Jawa Timur,Sumenep,Batuputih,Juruan Laok
Jawa Timur,Tuban,Merakurak,Kapu
Jawa Timur,Sumenep,Ambunten,Keles
Jawa Timur,Sampang,Banyuates,Kembang Jeruk
Jawa Timur,Sumenep,Dasuk,Kerta Barat
Jawa Timur,Gresik,Panceng,Ketanen
Jawa Timur,Sampang,Ketapang,Ketapang Daya
Jawa Timur,Sampang,Ketapang,Ketapang Laok
Jawa Timur,Sampang,Ketapang,Ketapang Timur
Jawa Timur,Bangkalan,Sepulu,Klabetan
Jawa Timur,Bangkalan,Klampis,Ko'ol
Jawa Timur,Sumenep,Arjasa,Kolo-kolo
Jawa Timur,Tuban,Palang,Kradenan
Jawa Timur,Sumenep,Batuputih,Larangan Barma
Jawa Timur,Bangkalan,Klampis,Larangan Glintong
Jawa Timur,Sumenep,Batuputih,Larangan Kerta
Jawa Timur,Bangkalan,Tanjung Bumi,Larangan Timur
Jawa Timur,Sumenep,Batang Batang,Legung Barat
Jawa Timur,Sumenep,Batang Batang,Legung Timur
Jawa Timur,Pamekasan,Batumarmar,Lesong Daja
Jawa Timur,Bangkalan,Sepulu,Maneron
Jawa Timur,Bangkalan,Klampis,Manonggal
Jawa Timur,Sumenep,Dasuk,Mantajun
Jawa Timur,Sampang,Banyuates,Montor
Jawa Timur,Sampang,Banyuates,Morbatoh
Jawa Timur,Sumenep,Dasuk,Nyapar
Jawa Timur,Tuban,Kerek,Padasan
Jawa Timur,Sampang,Ketapang,Pangereman
Jawa Timur,Gresik,Ujungpangkah,Pangkahkulon
Jawa Timur,Gresik,Ujungpangkah,Pangkahwetan
Jawa Timur,Gresik,Panceng,Pantenan
Jawa Timur,Sampang,Ketapang,Paopale Daya
Jawa Timur,Sumenep,Arjasa,Paseraman
Jawa Timur,Sumenep,Pasongsongan,Pasongsongan
Jawa Timur,Bangkalan,Tanjung Bumi,Planggiran
Jawa Timur,Tuban,Merakurak,Pongpongan
Jawa Timur,Tuban,Semanding,Prunggahan Wetan
Jawa Timur,Gresik,Panceng,Prupuh
Jawa Timur,Sumenep,Arjasa,Sawah Sumur
Jawa Timur,Sumenep,Dasuk,Semaan
Jawa Timur,Tuban,Semanding,Semanding
Jawa Timur,Lamongan,Brondong,Sendangharjo
Jawa Timur,Tuban,Kenduruan,Sidohasri
Jawa Timur,Tuban,Kenduruan,Sidomukti
Jawa Timur,Tuban,Kerek,Sidonganti
Jawa Timur,Sumenep,Pasongsongan,Soddara
Jawa Timur,Sampang,Sokobanah,Sokobanah Tengah
Jawa Timur,Tuban,Kenduruan,Sokogrenjeng
Jawa Timur,Lamongan,Solokuro,Sugihan
Jawa Timur,Tuban,Palang,Sumurgung
Jawa Timur,Pamekasan,Pasean,Tagangser Dajah
Jawa Timur,Bangkalan,Tanjung Bumi,Tagungguh
Jawa Timur,Tuban,Merakurak,Tahulu
Jawa Timur,Sumenep,Ambunten,Tambaagung Ares
Jawa Timur,Sumenep,Ambunten,Tambaagung Barat
Jawa Timur,Sumenep,Ambunten,Tambaagung Tengah
Jawa Timur,Sumenep,Ambunten,Tambaagung Timur
Jawa Timur,Bangkalan,Tanjung Bumi,Tambak Pocok
Jawa Timur,Sampang,Sokobanah,Tamberu Daya
Jawa Timur,Tuban,Kenduruan,Tawaran
Jawa Timur,Sampang,Banyuates,Tebanah
Jawa Timur,Tuban,Palang,Tegalbang
Jawa Timur,Tuban,Merakurak,Tegalrejo
Jawa Timur,Tuban,Kerek,Temayang
Jawa Timur,Sumenep,Batuputih,Tengedan
Jawa Timur,Tuban,Kerek,Tenggerwetan
Jawa Timur,Lamongan,Brondong,Tlogoretno
Jawa Timur,Pamekasan,Pasean,Tlonto Raja
Jawa Timur,Bangkalan,Klampis,Tobaddung
Jawa Timur,Bangkalan,Klampis,Tolbuk
Jawa Timur,Bangkalan,Klampis,Trogan
Jawa Timur,Tuban,Merakurak,Tuwiri Wetan
Jawa Timur,Bangkalan,Tanjung Bumi,Aeng Taber
Jawa Timur,Sumenep,Ambunten,Ambunten Barat
Jawa Timur,Sumenep,Ambunten,Ambunten Timur
Jawa Timur,Sumenep,Arjasa,Angon-angon
Jawa Timur,Sumenep,Arjasa,Arjasa
Jawa Timur,Tuban,Jatirogo,Bader
Jawa Timur,Sumenep,Batuputih,Badur
Jawa Timur,Gresik,Sangkapura,Balikterus
Jawa Timur,Tuban,Bancar,Bancar
Jawa Timur,Tuban,Bancar,Banjarjo
Jawa Timur,Lamongan,Paciran,Banjarwati
Jawa Timur,Sumenep,Batuputih,Bantelan
Jawa Timur,Bangkalan,Sepulu,Banyior
Jawa Timur,Sampang,Banyuates,Banyuates
Jawa Timur,Bangkalan,Tanjung Bumi,Banyusangka
Jawa Timur,Gresik,Panceng,Banyutengah
Jawa Timur,Sampang,Banyuates,Batioh
Jawa Timur,Bangkalan,Klampis,Bator
Jawa Timur,Pamekasan,Pasean,Batukerbuy
Jawa Timur,Sumenep,Batuputih,Batuputih Daya
Jawa Timur,Tuban,Tuban,Baturetno
Jawa Timur,Tuban,Jenu,Beji
Jawa Timur,Tuban,Tambakboyo,Belikanget
Jawa Timur,Sumenep,Ambunten,Belluk Ares
Jawa Timur,Tuban,Jatirogo,Besowo
Jawa Timur,Sumenep,Arjasa,Bilis-bilis
Jawa Timur,Pamekasan,Pasean,Bindang
Jawa Timur,Lamongan,Paciran,Blimbing
Jawa Timur,Tuban,Bancar,Bogorejo
Jawa Timur,Tuban,Merakurak,Bogorejo
Jawa Timur,Tuban,Bancar,Boncong
Jawa Timur,Tuban,Merakurak,Borehbangle
Jawa Timur,Lamongan,Brondong,Brengkok
Jawa Timur,Lamongan,Brondong,Brondong
Jawa Timur,Sumenep,Ambunten,Bukabu
Jawa Timur,Tuban,Bancar,Bulujowo
Jawa Timur,Bangkalan,Klampis,Bulukagung
Jawa Timur,Gresik,Sangkapura,Bululanjang
Jawa Timur,Tuban,Bancar,Bulumeduro
Jawa Timur,Bangkalan,Tanjung Bumi,Bumi Anyar
Jawa Timur,Sumenep,Ambunten,Campor Barat
Jawa Timur,Sumenep,Ambunten,Campor Timur
Jawa Timur,Gresik,Panceng,Campurejo
Jawa Timur,Tuban,Bancar,Cingklung
Jawa Timur,Tuban,Tambakboyo,Cokrowati
Jawa Timur,Sumenep,Kangayan,Daandung
Jawa Timur,Gresik,Panceng,Dalegan
Jawa Timur,Tuban,Tambakboyo,Dasin
Jawa Timur,Sumenep,Dasuk,Dasuk Barat
Jawa Timur,Sumenep,Dasuk,Dasuk Timur
Jawa Timur,Gresik,Sangkapura,Daun
Jawa Timur,Gresik,Sangkapura,Dekatagung
Jawa Timur,Tuban,Jatirogo,Demit
Jawa Timur,Tuban,Tambakboyo,Dikir
Jawa Timur,Gresik,Tambak,Diponggo
Jawa Timur,Tuban,Tuban,Doromukti
Jawa Timur,Lamongan,Paciran,Drajat
Jawa Timur,Sumenep,Arjasa,Duko
Jawa Timur,Tuban,Tambakboyo,Gadon
Jawa Timur,Tuban,Kerek,Gaji
Jawa Timur,Gresik,Tambak,Gelam
Jawa Timur,Tuban,Palang,Gesikharjo
Jawa Timur,Tuban,Palang,Glodog
Jawa Timur,Tuban,Tambakboyo,Glondonggede
Jawa Timur,Gresik,Tambak,Grejeg
Jawa Timur,Gresik,Sangkapura,Gunungteguh
Jawa Timur,Tuban,Kerek,Jarorejo
Jawa Timur,Tuban,Bancar,Jatisari
Jawa Timur,Sampang,Banyuates,Jatra Timur
Jawa Timur,Tuban,Jenu,Jenggolo
Jawa Timur,Tuban,Jenu,Jenu
Jawa Timur,Tuban,Jatirogo,Jombok
Jawa Timur,Sumenep,Kangayan,Jukong-jukong
Jawa Timur,Sumenep,Batuputih,Juruan Daya
Jawa Timur,Sumenep,Arjasa,Kalikatak
Jawa Timur,Sumenep,Arjasa,Kalinganyar
Jawa Timur,Sumenep,Arjasa,Kalisangka
Jawa Timur,Tuban,Jenu,Kaliuntu
Jawa Timur,Lamongan,Paciran,Kandangsemangkon
Jawa Timur,Pamekasan,Batumarmar,Kapong
Jawa Timur,Tuban,Semanding,Karang
Jawa Timur,Tuban,Palang,Karangagung
Jawa Timur,Tuban,Jenu,Karangasem
Jawa Timur,Tuban,Kerek,Karanglo
Jawa Timur,Tuban,Bancar,Karangrejo
Jawa Timur,Tuban,Tuban,Karangsari
Jawa Timur,Tuban,Jatirogo,Karangtengah
Jawa Timur,Tuban,Kerek,Kasiman
Jawa Timur,Tuban,Bancar,Kayen
Jawa Timur,Tuban,Jatirogo,Kebonharjo
Jawa Timur,Tuban,Tuban,Kebonsari
Jawa Timur,Gresik,Sangkapura,Kebontelukdalam
Jawa Timur,Tuban,Jatirogo,Kedungmakam
Jawa Timur,Tuban,Kerek,Kedungrejo
Jawa Timur,Lamongan,Paciran,Kemantren
Jawa Timur,Tuban,Tuban,Kembangbilo
Jawa Timur,Tuban,Tambakboyo,Kenanti
Jawa Timur,Gresik,Tambak,Kepuhlegundi
Jawa Timur,Gresik,Tambak,Kepuhteluk
Jawa Timur,Sumenep,Dasuk,Kerta Timur
Jawa Timur,Sampang,Ketapang,Ketapang Barat
Jawa Timur,Tuban,Jatirogo,Ketodan
Jawa Timur,Tuban,Tuban,Kingking
Jawa Timur,Bangkalan,Klampis,Klampis Barat
Jawa Timur,Bangkalan,Klampis,Klampis Timur
Jawa Timur,Gresik,Tambak,Klumpanggubug
Jawa Timur,Tuban,Tambakboyo,Klutuk
Jawa Timur,Gresik,Sangkapura,Kotakusuma
Jawa Timur,Sumenep,Masalembu,Kramian
Jawa Timur,Lamongan,Paciran,Kranji
Jawa Timur,Gresik,Sangkapura,Kumalasa
Jawa Timur,Tuban,Tuban,Kutorejo
Jawa Timur,Bangkalan,Sepulu,Labuhan
Jawa Timur,Lamongan,Brondong,Labuhan
Jawa Timur,Sumenep,Arjasa,Laok Jang-Jang
Jawa Timur,Bangkalan,Klampis,Larangan Sorjan
Jawa Timur,Tuban,Tuban,Latsari
Jawa Timur,Gresik,Sangkapura,Lebak
Jawa Timur,Bangkalan,Sepulu,Lembung Paseser
Jawa Timur,Lamongan,Brondong,Lohgung
Jawa Timur,Bangkalan,Tanjung Bumi,Macajah
Jawa Timur,Tuban,Tambakboyo,Mander
Jawa Timur,Tuban,Merakurak,Mandirejo
Jawa Timur,Tuban,Kerek,Margomulyo
Jawa Timur,Tuban,Kerek,Margorejo
Jawa Timur,Tuban,Bancar,Margosuko
Jawa Timur,Sumenep,Masalembu,Masakambing
Jawa Timur,Sumenep,Masalembu,Masalima
Jawa Timur,Sampang,Banyuates,Masaran
Jawa Timur,Tuban,Jenu,Mentoso
Jawa Timur,Tuban,Tambakboyo,Merkawang
Jawa Timur,Tuban,Kerek,Mliwang
Jawa Timur,Tuban,Tuban,Mondokan
Jawa Timur,Bangkalan,Klampis,Mrandung
Jawa Timur,Sampang,Banyuates,Nepa
Jawa Timur,Tuban,Bancar,Ngampelrejo
Jawa Timur,Gresik,Ujungpangkah,Ngemboh
Jawa Timur,Tuban,Jatirogo,Ngepon
Jawa Timur,Tuban,Bancar,Ngujuran
Jawa Timur,Tuban,Tambakboyo,Ngulahan
Jawa Timur,Sumenep,Arjasa,Pabean
Jawa Timur,Tuban,Tambakboyo,Pabeyan
Jawa Timur,Lamongan,Paciran,Paciran
Jawa Timur,Sumenep,Pasongsongan,Padangdangan
Jawa Timur,Tuban,Palang,Palang
Jawa Timur,Lamongan,Paciran,Paloh
Jawa Timur,Sumenep,Pasongsongan,Panaongan
Jawa Timur,Sumenep,Arjasa,Pandeman
Jawa Timur,Bangkalan,Tanjung Bumi,Paseseh
Jawa Timur,Tuban,Jatirogo,Paseyan
Jawa Timur,Gresik,Sangkapura,Patarselamat
Jawa Timur,Tuban,Palang,Payuran
Jawa Timur,Gresik,Tambak,Pekalongan
Jawa Timur,Tuban,Tuban,Perbon
Jawa Timur,Gresik,Tambak,Peromaan
Jawa Timur,Tuban,Tambakboyo,Plajan
Jawa Timur,Tuban,Palang,Pliwetan
Jawa Timur,Bangkalan,Sepulu,Prancak
Jawa Timur,Gresik,Sangkapura,Pudakitbarat
Jawa Timur,Gresik,Sangkapura,Pudakittimur
Jawa Timur,Tuban,Bancar,Pugoh
Jawa Timur,Tuban,Tambakboyo,Pulogede
Jawa Timur,Tuban,Jenu,Purworejo
Jawa Timur,Sampang,Ketapang,Rabiyan
Jawa Timur,Tuban,Jenu,Rawasan
Jawa Timur,Tuban,Jenu,Remen
Jawa Timur,Tuban,Tuban,Ronggomulyo
Jawa Timur,Tuban,Jatirogo,Sadang
Jawa Timur,Sumenep,Arjasa,Sambakati
Jawa Timur,Tuban,Merakurak,Sambonggede
Jawa Timur,Gresik,Sangkapura,Sawahmulya
Jawa Timur,Tuban,Tambakboyo,Sawir
Jawa Timur,Lamongan,Brondong,Sedayulawas
Jawa Timur,Tuban,Jatirogo,Sekaran
Jawa Timur,Tuban,Jenu,Sekardadi
Jawa Timur,Tuban,Bancar,Sembungin
Jawa Timur,Tuban,Merakurak,Sembungrejo
Jawa Timur,Lamongan,Paciran,Sendangagung
Jawa Timur,Lamongan,Paciran,Sendangduwur
Jawa Timur,Tuban,Merakurak,Sendanghaji
Jawa Timur,Tuban,Tuban,Sendangharjo
Jawa Timur,Tuban,Merakurak,Senori
Jawa Timur,Bangkalan,Sepulu,Sepulu
Jawa Timur,Sumenep,Batuputih,Sergang
Jawa Timur,Tuban,Bancar,Siding
Jawa Timur,Gresik,Sangkapura,Sidogedungbatu
Jawa Timur,Lamongan,Paciran,Sidokelar
Jawa Timur,Lamongan,Paciran,Sidokumpul
Jawa Timur,Lamongan,Brondong,Sidomukti
Jawa Timur,Tuban,Jatirogo,Sidomulyo
Jawa Timur,Tuban,Bancar,Sidomulyo
Jawa Timur,Tuban,Tuban,Sidomulyo
Jawa Timur,Tuban,Tuban,Sidorejo
Jawa Timur,Sumenep,Dasuk,Slopeng
Jawa Timur,Tuban,Tambakboyo,Sobontoro
Jawa Timur,Tuban,Jenu,Socorejo
Jawa Timur,Sampang,Sokobanah,Sokobanah Daya
Jawa Timur,Pamekasan,Pasean,Sotabar
Jawa Timur,Tuban,Tambakboyo,Sotang
Jawa Timur,Tuban,Jatirogo,Sugihan
Jawa Timur,Tuban,Merakurak,Sugihan
Jawa Timur,Tuban,Tuban,Sugiharjo
Jawa Timur,Tuban,Jenu,Sugihwaras
Jawa Timur,Sumenep,Masalembu,Sukajeruk
Jawa Timur,Gresik,Tambak,Sukalela
Jawa Timur,Gresik,Tambak,Sukaoneng
Jawa Timur,Tuban,Bancar,Sukoharjo
Jawa Timur,Tuban,Bancar,Sukolilo
Jawa Timur,Tuban,Tuban,Sukolilo
Jawa Timur,Tuban,Merakurak,Sumber
Jawa Timur,Lamongan,Brondong,Sumberagung
Jawa Timur,Tuban,Bancar,Sumberan
Jawa Timur,Tuban,Kerek,Sumberarum
Jawa Timur,Tuban,Merakurak,Sumberjo
Jawa Timur,Sumenep,Arjasa,Sumbernangka
Jawa Timur,Lamongan,Paciran,Sumurgayam
Jawa Timur,Tuban,Jenu,Sumurgeneng
Jawa Timur,Tuban,Tuban,Sumurgung
Jawa Timur,Gresik,Sangkapura,Sungairujing
Jawa Timur,Gresik,Sangkapura,Sungaiteluk
Jawa Timur,Tuban,Jenu,Suwalan
Jawa Timur,Gresik,Sangkapura,Suwari
Jawa Timur,Gresik,Tambak,Tambak
Jawa Timur,Tuban,Tambakboyo,Tambakboyo
Jawa Timur,Pamekasan,Batumarmar,Tamberu
Jawa Timur,Sampang,Sokobanah,Tamberu Barat
Jawa Timur,Sampang,Sokobanah,Tamberu Timur
Jawa Timur,Bangkalan,Sepulu,Tanagura Barat
Jawa Timur,Bangkalan,Sepulu,Tanagura Timur
Jawa Timur,Bangkalan,Tanjung Bumi,Tanjung Bumi
Jawa Timur,Gresik,Tambak,Tanjungori
Jawa Timur,Tuban,Jenu,Tasikharjo
Jawa Timur,Tuban,Palang,Tasikmadu
Jawa Timur,Tuban,Semanding,Tegalagung
Jawa Timur,Bangkalan,Tanjung Bumi,Telaga Biru
Jawa Timur,Gresik,Tambak,Telukjatidawang
Jawa Timur,Tuban,Jenu,Temaji
Jawa Timur,Tuban,Merakurak,Temandang
Jawa Timur,Tuban,Bancar,Tenggerkulon
Jawa Timur,Bangkalan,Klampis,Tenggun Dajah
Jawa Timur,Tuban,Bancar,Tergambang
Jawa Timur,Sumenep,Kangayan,Timur Jang-Jang
Jawa Timur,Bangkalan,Tanjung Bumi,Tlangoh
Jawa Timur,Tuban,Bancar,Tlogoagung
Jawa Timur,Lamongan,Paciran,Tlogosadang
Jawa Timur,Tuban,Merakurak,Tlogowaru
Jawa Timur,Tuban,Merakurak,Tobo
Jawa Timur,Tuban,Kerek,Trantang
Jawa Timur,Sampang,Banyuates,Trapang
Jawa Timur,Lamongan,Paciran,Tunggul
Jawa Timur,Tuban,Merakurak,Tuwiri Kulon
Jawa Timur,Tuban,Jenu,Wadung
Jawa Timur,Tuban,Jatirogo,Wangi
Jawa Timur,Lamongan,Paciran,Warulor
Jawa Timur,Lamongan,Paciran,Weru
Jawa Timur,Tuban,Kerek,Wolutengah
Jawa Timur,Tuban,Jatirogo,Wotsogo
Jawa Timur,Sumenep,Batuputih,Aengmerah
Jawa Timur,Bangkalan,Arosbaya,Arosbaya
Jawa Timur,Bangkalan,Kokop,Bandang Laok
Jawa Timur,Bangkalan,Kokop,Bandasoleh
Jawa Timur,Tuban,Bangilan,Bangilan
Jawa Timur,Pamekasan,Batumarmar,Bangserreh
Jawa Timur,Tuban,Bangilan,Banjarworo
Jawa Timur,Bangkalan,Klampis,Banteyan
Jawa Timur,Sumenep,Rubaru,Basoka
Jawa Timur,Sumenep,Batang Batang,Batang-Batang Daya
Jawa Timur,Sumenep,Batang Batang,Batang-batang Laok
Jawa Timur,Sumenep,Dasuk,Bates
Jawa Timur,Tuban,Semanding,Bektiharjo
Jawa Timur,Tuban,Kenduruan,Bendonglateng
Jawa Timur,Bangkalan,Arosbaya,Berbeluk
Jawa Timur,Gresik,Ujungpangkah,Bolo
Jawa Timur,Sumenep,Dasuk,Bringin
Jawa Timur,Bangkalan,Arosbaya,Buduran
Jawa Timur,Pamekasan,Batumarmar,Bujur Barat
Jawa Timur,Sumenep,Rubaru,Bunbarat
Jawa Timur,Sumenep,Dungkek,Bungin-bungin
Jawa Timur,Sumenep,Dungkek,Bunpenang
Jawa Timur,Sampang,Ketapang,Bunten Barat
Jawa Timur,Lamongan,Laren,Dateng
Jawa Timur,Gresik,Panceng,Doudo
Jawa Timur,Sumenep,Rubaru,Duko
Jawa Timur,Bangkalan,Kokop,Dupok
Jawa Timur,Sumenep,Manding,Gadding
Jawa Timur,Lamongan,Laren,Gampangsejati
Jawa Timur,Lamongan,Laren,Gelap
Jawa Timur,Tuban,Semanding,Genaharjo
Jawa Timur,Tuban,Semanding,Gesing
Jawa Timur,Sumenep,Manding,Giring
Jawa Timur,Tuban,Montong,Guwoterus
Jawa Timur,Sumenep,Manding,Jaba'an
Jawa Timur,Tuban,Kenduruan,Jamprong
Jawa Timur,Sumenep,Batang Batang,Jenangger
Jawa Timur,Tuban,Montong,Jetak
Jawa Timur,Sumenep,Rubaru,Kalebengan
Jawa Timur,Sampang,Ketapang,Karanganyar
Jawa Timur,Gresik,Ujungpangkah,Karangrejo
Jawa Timur,Gresik,Ujungpangkah,Kebonagung
Jawa Timur,Sumenep,Dasuk,Kecer
Jawa Timur,Tuban,Bangilan,Kedungjambangan
Jawa Timur,Tuban,Bangilan,Kedungmulyo
Jawa Timur,Gresik,Ujungpangkah,Ketapanglor
Jawa Timur,Bangkalan,Geger,Kompol
Jawa Timur,Tuban,Semanding,Kowang
Jawa Timur,Bangkalan,Arosbaya,Lajing
Jawa Timur,Tuban,Singgahan,Lajo Lor
Jawa Timur,Sumenep,Dungkek,Lapa Daya
Jawa Timur,Sumenep,Dungkek,Lapa Taman
Jawa Timur,Sumenep,Pasongsongan,Lebeng Barat
Jawa Timur,Sumenep,Pasongsongan,Lebeng Timur
Jawa Timur,Bangkalan,Klampis,Lergunong
Jawa Timur,Pamekasan,Batumarmar,Lesong Laok
Jawa Timur,Sumenep,Manding,Manding Laok
Jawa Timur,Bangkalan,Kokop,Mandung
Jawa Timur,Tuban,Montong,Montongsekar
Jawa Timur,Sampang,Banyuates,Nagasareh
Jawa Timur,Sumenep,Batang Batang,Nyabakan Barat
Jawa Timur,Sumenep,Batang Batang,Nyabakan Timur
Jawa Timur,Sumenep,Sapeken,Pagerungan Besar
Jawa Timur,Sumenep,Sapeken,Pagerungan Kecil
Jawa Timur,Sumenep,Arjasa,Pajanangger
Jawa Timur,Tuban,Montong,Pakel
Jawa Timur,Sampang,Ketapang,Pancor
Jawa Timur,Pamekasan,Batumarmar,Pangereman
Jawa Timur,Bangkalan,Klampis,Panyaksagan
Jawa Timur,Tuban,Semanding,Penambangan
Jawa Timur,Bangkalan,Arosbaya,Plakaran
Jawa Timur,Bangkalan,Klampis,Polongan
Jawa Timur,Sumenep,Pasongsongan,Rajun
Jawa Timur,Sumenep,Rubaru,Rubaru
Jawa Timur,Sumenep,Sapeken,Sadulang
Jawa Timur,Pamekasan,Pasean,Sana Dajah
Jawa Timur,Pamekasan,Pasean,Sana Tengah
Jawa Timur,Gresik,Ujungpangkah,Sekapuk
Jawa Timur,Gresik,Panceng,Serah
Jawa Timur,Tuban,Bangilan,Sidodadi
Jawa Timur,Sampang,Sokobanah,Sokobanah Laok
Jawa Timur,Tuban,Kenduruan,Sokogunung
Jawa Timur,Gresik,Panceng,Sukodono
Jawa Timur,Gresik,Panceng,Sumurber
Jawa Timur,Tuban,Montong,Sumurgung
Jawa Timur,Lamongan,Solokuro,Takerharjo
Jawa Timur,Tuban,Montong,Talangkembar
Jawa Timur,Tuban,Montong,Talun
Jawa Timur,Sumenep,Dungkek,Taman Sare
Jawa Timur,Sumenep,Rubaru,Tambaksari
Jawa Timur,Sampang,Sokobanah,Tamberu Laok
Jawa Timur,Sumenep,Batang Batang,Tamidung
Jawa Timur,Sampang,Banyuates,Tapa'an
Jawa Timur,Lamongan,Solokuro,Tenggulun
Jawa Timur,Bangkalan,Arosbaya,Tengket
Jawa Timur,Sampang,Banyuates,Terosan
Jawa Timur,Sampang,Sokobanah,Tobai Timur
Jawa Timur,Sumenep,Batang Batang,Totosan
Jawa Timur,Tuban,Semanding,Tunah
Jawa Timur,Pamekasan,Waru,Waru Barat
Jawa Timur,Pamekasan,Waru,Waru Timur
Jawa Timur,Bangkalan,Sepulu,Bangsereh
Jawa Timur,Sampang,Sokobanah,Bira Tengah
Jawa Timur,Bangkalan,Klampis,Bragang
Jawa Timur,Sumenep,Arjasa,Buddi
Jawa Timur,Sampang,Ketapang,Bunten Timur
Jawa Timur,Lamongan,Solokuro,Dadapan
Jawa Timur,Bangkalan,Sepulu,Gangseyan
Jawa Timur,Sumenep,Arjasa,Gelaman
Jawa Timur,Bangkalan,Sepulu,Genelap
Jawa Timur,Tuban,Semanding,Jadi
Jawa Timur,Tuban,Kenduruan,Jlodro
Jawa Timur,Sumenep,Kangayan,Kangayan
Jawa Timur,Bangkalan,Sepulu,Kelbung
Jawa Timur,Tuban,Palang,Ketambul
Jawa Timur,Tuban,Bangilan,Kumpulrejo
Jawa Timur,Lamongan,Brondong,Lembor
Jawa Timur,Tuban,Palang,Leran Kulon
Jawa Timur,Tuban,Palang,Leran Wetan
Jawa Timur,Sumenep,Manding,Manding Daya
Jawa Timur,Sumenep,Manding,Manding Timur
Jawa Timur,Tuban,Singgahan,Mulyoagung
Jawa Timur,Sumenep,Sapeken,Paliat
Jawa Timur,Sampang,Ketapang,Paopale Laok
Jawa Timur,Lamongan,Solokuro,Payaman
Jawa Timur,Pamekasan,Batumarmar,Ponjanan Barat
Jawa Timur,Pamekasan,Batumarmar,Ponjanan Timur
Jawa Timur,Tuban,Semanding,Prunggahan Kulon
Jawa Timur,Tuban,Montong,Pucangan
Jawa Timur,Tuban,Palang,Pucangan
Jawa Timur,Tuban,Kenduruan,Sidorejo
Jawa Timur,Lamongan,Solokuro,Solokuro
Jawa Timur,Lamongan,Solokuro,Tebluru
Jawa Timur,Sumenep,Kangayan,Tembayangan
Jawa Timur,Sampang,Banyuates,Tlagah
Jawa Timur,Sumenep,Kangayan,Torjek
Jawa Timur,Tuban,Palang,Wangun
Jawa Timur,Gresik,Panceng,Wotan